log_id,user_id,activity_type,destination_id,activity_timestamp,additional_data
1,391,search,,2023-04-16 11:13:19,"{""info"": ""Sample log data"", ""session_id"": 1508}"
2,881,click,7.0,2020-10-04 12:37:34,"{""info"": ""Sample log data"", ""session_id"": 9460}"
3,623,click,7.0,2022-10-31 02:54:43,"{""info"": ""Sample log data"", ""session_id"": 6598}"
4,348,booking,,2022-03-13 05:06:49,"{""info"": ""Sample log data"", ""session_id"": 3874}"
5,760,review_submission,9.0,2023-03-25 22:03:55,"{""info"": ""Sample log data"", ""session_id"": 9299}"
6,772,booking,14.0,2024-04-01 22:09:55,"{""info"": ""Sample log data"", ""session_id"": 8406}"
7,92,booking,13.0,2021-09-08 10:07:08,"{""info"": ""Sample log data"", ""session_id"": 5752}"
8,899,booking,,2022-05-22 10:41:41,"{""info"": ""Sample log data"", ""session_id"": 6537}"
9,868,booking,,2023-08-10 07:05:12,"{""info"": ""Sample log data"", ""session_id"": 1469}"
10,10,click,1.0,2020-10-15 01:23:37,"{""info"": ""Sample log data"", ""session_id"": 7777}"
11,659,click,,2021-04-10 12:34:04,"{""info"": ""Sample log data"", ""session_id"": 4613}"
12,992,review_submission,,2022-04-09 17:06:48,"{""info"": ""Sample log data"", ""session_id"": 3059}"
13,708,search,,2021-10-07 04:12:19,"{""info"": ""Sample log data"", ""session_id"": 7399}"
14,817,click,,2020-06-20 23:33:08,"{""info"": ""Sample log data"", ""session_id"": 6322}"
15,858,review_submission,1.0,2022-03-14 13:25:44,"{""info"": ""Sample log data"", ""session_id"": 1481}"
16,800,search,,2020-04-12 23:34:07,"{""info"": ""Sample log data"", ""session_id"": 9906}"
17,117,search,,2022-03-17 14:47:41,"{""info"": ""Sample log data"", ""session_id"": 1315}"
18,247,booking,,2024-10-11 23:44:17,"{""info"": ""Sample log data"", ""session_id"": 5456}"
19,194,review_submission,,2020-04-15 09:43:01,"{""info"": ""Sample log data"", ""session_id"": 1255}"
20,708,review_submission,,2024-11-07 05:02:13,"{""info"": ""Sample log data"", ""session_id"": 6418}"
21,730,booking,12.0,2022-08-05 05:34:10,"{""info"": ""Sample log data"", ""session_id"": 3969}"
22,609,booking,,2023-04-17 23:34:21,"{""info"": ""Sample log data"", ""session_id"": 8008}"
23,590,booking,5.0,2020-09-19 16:01:16,"{""info"": ""Sample log data"", ""session_id"": 8798}"
24,863,booking,,2021-02-09 05:36:41,"{""info"": ""Sample log data"", ""session_id"": 8776}"
25,352,click,9.0,2020-02-07 05:21:20,"{""info"": ""Sample log data"", ""session_id"": 2839}"
26,425,search,,2021-09-27 23:03:58,"{""info"": ""Sample log data"", ""session_id"": 5438}"
27,314,review_submission,,2022-09-17 20:42:52,"{""info"": ""Sample log data"", ""session_id"": 4016}"
28,240,booking,11.0,2023-06-25 15:34:05,"{""info"": ""Sample log data"", ""session_id"": 4487}"
29,565,click,14.0,2023-08-05 20:33:04,"{""info"": ""Sample log data"", ""session_id"": 5562}"
30,932,review_submission,12.0,2020-05-23 11:38:47,"{""info"": ""Sample log data"", ""session_id"": 1868}"
31,93,review_submission,,2024-09-24 00:12:38,"{""info"": ""Sample log data"", ""session_id"": 2694}"
32,129,booking,,2023-10-25 08:27:59,"{""info"": ""Sample log data"", ""session_id"": 7636}"
33,975,search,12.0,2020-05-07 05:45:35,"{""info"": ""Sample log data"", ""session_id"": 5433}"
34,895,booking,,2020-10-06 04:36:37,"{""info"": ""Sample log data"", ""session_id"": 5725}"
35,178,click,,2021-04-10 06:17:35,"{""info"": ""Sample log data"", ""session_id"": 9877}"
36,207,click,8.0,2024-07-19 19:11:00,"{""info"": ""Sample log data"", ""session_id"": 8731}"
37,731,booking,,2024-03-08 09:54:23,"{""info"": ""Sample log data"", ""session_id"": 3042}"
38,676,click,1.0,2023-07-11 23:32:08,"{""info"": ""Sample log data"", ""session_id"": 6336}"
39,388,booking,,2024-01-07 13:12:01,"{""info"": ""Sample log data"", ""session_id"": 2570}"
40,848,search,6.0,2020-07-20 04:03:27,"{""info"": ""Sample log data"", ""session_id"": 9596}"
41,887,review_submission,,2020-08-14 18:06:18,"{""info"": ""Sample log data"", ""session_id"": 1033}"
42,500,search,,2021-01-05 12:41:25,"{""info"": ""Sample log data"", ""session_id"": 2246}"
43,308,review_submission,,2023-04-01 06:54:42,"{""info"": ""Sample log data"", ""session_id"": 2338}"
44,992,search,10.0,2020-07-06 12:04:10,"{""info"": ""Sample log data"", ""session_id"": 8495}"
45,372,booking,,2024-02-29 17:43:57,"{""info"": ""Sample log data"", ""session_id"": 4487}"
46,983,booking,12.0,2022-01-19 07:20:35,"{""info"": ""Sample log data"", ""session_id"": 9143}"
47,739,review_submission,,2023-11-25 11:34:53,"{""info"": ""Sample log data"", ""session_id"": 1077}"
48,58,review_submission,9.0,2021-04-01 19:28:15,"{""info"": ""Sample log data"", ""session_id"": 6580}"
49,249,click,6.0,2021-05-02 05:39:16,"{""info"": ""Sample log data"", ""session_id"": 2417}"
50,769,search,9.0,2021-05-30 17:38:28,"{""info"": ""Sample log data"", ""session_id"": 7654}"
51,495,search,,2023-06-14 23:34:56,"{""info"": ""Sample log data"", ""session_id"": 7749}"
52,746,search,,2023-01-25 07:13:26,"{""info"": ""Sample log data"", ""session_id"": 4330}"
53,563,click,,2023-11-28 05:25:27,"{""info"": ""Sample log data"", ""session_id"": 2035}"
54,420,booking,7.0,2020-12-02 20:11:01,"{""info"": ""Sample log data"", ""session_id"": 1019}"
55,850,search,,2020-01-30 21:47:11,"{""info"": ""Sample log data"", ""session_id"": 1346}"
56,458,search,13.0,2024-02-23 08:31:54,"{""info"": ""Sample log data"", ""session_id"": 9522}"
57,796,search,,2023-09-12 09:22:30,"{""info"": ""Sample log data"", ""session_id"": 4683}"
58,169,search,8.0,2024-11-07 21:55:42,"{""info"": ""Sample log data"", ""session_id"": 9435}"
59,241,booking,,2025-01-19 01:59:41,"{""info"": ""Sample log data"", ""session_id"": 3532}"
60,689,review_submission,,2024-08-07 06:49:51,"{""info"": ""Sample log data"", ""session_id"": 8213}"
61,886,review_submission,11.0,2023-06-27 08:19:16,"{""info"": ""Sample log data"", ""session_id"": 6695}"
62,61,review_submission,,2022-04-15 19:41:34,"{""info"": ""Sample log data"", ""session_id"": 6575}"
63,405,booking,8.0,2023-08-19 20:41:05,"{""info"": ""Sample log data"", ""session_id"": 8715}"
64,405,booking,,2020-10-06 00:53:13,"{""info"": ""Sample log data"", ""session_id"": 9353}"
65,165,search,,2024-03-28 12:17:01,"{""info"": ""Sample log data"", ""session_id"": 8809}"
66,592,booking,1.0,2021-08-25 05:05:09,"{""info"": ""Sample log data"", ""session_id"": 6035}"
67,342,click,13.0,2020-07-08 13:14:41,"{""info"": ""Sample log data"", ""session_id"": 4045}"
68,448,click,7.0,2020-06-30 06:42:40,"{""info"": ""Sample log data"", ""session_id"": 4550}"
69,129,review_submission,,2022-12-08 20:25:24,"{""info"": ""Sample log data"", ""session_id"": 3815}"
70,976,booking,8.0,2022-01-20 09:11:33,"{""info"": ""Sample log data"", ""session_id"": 1165}"
71,627,search,,2020-05-01 20:38:00,"{""info"": ""Sample log data"", ""session_id"": 7243}"
72,233,booking,,2024-05-18 20:44:35,"{""info"": ""Sample log data"", ""session_id"": 6616}"
73,151,click,,2023-05-26 20:41:31,"{""info"": ""Sample log data"", ""session_id"": 8841}"
74,377,search,,2024-09-29 14:00:14,"{""info"": ""Sample log data"", ""session_id"": 4278}"
75,494,search,,2021-10-14 06:22:13,"{""info"": ""Sample log data"", ""session_id"": 7544}"
76,741,review_submission,10.0,2021-08-26 02:49:32,"{""info"": ""Sample log data"", ""session_id"": 3228}"
77,505,review_submission,4.0,2022-03-12 04:19:41,"{""info"": ""Sample log data"", ""session_id"": 3122}"
78,154,booking,,2021-05-10 01:18:58,"{""info"": ""Sample log data"", ""session_id"": 9513}"
79,237,review_submission,3.0,2024-03-25 00:48:46,"{""info"": ""Sample log data"", ""session_id"": 3895}"
80,191,booking,13.0,2020-11-12 22:12:04,"{""info"": ""Sample log data"", ""session_id"": 1579}"
81,239,click,,2020-06-14 07:22:31,"{""info"": ""Sample log data"", ""session_id"": 1113}"
82,557,booking,3.0,2022-02-18 18:40:16,"{""info"": ""Sample log data"", ""session_id"": 1557}"
83,210,review_submission,,2021-09-05 15:41:15,"{""info"": ""Sample log data"", ""session_id"": 4130}"
84,239,click,11.0,2024-07-27 15:54:25,"{""info"": ""Sample log data"", ""session_id"": 9431}"
85,216,booking,,2020-09-13 06:51:51,"{""info"": ""Sample log data"", ""session_id"": 3095}"
86,369,review_submission,9.0,2022-04-16 22:35:35,"{""info"": ""Sample log data"", ""session_id"": 8614}"
87,225,review_submission,,2020-12-19 03:59:02,"{""info"": ""Sample log data"", ""session_id"": 8823}"
88,973,review_submission,,2024-08-05 19:41:49,"{""info"": ""Sample log data"", ""session_id"": 1271}"
89,916,review_submission,,2023-01-12 17:42:57,"{""info"": ""Sample log data"", ""session_id"": 6032}"
90,310,click,,2024-02-29 17:20:59,"{""info"": ""Sample log data"", ""session_id"": 9837}"
91,811,click,8.0,2023-09-13 17:38:02,"{""info"": ""Sample log data"", ""session_id"": 5740}"
92,31,booking,4.0,2023-10-31 00:57:59,"{""info"": ""Sample log data"", ""session_id"": 4247}"
93,664,review_submission,,2021-09-26 08:37:53,"{""info"": ""Sample log data"", ""session_id"": 5310}"
94,744,click,9.0,2024-11-12 15:47:51,"{""info"": ""Sample log data"", ""session_id"": 1622}"
95,227,review_submission,,2024-05-28 00:03:05,"{""info"": ""Sample log data"", ""session_id"": 4566}"
96,694,click,,2020-03-12 00:21:38,"{""info"": ""Sample log data"", ""session_id"": 4899}"
97,169,search,,2024-12-12 03:16:32,"{""info"": ""Sample log data"", ""session_id"": 7891}"
98,988,booking,,2020-09-07 17:13:05,"{""info"": ""Sample log data"", ""session_id"": 1489}"
99,131,booking,,2023-09-16 07:56:46,"{""info"": ""Sample log data"", ""session_id"": 8117}"
100,898,review_submission,11.0,2023-06-06 22:10:17,"{""info"": ""Sample log data"", ""session_id"": 8499}"
101,229,booking,,2024-01-03 10:38:09,"{""info"": ""Sample log data"", ""session_id"": 2533}"
102,892,booking,,2022-02-05 04:48:26,"{""info"": ""Sample log data"", ""session_id"": 3331}"
103,573,booking,12.0,2020-01-04 00:18:15,"{""info"": ""Sample log data"", ""session_id"": 4786}"
104,541,booking,,2021-03-31 14:00:01,"{""info"": ""Sample log data"", ""session_id"": 8695}"
105,391,click,3.0,2022-10-07 12:43:23,"{""info"": ""Sample log data"", ""session_id"": 6774}"
106,580,review_submission,,2022-07-05 09:32:33,"{""info"": ""Sample log data"", ""session_id"": 4373}"
107,587,review_submission,,2022-11-12 10:53:13,"{""info"": ""Sample log data"", ""session_id"": 5735}"
108,8,click,,2022-09-22 09:38:36,"{""info"": ""Sample log data"", ""session_id"": 5685}"
109,425,booking,,2021-09-08 08:45:37,"{""info"": ""Sample log data"", ""session_id"": 2220}"
110,482,search,,2021-11-05 19:38:16,"{""info"": ""Sample log data"", ""session_id"": 1513}"
111,55,click,12.0,2020-02-18 18:41:25,"{""info"": ""Sample log data"", ""session_id"": 3399}"
112,754,review_submission,,2023-03-14 07:48:26,"{""info"": ""Sample log data"", ""session_id"": 4628}"
113,700,click,,2023-12-03 21:53:04,"{""info"": ""Sample log data"", ""session_id"": 4356}"
114,738,click,3.0,2022-06-04 17:10:55,"{""info"": ""Sample log data"", ""session_id"": 9273}"
115,463,booking,10.0,2020-07-21 22:00:16,"{""info"": ""Sample log data"", ""session_id"": 7980}"
116,684,review_submission,1.0,2024-12-07 19:20:40,"{""info"": ""Sample log data"", ""session_id"": 3029}"
117,35,search,,2023-05-16 08:32:10,"{""info"": ""Sample log data"", ""session_id"": 1375}"
118,766,review_submission,4.0,2023-07-08 05:38:06,"{""info"": ""Sample log data"", ""session_id"": 6071}"
119,312,review_submission,13.0,2023-12-28 05:18:19,"{""info"": ""Sample log data"", ""session_id"": 9422}"
120,366,booking,,2020-10-10 20:43:16,"{""info"": ""Sample log data"", ""session_id"": 8935}"
121,442,search,13.0,2021-09-06 15:05:21,"{""info"": ""Sample log data"", ""session_id"": 9120}"
122,100,review_submission,,2024-10-03 10:59:53,"{""info"": ""Sample log data"", ""session_id"": 2760}"
123,15,booking,,2022-02-06 04:02:53,"{""info"": ""Sample log data"", ""session_id"": 5454}"
124,429,review_submission,,2022-03-03 01:49:22,"{""info"": ""Sample log data"", ""session_id"": 9089}"
125,812,click,12.0,2024-08-03 08:39:00,"{""info"": ""Sample log data"", ""session_id"": 8216}"
126,787,search,,2021-02-10 06:45:52,"{""info"": ""Sample log data"", ""session_id"": 9211}"
127,967,search,,2023-04-23 13:16:36,"{""info"": ""Sample log data"", ""session_id"": 8155}"
128,354,search,9.0,2023-10-06 19:20:40,"{""info"": ""Sample log data"", ""session_id"": 9885}"
129,819,booking,,2023-10-06 22:22:10,"{""info"": ""Sample log data"", ""session_id"": 2483}"
130,608,click,,2022-02-01 18:40:14,"{""info"": ""Sample log data"", ""session_id"": 5325}"
131,364,search,,2024-04-27 15:31:11,"{""info"": ""Sample log data"", ""session_id"": 6225}"
132,634,click,9.0,2023-05-12 10:39:23,"{""info"": ""Sample log data"", ""session_id"": 3584}"
133,765,booking,1.0,2022-01-14 20:34:56,"{""info"": ""Sample log data"", ""session_id"": 1738}"
134,524,review_submission,,2021-05-28 21:05:06,"{""info"": ""Sample log data"", ""session_id"": 5345}"
135,953,click,5.0,2023-01-18 06:48:13,"{""info"": ""Sample log data"", ""session_id"": 5114}"
136,542,review_submission,,2021-07-03 07:28:11,"{""info"": ""Sample log data"", ""session_id"": 2836}"
137,192,search,,2023-04-23 04:41:19,"{""info"": ""Sample log data"", ""session_id"": 1527}"
138,843,click,,2020-07-16 06:43:57,"{""info"": ""Sample log data"", ""session_id"": 1083}"
139,534,search,,2022-08-22 04:43:45,"{""info"": ""Sample log data"", ""session_id"": 7874}"
140,637,booking,,2020-01-03 03:34:55,"{""info"": ""Sample log data"", ""session_id"": 5909}"
141,602,search,,2023-06-04 02:13:32,"{""info"": ""Sample log data"", ""session_id"": 5252}"
142,452,booking,,2024-12-15 19:37:10,"{""info"": ""Sample log data"", ""session_id"": 3007}"
143,673,search,7.0,2021-08-01 16:45:11,"{""info"": ""Sample log data"", ""session_id"": 3906}"
144,119,booking,1.0,2024-11-20 01:46:09,"{""info"": ""Sample log data"", ""session_id"": 7636}"
145,716,booking,,2024-04-10 20:39:31,"{""info"": ""Sample log data"", ""session_id"": 2149}"
146,654,search,,2021-01-15 23:26:56,"{""info"": ""Sample log data"", ""session_id"": 6142}"
147,534,click,4.0,2023-03-04 06:29:38,"{""info"": ""Sample log data"", ""session_id"": 3146}"
148,866,review_submission,,2020-01-04 22:39:29,"{""info"": ""Sample log data"", ""session_id"": 2645}"
149,835,click,,2022-09-07 16:49:31,"{""info"": ""Sample log data"", ""session_id"": 1005}"
150,785,search,,2024-02-06 06:35:05,"{""info"": ""Sample log data"", ""session_id"": 4162}"
151,809,search,2.0,2020-08-01 01:41:20,"{""info"": ""Sample log data"", ""session_id"": 4020}"
152,877,booking,,2023-12-17 20:56:26,"{""info"": ""Sample log data"", ""session_id"": 2551}"
153,987,search,6.0,2023-04-10 10:18:00,"{""info"": ""Sample log data"", ""session_id"": 2484}"
154,613,booking,10.0,2021-08-12 08:31:03,"{""info"": ""Sample log data"", ""session_id"": 7572}"
155,641,booking,,2022-11-10 01:10:40,"{""info"": ""Sample log data"", ""session_id"": 2979}"
156,590,search,11.0,2024-11-25 18:37:43,"{""info"": ""Sample log data"", ""session_id"": 7746}"
157,546,review_submission,,2024-03-10 00:06:59,"{""info"": ""Sample log data"", ""session_id"": 2258}"
158,495,search,9.0,2022-08-24 19:55:24,"{""info"": ""Sample log data"", ""session_id"": 3418}"
159,612,click,12.0,2024-10-01 04:45:02,"{""info"": ""Sample log data"", ""session_id"": 6990}"
160,18,review_submission,12.0,2023-08-05 20:41:20,"{""info"": ""Sample log data"", ""session_id"": 2371}"
161,158,click,4.0,2020-08-18 14:40:29,"{""info"": ""Sample log data"", ""session_id"": 4190}"
162,287,booking,3.0,2020-05-10 18:33:04,"{""info"": ""Sample log data"", ""session_id"": 5344}"
163,43,search,14.0,2024-01-25 02:17:57,"{""info"": ""Sample log data"", ""session_id"": 2196}"
164,959,review_submission,,2024-06-10 06:20:52,"{""info"": ""Sample log data"", ""session_id"": 6714}"
165,395,click,,2022-03-02 21:43:25,"{""info"": ""Sample log data"", ""session_id"": 9862}"
166,8,review_submission,7.0,2020-07-31 04:18:57,"{""info"": ""Sample log data"", ""session_id"": 3970}"
167,927,review_submission,13.0,2020-04-11 23:36:28,"{""info"": ""Sample log data"", ""session_id"": 4760}"
168,939,search,,2020-08-16 03:29:23,"{""info"": ""Sample log data"", ""session_id"": 8034}"
169,326,review_submission,11.0,2021-06-06 00:21:18,"{""info"": ""Sample log data"", ""session_id"": 2804}"
170,121,review_submission,1.0,2024-08-11 01:36:42,"{""info"": ""Sample log data"", ""session_id"": 2341}"
171,921,search,11.0,2021-12-15 15:42:30,"{""info"": ""Sample log data"", ""session_id"": 4631}"
172,201,search,,2023-01-14 17:03:53,"{""info"": ""Sample log data"", ""session_id"": 9322}"
173,788,review_submission,10.0,2020-07-04 01:41:00,"{""info"": ""Sample log data"", ""session_id"": 8031}"
174,807,click,4.0,2022-06-02 21:01:57,"{""info"": ""Sample log data"", ""session_id"": 6584}"
175,615,review_submission,9.0,2020-03-03 15:31:37,"{""info"": ""Sample log data"", ""session_id"": 7339}"
176,649,search,,2024-08-28 05:59:51,"{""info"": ""Sample log data"", ""session_id"": 1793}"
177,991,booking,6.0,2022-12-04 02:05:20,"{""info"": ""Sample log data"", ""session_id"": 3675}"
178,92,search,3.0,2021-11-05 16:03:10,"{""info"": ""Sample log data"", ""session_id"": 7917}"
179,7,search,,2020-11-16 16:32:17,"{""info"": ""Sample log data"", ""session_id"": 1218}"
180,260,booking,,2020-05-12 01:06:53,"{""info"": ""Sample log data"", ""session_id"": 9865}"
181,719,search,,2020-11-13 13:05:44,"{""info"": ""Sample log data"", ""session_id"": 5205}"
182,40,click,,2024-10-18 01:08:45,"{""info"": ""Sample log data"", ""session_id"": 6335}"
183,270,booking,,2020-04-02 16:48:58,"{""info"": ""Sample log data"", ""session_id"": 7618}"
184,12,booking,14.0,2023-07-10 03:54:28,"{""info"": ""Sample log data"", ""session_id"": 3157}"
185,709,review_submission,,2023-05-22 16:58:30,"{""info"": ""Sample log data"", ""session_id"": 8081}"
186,609,click,,2024-11-10 14:01:27,"{""info"": ""Sample log data"", ""session_id"": 1665}"
187,499,booking,,2020-08-30 21:04:43,"{""info"": ""Sample log data"", ""session_id"": 5997}"
188,147,search,,2023-11-12 11:07:45,"{""info"": ""Sample log data"", ""session_id"": 8259}"
189,930,review_submission,,2021-08-14 23:17:19,"{""info"": ""Sample log data"", ""session_id"": 9743}"
190,295,review_submission,,2020-09-22 20:57:24,"{""info"": ""Sample log data"", ""session_id"": 6658}"
191,200,search,,2022-06-06 14:40:15,"{""info"": ""Sample log data"", ""session_id"": 9116}"
192,143,review_submission,,2022-06-30 20:25:58,"{""info"": ""Sample log data"", ""session_id"": 7149}"
193,912,booking,10.0,2021-02-22 15:44:21,"{""info"": ""Sample log data"", ""session_id"": 7347}"
194,133,review_submission,7.0,2021-01-10 19:24:30,"{""info"": ""Sample log data"", ""session_id"": 7393}"
195,397,click,,2023-09-14 16:45:07,"{""info"": ""Sample log data"", ""session_id"": 1129}"
196,787,click,5.0,2022-04-19 01:45:10,"{""info"": ""Sample log data"", ""session_id"": 7553}"
197,898,review_submission,8.0,2021-01-23 03:54:06,"{""info"": ""Sample log data"", ""session_id"": 7485}"
198,379,review_submission,,2024-03-05 16:56:23,"{""info"": ""Sample log data"", ""session_id"": 5839}"
199,46,click,,2024-03-24 20:55:39,"{""info"": ""Sample log data"", ""session_id"": 3164}"
200,212,search,12.0,2022-09-28 07:38:20,"{""info"": ""Sample log data"", ""session_id"": 3424}"
201,281,click,,2021-04-15 07:04:53,"{""info"": ""Sample log data"", ""session_id"": 6596}"
202,848,review_submission,14.0,2020-01-03 03:16:33,"{""info"": ""Sample log data"", ""session_id"": 9536}"
203,329,booking,,2020-07-13 05:44:36,"{""info"": ""Sample log data"", ""session_id"": 8415}"
204,185,search,6.0,2022-11-20 17:24:12,"{""info"": ""Sample log data"", ""session_id"": 3460}"
205,9,booking,12.0,2022-10-23 16:43:50,"{""info"": ""Sample log data"", ""session_id"": 4263}"
206,786,search,4.0,2024-05-19 03:49:55,"{""info"": ""Sample log data"", ""session_id"": 5459}"
207,381,review_submission,,2021-12-15 09:14:10,"{""info"": ""Sample log data"", ""session_id"": 5721}"
208,680,click,4.0,2021-01-29 04:30:48,"{""info"": ""Sample log data"", ""session_id"": 3024}"
209,7,search,,2022-03-13 00:32:38,"{""info"": ""Sample log data"", ""session_id"": 4706}"
210,743,search,,2020-08-21 08:13:21,"{""info"": ""Sample log data"", ""session_id"": 5604}"
211,883,search,,2024-05-09 17:01:03,"{""info"": ""Sample log data"", ""session_id"": 4644}"
212,272,click,,2024-02-05 15:09:27,"{""info"": ""Sample log data"", ""session_id"": 9912}"
213,155,booking,1.0,2020-10-27 08:09:11,"{""info"": ""Sample log data"", ""session_id"": 2880}"
214,438,click,4.0,2021-11-05 05:29:41,"{""info"": ""Sample log data"", ""session_id"": 9062}"
215,638,search,9.0,2020-02-18 03:12:39,"{""info"": ""Sample log data"", ""session_id"": 1698}"
216,824,review_submission,,2021-05-20 06:11:16,"{""info"": ""Sample log data"", ""session_id"": 7691}"
217,353,review_submission,,2021-11-05 08:00:08,"{""info"": ""Sample log data"", ""session_id"": 6447}"
218,371,review_submission,,2022-12-13 13:19:46,"{""info"": ""Sample log data"", ""session_id"": 3088}"
219,428,click,,2024-04-09 11:51:51,"{""info"": ""Sample log data"", ""session_id"": 9563}"
220,974,click,,2021-04-08 05:14:13,"{""info"": ""Sample log data"", ""session_id"": 6153}"
221,319,booking,12.0,2021-02-02 11:52:18,"{""info"": ""Sample log data"", ""session_id"": 6274}"
222,208,booking,2.0,2023-12-18 15:05:09,"{""info"": ""Sample log data"", ""session_id"": 9624}"
223,696,click,9.0,2022-10-25 18:00:01,"{""info"": ""Sample log data"", ""session_id"": 1754}"
224,256,booking,,2021-12-16 19:57:55,"{""info"": ""Sample log data"", ""session_id"": 9638}"
225,192,review_submission,3.0,2022-03-24 23:49:18,"{""info"": ""Sample log data"", ""session_id"": 8231}"
226,407,review_submission,,2023-03-23 02:07:00,"{""info"": ""Sample log data"", ""session_id"": 1725}"
227,546,click,,2022-07-18 16:03:44,"{""info"": ""Sample log data"", ""session_id"": 6258}"
228,724,review_submission,2.0,2020-06-21 18:59:47,"{""info"": ""Sample log data"", ""session_id"": 8743}"
229,321,click,2.0,2023-04-26 18:26:36,"{""info"": ""Sample log data"", ""session_id"": 6896}"
230,619,click,,2021-02-27 08:35:23,"{""info"": ""Sample log data"", ""session_id"": 7490}"
231,132,search,11.0,2024-02-02 16:24:46,"{""info"": ""Sample log data"", ""session_id"": 5842}"
232,729,search,,2021-11-14 02:31:34,"{""info"": ""Sample log data"", ""session_id"": 1062}"
233,651,search,,2020-09-10 13:59:37,"{""info"": ""Sample log data"", ""session_id"": 5544}"
234,945,booking,6.0,2025-01-09 19:17:03,"{""info"": ""Sample log data"", ""session_id"": 7257}"
235,954,booking,,2022-08-27 00:05:33,"{""info"": ""Sample log data"", ""session_id"": 5443}"
236,954,click,4.0,2025-01-23 02:17:07,"{""info"": ""Sample log data"", ""session_id"": 8845}"
237,100,search,,2021-12-05 14:03:55,"{""info"": ""Sample log data"", ""session_id"": 4720}"
238,839,click,,2021-05-26 11:31:40,"{""info"": ""Sample log data"", ""session_id"": 8080}"
239,863,review_submission,1.0,2020-03-19 03:21:39,"{""info"": ""Sample log data"", ""session_id"": 1748}"
240,765,click,,2021-12-04 01:09:11,"{""info"": ""Sample log data"", ""session_id"": 5824}"
241,309,review_submission,,2024-09-09 14:26:02,"{""info"": ""Sample log data"", ""session_id"": 7772}"
242,642,search,12.0,2024-01-19 09:15:30,"{""info"": ""Sample log data"", ""session_id"": 9384}"
243,414,search,12.0,2020-12-25 04:01:50,"{""info"": ""Sample log data"", ""session_id"": 7002}"
244,587,click,,2021-11-06 06:49:09,"{""info"": ""Sample log data"", ""session_id"": 8476}"
245,448,click,9.0,2024-03-05 14:54:35,"{""info"": ""Sample log data"", ""session_id"": 5726}"
246,598,search,4.0,2020-12-31 03:17:31,"{""info"": ""Sample log data"", ""session_id"": 3624}"
247,172,click,,2022-03-31 08:08:58,"{""info"": ""Sample log data"", ""session_id"": 1671}"
248,952,review_submission,,2023-10-31 13:23:58,"{""info"": ""Sample log data"", ""session_id"": 4387}"
249,703,search,5.0,2023-05-16 09:27:48,"{""info"": ""Sample log data"", ""session_id"": 8591}"
250,318,review_submission,,2022-03-05 20:41:16,"{""info"": ""Sample log data"", ""session_id"": 1104}"
251,471,search,,2023-04-11 03:22:38,"{""info"": ""Sample log data"", ""session_id"": 7735}"
252,881,booking,7.0,2020-01-12 14:15:54,"{""info"": ""Sample log data"", ""session_id"": 8361}"
253,387,click,3.0,2021-01-08 06:45:03,"{""info"": ""Sample log data"", ""session_id"": 3965}"
254,807,click,2.0,2024-04-13 03:36:10,"{""info"": ""Sample log data"", ""session_id"": 7804}"
255,886,click,,2023-09-30 03:54:57,"{""info"": ""Sample log data"", ""session_id"": 3189}"
256,437,booking,12.0,2021-10-01 23:45:46,"{""info"": ""Sample log data"", ""session_id"": 4236}"
257,871,search,,2024-12-26 08:26:24,"{""info"": ""Sample log data"", ""session_id"": 8059}"
258,584,click,11.0,2023-06-03 21:23:15,"{""info"": ""Sample log data"", ""session_id"": 7568}"
259,676,review_submission,,2024-08-14 07:01:24,"{""info"": ""Sample log data"", ""session_id"": 6772}"
260,238,search,3.0,2022-02-23 02:24:30,"{""info"": ""Sample log data"", ""session_id"": 5335}"
261,211,booking,,2024-12-01 15:32:08,"{""info"": ""Sample log data"", ""session_id"": 2500}"
262,116,booking,,2022-12-28 00:33:30,"{""info"": ""Sample log data"", ""session_id"": 2606}"
263,158,booking,3.0,2020-03-31 09:03:12,"{""info"": ""Sample log data"", ""session_id"": 7370}"
264,768,click,8.0,2024-01-12 04:02:58,"{""info"": ""Sample log data"", ""session_id"": 1310}"
265,315,click,,2022-02-23 05:49:10,"{""info"": ""Sample log data"", ""session_id"": 9667}"
266,98,search,,2022-11-16 06:52:38,"{""info"": ""Sample log data"", ""session_id"": 6728}"
267,948,booking,,2024-11-14 08:48:39,"{""info"": ""Sample log data"", ""session_id"": 5227}"
268,171,search,10.0,2024-04-01 07:54:24,"{""info"": ""Sample log data"", ""session_id"": 4233}"
269,944,search,,2021-08-23 22:32:00,"{""info"": ""Sample log data"", ""session_id"": 7453}"
270,345,review_submission,,2023-05-26 23:27:11,"{""info"": ""Sample log data"", ""session_id"": 8556}"
271,438,review_submission,,2023-02-11 10:56:03,"{""info"": ""Sample log data"", ""session_id"": 4434}"
272,370,review_submission,2.0,2022-08-16 18:45:54,"{""info"": ""Sample log data"", ""session_id"": 2463}"
273,498,booking,10.0,2024-12-21 23:39:15,"{""info"": ""Sample log data"", ""session_id"": 6669}"
274,226,search,,2021-07-10 14:51:15,"{""info"": ""Sample log data"", ""session_id"": 8083}"
275,806,review_submission,14.0,2021-08-19 11:42:30,"{""info"": ""Sample log data"", ""session_id"": 4284}"
276,623,search,,2023-06-15 12:42:32,"{""info"": ""Sample log data"", ""session_id"": 2883}"
277,373,search,1.0,2020-08-21 00:05:52,"{""info"": ""Sample log data"", ""session_id"": 2343}"
278,230,search,,2024-06-21 06:16:25,"{""info"": ""Sample log data"", ""session_id"": 1003}"
279,316,booking,3.0,2023-07-06 05:00:15,"{""info"": ""Sample log data"", ""session_id"": 5114}"
280,512,click,13.0,2022-03-23 14:28:12,"{""info"": ""Sample log data"", ""session_id"": 1209}"
281,90,search,,2020-10-29 03:23:47,"{""info"": ""Sample log data"", ""session_id"": 7299}"
282,796,booking,,2020-02-27 15:03:06,"{""info"": ""Sample log data"", ""session_id"": 6109}"
283,860,search,,2021-11-27 11:27:25,"{""info"": ""Sample log data"", ""session_id"": 9688}"
284,678,search,,2024-11-13 01:28:16,"{""info"": ""Sample log data"", ""session_id"": 7240}"
285,473,click,,2021-07-17 22:09:36,"{""info"": ""Sample log data"", ""session_id"": 1599}"
286,599,review_submission,2.0,2021-07-17 01:08:53,"{""info"": ""Sample log data"", ""session_id"": 4173}"
287,470,click,,2021-11-26 01:50:44,"{""info"": ""Sample log data"", ""session_id"": 3841}"
288,59,booking,,2024-10-29 12:21:15,"{""info"": ""Sample log data"", ""session_id"": 8189}"
289,163,booking,,2020-11-17 17:52:03,"{""info"": ""Sample log data"", ""session_id"": 6964}"
290,371,review_submission,10.0,2021-05-02 15:28:20,"{""info"": ""Sample log data"", ""session_id"": 9010}"
291,479,search,2.0,2022-11-08 19:20:32,"{""info"": ""Sample log data"", ""session_id"": 6050}"
292,695,search,,2024-03-30 18:23:23,"{""info"": ""Sample log data"", ""session_id"": 4368}"
293,641,click,,2020-01-15 07:10:35,"{""info"": ""Sample log data"", ""session_id"": 7946}"
294,521,booking,,2020-07-14 05:25:50,"{""info"": ""Sample log data"", ""session_id"": 1572}"
295,951,booking,,2021-09-14 19:52:11,"{""info"": ""Sample log data"", ""session_id"": 6681}"
296,513,review_submission,,2021-10-22 07:59:31,"{""info"": ""Sample log data"", ""session_id"": 4187}"
297,876,review_submission,,2024-03-21 14:10:38,"{""info"": ""Sample log data"", ""session_id"": 1836}"
298,173,review_submission,4.0,2024-03-02 09:12:53,"{""info"": ""Sample log data"", ""session_id"": 7481}"
299,860,review_submission,,2022-12-25 10:22:18,"{""info"": ""Sample log data"", ""session_id"": 7450}"
300,828,booking,,2024-05-29 02:58:06,"{""info"": ""Sample log data"", ""session_id"": 8281}"
301,672,review_submission,,2024-12-17 11:01:50,"{""info"": ""Sample log data"", ""session_id"": 5343}"
302,996,review_submission,12.0,2022-12-19 21:40:05,"{""info"": ""Sample log data"", ""session_id"": 6793}"
303,863,click,,2022-02-24 05:46:40,"{""info"": ""Sample log data"", ""session_id"": 6238}"
304,664,search,12.0,2022-02-25 15:02:50,"{""info"": ""Sample log data"", ""session_id"": 1385}"
305,794,booking,,2024-03-18 09:25:54,"{""info"": ""Sample log data"", ""session_id"": 3779}"
306,615,search,,2024-06-16 16:33:01,"{""info"": ""Sample log data"", ""session_id"": 7526}"
307,323,click,,2022-10-30 20:50:35,"{""info"": ""Sample log data"", ""session_id"": 1442}"
308,243,review_submission,,2022-05-18 20:47:26,"{""info"": ""Sample log data"", ""session_id"": 1533}"
309,792,review_submission,9.0,2023-03-09 20:00:50,"{""info"": ""Sample log data"", ""session_id"": 4761}"
310,545,click,,2023-06-05 19:24:51,"{""info"": ""Sample log data"", ""session_id"": 4088}"
311,192,search,,2023-03-25 22:03:59,"{""info"": ""Sample log data"", ""session_id"": 5963}"
312,1000,search,,2020-03-31 15:29:13,"{""info"": ""Sample log data"", ""session_id"": 8777}"
313,227,review_submission,4.0,2022-05-03 21:17:21,"{""info"": ""Sample log data"", ""session_id"": 2431}"
314,361,search,,2021-11-09 14:49:47,"{""info"": ""Sample log data"", ""session_id"": 3894}"
315,831,booking,14.0,2022-09-03 06:23:38,"{""info"": ""Sample log data"", ""session_id"": 2693}"
316,47,click,,2024-05-23 18:55:00,"{""info"": ""Sample log data"", ""session_id"": 4775}"
317,891,review_submission,,2021-10-01 22:38:35,"{""info"": ""Sample log data"", ""session_id"": 4311}"
318,913,booking,,2022-05-23 10:46:12,"{""info"": ""Sample log data"", ""session_id"": 7996}"
319,273,review_submission,,2020-04-26 00:28:30,"{""info"": ""Sample log data"", ""session_id"": 5057}"
320,224,click,8.0,2024-11-07 02:20:30,"{""info"": ""Sample log data"", ""session_id"": 8774}"
321,271,search,6.0,2020-06-15 19:05:54,"{""info"": ""Sample log data"", ""session_id"": 5647}"
322,838,search,1.0,2020-03-06 16:55:54,"{""info"": ""Sample log data"", ""session_id"": 3933}"
323,644,review_submission,7.0,2024-02-09 10:31:16,"{""info"": ""Sample log data"", ""session_id"": 9737}"
324,113,booking,,2022-07-18 01:16:12,"{""info"": ""Sample log data"", ""session_id"": 9482}"
325,269,review_submission,,2021-09-20 03:58:33,"{""info"": ""Sample log data"", ""session_id"": 9492}"
326,202,click,14.0,2023-08-20 00:05:32,"{""info"": ""Sample log data"", ""session_id"": 2428}"
327,270,booking,,2023-10-21 08:41:42,"{""info"": ""Sample log data"", ""session_id"": 7081}"
328,277,review_submission,9.0,2022-11-26 16:08:34,"{""info"": ""Sample log data"", ""session_id"": 1375}"
329,969,booking,11.0,2023-06-27 11:56:24,"{""info"": ""Sample log data"", ""session_id"": 1519}"
330,191,review_submission,,2024-06-27 23:53:48,"{""info"": ""Sample log data"", ""session_id"": 8706}"
331,343,review_submission,,2020-07-06 20:24:57,"{""info"": ""Sample log data"", ""session_id"": 8878}"
332,88,search,3.0,2022-01-13 00:43:08,"{""info"": ""Sample log data"", ""session_id"": 7539}"
333,945,search,14.0,2024-11-05 21:11:16,"{""info"": ""Sample log data"", ""session_id"": 2798}"
334,131,click,,2022-02-26 18:19:39,"{""info"": ""Sample log data"", ""session_id"": 6962}"
335,613,booking,11.0,2021-10-05 10:36:00,"{""info"": ""Sample log data"", ""session_id"": 5070}"
336,511,review_submission,,2020-01-28 21:42:49,"{""info"": ""Sample log data"", ""session_id"": 6479}"
337,939,search,8.0,2020-05-19 09:45:27,"{""info"": ""Sample log data"", ""session_id"": 7626}"
338,866,booking,2.0,2023-08-20 14:58:35,"{""info"": ""Sample log data"", ""session_id"": 5379}"
339,42,review_submission,,2024-06-27 12:55:54,"{""info"": ""Sample log data"", ""session_id"": 4358}"
340,780,booking,,2024-05-10 15:08:05,"{""info"": ""Sample log data"", ""session_id"": 4215}"
341,825,search,,2024-05-26 22:55:25,"{""info"": ""Sample log data"", ""session_id"": 6755}"
342,474,click,,2022-06-03 16:22:11,"{""info"": ""Sample log data"", ""session_id"": 1118}"
343,889,booking,5.0,2024-01-28 20:24:08,"{""info"": ""Sample log data"", ""session_id"": 4026}"
344,527,search,10.0,2021-08-10 15:27:56,"{""info"": ""Sample log data"", ""session_id"": 2928}"
345,888,review_submission,9.0,2023-04-26 13:32:59,"{""info"": ""Sample log data"", ""session_id"": 5199}"
346,252,search,,2024-06-01 06:38:20,"{""info"": ""Sample log data"", ""session_id"": 6334}"
347,765,booking,,2020-05-09 09:21:08,"{""info"": ""Sample log data"", ""session_id"": 6168}"
348,761,click,1.0,2021-08-01 11:21:32,"{""info"": ""Sample log data"", ""session_id"": 1551}"
349,473,booking,7.0,2022-11-29 10:05:41,"{""info"": ""Sample log data"", ""session_id"": 3531}"
350,434,search,,2021-05-08 20:26:37,"{""info"": ""Sample log data"", ""session_id"": 4386}"
351,854,search,,2023-03-30 00:40:54,"{""info"": ""Sample log data"", ""session_id"": 4208}"
352,225,search,10.0,2022-02-02 22:42:59,"{""info"": ""Sample log data"", ""session_id"": 6869}"
353,871,review_submission,,2020-01-10 23:52:48,"{""info"": ""Sample log data"", ""session_id"": 5011}"
354,31,review_submission,10.0,2023-01-02 09:57:41,"{""info"": ""Sample log data"", ""session_id"": 5508}"
355,825,search,13.0,2023-12-09 05:09:41,"{""info"": ""Sample log data"", ""session_id"": 4415}"
356,947,click,1.0,2021-03-29 12:16:27,"{""info"": ""Sample log data"", ""session_id"": 6853}"
357,221,search,,2020-01-14 14:32:01,"{""info"": ""Sample log data"", ""session_id"": 1360}"
358,300,click,4.0,2024-07-09 22:25:48,"{""info"": ""Sample log data"", ""session_id"": 3294}"
359,717,search,,2024-05-25 19:39:03,"{""info"": ""Sample log data"", ""session_id"": 3069}"
360,828,search,5.0,2020-04-11 01:48:43,"{""info"": ""Sample log data"", ""session_id"": 4891}"
361,932,search,,2024-07-06 18:51:59,"{""info"": ""Sample log data"", ""session_id"": 5716}"
362,726,review_submission,,2023-10-09 19:08:53,"{""info"": ""Sample log data"", ""session_id"": 8953}"
363,615,review_submission,4.0,2022-04-21 15:24:49,"{""info"": ""Sample log data"", ""session_id"": 6398}"
364,654,booking,4.0,2023-03-10 07:12:58,"{""info"": ""Sample log data"", ""session_id"": 2386}"
365,549,click,8.0,2021-08-06 10:55:43,"{""info"": ""Sample log data"", ""session_id"": 9441}"
366,892,click,,2021-02-12 13:39:31,"{""info"": ""Sample log data"", ""session_id"": 6816}"
367,889,search,,2021-07-27 17:41:14,"{""info"": ""Sample log data"", ""session_id"": 6936}"
368,374,review_submission,,2024-06-28 00:34:52,"{""info"": ""Sample log data"", ""session_id"": 9617}"
369,678,search,,2025-01-12 11:58:34,"{""info"": ""Sample log data"", ""session_id"": 1672}"
370,250,search,9.0,2024-11-22 01:05:22,"{""info"": ""Sample log data"", ""session_id"": 7934}"
371,746,booking,,2022-03-24 09:21:21,"{""info"": ""Sample log data"", ""session_id"": 9221}"
372,465,review_submission,,2020-02-16 06:29:58,"{""info"": ""Sample log data"", ""session_id"": 5819}"
373,525,booking,10.0,2022-10-07 19:07:20,"{""info"": ""Sample log data"", ""session_id"": 1498}"
374,523,click,,2022-06-14 02:48:11,"{""info"": ""Sample log data"", ""session_id"": 7671}"
375,729,booking,1.0,2022-10-29 20:14:17,"{""info"": ""Sample log data"", ""session_id"": 1438}"
376,455,review_submission,,2022-12-13 01:34:15,"{""info"": ""Sample log data"", ""session_id"": 6772}"
377,616,click,,2024-04-28 05:51:22,"{""info"": ""Sample log data"", ""session_id"": 9368}"
378,80,search,9.0,2021-04-18 22:27:39,"{""info"": ""Sample log data"", ""session_id"": 8317}"
379,450,booking,,2023-11-05 09:30:03,"{""info"": ""Sample log data"", ""session_id"": 9137}"
380,957,review_submission,,2024-11-19 16:09:05,"{""info"": ""Sample log data"", ""session_id"": 3947}"
381,379,booking,12.0,2021-01-27 01:29:06,"{""info"": ""Sample log data"", ""session_id"": 4552}"
382,527,review_submission,,2024-12-28 02:34:44,"{""info"": ""Sample log data"", ""session_id"": 5068}"
383,495,review_submission,10.0,2020-02-22 21:36:55,"{""info"": ""Sample log data"", ""session_id"": 9084}"
384,64,booking,,2023-02-05 11:49:57,"{""info"": ""Sample log data"", ""session_id"": 5656}"
385,561,booking,,2023-12-05 21:40:04,"{""info"": ""Sample log data"", ""session_id"": 5344}"
386,945,search,,2021-02-15 21:16:20,"{""info"": ""Sample log data"", ""session_id"": 4235}"
387,695,booking,,2024-02-26 23:05:12,"{""info"": ""Sample log data"", ""session_id"": 2923}"
388,158,booking,6.0,2022-12-03 05:40:09,"{""info"": ""Sample log data"", ""session_id"": 1489}"
389,953,click,,2023-08-31 20:09:19,"{""info"": ""Sample log data"", ""session_id"": 8319}"
390,270,search,,2021-01-20 00:30:39,"{""info"": ""Sample log data"", ""session_id"": 3537}"
391,934,click,8.0,2024-02-08 14:53:28,"{""info"": ""Sample log data"", ""session_id"": 7509}"
392,370,click,13.0,2022-05-29 08:00:25,"{""info"": ""Sample log data"", ""session_id"": 7026}"
393,972,search,12.0,2022-05-08 10:47:47,"{""info"": ""Sample log data"", ""session_id"": 2691}"
394,509,search,,2022-05-28 23:52:14,"{""info"": ""Sample log data"", ""session_id"": 6972}"
395,345,click,,2023-01-02 07:55:11,"{""info"": ""Sample log data"", ""session_id"": 6826}"
396,638,booking,,2023-09-13 22:30:05,"{""info"": ""Sample log data"", ""session_id"": 4069}"
397,982,search,7.0,2021-09-24 08:50:35,"{""info"": ""Sample log data"", ""session_id"": 7111}"
398,814,review_submission,,2023-07-12 14:50:21,"{""info"": ""Sample log data"", ""session_id"": 9339}"
399,56,booking,13.0,2022-07-25 19:07:31,"{""info"": ""Sample log data"", ""session_id"": 2501}"
400,31,review_submission,13.0,2022-07-01 12:05:29,"{""info"": ""Sample log data"", ""session_id"": 4291}"
401,82,review_submission,,2022-10-21 02:55:03,"{""info"": ""Sample log data"", ""session_id"": 8725}"
402,573,booking,13.0,2020-10-17 11:05:55,"{""info"": ""Sample log data"", ""session_id"": 8484}"
403,598,click,,2024-09-23 09:28:14,"{""info"": ""Sample log data"", ""session_id"": 7286}"
404,909,search,13.0,2020-08-01 00:44:09,"{""info"": ""Sample log data"", ""session_id"": 7885}"
405,37,booking,11.0,2020-09-30 09:23:24,"{""info"": ""Sample log data"", ""session_id"": 1547}"
406,378,booking,13.0,2025-01-29 11:44:49,"{""info"": ""Sample log data"", ""session_id"": 2282}"
407,96,search,6.0,2021-06-22 03:35:21,"{""info"": ""Sample log data"", ""session_id"": 1716}"
408,166,review_submission,5.0,2020-04-12 11:02:27,"{""info"": ""Sample log data"", ""session_id"": 4110}"
409,703,click,12.0,2024-11-07 23:47:09,"{""info"": ""Sample log data"", ""session_id"": 8101}"
410,249,review_submission,10.0,2021-07-28 14:11:53,"{""info"": ""Sample log data"", ""session_id"": 1039}"
411,682,click,,2024-05-30 17:32:48,"{""info"": ""Sample log data"", ""session_id"": 3778}"
412,967,search,9.0,2024-06-29 02:26:28,"{""info"": ""Sample log data"", ""session_id"": 5868}"
413,291,review_submission,9.0,2023-07-04 16:54:47,"{""info"": ""Sample log data"", ""session_id"": 8418}"
414,443,review_submission,,2021-02-23 18:52:23,"{""info"": ""Sample log data"", ""session_id"": 1129}"
415,557,click,5.0,2021-07-30 14:54:23,"{""info"": ""Sample log data"", ""session_id"": 5816}"
416,191,review_submission,,2024-02-02 14:10:25,"{""info"": ""Sample log data"", ""session_id"": 5556}"
417,153,review_submission,,2020-04-03 03:55:26,"{""info"": ""Sample log data"", ""session_id"": 5221}"
418,475,click,13.0,2024-03-17 14:46:08,"{""info"": ""Sample log data"", ""session_id"": 8112}"
419,417,click,,2024-05-29 05:59:39,"{""info"": ""Sample log data"", ""session_id"": 2522}"
420,700,review_submission,,2022-04-27 00:28:46,"{""info"": ""Sample log data"", ""session_id"": 3765}"
421,319,review_submission,,2020-10-01 09:01:36,"{""info"": ""Sample log data"", ""session_id"": 6012}"
422,955,booking,7.0,2024-11-02 22:26:53,"{""info"": ""Sample log data"", ""session_id"": 6487}"
423,256,search,,2022-10-23 03:33:02,"{""info"": ""Sample log data"", ""session_id"": 8162}"
424,414,booking,11.0,2021-08-31 21:38:29,"{""info"": ""Sample log data"", ""session_id"": 5573}"
425,11,click,,2024-12-17 08:41:04,"{""info"": ""Sample log data"", ""session_id"": 1182}"
426,868,review_submission,,2023-04-28 03:46:01,"{""info"": ""Sample log data"", ""session_id"": 7853}"
427,684,search,2.0,2021-03-08 04:26:07,"{""info"": ""Sample log data"", ""session_id"": 3390}"
428,249,click,,2024-10-06 10:24:59,"{""info"": ""Sample log data"", ""session_id"": 9038}"
429,141,click,1.0,2023-12-24 03:00:54,"{""info"": ""Sample log data"", ""session_id"": 4404}"
430,236,review_submission,,2020-06-14 09:23:46,"{""info"": ""Sample log data"", ""session_id"": 7337}"
431,692,search,,2024-03-08 09:41:26,"{""info"": ""Sample log data"", ""session_id"": 5928}"
432,724,booking,8.0,2020-06-08 20:58:07,"{""info"": ""Sample log data"", ""session_id"": 5349}"
433,807,booking,,2022-10-08 10:54:00,"{""info"": ""Sample log data"", ""session_id"": 8362}"
434,679,review_submission,,2023-12-01 08:01:52,"{""info"": ""Sample log data"", ""session_id"": 9231}"
435,395,search,,2022-11-14 00:42:42,"{""info"": ""Sample log data"", ""session_id"": 2099}"
436,871,click,,2023-08-11 09:45:39,"{""info"": ""Sample log data"", ""session_id"": 5278}"
437,655,booking,,2021-10-29 11:17:53,"{""info"": ""Sample log data"", ""session_id"": 7786}"
438,938,click,,2020-04-23 03:44:38,"{""info"": ""Sample log data"", ""session_id"": 7023}"
439,421,search,,2023-01-08 08:32:11,"{""info"": ""Sample log data"", ""session_id"": 4160}"
440,904,booking,,2021-07-05 16:41:52,"{""info"": ""Sample log data"", ""session_id"": 1693}"
441,63,booking,3.0,2024-05-03 19:55:47,"{""info"": ""Sample log data"", ""session_id"": 8066}"
442,454,booking,8.0,2023-02-19 09:10:55,"{""info"": ""Sample log data"", ""session_id"": 3249}"
443,52,click,6.0,2024-11-19 17:16:00,"{""info"": ""Sample log data"", ""session_id"": 2518}"
444,586,booking,11.0,2022-11-23 08:57:01,"{""info"": ""Sample log data"", ""session_id"": 7698}"
445,384,search,4.0,2022-09-10 15:19:15,"{""info"": ""Sample log data"", ""session_id"": 9967}"
446,328,search,9.0,2022-03-28 10:59:58,"{""info"": ""Sample log data"", ""session_id"": 4072}"
447,935,click,14.0,2024-10-14 02:34:10,"{""info"": ""Sample log data"", ""session_id"": 9203}"
448,889,review_submission,,2021-09-28 07:53:05,"{""info"": ""Sample log data"", ""session_id"": 4050}"
449,875,review_submission,11.0,2022-05-17 06:52:24,"{""info"": ""Sample log data"", ""session_id"": 3111}"
450,213,click,9.0,2020-01-05 20:36:28,"{""info"": ""Sample log data"", ""session_id"": 7589}"
451,42,search,,2020-05-14 06:33:00,"{""info"": ""Sample log data"", ""session_id"": 1625}"
452,373,click,3.0,2024-06-30 18:04:24,"{""info"": ""Sample log data"", ""session_id"": 5378}"
453,358,review_submission,,2024-12-08 04:10:46,"{""info"": ""Sample log data"", ""session_id"": 7658}"
454,371,search,6.0,2024-01-09 19:30:59,"{""info"": ""Sample log data"", ""session_id"": 1310}"
455,721,click,,2020-10-24 06:36:19,"{""info"": ""Sample log data"", ""session_id"": 2852}"
456,822,booking,,2024-04-14 06:03:54,"{""info"": ""Sample log data"", ""session_id"": 4174}"
457,46,booking,14.0,2024-02-12 16:09:53,"{""info"": ""Sample log data"", ""session_id"": 8850}"
458,750,booking,2.0,2020-05-04 17:41:19,"{""info"": ""Sample log data"", ""session_id"": 8014}"
459,79,search,10.0,2021-03-10 18:12:36,"{""info"": ""Sample log data"", ""session_id"": 2781}"
460,412,review_submission,,2021-09-17 00:02:42,"{""info"": ""Sample log data"", ""session_id"": 8535}"
461,113,booking,8.0,2021-04-26 13:27:27,"{""info"": ""Sample log data"", ""session_id"": 1716}"
462,291,click,2.0,2023-10-09 19:29:52,"{""info"": ""Sample log data"", ""session_id"": 5620}"
463,255,search,,2023-08-13 09:11:02,"{""info"": ""Sample log data"", ""session_id"": 7737}"
464,360,review_submission,14.0,2021-06-29 08:44:59,"{""info"": ""Sample log data"", ""session_id"": 4631}"
465,207,review_submission,,2023-01-10 10:34:58,"{""info"": ""Sample log data"", ""session_id"": 6566}"
466,523,search,7.0,2022-02-17 10:07:00,"{""info"": ""Sample log data"", ""session_id"": 8433}"
467,334,booking,6.0,2023-07-31 23:01:14,"{""info"": ""Sample log data"", ""session_id"": 8485}"
468,963,click,1.0,2023-06-12 20:35:48,"{""info"": ""Sample log data"", ""session_id"": 8750}"
469,766,search,,2022-09-02 19:54:35,"{""info"": ""Sample log data"", ""session_id"": 2847}"
470,8,search,,2024-09-04 08:28:08,"{""info"": ""Sample log data"", ""session_id"": 8986}"
471,43,review_submission,10.0,2022-09-18 17:47:02,"{""info"": ""Sample log data"", ""session_id"": 8575}"
472,980,search,13.0,2021-07-06 12:01:08,"{""info"": ""Sample log data"", ""session_id"": 2363}"
473,715,search,,2023-11-10 09:50:56,"{""info"": ""Sample log data"", ""session_id"": 4319}"
474,830,click,,2021-08-05 22:12:29,"{""info"": ""Sample log data"", ""session_id"": 4762}"
475,779,click,,2022-04-27 01:45:40,"{""info"": ""Sample log data"", ""session_id"": 9679}"
476,289,booking,,2022-10-24 21:44:41,"{""info"": ""Sample log data"", ""session_id"": 8750}"
477,838,search,,2021-08-08 04:03:22,"{""info"": ""Sample log data"", ""session_id"": 3380}"
478,882,search,12.0,2020-04-09 15:06:17,"{""info"": ""Sample log data"", ""session_id"": 3423}"
479,278,click,,2023-07-04 20:41:42,"{""info"": ""Sample log data"", ""session_id"": 9656}"
480,803,booking,,2020-12-08 21:41:43,"{""info"": ""Sample log data"", ""session_id"": 1402}"
481,147,search,5.0,2020-07-20 07:20:05,"{""info"": ""Sample log data"", ""session_id"": 6291}"
482,728,booking,9.0,2022-09-08 23:21:29,"{""info"": ""Sample log data"", ""session_id"": 2614}"
483,52,click,,2023-04-30 21:13:28,"{""info"": ""Sample log data"", ""session_id"": 6980}"
484,741,click,,2021-09-22 22:56:41,"{""info"": ""Sample log data"", ""session_id"": 4901}"
485,7,booking,,2022-07-29 07:35:45,"{""info"": ""Sample log data"", ""session_id"": 4170}"
486,477,search,,2021-01-06 07:54:25,"{""info"": ""Sample log data"", ""session_id"": 7645}"
487,790,booking,,2023-10-26 21:52:36,"{""info"": ""Sample log data"", ""session_id"": 1540}"
488,656,click,,2020-02-03 07:38:21,"{""info"": ""Sample log data"", ""session_id"": 5416}"
489,452,search,2.0,2022-11-25 11:28:34,"{""info"": ""Sample log data"", ""session_id"": 3779}"
490,566,click,14.0,2024-10-22 15:05:36,"{""info"": ""Sample log data"", ""session_id"": 8711}"
491,95,review_submission,,2023-03-28 17:43:31,"{""info"": ""Sample log data"", ""session_id"": 9670}"
492,112,review_submission,,2023-03-11 00:13:05,"{""info"": ""Sample log data"", ""session_id"": 1603}"
493,364,search,8.0,2024-10-14 13:44:25,"{""info"": ""Sample log data"", ""session_id"": 4915}"
494,32,search,,2023-02-02 01:28:49,"{""info"": ""Sample log data"", ""session_id"": 2375}"
495,794,review_submission,10.0,2022-02-07 11:39:27,"{""info"": ""Sample log data"", ""session_id"": 2206}"
496,500,click,,2024-04-01 02:27:50,"{""info"": ""Sample log data"", ""session_id"": 1457}"
497,532,booking,,2020-05-14 02:16:14,"{""info"": ""Sample log data"", ""session_id"": 7319}"
498,359,booking,,2021-04-08 16:17:38,"{""info"": ""Sample log data"", ""session_id"": 6473}"
499,585,click,,2023-12-22 04:21:00,"{""info"": ""Sample log data"", ""session_id"": 1351}"
500,680,review_submission,,2023-02-19 10:07:00,"{""info"": ""Sample log data"", ""session_id"": 1109}"
501,591,booking,7.0,2020-02-08 08:52:49,"{""info"": ""Sample log data"", ""session_id"": 8683}"
502,551,booking,7.0,2021-07-20 08:21:48,"{""info"": ""Sample log data"", ""session_id"": 8375}"
503,114,click,7.0,2021-02-03 18:21:39,"{""info"": ""Sample log data"", ""session_id"": 7275}"
504,807,search,,2024-05-11 09:12:34,"{""info"": ""Sample log data"", ""session_id"": 1327}"
505,758,search,1.0,2023-09-16 14:54:41,"{""info"": ""Sample log data"", ""session_id"": 1052}"
506,602,search,,2024-11-11 10:21:42,"{""info"": ""Sample log data"", ""session_id"": 1057}"
507,835,search,,2020-06-01 02:37:14,"{""info"": ""Sample log data"", ""session_id"": 1802}"
508,894,click,,2023-06-16 01:41:06,"{""info"": ""Sample log data"", ""session_id"": 3753}"
509,541,search,,2023-12-15 12:22:24,"{""info"": ""Sample log data"", ""session_id"": 9043}"
510,872,review_submission,13.0,2020-09-19 22:14:03,"{""info"": ""Sample log data"", ""session_id"": 5547}"
511,688,review_submission,,2024-04-22 16:54:11,"{""info"": ""Sample log data"", ""session_id"": 3120}"
512,903,search,,2023-08-19 00:41:51,"{""info"": ""Sample log data"", ""session_id"": 7573}"
513,314,review_submission,,2023-10-28 20:28:03,"{""info"": ""Sample log data"", ""session_id"": 4314}"
514,651,booking,,2023-04-27 18:07:04,"{""info"": ""Sample log data"", ""session_id"": 2836}"
515,608,click,3.0,2023-01-05 03:41:47,"{""info"": ""Sample log data"", ""session_id"": 2968}"
516,995,click,,2022-01-16 03:29:16,"{""info"": ""Sample log data"", ""session_id"": 8529}"
517,817,booking,12.0,2022-12-28 17:05:15,"{""info"": ""Sample log data"", ""session_id"": 1735}"
518,50,review_submission,6.0,2023-08-11 14:43:51,"{""info"": ""Sample log data"", ""session_id"": 8650}"
519,765,booking,,2024-01-09 04:45:44,"{""info"": ""Sample log data"", ""session_id"": 4098}"
520,372,search,9.0,2020-12-17 02:18:42,"{""info"": ""Sample log data"", ""session_id"": 9029}"
521,745,review_submission,,2022-05-26 14:51:00,"{""info"": ""Sample log data"", ""session_id"": 9177}"
522,462,click,,2024-09-04 23:54:06,"{""info"": ""Sample log data"", ""session_id"": 6028}"
523,222,click,,2024-12-02 22:10:15,"{""info"": ""Sample log data"", ""session_id"": 8695}"
524,770,search,,2021-03-25 05:48:31,"{""info"": ""Sample log data"", ""session_id"": 1591}"
525,863,search,10.0,2020-07-10 07:53:13,"{""info"": ""Sample log data"", ""session_id"": 7225}"
526,914,booking,7.0,2021-04-07 00:09:44,"{""info"": ""Sample log data"", ""session_id"": 7250}"
527,830,review_submission,2.0,2024-11-01 13:41:13,"{""info"": ""Sample log data"", ""session_id"": 7885}"
528,986,click,,2022-01-12 11:18:15,"{""info"": ""Sample log data"", ""session_id"": 1615}"
529,218,search,,2024-09-25 22:51:57,"{""info"": ""Sample log data"", ""session_id"": 4551}"
530,41,booking,,2024-07-05 19:12:29,"{""info"": ""Sample log data"", ""session_id"": 3172}"
531,528,review_submission,6.0,2022-01-01 10:19:00,"{""info"": ""Sample log data"", ""session_id"": 6397}"
532,864,booking,,2021-06-17 08:14:08,"{""info"": ""Sample log data"", ""session_id"": 1872}"
533,140,booking,,2022-02-26 20:22:42,"{""info"": ""Sample log data"", ""session_id"": 8865}"
534,517,search,2.0,2024-10-01 07:03:17,"{""info"": ""Sample log data"", ""session_id"": 3582}"
535,413,click,,2021-01-14 17:25:16,"{""info"": ""Sample log data"", ""session_id"": 8406}"
536,237,click,13.0,2021-03-03 00:38:02,"{""info"": ""Sample log data"", ""session_id"": 4621}"
537,85,review_submission,,2024-05-05 15:18:00,"{""info"": ""Sample log data"", ""session_id"": 8069}"
538,344,search,13.0,2024-10-29 15:39:00,"{""info"": ""Sample log data"", ""session_id"": 5536}"
539,703,review_submission,6.0,2022-09-09 14:29:19,"{""info"": ""Sample log data"", ""session_id"": 6335}"
540,989,review_submission,,2024-02-08 02:59:43,"{""info"": ""Sample log data"", ""session_id"": 2292}"
541,470,booking,4.0,2021-01-25 00:52:32,"{""info"": ""Sample log data"", ""session_id"": 5935}"
542,217,booking,,2021-10-03 05:59:22,"{""info"": ""Sample log data"", ""session_id"": 6730}"
543,254,search,,2024-03-17 18:25:23,"{""info"": ""Sample log data"", ""session_id"": 6762}"
544,33,click,8.0,2020-06-04 20:29:11,"{""info"": ""Sample log data"", ""session_id"": 5451}"
545,528,search,12.0,2023-03-28 06:45:12,"{""info"": ""Sample log data"", ""session_id"": 7113}"
546,462,booking,7.0,2022-03-08 04:08:43,"{""info"": ""Sample log data"", ""session_id"": 4228}"
547,205,search,,2023-12-02 01:42:39,"{""info"": ""Sample log data"", ""session_id"": 1078}"
548,826,booking,6.0,2023-05-26 22:27:21,"{""info"": ""Sample log data"", ""session_id"": 5460}"
549,234,booking,5.0,2020-07-06 18:58:49,"{""info"": ""Sample log data"", ""session_id"": 2105}"
550,17,booking,,2025-01-16 09:37:39,"{""info"": ""Sample log data"", ""session_id"": 8765}"
551,267,click,,2024-12-21 02:11:09,"{""info"": ""Sample log data"", ""session_id"": 3461}"
552,118,search,2.0,2024-04-17 18:18:22,"{""info"": ""Sample log data"", ""session_id"": 9940}"
553,899,review_submission,10.0,2021-10-27 06:31:57,"{""info"": ""Sample log data"", ""session_id"": 3549}"
554,781,click,,2022-09-24 04:28:34,"{""info"": ""Sample log data"", ""session_id"": 4442}"
555,542,booking,13.0,2020-11-09 00:07:33,"{""info"": ""Sample log data"", ""session_id"": 2460}"
556,333,review_submission,1.0,2022-07-19 17:25:14,"{""info"": ""Sample log data"", ""session_id"": 8504}"
557,379,review_submission,1.0,2023-07-04 03:38:50,"{""info"": ""Sample log data"", ""session_id"": 5690}"
558,862,click,7.0,2022-07-26 22:23:44,"{""info"": ""Sample log data"", ""session_id"": 6477}"
559,931,booking,,2021-05-20 09:17:07,"{""info"": ""Sample log data"", ""session_id"": 1053}"
560,934,click,2.0,2022-11-27 13:42:05,"{""info"": ""Sample log data"", ""session_id"": 5106}"
561,813,review_submission,10.0,2021-03-23 15:49:56,"{""info"": ""Sample log data"", ""session_id"": 5095}"
562,584,booking,,2020-09-15 23:46:26,"{""info"": ""Sample log data"", ""session_id"": 8287}"
563,253,booking,,2023-04-10 21:48:03,"{""info"": ""Sample log data"", ""session_id"": 7275}"
564,935,search,,2022-03-16 06:27:41,"{""info"": ""Sample log data"", ""session_id"": 8737}"
565,702,search,12.0,2023-07-19 22:45:55,"{""info"": ""Sample log data"", ""session_id"": 1831}"
566,816,click,10.0,2020-06-08 21:58:52,"{""info"": ""Sample log data"", ""session_id"": 8233}"
567,592,booking,,2021-08-12 22:54:45,"{""info"": ""Sample log data"", ""session_id"": 6526}"
568,137,search,5.0,2021-07-04 22:01:30,"{""info"": ""Sample log data"", ""session_id"": 1007}"
569,935,click,,2020-11-27 11:41:08,"{""info"": ""Sample log data"", ""session_id"": 8988}"
570,347,review_submission,,2024-05-17 19:00:35,"{""info"": ""Sample log data"", ""session_id"": 1681}"
571,928,booking,,2020-09-23 20:43:20,"{""info"": ""Sample log data"", ""session_id"": 9663}"
572,750,booking,5.0,2021-08-18 17:32:32,"{""info"": ""Sample log data"", ""session_id"": 4577}"
573,691,click,,2023-01-22 09:55:45,"{""info"": ""Sample log data"", ""session_id"": 1202}"
574,144,booking,10.0,2022-10-18 08:34:08,"{""info"": ""Sample log data"", ""session_id"": 8063}"
575,714,booking,9.0,2023-09-26 16:27:57,"{""info"": ""Sample log data"", ""session_id"": 2620}"
576,683,booking,,2024-09-01 01:48:43,"{""info"": ""Sample log data"", ""session_id"": 3792}"
577,580,search,,2021-07-06 00:42:52,"{""info"": ""Sample log data"", ""session_id"": 5981}"
578,607,click,3.0,2024-12-22 05:01:52,"{""info"": ""Sample log data"", ""session_id"": 2902}"
579,659,search,,2021-05-12 04:52:46,"{""info"": ""Sample log data"", ""session_id"": 5429}"
580,516,search,5.0,2022-06-02 02:44:48,"{""info"": ""Sample log data"", ""session_id"": 1112}"
581,770,search,,2023-05-17 17:25:21,"{""info"": ""Sample log data"", ""session_id"": 4105}"
582,595,search,5.0,2023-07-04 14:57:58,"{""info"": ""Sample log data"", ""session_id"": 6266}"
583,158,search,2.0,2020-04-04 20:23:07,"{""info"": ""Sample log data"", ""session_id"": 2770}"
584,462,booking,1.0,2020-06-09 10:38:28,"{""info"": ""Sample log data"", ""session_id"": 9291}"
585,663,booking,,2023-09-16 02:34:15,"{""info"": ""Sample log data"", ""session_id"": 9244}"
586,526,review_submission,,2022-07-12 15:55:18,"{""info"": ""Sample log data"", ""session_id"": 9908}"
587,76,click,8.0,2021-01-22 04:39:28,"{""info"": ""Sample log data"", ""session_id"": 5051}"
588,678,review_submission,,2020-11-12 05:21:19,"{""info"": ""Sample log data"", ""session_id"": 7821}"
589,320,booking,12.0,2022-08-31 13:25:44,"{""info"": ""Sample log data"", ""session_id"": 4135}"
590,815,click,12.0,2024-10-05 01:43:12,"{""info"": ""Sample log data"", ""session_id"": 1416}"
591,914,search,2.0,2020-07-10 11:56:12,"{""info"": ""Sample log data"", ""session_id"": 9476}"
592,323,click,4.0,2023-01-21 07:38:33,"{""info"": ""Sample log data"", ""session_id"": 7596}"
593,849,click,,2021-07-22 15:45:44,"{""info"": ""Sample log data"", ""session_id"": 9898}"
594,257,search,12.0,2021-04-03 10:14:04,"{""info"": ""Sample log data"", ""session_id"": 5125}"
595,405,click,,2020-09-10 17:59:20,"{""info"": ""Sample log data"", ""session_id"": 4976}"
596,800,click,1.0,2022-08-30 21:01:03,"{""info"": ""Sample log data"", ""session_id"": 5045}"
597,960,booking,3.0,2024-07-26 01:53:34,"{""info"": ""Sample log data"", ""session_id"": 7945}"
598,452,search,,2024-01-12 22:28:50,"{""info"": ""Sample log data"", ""session_id"": 7305}"
599,31,booking,13.0,2021-09-06 20:43:10,"{""info"": ""Sample log data"", ""session_id"": 9769}"
600,506,review_submission,,2023-12-30 12:16:55,"{""info"": ""Sample log data"", ""session_id"": 5954}"
601,54,review_submission,8.0,2020-08-21 03:17:44,"{""info"": ""Sample log data"", ""session_id"": 1650}"
602,460,booking,,2020-06-09 19:26:00,"{""info"": ""Sample log data"", ""session_id"": 1335}"
603,247,click,12.0,2023-02-24 16:51:19,"{""info"": ""Sample log data"", ""session_id"": 2196}"
604,20,review_submission,,2023-12-06 05:38:24,"{""info"": ""Sample log data"", ""session_id"": 3253}"
605,353,booking,,2022-12-12 02:06:59,"{""info"": ""Sample log data"", ""session_id"": 5740}"
606,907,search,7.0,2025-01-18 00:38:29,"{""info"": ""Sample log data"", ""session_id"": 3914}"
607,498,review_submission,13.0,2024-12-09 21:17:17,"{""info"": ""Sample log data"", ""session_id"": 6227}"
608,717,click,4.0,2024-09-08 22:17:22,"{""info"": ""Sample log data"", ""session_id"": 3773}"
609,815,click,7.0,2021-06-01 00:34:53,"{""info"": ""Sample log data"", ""session_id"": 8527}"
610,563,review_submission,9.0,2024-01-25 10:01:18,"{""info"": ""Sample log data"", ""session_id"": 1650}"
611,281,click,11.0,2022-12-30 12:01:59,"{""info"": ""Sample log data"", ""session_id"": 8481}"
612,792,click,,2024-12-03 07:26:40,"{""info"": ""Sample log data"", ""session_id"": 4854}"
613,73,search,,2024-12-02 15:22:08,"{""info"": ""Sample log data"", ""session_id"": 4065}"
614,691,search,11.0,2022-09-17 07:36:34,"{""info"": ""Sample log data"", ""session_id"": 5086}"
615,320,review_submission,12.0,2022-12-11 13:07:19,"{""info"": ""Sample log data"", ""session_id"": 1112}"
616,835,review_submission,14.0,2024-03-19 19:58:25,"{""info"": ""Sample log data"", ""session_id"": 8855}"
617,384,search,,2024-10-25 13:32:54,"{""info"": ""Sample log data"", ""session_id"": 5629}"
618,675,review_submission,,2023-11-17 22:56:27,"{""info"": ""Sample log data"", ""session_id"": 7191}"
619,517,review_submission,,2021-01-24 03:00:02,"{""info"": ""Sample log data"", ""session_id"": 2158}"
620,244,search,,2024-12-03 06:31:48,"{""info"": ""Sample log data"", ""session_id"": 6872}"
621,75,booking,,2023-01-20 08:39:19,"{""info"": ""Sample log data"", ""session_id"": 5553}"
622,767,click,,2024-12-15 09:11:08,"{""info"": ""Sample log data"", ""session_id"": 6452}"
623,345,search,4.0,2020-04-17 09:39:03,"{""info"": ""Sample log data"", ""session_id"": 6364}"
624,628,search,,2020-10-26 02:13:09,"{""info"": ""Sample log data"", ""session_id"": 7774}"
625,214,booking,2.0,2020-03-21 11:57:58,"{""info"": ""Sample log data"", ""session_id"": 7729}"
626,510,booking,6.0,2021-12-16 19:18:39,"{""info"": ""Sample log data"", ""session_id"": 8026}"
627,235,review_submission,,2020-01-31 11:57:54,"{""info"": ""Sample log data"", ""session_id"": 6491}"
628,752,search,5.0,2024-03-06 05:14:02,"{""info"": ""Sample log data"", ""session_id"": 4888}"
629,509,click,3.0,2022-03-21 07:45:53,"{""info"": ""Sample log data"", ""session_id"": 3200}"
630,430,review_submission,,2020-05-02 20:11:40,"{""info"": ""Sample log data"", ""session_id"": 4255}"
631,905,click,4.0,2021-03-10 17:45:28,"{""info"": ""Sample log data"", ""session_id"": 9453}"
632,83,review_submission,2.0,2023-01-02 16:18:46,"{""info"": ""Sample log data"", ""session_id"": 6033}"
633,691,review_submission,,2021-03-07 22:40:32,"{""info"": ""Sample log data"", ""session_id"": 2966}"
634,73,click,,2024-12-11 04:09:49,"{""info"": ""Sample log data"", ""session_id"": 7932}"
635,251,review_submission,14.0,2020-08-06 12:12:10,"{""info"": ""Sample log data"", ""session_id"": 2436}"
636,314,click,4.0,2020-02-20 04:08:51,"{""info"": ""Sample log data"", ""session_id"": 9766}"
637,516,review_submission,3.0,2020-06-16 06:27:54,"{""info"": ""Sample log data"", ""session_id"": 8077}"
638,750,booking,,2020-03-22 20:34:13,"{""info"": ""Sample log data"", ""session_id"": 1438}"
639,241,search,9.0,2022-01-26 09:15:46,"{""info"": ""Sample log data"", ""session_id"": 7840}"
640,305,booking,12.0,2020-04-26 07:19:15,"{""info"": ""Sample log data"", ""session_id"": 1729}"
641,133,search,9.0,2022-08-04 05:00:32,"{""info"": ""Sample log data"", ""session_id"": 2241}"
642,724,booking,1.0,2023-10-23 01:52:01,"{""info"": ""Sample log data"", ""session_id"": 1746}"
643,138,booking,7.0,2023-08-12 05:21:18,"{""info"": ""Sample log data"", ""session_id"": 8710}"
644,546,review_submission,11.0,2021-07-24 18:54:53,"{""info"": ""Sample log data"", ""session_id"": 2052}"
645,289,review_submission,14.0,2021-10-13 06:43:55,"{""info"": ""Sample log data"", ""session_id"": 3103}"
646,986,search,5.0,2022-08-25 10:45:30,"{""info"": ""Sample log data"", ""session_id"": 9119}"
647,262,click,12.0,2022-08-11 03:41:16,"{""info"": ""Sample log data"", ""session_id"": 6004}"
648,133,search,,2023-01-27 06:45:25,"{""info"": ""Sample log data"", ""session_id"": 2086}"
649,892,search,13.0,2022-07-03 03:17:18,"{""info"": ""Sample log data"", ""session_id"": 7473}"
650,2,search,,2020-12-09 09:20:57,"{""info"": ""Sample log data"", ""session_id"": 4264}"
651,125,click,,2022-11-03 13:43:05,"{""info"": ""Sample log data"", ""session_id"": 8458}"
652,585,booking,3.0,2024-01-07 13:35:20,"{""info"": ""Sample log data"", ""session_id"": 3404}"
653,702,click,11.0,2025-01-28 04:20:09,"{""info"": ""Sample log data"", ""session_id"": 6854}"
654,434,review_submission,3.0,2024-02-28 15:31:46,"{""info"": ""Sample log data"", ""session_id"": 7189}"
655,814,search,,2024-09-16 08:47:37,"{""info"": ""Sample log data"", ""session_id"": 8437}"
656,503,review_submission,,2023-02-26 20:38:10,"{""info"": ""Sample log data"", ""session_id"": 2041}"
657,223,review_submission,8.0,2021-02-04 03:28:42,"{""info"": ""Sample log data"", ""session_id"": 4491}"
658,622,search,9.0,2023-11-19 04:59:05,"{""info"": ""Sample log data"", ""session_id"": 3633}"
659,43,booking,,2021-11-29 12:08:33,"{""info"": ""Sample log data"", ""session_id"": 1636}"
660,282,booking,,2022-09-18 08:42:43,"{""info"": ""Sample log data"", ""session_id"": 6596}"
661,758,review_submission,9.0,2023-11-18 12:05:28,"{""info"": ""Sample log data"", ""session_id"": 4659}"
662,288,search,9.0,2024-03-29 04:38:10,"{""info"": ""Sample log data"", ""session_id"": 7598}"
663,798,booking,12.0,2022-02-09 10:21:39,"{""info"": ""Sample log data"", ""session_id"": 2752}"
664,357,review_submission,,2024-05-03 12:15:53,"{""info"": ""Sample log data"", ""session_id"": 6430}"
665,635,click,10.0,2024-08-02 15:35:07,"{""info"": ""Sample log data"", ""session_id"": 6329}"
666,245,review_submission,12.0,2020-04-12 10:17:11,"{""info"": ""Sample log data"", ""session_id"": 6926}"
667,923,booking,,2021-08-17 01:54:36,"{""info"": ""Sample log data"", ""session_id"": 4859}"
668,598,click,8.0,2024-10-16 20:38:54,"{""info"": ""Sample log data"", ""session_id"": 6180}"
669,258,search,7.0,2024-05-23 21:39:47,"{""info"": ""Sample log data"", ""session_id"": 6144}"
670,868,review_submission,8.0,2021-03-11 19:28:40,"{""info"": ""Sample log data"", ""session_id"": 1893}"
671,757,review_submission,11.0,2023-01-08 07:19:46,"{""info"": ""Sample log data"", ""session_id"": 4231}"
672,470,booking,3.0,2022-12-12 02:52:13,"{""info"": ""Sample log data"", ""session_id"": 6882}"
673,699,booking,,2021-11-11 13:12:58,"{""info"": ""Sample log data"", ""session_id"": 6236}"
674,274,booking,13.0,2023-10-30 15:31:29,"{""info"": ""Sample log data"", ""session_id"": 9456}"
675,726,review_submission,,2024-04-12 19:24:47,"{""info"": ""Sample log data"", ""session_id"": 9611}"
676,551,click,11.0,2020-11-24 20:58:48,"{""info"": ""Sample log data"", ""session_id"": 1512}"
677,759,search,8.0,2020-01-29 10:11:15,"{""info"": ""Sample log data"", ""session_id"": 5542}"
678,23,booking,8.0,2021-01-22 17:24:31,"{""info"": ""Sample log data"", ""session_id"": 3847}"
679,303,review_submission,,2023-02-14 10:03:10,"{""info"": ""Sample log data"", ""session_id"": 9057}"
680,551,search,5.0,2020-03-12 09:56:12,"{""info"": ""Sample log data"", ""session_id"": 6089}"
681,566,review_submission,,2020-09-11 04:50:45,"{""info"": ""Sample log data"", ""session_id"": 9549}"
682,429,booking,5.0,2023-09-08 12:55:14,"{""info"": ""Sample log data"", ""session_id"": 3065}"
683,789,booking,,2020-07-03 05:17:23,"{""info"": ""Sample log data"", ""session_id"": 5239}"
684,577,review_submission,8.0,2020-12-23 05:33:28,"{""info"": ""Sample log data"", ""session_id"": 1256}"
685,121,review_submission,8.0,2021-12-18 11:25:29,"{""info"": ""Sample log data"", ""session_id"": 4968}"
686,161,booking,8.0,2022-06-05 06:56:32,"{""info"": ""Sample log data"", ""session_id"": 5812}"
687,230,search,8.0,2021-02-22 04:47:11,"{""info"": ""Sample log data"", ""session_id"": 6045}"
688,861,review_submission,,2024-07-04 23:59:09,"{""info"": ""Sample log data"", ""session_id"": 8911}"
689,674,booking,10.0,2021-10-26 05:18:34,"{""info"": ""Sample log data"", ""session_id"": 1934}"
690,268,click,9.0,2023-12-12 17:08:30,"{""info"": ""Sample log data"", ""session_id"": 8246}"
691,640,click,,2024-11-17 03:29:22,"{""info"": ""Sample log data"", ""session_id"": 3635}"
692,291,review_submission,,2024-06-26 13:31:27,"{""info"": ""Sample log data"", ""session_id"": 2985}"
693,108,click,1.0,2024-05-08 15:57:16,"{""info"": ""Sample log data"", ""session_id"": 7979}"
694,787,booking,4.0,2022-02-07 19:59:42,"{""info"": ""Sample log data"", ""session_id"": 2371}"
695,834,booking,,2023-02-28 11:25:43,"{""info"": ""Sample log data"", ""session_id"": 2587}"
696,523,search,,2023-02-14 20:41:43,"{""info"": ""Sample log data"", ""session_id"": 2321}"
697,920,review_submission,1.0,2022-02-02 10:59:38,"{""info"": ""Sample log data"", ""session_id"": 5443}"
698,248,review_submission,5.0,2021-04-25 04:36:24,"{""info"": ""Sample log data"", ""session_id"": 6801}"
699,910,review_submission,,2022-07-08 16:42:18,"{""info"": ""Sample log data"", ""session_id"": 1464}"
700,996,booking,,2021-03-04 23:25:14,"{""info"": ""Sample log data"", ""session_id"": 6164}"
701,94,click,4.0,2020-08-14 22:13:09,"{""info"": ""Sample log data"", ""session_id"": 6514}"
702,265,search,11.0,2020-12-18 18:21:11,"{""info"": ""Sample log data"", ""session_id"": 1442}"
703,656,click,,2020-02-05 23:29:23,"{""info"": ""Sample log data"", ""session_id"": 9008}"
704,105,click,,2024-12-16 11:55:29,"{""info"": ""Sample log data"", ""session_id"": 4340}"
705,55,search,6.0,2021-07-02 11:29:39,"{""info"": ""Sample log data"", ""session_id"": 2235}"
706,692,booking,5.0,2023-08-09 19:10:28,"{""info"": ""Sample log data"", ""session_id"": 8171}"
707,670,click,,2021-09-13 21:29:08,"{""info"": ""Sample log data"", ""session_id"": 5350}"
708,686,click,,2021-01-07 13:49:01,"{""info"": ""Sample log data"", ""session_id"": 3026}"
709,853,review_submission,,2024-11-08 15:33:22,"{""info"": ""Sample log data"", ""session_id"": 6096}"
710,277,click,7.0,2024-07-16 21:20:07,"{""info"": ""Sample log data"", ""session_id"": 5509}"
711,872,booking,6.0,2023-09-24 15:30:57,"{""info"": ""Sample log data"", ""session_id"": 6189}"
712,549,click,7.0,2023-02-19 15:32:45,"{""info"": ""Sample log data"", ""session_id"": 1983}"
713,547,search,,2020-04-07 13:18:45,"{""info"": ""Sample log data"", ""session_id"": 3997}"
714,819,click,3.0,2022-12-15 03:21:21,"{""info"": ""Sample log data"", ""session_id"": 7069}"
715,608,click,,2024-05-07 04:03:05,"{""info"": ""Sample log data"", ""session_id"": 1916}"
716,711,click,,2021-06-16 12:07:29,"{""info"": ""Sample log data"", ""session_id"": 9322}"
717,531,search,6.0,2024-03-20 12:18:47,"{""info"": ""Sample log data"", ""session_id"": 6179}"
718,47,review_submission,12.0,2024-12-25 08:33:51,"{""info"": ""Sample log data"", ""session_id"": 8390}"
719,828,click,,2022-07-04 13:42:21,"{""info"": ""Sample log data"", ""session_id"": 3154}"
720,367,click,,2024-03-09 15:34:46,"{""info"": ""Sample log data"", ""session_id"": 9006}"
721,495,booking,,2024-10-22 22:16:13,"{""info"": ""Sample log data"", ""session_id"": 7398}"
722,271,click,,2023-08-20 01:43:04,"{""info"": ""Sample log data"", ""session_id"": 5625}"
723,827,search,,2020-01-28 01:23:55,"{""info"": ""Sample log data"", ""session_id"": 7332}"
724,582,click,,2024-08-24 09:49:01,"{""info"": ""Sample log data"", ""session_id"": 8117}"
725,129,review_submission,,2021-10-07 21:36:09,"{""info"": ""Sample log data"", ""session_id"": 9140}"
726,474,click,,2022-06-20 18:52:14,"{""info"": ""Sample log data"", ""session_id"": 7223}"
727,22,search,3.0,2020-03-09 18:49:34,"{""info"": ""Sample log data"", ""session_id"": 5164}"
728,25,review_submission,,2022-02-25 22:00:46,"{""info"": ""Sample log data"", ""session_id"": 6803}"
729,749,click,,2020-05-15 05:20:30,"{""info"": ""Sample log data"", ""session_id"": 2516}"
730,774,review_submission,1.0,2021-03-15 02:44:05,"{""info"": ""Sample log data"", ""session_id"": 5143}"
731,480,search,8.0,2023-05-18 20:49:18,"{""info"": ""Sample log data"", ""session_id"": 3229}"
732,370,search,,2022-07-10 15:44:01,"{""info"": ""Sample log data"", ""session_id"": 4297}"
733,128,review_submission,13.0,2021-11-07 01:55:33,"{""info"": ""Sample log data"", ""session_id"": 3157}"
734,381,search,11.0,2024-12-20 22:35:37,"{""info"": ""Sample log data"", ""session_id"": 5868}"
735,253,booking,5.0,2023-11-29 22:48:18,"{""info"": ""Sample log data"", ""session_id"": 6857}"
736,160,click,7.0,2024-03-31 12:08:00,"{""info"": ""Sample log data"", ""session_id"": 5335}"
737,584,review_submission,,2022-11-10 07:10:06,"{""info"": ""Sample log data"", ""session_id"": 6018}"
738,620,booking,,2023-11-19 01:03:00,"{""info"": ""Sample log data"", ""session_id"": 9307}"
739,897,search,,2021-08-22 18:31:41,"{""info"": ""Sample log data"", ""session_id"": 2789}"
740,505,booking,11.0,2023-09-27 07:41:00,"{""info"": ""Sample log data"", ""session_id"": 2744}"
741,542,click,3.0,2022-05-19 11:50:41,"{""info"": ""Sample log data"", ""session_id"": 1387}"
742,166,click,10.0,2023-05-09 13:04:50,"{""info"": ""Sample log data"", ""session_id"": 3119}"
743,488,review_submission,,2023-06-23 15:31:31,"{""info"": ""Sample log data"", ""session_id"": 5433}"
744,728,search,,2020-05-05 15:02:48,"{""info"": ""Sample log data"", ""session_id"": 5557}"
745,746,review_submission,,2020-11-04 12:16:45,"{""info"": ""Sample log data"", ""session_id"": 2323}"
746,168,review_submission,4.0,2021-01-16 10:21:58,"{""info"": ""Sample log data"", ""session_id"": 1260}"
747,359,search,3.0,2024-07-10 13:06:53,"{""info"": ""Sample log data"", ""session_id"": 3653}"
748,39,review_submission,,2022-11-17 17:08:00,"{""info"": ""Sample log data"", ""session_id"": 6841}"
749,174,click,,2024-03-03 12:29:56,"{""info"": ""Sample log data"", ""session_id"": 8889}"
750,814,booking,3.0,2021-10-15 01:19:55,"{""info"": ""Sample log data"", ""session_id"": 6215}"
751,716,booking,4.0,2023-11-20 05:58:06,"{""info"": ""Sample log data"", ""session_id"": 4170}"
752,749,click,,2024-06-03 16:13:07,"{""info"": ""Sample log data"", ""session_id"": 4538}"
753,623,review_submission,13.0,2020-09-04 23:11:40,"{""info"": ""Sample log data"", ""session_id"": 6647}"
754,123,search,1.0,2023-03-24 14:47:29,"{""info"": ""Sample log data"", ""session_id"": 1023}"
755,502,review_submission,13.0,2020-07-29 08:59:25,"{""info"": ""Sample log data"", ""session_id"": 5218}"
756,199,booking,,2024-11-03 14:25:07,"{""info"": ""Sample log data"", ""session_id"": 7269}"
757,995,booking,,2020-07-31 03:33:49,"{""info"": ""Sample log data"", ""session_id"": 6917}"
758,925,booking,8.0,2020-12-12 02:29:21,"{""info"": ""Sample log data"", ""session_id"": 1431}"
759,365,click,1.0,2020-07-22 11:32:15,"{""info"": ""Sample log data"", ""session_id"": 8424}"
760,228,search,,2020-06-09 17:59:00,"{""info"": ""Sample log data"", ""session_id"": 8803}"
761,638,click,14.0,2023-12-22 03:27:42,"{""info"": ""Sample log data"", ""session_id"": 8361}"
762,871,click,2.0,2024-01-19 22:03:14,"{""info"": ""Sample log data"", ""session_id"": 4158}"
763,911,booking,,2024-05-25 20:47:59,"{""info"": ""Sample log data"", ""session_id"": 6568}"
764,53,click,,2023-03-05 05:42:59,"{""info"": ""Sample log data"", ""session_id"": 1439}"
765,539,click,7.0,2020-01-01 19:17:24,"{""info"": ""Sample log data"", ""session_id"": 1963}"
766,484,click,3.0,2024-10-08 06:25:05,"{""info"": ""Sample log data"", ""session_id"": 8824}"
767,88,click,13.0,2024-06-11 04:26:52,"{""info"": ""Sample log data"", ""session_id"": 5575}"
768,356,click,,2024-11-06 15:47:11,"{""info"": ""Sample log data"", ""session_id"": 7775}"
769,791,search,3.0,2021-10-13 12:44:20,"{""info"": ""Sample log data"", ""session_id"": 2235}"
770,833,booking,,2022-12-25 20:01:32,"{""info"": ""Sample log data"", ""session_id"": 2883}"
771,472,booking,8.0,2021-09-06 05:38:12,"{""info"": ""Sample log data"", ""session_id"": 3741}"
772,202,search,14.0,2023-09-10 05:33:54,"{""info"": ""Sample log data"", ""session_id"": 1049}"
773,908,booking,,2022-11-10 14:23:46,"{""info"": ""Sample log data"", ""session_id"": 1193}"
774,174,booking,2.0,2020-03-15 14:57:58,"{""info"": ""Sample log data"", ""session_id"": 1771}"
775,455,review_submission,,2024-05-21 03:27:57,"{""info"": ""Sample log data"", ""session_id"": 8939}"
776,333,booking,,2020-01-16 04:19:36,"{""info"": ""Sample log data"", ""session_id"": 6550}"
777,589,search,,2020-05-13 21:19:52,"{""info"": ""Sample log data"", ""session_id"": 5860}"
778,634,review_submission,3.0,2023-04-29 06:08:20,"{""info"": ""Sample log data"", ""session_id"": 7755}"
779,637,booking,,2021-02-01 11:36:14,"{""info"": ""Sample log data"", ""session_id"": 8296}"
780,183,review_submission,6.0,2024-08-05 06:29:43,"{""info"": ""Sample log data"", ""session_id"": 3045}"
781,295,click,,2021-12-03 01:11:54,"{""info"": ""Sample log data"", ""session_id"": 5430}"
782,784,booking,,2023-06-01 00:01:26,"{""info"": ""Sample log data"", ""session_id"": 3395}"
783,109,review_submission,,2021-08-23 19:22:12,"{""info"": ""Sample log data"", ""session_id"": 5847}"
784,620,click,,2020-11-27 06:06:08,"{""info"": ""Sample log data"", ""session_id"": 7975}"
785,803,review_submission,,2020-04-14 02:51:20,"{""info"": ""Sample log data"", ""session_id"": 8235}"
786,570,review_submission,,2024-07-13 15:47:14,"{""info"": ""Sample log data"", ""session_id"": 6155}"
787,458,booking,10.0,2020-09-24 07:50:16,"{""info"": ""Sample log data"", ""session_id"": 1894}"
788,405,review_submission,8.0,2023-08-25 05:00:32,"{""info"": ""Sample log data"", ""session_id"": 5746}"
789,973,search,,2022-01-03 16:37:31,"{""info"": ""Sample log data"", ""session_id"": 8373}"
790,551,booking,,2024-01-08 15:46:56,"{""info"": ""Sample log data"", ""session_id"": 1858}"
791,75,click,5.0,2020-12-06 06:00:19,"{""info"": ""Sample log data"", ""session_id"": 8064}"
792,759,booking,6.0,2022-03-14 16:35:46,"{""info"": ""Sample log data"", ""session_id"": 5044}"
793,959,review_submission,9.0,2022-04-20 03:01:22,"{""info"": ""Sample log data"", ""session_id"": 8215}"
794,3,booking,,2025-01-04 12:29:04,"{""info"": ""Sample log data"", ""session_id"": 4291}"
795,399,booking,,2023-03-05 17:01:16,"{""info"": ""Sample log data"", ""session_id"": 7453}"
796,806,click,7.0,2020-06-04 21:15:38,"{""info"": ""Sample log data"", ""session_id"": 4613}"
797,685,click,8.0,2022-11-29 10:57:21,"{""info"": ""Sample log data"", ""session_id"": 9131}"
798,121,click,,2024-02-12 00:18:05,"{""info"": ""Sample log data"", ""session_id"": 4024}"
799,75,click,14.0,2020-01-16 02:21:47,"{""info"": ""Sample log data"", ""session_id"": 1440}"
800,566,booking,,2024-12-28 16:14:09,"{""info"": ""Sample log data"", ""session_id"": 2886}"
801,377,click,,2021-07-18 07:13:01,"{""info"": ""Sample log data"", ""session_id"": 6577}"
802,795,review_submission,7.0,2020-01-22 11:02:20,"{""info"": ""Sample log data"", ""session_id"": 9841}"
803,804,search,,2024-03-05 19:28:14,"{""info"": ""Sample log data"", ""session_id"": 9809}"
804,218,review_submission,11.0,2021-09-30 14:07:30,"{""info"": ""Sample log data"", ""session_id"": 1505}"
805,208,booking,2.0,2023-06-14 08:22:29,"{""info"": ""Sample log data"", ""session_id"": 6543}"
806,670,click,,2023-09-09 09:44:47,"{""info"": ""Sample log data"", ""session_id"": 9783}"
807,274,review_submission,,2020-03-26 18:59:00,"{""info"": ""Sample log data"", ""session_id"": 9164}"
808,821,search,7.0,2020-03-18 08:13:48,"{""info"": ""Sample log data"", ""session_id"": 9171}"
809,279,review_submission,,2022-01-14 10:52:08,"{""info"": ""Sample log data"", ""session_id"": 5055}"
810,893,review_submission,1.0,2022-05-13 00:40:19,"{""info"": ""Sample log data"", ""session_id"": 2299}"
811,748,review_submission,,2021-09-03 23:32:23,"{""info"": ""Sample log data"", ""session_id"": 7349}"
812,574,review_submission,,2022-01-10 13:31:38,"{""info"": ""Sample log data"", ""session_id"": 9253}"
813,933,review_submission,7.0,2020-09-03 11:42:13,"{""info"": ""Sample log data"", ""session_id"": 6861}"
814,914,review_submission,,2022-07-24 07:58:23,"{""info"": ""Sample log data"", ""session_id"": 1101}"
815,757,booking,,2024-04-07 09:29:40,"{""info"": ""Sample log data"", ""session_id"": 8161}"
816,440,search,9.0,2022-06-21 11:00:38,"{""info"": ""Sample log data"", ""session_id"": 9834}"
817,742,review_submission,5.0,2022-05-01 10:55:53,"{""info"": ""Sample log data"", ""session_id"": 3790}"
818,501,booking,4.0,2022-02-17 20:59:29,"{""info"": ""Sample log data"", ""session_id"": 2783}"
819,744,review_submission,,2021-10-05 20:55:37,"{""info"": ""Sample log data"", ""session_id"": 5230}"
820,703,click,2.0,2021-02-27 15:12:50,"{""info"": ""Sample log data"", ""session_id"": 4357}"
821,731,click,10.0,2021-01-16 03:09:35,"{""info"": ""Sample log data"", ""session_id"": 6145}"
822,577,search,,2021-01-16 21:50:59,"{""info"": ""Sample log data"", ""session_id"": 4467}"
823,882,click,11.0,2022-06-18 08:19:23,"{""info"": ""Sample log data"", ""session_id"": 5474}"
824,971,booking,,2023-07-28 14:43:19,"{""info"": ""Sample log data"", ""session_id"": 8428}"
825,946,review_submission,,2022-04-06 04:19:33,"{""info"": ""Sample log data"", ""session_id"": 2809}"
826,752,review_submission,,2023-04-28 12:20:08,"{""info"": ""Sample log data"", ""session_id"": 1115}"
827,304,booking,7.0,2024-11-26 20:07:30,"{""info"": ""Sample log data"", ""session_id"": 2384}"
828,914,search,,2023-02-25 08:40:47,"{""info"": ""Sample log data"", ""session_id"": 8211}"
829,669,review_submission,,2023-05-26 04:46:15,"{""info"": ""Sample log data"", ""session_id"": 7102}"
830,837,review_submission,,2023-04-10 17:45:17,"{""info"": ""Sample log data"", ""session_id"": 7567}"
831,882,booking,,2020-05-25 14:48:03,"{""info"": ""Sample log data"", ""session_id"": 6780}"
832,129,search,,2021-03-09 23:10:12,"{""info"": ""Sample log data"", ""session_id"": 8139}"
833,319,booking,6.0,2020-08-07 09:02:10,"{""info"": ""Sample log data"", ""session_id"": 9044}"
834,373,search,,2024-07-02 05:29:03,"{""info"": ""Sample log data"", ""session_id"": 3201}"
835,608,review_submission,,2023-01-25 07:44:59,"{""info"": ""Sample log data"", ""session_id"": 5900}"
836,759,booking,3.0,2020-01-16 08:52:01,"{""info"": ""Sample log data"", ""session_id"": 8063}"
837,79,booking,12.0,2023-07-10 17:33:59,"{""info"": ""Sample log data"", ""session_id"": 3788}"
838,610,review_submission,13.0,2024-06-22 19:18:41,"{""info"": ""Sample log data"", ""session_id"": 8074}"
839,804,booking,1.0,2023-03-26 07:39:41,"{""info"": ""Sample log data"", ""session_id"": 8847}"
840,144,booking,,2021-09-20 02:49:54,"{""info"": ""Sample log data"", ""session_id"": 1613}"
841,252,click,13.0,2022-03-09 07:04:07,"{""info"": ""Sample log data"", ""session_id"": 5049}"
842,57,click,2.0,2024-10-26 14:01:19,"{""info"": ""Sample log data"", ""session_id"": 4916}"
843,248,search,2.0,2020-12-14 02:10:52,"{""info"": ""Sample log data"", ""session_id"": 9328}"
844,270,search,,2022-02-20 16:03:18,"{""info"": ""Sample log data"", ""session_id"": 9220}"
845,545,booking,,2022-09-20 12:42:59,"{""info"": ""Sample log data"", ""session_id"": 7087}"
846,137,booking,6.0,2024-11-04 09:58:50,"{""info"": ""Sample log data"", ""session_id"": 7433}"
847,107,booking,,2021-08-22 04:29:04,"{""info"": ""Sample log data"", ""session_id"": 7751}"
848,624,review_submission,,2023-11-14 02:02:31,"{""info"": ""Sample log data"", ""session_id"": 9573}"
849,217,booking,,2024-11-11 17:43:42,"{""info"": ""Sample log data"", ""session_id"": 9949}"
850,205,review_submission,12.0,2022-01-20 10:13:19,"{""info"": ""Sample log data"", ""session_id"": 6376}"
851,358,review_submission,,2022-02-07 18:40:29,"{""info"": ""Sample log data"", ""session_id"": 4331}"
852,828,booking,,2022-02-16 18:24:27,"{""info"": ""Sample log data"", ""session_id"": 2118}"
853,476,click,,2020-05-22 15:18:59,"{""info"": ""Sample log data"", ""session_id"": 3009}"
854,615,search,,2021-02-04 12:09:28,"{""info"": ""Sample log data"", ""session_id"": 5321}"
855,882,review_submission,,2024-01-01 21:01:52,"{""info"": ""Sample log data"", ""session_id"": 7896}"
856,721,click,10.0,2023-05-07 01:08:08,"{""info"": ""Sample log data"", ""session_id"": 9792}"
857,291,click,,2020-12-29 06:22:56,"{""info"": ""Sample log data"", ""session_id"": 8950}"
858,990,review_submission,,2024-02-04 14:46:38,"{""info"": ""Sample log data"", ""session_id"": 1796}"
859,93,search,,2020-08-27 11:22:33,"{""info"": ""Sample log data"", ""session_id"": 1952}"
860,696,booking,14.0,2020-01-29 01:12:14,"{""info"": ""Sample log data"", ""session_id"": 4078}"
861,553,review_submission,3.0,2021-02-03 13:33:52,"{""info"": ""Sample log data"", ""session_id"": 3034}"
862,795,booking,11.0,2024-11-12 13:11:37,"{""info"": ""Sample log data"", ""session_id"": 1679}"
863,650,booking,,2021-06-16 21:35:50,"{""info"": ""Sample log data"", ""session_id"": 5992}"
864,836,booking,7.0,2021-04-12 14:25:07,"{""info"": ""Sample log data"", ""session_id"": 1584}"
865,97,review_submission,,2023-06-21 17:14:39,"{""info"": ""Sample log data"", ""session_id"": 4556}"
866,648,click,10.0,2023-01-01 03:12:17,"{""info"": ""Sample log data"", ""session_id"": 1597}"
867,535,click,5.0,2021-02-12 11:36:09,"{""info"": ""Sample log data"", ""session_id"": 7279}"
868,132,booking,4.0,2022-05-09 02:28:18,"{""info"": ""Sample log data"", ""session_id"": 1237}"
869,241,search,,2022-09-02 04:29:54,"{""info"": ""Sample log data"", ""session_id"": 6134}"
870,968,booking,,2021-05-10 22:30:00,"{""info"": ""Sample log data"", ""session_id"": 2004}"
871,145,booking,,2021-08-12 03:34:22,"{""info"": ""Sample log data"", ""session_id"": 6677}"
872,51,review_submission,,2020-02-14 23:54:19,"{""info"": ""Sample log data"", ""session_id"": 4479}"
873,756,click,3.0,2024-12-20 05:23:25,"{""info"": ""Sample log data"", ""session_id"": 8628}"
874,26,click,,2020-01-13 03:30:44,"{""info"": ""Sample log data"", ""session_id"": 5952}"
875,951,click,2.0,2020-02-07 08:37:18,"{""info"": ""Sample log data"", ""session_id"": 8668}"
876,496,search,11.0,2022-01-02 00:19:38,"{""info"": ""Sample log data"", ""session_id"": 6382}"
877,720,click,,2024-01-14 21:19:28,"{""info"": ""Sample log data"", ""session_id"": 4614}"
878,502,review_submission,,2022-03-10 06:19:48,"{""info"": ""Sample log data"", ""session_id"": 8222}"
879,408,search,8.0,2023-10-10 21:06:16,"{""info"": ""Sample log data"", ""session_id"": 6848}"
880,488,click,,2022-08-21 02:07:48,"{""info"": ""Sample log data"", ""session_id"": 2748}"
881,296,review_submission,2.0,2023-04-25 13:12:31,"{""info"": ""Sample log data"", ""session_id"": 7656}"
882,439,search,6.0,2024-12-07 07:13:18,"{""info"": ""Sample log data"", ""session_id"": 4557}"
883,818,click,,2021-07-10 20:30:49,"{""info"": ""Sample log data"", ""session_id"": 8580}"
884,725,search,14.0,2020-08-02 07:05:02,"{""info"": ""Sample log data"", ""session_id"": 6664}"
885,61,search,,2021-11-22 13:01:25,"{""info"": ""Sample log data"", ""session_id"": 5088}"
886,584,search,7.0,2024-01-08 03:51:47,"{""info"": ""Sample log data"", ""session_id"": 9840}"
887,996,booking,9.0,2022-06-13 20:26:19,"{""info"": ""Sample log data"", ""session_id"": 8314}"
888,485,click,4.0,2021-02-12 20:37:09,"{""info"": ""Sample log data"", ""session_id"": 1711}"
889,227,review_submission,2.0,2021-04-04 22:31:46,"{""info"": ""Sample log data"", ""session_id"": 8235}"
890,355,click,,2022-09-05 20:26:41,"{""info"": ""Sample log data"", ""session_id"": 8568}"
891,684,search,5.0,2020-09-18 20:03:29,"{""info"": ""Sample log data"", ""session_id"": 2467}"
892,432,click,3.0,2023-05-01 15:32:08,"{""info"": ""Sample log data"", ""session_id"": 6328}"
893,613,search,1.0,2022-05-07 19:57:55,"{""info"": ""Sample log data"", ""session_id"": 5119}"
894,195,review_submission,5.0,2023-05-03 19:42:30,"{""info"": ""Sample log data"", ""session_id"": 5375}"
895,298,booking,4.0,2024-10-16 12:10:20,"{""info"": ""Sample log data"", ""session_id"": 7855}"
896,603,search,5.0,2021-04-30 15:19:39,"{""info"": ""Sample log data"", ""session_id"": 1122}"
897,647,search,8.0,2021-05-28 02:28:34,"{""info"": ""Sample log data"", ""session_id"": 8232}"
898,408,click,6.0,2023-12-05 19:27:54,"{""info"": ""Sample log data"", ""session_id"": 9333}"
899,49,review_submission,,2024-02-07 18:37:56,"{""info"": ""Sample log data"", ""session_id"": 2743}"
900,58,click,,2021-11-08 10:47:17,"{""info"": ""Sample log data"", ""session_id"": 1647}"
901,15,search,10.0,2020-07-05 09:42:23,"{""info"": ""Sample log data"", ""session_id"": 7930}"
902,217,click,,2024-01-18 09:31:32,"{""info"": ""Sample log data"", ""session_id"": 8306}"
903,906,booking,,2023-02-22 13:02:58,"{""info"": ""Sample log data"", ""session_id"": 7769}"
904,124,review_submission,,2023-12-08 00:04:30,"{""info"": ""Sample log data"", ""session_id"": 1455}"
905,248,booking,,2021-11-03 22:43:36,"{""info"": ""Sample log data"", ""session_id"": 4608}"
906,189,booking,,2023-01-03 22:18:34,"{""info"": ""Sample log data"", ""session_id"": 7768}"
907,877,booking,14.0,2022-11-04 06:37:20,"{""info"": ""Sample log data"", ""session_id"": 5860}"
908,767,review_submission,12.0,2022-10-31 06:35:37,"{""info"": ""Sample log data"", ""session_id"": 2983}"
909,477,booking,8.0,2022-09-01 06:22:51,"{""info"": ""Sample log data"", ""session_id"": 2113}"
910,838,booking,,2023-05-14 23:11:55,"{""info"": ""Sample log data"", ""session_id"": 7334}"
911,368,booking,,2022-10-13 14:27:51,"{""info"": ""Sample log data"", ""session_id"": 7747}"
912,13,search,13.0,2021-11-11 04:26:52,"{""info"": ""Sample log data"", ""session_id"": 8335}"
913,762,booking,3.0,2024-11-03 23:13:19,"{""info"": ""Sample log data"", ""session_id"": 7474}"
914,755,booking,,2021-03-09 22:40:52,"{""info"": ""Sample log data"", ""session_id"": 2446}"
915,9,click,3.0,2022-10-10 01:22:10,"{""info"": ""Sample log data"", ""session_id"": 2516}"
916,750,booking,,2024-01-31 04:11:56,"{""info"": ""Sample log data"", ""session_id"": 7033}"
917,860,click,8.0,2021-12-15 03:01:19,"{""info"": ""Sample log data"", ""session_id"": 8940}"
918,407,review_submission,,2020-08-05 18:02:34,"{""info"": ""Sample log data"", ""session_id"": 5665}"
919,148,review_submission,5.0,2020-06-27 09:22:12,"{""info"": ""Sample log data"", ""session_id"": 4029}"
920,634,review_submission,1.0,2021-11-16 15:02:10,"{""info"": ""Sample log data"", ""session_id"": 8973}"
921,159,click,10.0,2021-01-13 14:31:18,"{""info"": ""Sample log data"", ""session_id"": 1264}"
922,635,click,6.0,2022-08-25 11:27:31,"{""info"": ""Sample log data"", ""session_id"": 4116}"
923,621,click,,2020-04-12 07:59:06,"{""info"": ""Sample log data"", ""session_id"": 2424}"
924,734,booking,,2021-02-17 11:39:23,"{""info"": ""Sample log data"", ""session_id"": 5264}"
925,27,review_submission,,2025-01-12 04:27:23,"{""info"": ""Sample log data"", ""session_id"": 6380}"
926,203,search,,2024-07-31 01:14:46,"{""info"": ""Sample log data"", ""session_id"": 4480}"
927,676,booking,,2023-06-05 16:29:42,"{""info"": ""Sample log data"", ""session_id"": 8502}"
928,704,search,,2024-04-20 09:40:48,"{""info"": ""Sample log data"", ""session_id"": 3553}"
929,319,booking,,2023-05-03 07:28:40,"{""info"": ""Sample log data"", ""session_id"": 7181}"
930,623,booking,12.0,2023-09-02 09:43:20,"{""info"": ""Sample log data"", ""session_id"": 1079}"
931,697,booking,,2024-04-19 17:12:38,"{""info"": ""Sample log data"", ""session_id"": 3601}"
932,900,booking,12.0,2024-07-02 17:14:55,"{""info"": ""Sample log data"", ""session_id"": 6357}"
933,344,click,,2021-05-28 03:46:15,"{""info"": ""Sample log data"", ""session_id"": 8810}"
934,812,click,,2024-10-23 03:36:55,"{""info"": ""Sample log data"", ""session_id"": 3397}"
935,216,click,,2021-05-08 11:56:23,"{""info"": ""Sample log data"", ""session_id"": 8992}"
936,251,booking,,2024-08-05 15:28:53,"{""info"": ""Sample log data"", ""session_id"": 3713}"
937,485,search,,2023-12-23 13:10:44,"{""info"": ""Sample log data"", ""session_id"": 3897}"
938,198,click,,2023-08-30 06:42:41,"{""info"": ""Sample log data"", ""session_id"": 7818}"
939,408,search,,2020-11-07 02:14:29,"{""info"": ""Sample log data"", ""session_id"": 5886}"
940,614,review_submission,2.0,2023-03-21 17:39:58,"{""info"": ""Sample log data"", ""session_id"": 9408}"
941,406,click,,2024-06-03 10:32:18,"{""info"": ""Sample log data"", ""session_id"": 9548}"
942,979,review_submission,10.0,2022-04-24 13:47:42,"{""info"": ""Sample log data"", ""session_id"": 5105}"
943,619,booking,1.0,2023-01-24 04:26:29,"{""info"": ""Sample log data"", ""session_id"": 2366}"
944,533,review_submission,,2023-07-19 20:19:44,"{""info"": ""Sample log data"", ""session_id"": 2420}"
945,236,booking,5.0,2024-10-10 08:27:52,"{""info"": ""Sample log data"", ""session_id"": 9851}"
946,234,click,14.0,2024-08-18 14:07:42,"{""info"": ""Sample log data"", ""session_id"": 5056}"
947,558,search,,2024-12-04 19:53:54,"{""info"": ""Sample log data"", ""session_id"": 4123}"
948,275,review_submission,7.0,2021-02-24 02:44:03,"{""info"": ""Sample log data"", ""session_id"": 4333}"
949,506,review_submission,10.0,2024-09-08 00:05:56,"{""info"": ""Sample log data"", ""session_id"": 1038}"
950,94,click,3.0,2020-08-26 13:02:52,"{""info"": ""Sample log data"", ""session_id"": 7316}"
951,221,search,,2021-07-14 10:08:56,"{""info"": ""Sample log data"", ""session_id"": 1509}"
952,7,click,4.0,2023-02-04 07:49:15,"{""info"": ""Sample log data"", ""session_id"": 3488}"
953,222,search,4.0,2023-05-12 03:41:33,"{""info"": ""Sample log data"", ""session_id"": 4552}"
954,696,search,5.0,2025-01-18 09:32:02,"{""info"": ""Sample log data"", ""session_id"": 3907}"
955,82,click,8.0,2021-07-24 09:32:09,"{""info"": ""Sample log data"", ""session_id"": 5004}"
956,126,review_submission,8.0,2020-04-18 15:07:42,"{""info"": ""Sample log data"", ""session_id"": 2841}"
957,188,booking,10.0,2022-01-30 19:56:26,"{""info"": ""Sample log data"", ""session_id"": 2600}"
958,680,review_submission,,2023-05-24 04:37:59,"{""info"": ""Sample log data"", ""session_id"": 1225}"
959,8,search,12.0,2024-12-12 16:41:49,"{""info"": ""Sample log data"", ""session_id"": 2297}"
960,975,review_submission,,2021-10-22 10:01:18,"{""info"": ""Sample log data"", ""session_id"": 3853}"
961,962,booking,,2024-07-03 09:46:38,"{""info"": ""Sample log data"", ""session_id"": 4906}"
962,264,click,,2020-12-19 08:30:41,"{""info"": ""Sample log data"", ""session_id"": 7106}"
963,936,search,,2024-03-11 02:48:12,"{""info"": ""Sample log data"", ""session_id"": 5988}"
964,446,search,,2020-07-01 00:13:06,"{""info"": ""Sample log data"", ""session_id"": 8408}"
965,12,click,8.0,2024-07-14 02:14:42,"{""info"": ""Sample log data"", ""session_id"": 4053}"
966,928,search,,2020-06-14 09:01:31,"{""info"": ""Sample log data"", ""session_id"": 1763}"
967,639,click,11.0,2024-08-21 05:42:26,"{""info"": ""Sample log data"", ""session_id"": 4311}"
968,290,search,3.0,2021-06-05 02:56:52,"{""info"": ""Sample log data"", ""session_id"": 2855}"
969,390,search,,2021-10-29 00:49:03,"{""info"": ""Sample log data"", ""session_id"": 3915}"
970,272,search,9.0,2021-03-07 08:05:26,"{""info"": ""Sample log data"", ""session_id"": 6739}"
971,192,review_submission,7.0,2023-01-26 10:04:52,"{""info"": ""Sample log data"", ""session_id"": 3417}"
972,672,search,3.0,2021-11-15 06:28:32,"{""info"": ""Sample log data"", ""session_id"": 2830}"
973,102,review_submission,,2022-06-20 09:54:52,"{""info"": ""Sample log data"", ""session_id"": 3713}"
974,542,click,,2024-03-15 03:19:14,"{""info"": ""Sample log data"", ""session_id"": 1435}"
975,104,search,,2024-04-19 15:32:47,"{""info"": ""Sample log data"", ""session_id"": 2815}"
976,116,review_submission,,2021-02-25 14:28:46,"{""info"": ""Sample log data"", ""session_id"": 1115}"
977,184,booking,,2021-08-09 14:06:01,"{""info"": ""Sample log data"", ""session_id"": 9309}"
978,407,booking,13.0,2023-09-05 03:23:17,"{""info"": ""Sample log data"", ""session_id"": 8248}"
979,240,search,3.0,2020-05-06 17:57:38,"{""info"": ""Sample log data"", ""session_id"": 5896}"
980,86,review_submission,,2021-10-10 10:58:19,"{""info"": ""Sample log data"", ""session_id"": 1379}"
981,290,search,6.0,2020-08-29 02:32:59,"{""info"": ""Sample log data"", ""session_id"": 9550}"
982,288,search,,2020-03-26 08:12:41,"{""info"": ""Sample log data"", ""session_id"": 8329}"
983,331,booking,,2024-04-08 00:57:51,"{""info"": ""Sample log data"", ""session_id"": 6241}"
984,168,booking,,2023-10-19 11:29:28,"{""info"": ""Sample log data"", ""session_id"": 2020}"
985,239,review_submission,,2023-09-17 02:44:23,"{""info"": ""Sample log data"", ""session_id"": 8406}"
986,625,review_submission,1.0,2024-10-03 03:56:34,"{""info"": ""Sample log data"", ""session_id"": 4722}"
987,25,review_submission,,2022-07-02 18:49:56,"{""info"": ""Sample log data"", ""session_id"": 1660}"
988,348,click,,2020-01-25 04:00:26,"{""info"": ""Sample log data"", ""session_id"": 2379}"
989,510,click,8.0,2023-11-13 06:37:51,"{""info"": ""Sample log data"", ""session_id"": 8253}"
990,249,click,9.0,2024-10-20 11:40:08,"{""info"": ""Sample log data"", ""session_id"": 1422}"
991,121,click,3.0,2023-01-26 14:35:52,"{""info"": ""Sample log data"", ""session_id"": 2768}"
992,93,click,2.0,2022-03-05 04:19:43,"{""info"": ""Sample log data"", ""session_id"": 1453}"
993,438,click,,2024-07-17 14:06:59,"{""info"": ""Sample log data"", ""session_id"": 1508}"
994,75,search,6.0,2021-07-09 10:04:07,"{""info"": ""Sample log data"", ""session_id"": 5961}"
995,43,review_submission,6.0,2020-07-24 11:59:57,"{""info"": ""Sample log data"", ""session_id"": 8685}"
996,654,booking,,2020-08-29 05:15:01,"{""info"": ""Sample log data"", ""session_id"": 2453}"
997,472,search,,2022-04-23 13:44:21,"{""info"": ""Sample log data"", ""session_id"": 9859}"
998,361,review_submission,,2024-05-04 04:23:48,"{""info"": ""Sample log data"", ""session_id"": 7644}"
999,975,click,11.0,2021-05-23 01:30:06,"{""info"": ""Sample log data"", ""session_id"": 5171}"
1000,850,search,8.0,2022-08-14 15:06:15,"{""info"": ""Sample log data"", ""session_id"": 5878}"
1001,557,search,4.0,2024-11-29 09:11:36,"{""info"": ""Sample log data"", ""session_id"": 2023}"
1002,936,search,,2022-11-07 15:24:34,"{""info"": ""Sample log data"", ""session_id"": 7666}"
1003,512,review_submission,,2023-07-16 18:08:05,"{""info"": ""Sample log data"", ""session_id"": 2166}"
1004,599,booking,,2024-10-19 19:44:57,"{""info"": ""Sample log data"", ""session_id"": 7538}"
1005,756,search,,2020-05-01 04:50:10,"{""info"": ""Sample log data"", ""session_id"": 3511}"
1006,810,search,,2022-08-10 00:36:06,"{""info"": ""Sample log data"", ""session_id"": 6424}"
1007,77,review_submission,,2020-05-04 15:42:35,"{""info"": ""Sample log data"", ""session_id"": 3112}"
1008,906,click,11.0,2024-09-20 16:39:35,"{""info"": ""Sample log data"", ""session_id"": 1068}"
1009,258,booking,,2023-11-05 16:13:28,"{""info"": ""Sample log data"", ""session_id"": 9270}"
1010,895,click,,2021-02-26 11:46:05,"{""info"": ""Sample log data"", ""session_id"": 6285}"
1011,883,click,12.0,2020-07-03 07:07:22,"{""info"": ""Sample log data"", ""session_id"": 6788}"
1012,652,click,,2024-06-16 10:17:36,"{""info"": ""Sample log data"", ""session_id"": 8770}"
1013,803,click,,2021-06-26 14:58:13,"{""info"": ""Sample log data"", ""session_id"": 8513}"
1014,981,click,10.0,2021-10-29 20:36:10,"{""info"": ""Sample log data"", ""session_id"": 6561}"
1015,718,review_submission,11.0,2021-05-22 16:39:48,"{""info"": ""Sample log data"", ""session_id"": 5176}"
1016,31,click,,2023-08-09 08:27:58,"{""info"": ""Sample log data"", ""session_id"": 4202}"
1017,732,booking,,2022-06-08 03:15:44,"{""info"": ""Sample log data"", ""session_id"": 9744}"
1018,293,booking,,2022-02-10 22:39:57,"{""info"": ""Sample log data"", ""session_id"": 4809}"
1019,327,review_submission,,2021-02-10 14:25:51,"{""info"": ""Sample log data"", ""session_id"": 4928}"
1020,618,search,,2023-11-11 10:44:27,"{""info"": ""Sample log data"", ""session_id"": 7639}"
1021,171,click,8.0,2022-11-02 02:50:23,"{""info"": ""Sample log data"", ""session_id"": 4698}"
1022,851,click,,2020-01-10 05:40:50,"{""info"": ""Sample log data"", ""session_id"": 7396}"
1023,646,click,1.0,2023-06-30 23:13:54,"{""info"": ""Sample log data"", ""session_id"": 7948}"
1024,200,click,5.0,2020-12-28 13:06:17,"{""info"": ""Sample log data"", ""session_id"": 5289}"
1025,708,click,,2023-05-22 15:41:38,"{""info"": ""Sample log data"", ""session_id"": 4215}"
1026,262,booking,,2021-10-19 23:29:48,"{""info"": ""Sample log data"", ""session_id"": 7572}"
1027,176,review_submission,3.0,2021-08-28 17:08:33,"{""info"": ""Sample log data"", ""session_id"": 6970}"
1028,471,search,,2022-04-07 12:05:09,"{""info"": ""Sample log data"", ""session_id"": 6960}"
1029,372,search,,2021-09-23 21:32:32,"{""info"": ""Sample log data"", ""session_id"": 5438}"
1030,893,booking,3.0,2020-08-28 18:31:59,"{""info"": ""Sample log data"", ""session_id"": 2724}"
1031,479,booking,,2022-06-29 09:44:13,"{""info"": ""Sample log data"", ""session_id"": 6446}"
1032,490,booking,3.0,2024-09-17 21:09:21,"{""info"": ""Sample log data"", ""session_id"": 9707}"
1033,736,booking,,2023-03-22 03:52:58,"{""info"": ""Sample log data"", ""session_id"": 4893}"
1034,518,search,6.0,2021-05-16 12:20:54,"{""info"": ""Sample log data"", ""session_id"": 2822}"
1035,126,review_submission,,2021-06-23 11:20:58,"{""info"": ""Sample log data"", ""session_id"": 5123}"
1036,677,review_submission,5.0,2024-12-27 14:44:20,"{""info"": ""Sample log data"", ""session_id"": 9210}"
1037,453,click,,2021-09-26 17:31:18,"{""info"": ""Sample log data"", ""session_id"": 6295}"
1038,220,review_submission,6.0,2023-01-23 21:30:28,"{""info"": ""Sample log data"", ""session_id"": 4929}"
1039,875,search,,2022-09-09 00:57:38,"{""info"": ""Sample log data"", ""session_id"": 2953}"
1040,268,booking,11.0,2024-07-01 15:30:11,"{""info"": ""Sample log data"", ""session_id"": 4608}"
1041,878,booking,8.0,2021-12-29 21:39:49,"{""info"": ""Sample log data"", ""session_id"": 1798}"
1042,348,review_submission,14.0,2022-03-19 00:37:37,"{""info"": ""Sample log data"", ""session_id"": 6313}"
1043,758,click,2.0,2024-04-12 07:14:02,"{""info"": ""Sample log data"", ""session_id"": 2503}"
1044,144,booking,,2022-01-11 08:11:48,"{""info"": ""Sample log data"", ""session_id"": 8838}"
1045,548,review_submission,,2021-09-30 17:45:35,"{""info"": ""Sample log data"", ""session_id"": 1777}"
1046,838,search,,2020-02-11 03:42:52,"{""info"": ""Sample log data"", ""session_id"": 7975}"
1047,431,review_submission,2.0,2023-03-19 05:22:45,"{""info"": ""Sample log data"", ""session_id"": 7770}"
1048,249,review_submission,5.0,2021-04-01 19:44:04,"{""info"": ""Sample log data"", ""session_id"": 2046}"
1049,532,review_submission,10.0,2023-04-13 12:09:46,"{""info"": ""Sample log data"", ""session_id"": 6540}"
1050,10,review_submission,,2023-09-22 02:32:52,"{""info"": ""Sample log data"", ""session_id"": 2368}"
1051,359,search,2.0,2021-05-26 16:10:18,"{""info"": ""Sample log data"", ""session_id"": 6217}"
1052,3,click,12.0,2020-09-09 21:22:26,"{""info"": ""Sample log data"", ""session_id"": 7804}"
1053,46,search,5.0,2021-08-04 18:06:15,"{""info"": ""Sample log data"", ""session_id"": 8874}"
1054,170,review_submission,13.0,2021-02-19 06:43:47,"{""info"": ""Sample log data"", ""session_id"": 2848}"
1055,948,click,,2020-09-05 09:22:55,"{""info"": ""Sample log data"", ""session_id"": 5329}"
1056,766,booking,,2020-04-23 23:31:43,"{""info"": ""Sample log data"", ""session_id"": 8570}"
1057,634,review_submission,,2023-11-07 08:40:23,"{""info"": ""Sample log data"", ""session_id"": 9278}"
1058,897,booking,3.0,2020-07-10 13:16:19,"{""info"": ""Sample log data"", ""session_id"": 2105}"
1059,293,search,,2021-02-27 19:50:08,"{""info"": ""Sample log data"", ""session_id"": 5217}"
1060,402,search,,2021-11-23 08:00:13,"{""info"": ""Sample log data"", ""session_id"": 9000}"
1061,174,click,,2020-07-29 10:17:34,"{""info"": ""Sample log data"", ""session_id"": 6799}"
1062,593,booking,,2022-04-28 23:47:03,"{""info"": ""Sample log data"", ""session_id"": 8486}"
1063,999,booking,,2023-09-19 03:25:23,"{""info"": ""Sample log data"", ""session_id"": 4495}"
1064,917,review_submission,12.0,2025-01-16 11:46:30,"{""info"": ""Sample log data"", ""session_id"": 4762}"
1065,30,booking,,2024-01-24 15:51:26,"{""info"": ""Sample log data"", ""session_id"": 8687}"
1066,676,click,,2023-09-12 02:17:00,"{""info"": ""Sample log data"", ""session_id"": 1259}"
1067,481,booking,12.0,2020-05-05 09:32:54,"{""info"": ""Sample log data"", ""session_id"": 7045}"
1068,601,click,,2024-07-21 16:41:09,"{""info"": ""Sample log data"", ""session_id"": 2693}"
1069,325,search,,2021-12-15 05:30:04,"{""info"": ""Sample log data"", ""session_id"": 1912}"
1070,999,click,,2020-03-19 23:12:06,"{""info"": ""Sample log data"", ""session_id"": 3185}"
1071,544,booking,,2023-04-05 03:32:02,"{""info"": ""Sample log data"", ""session_id"": 7971}"
1072,734,search,,2021-10-19 01:01:13,"{""info"": ""Sample log data"", ""session_id"": 6852}"
1073,315,review_submission,7.0,2024-02-19 11:26:03,"{""info"": ""Sample log data"", ""session_id"": 6351}"
1074,866,search,13.0,2020-09-27 12:36:04,"{""info"": ""Sample log data"", ""session_id"": 1932}"
1075,91,booking,,2021-05-28 05:48:04,"{""info"": ""Sample log data"", ""session_id"": 3240}"
1076,389,booking,,2020-11-18 10:37:43,"{""info"": ""Sample log data"", ""session_id"": 9624}"
1077,24,click,,2022-12-08 14:23:43,"{""info"": ""Sample log data"", ""session_id"": 5806}"
1078,63,booking,13.0,2022-09-26 07:59:11,"{""info"": ""Sample log data"", ""session_id"": 7640}"
1079,383,click,6.0,2022-05-08 19:21:19,"{""info"": ""Sample log data"", ""session_id"": 5000}"
1080,482,review_submission,,2020-04-28 06:30:25,"{""info"": ""Sample log data"", ""session_id"": 8327}"
1081,741,review_submission,,2022-09-29 17:31:21,"{""info"": ""Sample log data"", ""session_id"": 8516}"
1082,918,click,,2024-10-06 06:22:52,"{""info"": ""Sample log data"", ""session_id"": 6777}"
1083,745,click,6.0,2021-06-13 14:40:15,"{""info"": ""Sample log data"", ""session_id"": 3794}"
1084,966,booking,,2023-07-26 17:55:21,"{""info"": ""Sample log data"", ""session_id"": 8503}"
1085,813,search,,2022-10-05 13:28:53,"{""info"": ""Sample log data"", ""session_id"": 3783}"
1086,873,click,,2025-01-03 22:09:53,"{""info"": ""Sample log data"", ""session_id"": 3869}"
1087,637,booking,,2022-10-15 07:12:28,"{""info"": ""Sample log data"", ""session_id"": 3655}"
1088,215,review_submission,,2024-12-21 21:54:16,"{""info"": ""Sample log data"", ""session_id"": 1864}"
1089,146,search,14.0,2024-05-25 06:50:07,"{""info"": ""Sample log data"", ""session_id"": 6561}"
1090,276,search,8.0,2020-07-01 20:10:17,"{""info"": ""Sample log data"", ""session_id"": 5296}"
1091,778,search,6.0,2021-02-04 11:41:29,"{""info"": ""Sample log data"", ""session_id"": 5634}"
1092,147,review_submission,,2023-12-30 13:45:01,"{""info"": ""Sample log data"", ""session_id"": 6245}"
1093,227,booking,2.0,2024-02-06 18:04:10,"{""info"": ""Sample log data"", ""session_id"": 7145}"
1094,723,click,6.0,2022-06-02 08:27:08,"{""info"": ""Sample log data"", ""session_id"": 7835}"
1095,73,booking,,2021-06-04 15:35:38,"{""info"": ""Sample log data"", ""session_id"": 1356}"
1096,278,search,,2021-03-13 06:08:07,"{""info"": ""Sample log data"", ""session_id"": 1367}"
1097,408,click,,2023-06-20 10:06:42,"{""info"": ""Sample log data"", ""session_id"": 2248}"
1098,71,review_submission,,2021-08-09 18:04:56,"{""info"": ""Sample log data"", ""session_id"": 8353}"
1099,148,click,,2022-12-21 07:48:32,"{""info"": ""Sample log data"", ""session_id"": 4089}"
1100,675,click,12.0,2022-06-10 05:29:21,"{""info"": ""Sample log data"", ""session_id"": 2677}"
1101,729,search,8.0,2023-04-09 21:15:19,"{""info"": ""Sample log data"", ""session_id"": 1790}"
1102,252,click,14.0,2020-07-09 00:04:15,"{""info"": ""Sample log data"", ""session_id"": 9267}"
1103,835,booking,,2020-09-26 19:03:05,"{""info"": ""Sample log data"", ""session_id"": 9669}"
1104,666,booking,,2023-08-28 14:34:08,"{""info"": ""Sample log data"", ""session_id"": 1888}"
1105,681,click,11.0,2021-09-10 22:39:40,"{""info"": ""Sample log data"", ""session_id"": 2428}"
1106,228,review_submission,9.0,2021-05-06 23:06:59,"{""info"": ""Sample log data"", ""session_id"": 2094}"
1107,33,click,,2023-07-07 18:05:31,"{""info"": ""Sample log data"", ""session_id"": 9170}"
1108,963,review_submission,,2023-11-14 09:14:57,"{""info"": ""Sample log data"", ""session_id"": 4934}"
1109,874,review_submission,,2023-03-18 18:35:14,"{""info"": ""Sample log data"", ""session_id"": 6097}"
1110,366,booking,,2020-06-29 17:39:41,"{""info"": ""Sample log data"", ""session_id"": 4408}"
1111,257,search,,2022-02-16 02:10:15,"{""info"": ""Sample log data"", ""session_id"": 4310}"
1112,367,search,2.0,2021-03-10 01:32:14,"{""info"": ""Sample log data"", ""session_id"": 7255}"
1113,640,click,,2023-02-28 02:20:58,"{""info"": ""Sample log data"", ""session_id"": 4365}"
1114,241,search,9.0,2021-08-19 23:02:53,"{""info"": ""Sample log data"", ""session_id"": 5087}"
1115,194,search,,2020-08-04 23:07:40,"{""info"": ""Sample log data"", ""session_id"": 6100}"
1116,998,booking,6.0,2023-12-14 04:22:51,"{""info"": ""Sample log data"", ""session_id"": 1374}"
1117,147,review_submission,5.0,2023-09-04 16:31:56,"{""info"": ""Sample log data"", ""session_id"": 3271}"
1118,820,review_submission,,2023-09-29 01:59:58,"{""info"": ""Sample log data"", ""session_id"": 5611}"
1119,735,search,6.0,2022-07-11 14:28:24,"{""info"": ""Sample log data"", ""session_id"": 6008}"
1120,835,review_submission,7.0,2020-11-29 13:31:21,"{""info"": ""Sample log data"", ""session_id"": 7882}"
1121,983,booking,9.0,2022-03-03 04:21:07,"{""info"": ""Sample log data"", ""session_id"": 3225}"
1122,465,review_submission,4.0,2021-06-25 10:07:55,"{""info"": ""Sample log data"", ""session_id"": 5618}"
1123,55,review_submission,,2024-01-25 01:12:24,"{""info"": ""Sample log data"", ""session_id"": 3766}"
1124,354,click,11.0,2021-05-04 21:42:21,"{""info"": ""Sample log data"", ""session_id"": 4750}"
1125,759,booking,9.0,2023-11-11 09:00:47,"{""info"": ""Sample log data"", ""session_id"": 8570}"
1126,787,search,,2024-08-23 23:28:24,"{""info"": ""Sample log data"", ""session_id"": 3961}"
1127,550,booking,9.0,2025-01-12 11:23:28,"{""info"": ""Sample log data"", ""session_id"": 5917}"
1128,851,booking,,2022-11-03 02:56:17,"{""info"": ""Sample log data"", ""session_id"": 2101}"
1129,768,booking,,2022-06-29 23:00:53,"{""info"": ""Sample log data"", ""session_id"": 5891}"
1130,443,booking,,2021-03-24 13:43:34,"{""info"": ""Sample log data"", ""session_id"": 4903}"
1131,845,search,,2020-08-13 09:44:32,"{""info"": ""Sample log data"", ""session_id"": 7068}"
1132,174,booking,14.0,2024-06-23 05:10:46,"{""info"": ""Sample log data"", ""session_id"": 7155}"
1133,508,booking,,2024-03-13 21:43:23,"{""info"": ""Sample log data"", ""session_id"": 1152}"
1134,807,search,,2024-02-25 08:58:24,"{""info"": ""Sample log data"", ""session_id"": 6679}"
1135,783,search,,2023-03-13 09:59:24,"{""info"": ""Sample log data"", ""session_id"": 8396}"
1136,962,search,12.0,2023-08-08 19:52:09,"{""info"": ""Sample log data"", ""session_id"": 9029}"
1137,147,booking,1.0,2024-04-13 08:19:08,"{""info"": ""Sample log data"", ""session_id"": 1456}"
1138,59,booking,11.0,2023-12-04 14:25:54,"{""info"": ""Sample log data"", ""session_id"": 8922}"
1139,922,search,,2022-01-19 17:38:14,"{""info"": ""Sample log data"", ""session_id"": 5421}"
1140,718,review_submission,1.0,2020-11-24 20:26:27,"{""info"": ""Sample log data"", ""session_id"": 7776}"
1141,101,click,,2020-02-09 01:47:52,"{""info"": ""Sample log data"", ""session_id"": 8984}"
1142,602,click,13.0,2023-04-12 05:07:15,"{""info"": ""Sample log data"", ""session_id"": 5394}"
1143,359,review_submission,6.0,2024-02-24 12:41:08,"{""info"": ""Sample log data"", ""session_id"": 6657}"
1144,296,click,12.0,2021-01-24 22:06:55,"{""info"": ""Sample log data"", ""session_id"": 7547}"
1145,502,booking,,2020-06-11 06:30:16,"{""info"": ""Sample log data"", ""session_id"": 7928}"
1146,930,review_submission,9.0,2022-12-15 17:25:39,"{""info"": ""Sample log data"", ""session_id"": 6874}"
1147,761,review_submission,,2023-02-07 09:52:55,"{""info"": ""Sample log data"", ""session_id"": 7813}"
1148,694,review_submission,,2023-07-12 01:32:54,"{""info"": ""Sample log data"", ""session_id"": 5940}"
1149,45,click,7.0,2023-04-20 12:05:43,"{""info"": ""Sample log data"", ""session_id"": 5110}"
1150,418,search,,2022-09-01 06:29:08,"{""info"": ""Sample log data"", ""session_id"": 2956}"
1151,713,review_submission,2.0,2021-11-11 16:03:11,"{""info"": ""Sample log data"", ""session_id"": 4392}"
1152,602,booking,7.0,2021-08-05 02:59:18,"{""info"": ""Sample log data"", ""session_id"": 3157}"
1153,268,booking,2.0,2023-03-05 11:16:15,"{""info"": ""Sample log data"", ""session_id"": 7470}"
1154,622,review_submission,2.0,2020-09-10 06:53:02,"{""info"": ""Sample log data"", ""session_id"": 3380}"
1155,657,review_submission,,2022-08-27 00:12:29,"{""info"": ""Sample log data"", ""session_id"": 7354}"
1156,594,review_submission,,2024-06-20 23:09:45,"{""info"": ""Sample log data"", ""session_id"": 8892}"
1157,585,review_submission,12.0,2020-09-21 22:32:14,"{""info"": ""Sample log data"", ""session_id"": 7960}"
1158,953,click,,2021-05-18 10:18:17,"{""info"": ""Sample log data"", ""session_id"": 9104}"
1159,643,search,5.0,2023-04-22 14:10:07,"{""info"": ""Sample log data"", ""session_id"": 4001}"
1160,185,booking,14.0,2023-08-03 23:20:25,"{""info"": ""Sample log data"", ""session_id"": 5103}"
1161,137,click,1.0,2021-02-20 18:26:01,"{""info"": ""Sample log data"", ""session_id"": 8908}"
1162,289,review_submission,10.0,2020-12-09 14:39:16,"{""info"": ""Sample log data"", ""session_id"": 8993}"
1163,400,click,2.0,2024-11-08 00:05:38,"{""info"": ""Sample log data"", ""session_id"": 9231}"
1164,883,review_submission,,2020-02-22 18:04:03,"{""info"": ""Sample log data"", ""session_id"": 9587}"
1165,372,booking,,2020-01-14 18:23:57,"{""info"": ""Sample log data"", ""session_id"": 7882}"
1166,808,click,3.0,2020-02-07 12:04:05,"{""info"": ""Sample log data"", ""session_id"": 7770}"
1167,194,booking,,2021-10-02 06:49:06,"{""info"": ""Sample log data"", ""session_id"": 6780}"
1168,503,review_submission,,2022-06-17 22:06:17,"{""info"": ""Sample log data"", ""session_id"": 3723}"
1169,785,booking,13.0,2020-01-06 19:13:34,"{""info"": ""Sample log data"", ""session_id"": 5881}"
1170,901,search,14.0,2021-11-05 11:15:09,"{""info"": ""Sample log data"", ""session_id"": 3610}"
1171,481,click,1.0,2021-01-31 00:10:48,"{""info"": ""Sample log data"", ""session_id"": 6055}"
1172,786,click,,2022-08-04 09:04:03,"{""info"": ""Sample log data"", ""session_id"": 7241}"
1173,212,booking,3.0,2022-11-27 03:06:58,"{""info"": ""Sample log data"", ""session_id"": 7769}"
1174,83,search,9.0,2020-02-09 23:24:34,"{""info"": ""Sample log data"", ""session_id"": 4978}"
1175,855,search,,2024-12-15 08:38:17,"{""info"": ""Sample log data"", ""session_id"": 6398}"
1176,518,review_submission,3.0,2024-10-12 15:19:36,"{""info"": ""Sample log data"", ""session_id"": 6486}"
1177,205,search,12.0,2020-10-18 16:44:31,"{""info"": ""Sample log data"", ""session_id"": 3680}"
1178,515,search,,2020-04-03 06:27:16,"{""info"": ""Sample log data"", ""session_id"": 4425}"
1179,653,review_submission,,2023-05-06 18:23:41,"{""info"": ""Sample log data"", ""session_id"": 4744}"
1180,402,booking,8.0,2024-04-24 13:28:37,"{""info"": ""Sample log data"", ""session_id"": 2206}"
1181,666,click,,2022-10-10 23:51:15,"{""info"": ""Sample log data"", ""session_id"": 9444}"
1182,287,booking,1.0,2021-09-16 15:29:20,"{""info"": ""Sample log data"", ""session_id"": 9050}"
1183,626,search,12.0,2022-05-13 23:05:52,"{""info"": ""Sample log data"", ""session_id"": 1505}"
1184,853,click,,2021-11-10 12:01:27,"{""info"": ""Sample log data"", ""session_id"": 6653}"
1185,649,click,11.0,2021-09-16 01:52:34,"{""info"": ""Sample log data"", ""session_id"": 3544}"
1186,728,booking,,2021-01-26 22:00:30,"{""info"": ""Sample log data"", ""session_id"": 8343}"
1187,976,booking,,2020-10-31 22:07:18,"{""info"": ""Sample log data"", ""session_id"": 6608}"
1188,49,click,,2023-06-05 11:34:03,"{""info"": ""Sample log data"", ""session_id"": 9213}"
1189,466,search,8.0,2021-01-25 20:27:06,"{""info"": ""Sample log data"", ""session_id"": 7521}"
1190,338,click,,2024-08-10 08:20:21,"{""info"": ""Sample log data"", ""session_id"": 2183}"
1191,513,booking,3.0,2024-04-26 07:14:57,"{""info"": ""Sample log data"", ""session_id"": 9237}"
1192,922,click,1.0,2022-10-16 01:54:36,"{""info"": ""Sample log data"", ""session_id"": 2979}"
1193,284,review_submission,,2023-07-09 04:25:15,"{""info"": ""Sample log data"", ""session_id"": 5394}"
1194,589,search,,2020-09-20 18:28:18,"{""info"": ""Sample log data"", ""session_id"": 7688}"
1195,878,booking,,2022-12-12 03:53:04,"{""info"": ""Sample log data"", ""session_id"": 3255}"
1196,521,click,,2020-12-03 03:53:59,"{""info"": ""Sample log data"", ""session_id"": 6370}"
1197,673,booking,12.0,2021-02-11 03:04:07,"{""info"": ""Sample log data"", ""session_id"": 5995}"
1198,576,booking,,2021-08-12 09:56:35,"{""info"": ""Sample log data"", ""session_id"": 5194}"
1199,759,booking,,2023-06-25 14:04:14,"{""info"": ""Sample log data"", ""session_id"": 7473}"
1200,79,click,,2022-12-02 11:24:57,"{""info"": ""Sample log data"", ""session_id"": 6569}"
1201,17,search,12.0,2023-02-15 19:05:14,"{""info"": ""Sample log data"", ""session_id"": 6679}"
1202,738,review_submission,,2024-05-20 19:33:39,"{""info"": ""Sample log data"", ""session_id"": 4072}"
1203,146,click,,2025-01-10 15:32:30,"{""info"": ""Sample log data"", ""session_id"": 4084}"
1204,393,search,,2020-09-27 04:13:54,"{""info"": ""Sample log data"", ""session_id"": 3526}"
1205,653,review_submission,,2023-04-04 12:13:48,"{""info"": ""Sample log data"", ""session_id"": 2737}"
1206,576,booking,11.0,2023-06-27 02:06:50,"{""info"": ""Sample log data"", ""session_id"": 1562}"
1207,723,review_submission,9.0,2023-09-23 21:04:01,"{""info"": ""Sample log data"", ""session_id"": 3225}"
1208,1,click,1.0,2021-10-28 22:30:59,"{""info"": ""Sample log data"", ""session_id"": 9996}"
1209,103,search,3.0,2024-11-30 06:53:27,"{""info"": ""Sample log data"", ""session_id"": 7994}"
1210,406,review_submission,7.0,2023-10-07 23:10:57,"{""info"": ""Sample log data"", ""session_id"": 3685}"
1211,967,search,,2021-11-25 12:44:16,"{""info"": ""Sample log data"", ""session_id"": 5837}"
1212,793,booking,9.0,2023-03-12 03:01:34,"{""info"": ""Sample log data"", ""session_id"": 6924}"
1213,431,review_submission,,2020-11-08 16:17:47,"{""info"": ""Sample log data"", ""session_id"": 1041}"
1214,356,review_submission,,2024-03-03 13:39:11,"{""info"": ""Sample log data"", ""session_id"": 5702}"
1215,860,click,,2024-02-28 15:19:20,"{""info"": ""Sample log data"", ""session_id"": 8836}"
1216,35,booking,,2023-10-31 22:31:42,"{""info"": ""Sample log data"", ""session_id"": 4296}"
1217,616,click,,2022-02-19 15:07:22,"{""info"": ""Sample log data"", ""session_id"": 1092}"
1218,605,booking,,2024-09-04 00:26:01,"{""info"": ""Sample log data"", ""session_id"": 9727}"
1219,508,click,12.0,2023-01-04 04:15:29,"{""info"": ""Sample log data"", ""session_id"": 9478}"
1220,992,review_submission,9.0,2020-06-29 14:44:03,"{""info"": ""Sample log data"", ""session_id"": 3635}"
1221,339,click,2.0,2025-01-06 10:26:48,"{""info"": ""Sample log data"", ""session_id"": 3885}"
1222,433,review_submission,,2022-04-25 10:53:11,"{""info"": ""Sample log data"", ""session_id"": 9115}"
1223,797,search,11.0,2024-10-16 21:22:49,"{""info"": ""Sample log data"", ""session_id"": 6370}"
1224,529,search,5.0,2020-10-08 13:22:46,"{""info"": ""Sample log data"", ""session_id"": 5814}"
1225,396,search,,2023-12-21 10:32:33,"{""info"": ""Sample log data"", ""session_id"": 1212}"
1226,42,search,2.0,2020-04-18 11:59:03,"{""info"": ""Sample log data"", ""session_id"": 8385}"
1227,215,booking,,2023-10-02 05:25:32,"{""info"": ""Sample log data"", ""session_id"": 4797}"
1228,646,booking,,2022-05-29 10:16:40,"{""info"": ""Sample log data"", ""session_id"": 4997}"
1229,865,review_submission,13.0,2024-11-17 12:58:07,"{""info"": ""Sample log data"", ""session_id"": 1531}"
1230,568,booking,2.0,2020-11-29 09:48:07,"{""info"": ""Sample log data"", ""session_id"": 9702}"
1231,326,review_submission,8.0,2024-06-15 00:05:51,"{""info"": ""Sample log data"", ""session_id"": 4588}"
1232,147,search,4.0,2022-12-23 21:17:06,"{""info"": ""Sample log data"", ""session_id"": 5813}"
1233,129,booking,11.0,2023-01-18 16:51:20,"{""info"": ""Sample log data"", ""session_id"": 2110}"
1234,107,search,10.0,2021-09-01 22:35:59,"{""info"": ""Sample log data"", ""session_id"": 6789}"
1235,616,booking,14.0,2024-11-30 05:38:33,"{""info"": ""Sample log data"", ""session_id"": 5813}"
1236,171,booking,2.0,2022-09-01 01:15:53,"{""info"": ""Sample log data"", ""session_id"": 8347}"
1237,637,search,12.0,2021-03-09 11:31:23,"{""info"": ""Sample log data"", ""session_id"": 5045}"
1238,572,review_submission,,2023-12-25 20:00:35,"{""info"": ""Sample log data"", ""session_id"": 7376}"
1239,874,review_submission,,2021-05-28 15:03:08,"{""info"": ""Sample log data"", ""session_id"": 9578}"
1240,592,booking,14.0,2021-09-19 15:08:40,"{""info"": ""Sample log data"", ""session_id"": 6074}"
1241,18,click,,2024-09-05 03:25:14,"{""info"": ""Sample log data"", ""session_id"": 4569}"
1242,547,review_submission,,2021-08-27 01:20:01,"{""info"": ""Sample log data"", ""session_id"": 1349}"
1243,541,search,9.0,2023-06-19 22:56:41,"{""info"": ""Sample log data"", ""session_id"": 4912}"
1244,165,click,,2020-01-27 11:33:23,"{""info"": ""Sample log data"", ""session_id"": 3955}"
1245,395,review_submission,4.0,2020-01-14 17:11:42,"{""info"": ""Sample log data"", ""session_id"": 8731}"
1246,126,booking,5.0,2024-09-07 16:25:25,"{""info"": ""Sample log data"", ""session_id"": 6336}"
1247,121,click,4.0,2020-08-29 08:10:06,"{""info"": ""Sample log data"", ""session_id"": 8698}"
1248,522,review_submission,,2023-09-21 22:17:42,"{""info"": ""Sample log data"", ""session_id"": 8357}"
1249,416,review_submission,8.0,2025-01-16 02:59:46,"{""info"": ""Sample log data"", ""session_id"": 3237}"
1250,722,click,13.0,2021-12-08 08:13:09,"{""info"": ""Sample log data"", ""session_id"": 1967}"
1251,944,click,,2022-09-19 22:20:20,"{""info"": ""Sample log data"", ""session_id"": 8173}"
1252,277,search,6.0,2022-01-10 03:29:57,"{""info"": ""Sample log data"", ""session_id"": 1211}"
1253,215,review_submission,,2023-09-22 12:39:06,"{""info"": ""Sample log data"", ""session_id"": 9008}"
1254,543,review_submission,2.0,2022-04-07 07:54:10,"{""info"": ""Sample log data"", ""session_id"": 8735}"
1255,679,click,,2022-11-27 07:48:55,"{""info"": ""Sample log data"", ""session_id"": 8624}"
1256,66,click,,2024-11-25 03:39:42,"{""info"": ""Sample log data"", ""session_id"": 7786}"
1257,489,booking,,2020-10-21 08:40:37,"{""info"": ""Sample log data"", ""session_id"": 6065}"
1258,324,click,,2021-07-06 02:07:46,"{""info"": ""Sample log data"", ""session_id"": 6823}"
1259,455,booking,,2024-05-29 00:23:21,"{""info"": ""Sample log data"", ""session_id"": 9713}"
1260,150,booking,,2024-11-16 15:09:20,"{""info"": ""Sample log data"", ""session_id"": 1795}"
1261,725,search,,2020-11-19 19:50:08,"{""info"": ""Sample log data"", ""session_id"": 2687}"
1262,839,search,,2024-01-19 21:14:05,"{""info"": ""Sample log data"", ""session_id"": 5090}"
1263,807,click,,2020-08-19 16:10:13,"{""info"": ""Sample log data"", ""session_id"": 6239}"
1264,471,review_submission,,2024-03-16 04:31:25,"{""info"": ""Sample log data"", ""session_id"": 1607}"
1265,665,booking,,2024-07-11 01:05:24,"{""info"": ""Sample log data"", ""session_id"": 1151}"
1266,994,click,9.0,2020-07-29 08:53:27,"{""info"": ""Sample log data"", ""session_id"": 4659}"
1267,266,review_submission,6.0,2021-07-05 09:40:42,"{""info"": ""Sample log data"", ""session_id"": 8944}"
1268,328,review_submission,1.0,2022-07-18 13:36:46,"{""info"": ""Sample log data"", ""session_id"": 6637}"
1269,386,click,12.0,2021-10-03 18:52:54,"{""info"": ""Sample log data"", ""session_id"": 9855}"
1270,592,click,,2023-01-22 03:08:55,"{""info"": ""Sample log data"", ""session_id"": 3267}"
1271,286,booking,8.0,2022-11-19 05:48:18,"{""info"": ""Sample log data"", ""session_id"": 2263}"
1272,325,booking,,2024-07-06 02:24:48,"{""info"": ""Sample log data"", ""session_id"": 3186}"
1273,413,click,9.0,2021-09-21 05:42:46,"{""info"": ""Sample log data"", ""session_id"": 3722}"
1274,985,booking,11.0,2023-12-12 13:23:53,"{""info"": ""Sample log data"", ""session_id"": 2452}"
1275,387,search,,2021-05-14 07:01:01,"{""info"": ""Sample log data"", ""session_id"": 9376}"
1276,932,review_submission,,2022-02-18 15:14:22,"{""info"": ""Sample log data"", ""session_id"": 8887}"
1277,428,click,,2020-03-17 09:13:28,"{""info"": ""Sample log data"", ""session_id"": 4426}"
1278,701,booking,,2023-12-29 22:42:24,"{""info"": ""Sample log data"", ""session_id"": 8272}"
1279,771,click,7.0,2024-11-08 09:45:16,"{""info"": ""Sample log data"", ""session_id"": 4100}"
1280,941,search,13.0,2021-07-09 16:15:12,"{""info"": ""Sample log data"", ""session_id"": 5596}"
1281,93,click,12.0,2021-03-09 09:43:08,"{""info"": ""Sample log data"", ""session_id"": 9362}"
1282,772,search,,2021-07-30 02:38:53,"{""info"": ""Sample log data"", ""session_id"": 6710}"
1283,247,booking,14.0,2024-04-08 00:55:44,"{""info"": ""Sample log data"", ""session_id"": 6906}"
1284,282,booking,,2020-07-19 03:48:56,"{""info"": ""Sample log data"", ""session_id"": 9833}"
1285,628,click,6.0,2020-09-22 18:11:25,"{""info"": ""Sample log data"", ""session_id"": 5280}"
1286,785,search,1.0,2022-12-14 13:51:27,"{""info"": ""Sample log data"", ""session_id"": 7591}"
1287,231,search,4.0,2024-04-18 05:57:59,"{""info"": ""Sample log data"", ""session_id"": 3468}"
1288,442,review_submission,,2022-07-29 15:45:50,"{""info"": ""Sample log data"", ""session_id"": 1148}"
1289,316,review_submission,,2023-01-24 09:07:56,"{""info"": ""Sample log data"", ""session_id"": 8258}"
1290,103,review_submission,,2021-03-08 17:35:52,"{""info"": ""Sample log data"", ""session_id"": 2513}"
1291,200,click,,2020-07-04 10:15:16,"{""info"": ""Sample log data"", ""session_id"": 9593}"
1292,428,click,,2024-07-24 01:27:37,"{""info"": ""Sample log data"", ""session_id"": 6140}"
1293,396,booking,11.0,2022-07-15 00:41:14,"{""info"": ""Sample log data"", ""session_id"": 8180}"
1294,396,search,11.0,2021-10-17 05:52:51,"{""info"": ""Sample log data"", ""session_id"": 1332}"
1295,591,click,,2024-08-18 07:32:15,"{""info"": ""Sample log data"", ""session_id"": 8198}"
1296,182,booking,,2021-10-25 05:21:33,"{""info"": ""Sample log data"", ""session_id"": 7437}"
1297,215,search,7.0,2022-01-28 08:26:42,"{""info"": ""Sample log data"", ""session_id"": 1269}"
1298,873,booking,7.0,2020-11-16 09:45:59,"{""info"": ""Sample log data"", ""session_id"": 8685}"
1299,162,review_submission,3.0,2022-01-02 00:50:30,"{""info"": ""Sample log data"", ""session_id"": 4399}"
1300,718,review_submission,5.0,2024-05-20 19:26:15,"{""info"": ""Sample log data"", ""session_id"": 5652}"
1301,802,review_submission,5.0,2020-10-07 13:37:13,"{""info"": ""Sample log data"", ""session_id"": 8096}"
1302,827,click,5.0,2020-04-17 09:41:00,"{""info"": ""Sample log data"", ""session_id"": 4747}"
1303,966,search,1.0,2023-04-21 01:28:59,"{""info"": ""Sample log data"", ""session_id"": 7751}"
1304,241,review_submission,7.0,2021-03-22 09:21:24,"{""info"": ""Sample log data"", ""session_id"": 9587}"
1305,281,booking,,2022-08-08 19:01:52,"{""info"": ""Sample log data"", ""session_id"": 2185}"
1306,298,search,,2023-11-10 15:25:41,"{""info"": ""Sample log data"", ""session_id"": 7199}"
1307,156,click,,2020-08-23 23:25:56,"{""info"": ""Sample log data"", ""session_id"": 2705}"
1308,650,search,,2024-06-25 11:35:58,"{""info"": ""Sample log data"", ""session_id"": 7995}"
1309,82,search,,2020-05-15 22:56:34,"{""info"": ""Sample log data"", ""session_id"": 1985}"
1310,188,review_submission,,2023-07-25 06:54:01,"{""info"": ""Sample log data"", ""session_id"": 1288}"
1311,653,search,,2022-11-08 08:43:39,"{""info"": ""Sample log data"", ""session_id"": 4264}"
1312,524,search,,2021-02-20 15:02:30,"{""info"": ""Sample log data"", ""session_id"": 6116}"
1313,285,search,,2023-04-23 03:36:56,"{""info"": ""Sample log data"", ""session_id"": 9054}"
1314,559,booking,,2021-11-17 03:41:07,"{""info"": ""Sample log data"", ""session_id"": 3416}"
1315,931,search,,2020-06-22 22:02:47,"{""info"": ""Sample log data"", ""session_id"": 3911}"
1316,934,booking,3.0,2024-06-18 14:17:53,"{""info"": ""Sample log data"", ""session_id"": 4195}"
1317,355,booking,,2020-02-13 10:51:30,"{""info"": ""Sample log data"", ""session_id"": 8551}"
1318,79,search,11.0,2023-12-12 18:25:46,"{""info"": ""Sample log data"", ""session_id"": 3810}"
1319,632,booking,1.0,2022-01-27 17:13:33,"{""info"": ""Sample log data"", ""session_id"": 1418}"
1320,355,search,,2023-09-09 12:35:22,"{""info"": ""Sample log data"", ""session_id"": 8282}"
1321,97,booking,,2021-12-27 23:11:00,"{""info"": ""Sample log data"", ""session_id"": 4643}"
1322,673,click,13.0,2024-04-01 06:04:03,"{""info"": ""Sample log data"", ""session_id"": 2320}"
1323,261,review_submission,,2023-01-13 15:18:12,"{""info"": ""Sample log data"", ""session_id"": 5185}"
1324,754,search,3.0,2022-06-28 09:48:00,"{""info"": ""Sample log data"", ""session_id"": 3912}"
1325,161,search,14.0,2024-04-26 04:46:37,"{""info"": ""Sample log data"", ""session_id"": 9992}"
1326,74,booking,13.0,2020-05-27 18:13:50,"{""info"": ""Sample log data"", ""session_id"": 9339}"
1327,601,booking,3.0,2023-09-30 13:07:19,"{""info"": ""Sample log data"", ""session_id"": 7430}"
1328,561,search,2.0,2023-07-19 17:54:34,"{""info"": ""Sample log data"", ""session_id"": 8046}"
1329,171,booking,,2020-06-26 05:38:54,"{""info"": ""Sample log data"", ""session_id"": 8818}"
1330,755,click,12.0,2022-05-15 10:45:02,"{""info"": ""Sample log data"", ""session_id"": 2038}"
1331,238,booking,4.0,2022-02-06 14:29:27,"{""info"": ""Sample log data"", ""session_id"": 3765}"
1332,375,search,12.0,2024-02-20 00:25:54,"{""info"": ""Sample log data"", ""session_id"": 5105}"
1333,615,review_submission,14.0,2022-01-14 17:57:54,"{""info"": ""Sample log data"", ""session_id"": 4774}"
1334,518,booking,5.0,2021-12-21 16:49:39,"{""info"": ""Sample log data"", ""session_id"": 8894}"
1335,658,review_submission,,2021-10-15 23:01:34,"{""info"": ""Sample log data"", ""session_id"": 5358}"
1336,159,booking,12.0,2021-08-16 15:45:27,"{""info"": ""Sample log data"", ""session_id"": 4682}"
1337,27,review_submission,,2020-10-25 08:25:41,"{""info"": ""Sample log data"", ""session_id"": 5710}"
1338,570,review_submission,11.0,2021-02-01 19:28:41,"{""info"": ""Sample log data"", ""session_id"": 1766}"
1339,528,booking,13.0,2022-10-30 15:54:16,"{""info"": ""Sample log data"", ""session_id"": 1937}"
1340,773,booking,,2020-11-24 17:35:21,"{""info"": ""Sample log data"", ""session_id"": 6481}"
1341,599,search,,2021-01-01 08:38:11,"{""info"": ""Sample log data"", ""session_id"": 3052}"
1342,934,click,,2021-06-13 09:36:20,"{""info"": ""Sample log data"", ""session_id"": 2716}"
1343,61,search,,2022-06-16 16:57:00,"{""info"": ""Sample log data"", ""session_id"": 5213}"
1344,482,click,10.0,2020-08-10 20:00:37,"{""info"": ""Sample log data"", ""session_id"": 8727}"
1345,128,review_submission,5.0,2020-04-01 20:21:13,"{""info"": ""Sample log data"", ""session_id"": 4283}"
1346,728,booking,,2024-06-28 01:05:10,"{""info"": ""Sample log data"", ""session_id"": 9259}"
1347,705,booking,,2022-10-20 21:19:12,"{""info"": ""Sample log data"", ""session_id"": 8975}"
1348,773,click,,2022-05-14 03:21:40,"{""info"": ""Sample log data"", ""session_id"": 7199}"
1349,415,review_submission,,2021-02-23 17:49:29,"{""info"": ""Sample log data"", ""session_id"": 4590}"
1350,404,review_submission,12.0,2022-06-26 18:51:10,"{""info"": ""Sample log data"", ""session_id"": 8699}"
1351,270,search,3.0,2024-09-30 16:01:12,"{""info"": ""Sample log data"", ""session_id"": 2730}"
1352,557,search,,2024-05-24 12:16:11,"{""info"": ""Sample log data"", ""session_id"": 4452}"
1353,514,click,6.0,2024-07-15 11:01:58,"{""info"": ""Sample log data"", ""session_id"": 5620}"
1354,5,booking,4.0,2023-02-08 01:32:18,"{""info"": ""Sample log data"", ""session_id"": 2916}"
1355,412,search,,2022-10-17 22:52:32,"{""info"": ""Sample log data"", ""session_id"": 8915}"
1356,998,review_submission,6.0,2023-08-30 16:47:33,"{""info"": ""Sample log data"", ""session_id"": 7860}"
1357,575,booking,9.0,2021-11-05 06:48:44,"{""info"": ""Sample log data"", ""session_id"": 2616}"
1358,438,click,,2024-06-13 15:35:02,"{""info"": ""Sample log data"", ""session_id"": 2138}"
1359,471,booking,,2024-09-15 14:07:37,"{""info"": ""Sample log data"", ""session_id"": 2098}"
1360,255,booking,,2023-04-12 15:00:04,"{""info"": ""Sample log data"", ""session_id"": 5384}"
1361,161,click,13.0,2020-02-05 11:50:23,"{""info"": ""Sample log data"", ""session_id"": 4427}"
1362,980,booking,,2021-02-25 10:44:37,"{""info"": ""Sample log data"", ""session_id"": 7506}"
1363,43,booking,4.0,2024-10-02 07:10:34,"{""info"": ""Sample log data"", ""session_id"": 8667}"
1364,901,click,5.0,2020-10-15 21:59:45,"{""info"": ""Sample log data"", ""session_id"": 2377}"
1365,261,review_submission,,2023-11-15 13:25:07,"{""info"": ""Sample log data"", ""session_id"": 6391}"
1366,279,review_submission,,2023-12-10 03:38:08,"{""info"": ""Sample log data"", ""session_id"": 1605}"
1367,283,search,,2023-11-26 12:10:16,"{""info"": ""Sample log data"", ""session_id"": 9749}"
1368,70,booking,,2022-11-11 03:12:21,"{""info"": ""Sample log data"", ""session_id"": 8852}"
1369,969,review_submission,,2020-10-19 08:01:46,"{""info"": ""Sample log data"", ""session_id"": 1513}"
1370,680,click,,2020-03-06 23:32:36,"{""info"": ""Sample log data"", ""session_id"": 6621}"
1371,482,click,7.0,2020-06-08 00:08:31,"{""info"": ""Sample log data"", ""session_id"": 9501}"
1372,887,search,5.0,2024-03-23 20:30:20,"{""info"": ""Sample log data"", ""session_id"": 6140}"
1373,440,booking,4.0,2024-01-12 01:08:25,"{""info"": ""Sample log data"", ""session_id"": 3646}"
1374,825,search,,2023-11-11 06:58:29,"{""info"": ""Sample log data"", ""session_id"": 2119}"
1375,694,review_submission,10.0,2023-04-18 00:08:16,"{""info"": ""Sample log data"", ""session_id"": 6247}"
1376,519,review_submission,3.0,2023-06-28 09:14:53,"{""info"": ""Sample log data"", ""session_id"": 5050}"
1377,316,search,2.0,2022-03-30 06:10:25,"{""info"": ""Sample log data"", ""session_id"": 9815}"
1378,880,booking,,2023-10-27 18:47:18,"{""info"": ""Sample log data"", ""session_id"": 2808}"
1379,964,click,,2024-01-22 04:14:49,"{""info"": ""Sample log data"", ""session_id"": 3618}"
1380,563,search,9.0,2024-12-28 06:26:59,"{""info"": ""Sample log data"", ""session_id"": 2927}"
1381,171,review_submission,,2021-05-26 09:49:49,"{""info"": ""Sample log data"", ""session_id"": 5231}"
1382,592,search,,2020-03-21 06:14:55,"{""info"": ""Sample log data"", ""session_id"": 9680}"
1383,300,search,,2024-10-06 15:57:50,"{""info"": ""Sample log data"", ""session_id"": 6484}"
1384,897,booking,,2021-12-05 23:36:57,"{""info"": ""Sample log data"", ""session_id"": 2011}"
1385,724,booking,,2023-07-17 11:36:27,"{""info"": ""Sample log data"", ""session_id"": 4329}"
1386,127,booking,,2024-03-14 20:43:30,"{""info"": ""Sample log data"", ""session_id"": 1357}"
1387,505,search,,2022-03-04 02:14:14,"{""info"": ""Sample log data"", ""session_id"": 9969}"
1388,728,search,,2020-01-08 01:00:21,"{""info"": ""Sample log data"", ""session_id"": 1078}"
1389,61,booking,,2023-02-22 06:44:41,"{""info"": ""Sample log data"", ""session_id"": 7722}"
1390,47,click,4.0,2020-06-07 04:34:58,"{""info"": ""Sample log data"", ""session_id"": 7927}"
1391,320,search,,2021-05-08 16:57:29,"{""info"": ""Sample log data"", ""session_id"": 7735}"
1392,537,click,,2022-08-07 04:02:11,"{""info"": ""Sample log data"", ""session_id"": 3520}"
1393,465,click,,2022-03-14 12:20:15,"{""info"": ""Sample log data"", ""session_id"": 8953}"
1394,590,click,,2020-12-23 00:07:03,"{""info"": ""Sample log data"", ""session_id"": 8871}"
1395,707,click,,2023-06-21 04:39:09,"{""info"": ""Sample log data"", ""session_id"": 6270}"
1396,283,review_submission,,2024-04-29 13:35:36,"{""info"": ""Sample log data"", ""session_id"": 8560}"
1397,857,click,,2020-07-26 22:25:25,"{""info"": ""Sample log data"", ""session_id"": 1980}"
1398,860,booking,4.0,2023-01-06 17:21:25,"{""info"": ""Sample log data"", ""session_id"": 1903}"
1399,816,review_submission,,2023-11-28 21:33:40,"{""info"": ""Sample log data"", ""session_id"": 2972}"
1400,572,booking,,2020-01-07 06:48:25,"{""info"": ""Sample log data"", ""session_id"": 2750}"
1401,487,booking,4.0,2022-03-10 01:06:15,"{""info"": ""Sample log data"", ""session_id"": 2003}"
1402,987,click,,2020-07-01 21:50:40,"{""info"": ""Sample log data"", ""session_id"": 1765}"
1403,301,search,4.0,2023-06-24 17:54:13,"{""info"": ""Sample log data"", ""session_id"": 7501}"
1404,868,review_submission,,2021-04-03 18:17:12,"{""info"": ""Sample log data"", ""session_id"": 8869}"
1405,796,search,8.0,2021-04-28 21:31:37,"{""info"": ""Sample log data"", ""session_id"": 8338}"
1406,590,review_submission,,2023-08-28 21:13:15,"{""info"": ""Sample log data"", ""session_id"": 4489}"
1407,760,booking,,2022-07-07 11:43:19,"{""info"": ""Sample log data"", ""session_id"": 3923}"
1408,714,review_submission,3.0,2022-07-02 18:23:15,"{""info"": ""Sample log data"", ""session_id"": 4451}"
1409,525,search,,2023-12-05 22:24:16,"{""info"": ""Sample log data"", ""session_id"": 7514}"
1410,139,click,,2020-04-17 15:21:43,"{""info"": ""Sample log data"", ""session_id"": 3356}"
1411,756,booking,5.0,2020-08-11 06:27:46,"{""info"": ""Sample log data"", ""session_id"": 7492}"
1412,656,click,10.0,2022-09-16 18:06:04,"{""info"": ""Sample log data"", ""session_id"": 9360}"
1413,317,review_submission,,2021-01-26 19:29:39,"{""info"": ""Sample log data"", ""session_id"": 6496}"
1414,429,search,,2023-04-07 21:23:42,"{""info"": ""Sample log data"", ""session_id"": 8657}"
1415,913,click,11.0,2021-09-26 07:36:03,"{""info"": ""Sample log data"", ""session_id"": 8140}"
1416,636,search,7.0,2022-09-22 01:14:44,"{""info"": ""Sample log data"", ""session_id"": 6749}"
1417,34,click,7.0,2022-01-08 01:37:10,"{""info"": ""Sample log data"", ""session_id"": 5216}"
1418,31,review_submission,4.0,2021-02-23 15:15:20,"{""info"": ""Sample log data"", ""session_id"": 3535}"
1419,812,search,,2023-04-07 16:01:00,"{""info"": ""Sample log data"", ""session_id"": 8193}"
1420,446,review_submission,,2020-01-14 05:14:49,"{""info"": ""Sample log data"", ""session_id"": 6313}"
1421,240,click,5.0,2020-12-19 22:26:24,"{""info"": ""Sample log data"", ""session_id"": 7748}"
1422,579,booking,,2021-11-25 21:33:54,"{""info"": ""Sample log data"", ""session_id"": 3730}"
1423,968,review_submission,,2024-09-05 06:08:09,"{""info"": ""Sample log data"", ""session_id"": 1197}"
1424,375,search,4.0,2022-10-31 09:09:30,"{""info"": ""Sample log data"", ""session_id"": 8423}"
1425,230,click,2.0,2023-03-20 21:56:56,"{""info"": ""Sample log data"", ""session_id"": 8267}"
1426,878,review_submission,,2022-10-29 06:14:30,"{""info"": ""Sample log data"", ""session_id"": 7099}"
1427,137,review_submission,,2021-01-05 03:54:44,"{""info"": ""Sample log data"", ""session_id"": 1494}"
1428,452,search,,2023-02-09 05:56:23,"{""info"": ""Sample log data"", ""session_id"": 9154}"
1429,9,booking,,2020-04-22 05:08:44,"{""info"": ""Sample log data"", ""session_id"": 7528}"
1430,545,review_submission,,2022-06-17 19:18:26,"{""info"": ""Sample log data"", ""session_id"": 2517}"
1431,130,click,,2021-06-22 12:47:06,"{""info"": ""Sample log data"", ""session_id"": 6209}"
1432,575,review_submission,10.0,2023-05-25 04:07:26,"{""info"": ""Sample log data"", ""session_id"": 5038}"
1433,322,review_submission,1.0,2023-04-04 13:16:47,"{""info"": ""Sample log data"", ""session_id"": 4065}"
1434,343,booking,,2020-09-28 12:27:25,"{""info"": ""Sample log data"", ""session_id"": 8906}"
1435,820,review_submission,,2020-08-22 17:53:01,"{""info"": ""Sample log data"", ""session_id"": 4289}"
1436,487,booking,,2021-11-07 22:16:48,"{""info"": ""Sample log data"", ""session_id"": 2096}"
1437,856,click,8.0,2022-04-09 21:46:30,"{""info"": ""Sample log data"", ""session_id"": 5115}"
1438,827,booking,9.0,2020-07-24 11:33:30,"{""info"": ""Sample log data"", ""session_id"": 9069}"
1439,434,click,2.0,2022-04-15 06:29:34,"{""info"": ""Sample log data"", ""session_id"": 7830}"
1440,782,search,,2023-03-16 09:18:38,"{""info"": ""Sample log data"", ""session_id"": 2260}"
1441,328,click,,2022-11-08 00:12:53,"{""info"": ""Sample log data"", ""session_id"": 5067}"
1442,155,click,,2023-10-29 00:29:49,"{""info"": ""Sample log data"", ""session_id"": 1641}"
1443,760,search,1.0,2022-04-18 03:37:38,"{""info"": ""Sample log data"", ""session_id"": 9651}"
1444,708,search,,2020-08-12 15:12:23,"{""info"": ""Sample log data"", ""session_id"": 9769}"
1445,280,search,,2022-02-04 02:22:05,"{""info"": ""Sample log data"", ""session_id"": 8330}"
1446,787,booking,9.0,2021-02-25 18:59:14,"{""info"": ""Sample log data"", ""session_id"": 7583}"
1447,528,search,8.0,2020-01-26 17:50:48,"{""info"": ""Sample log data"", ""session_id"": 1232}"
1448,534,search,6.0,2022-10-21 08:14:52,"{""info"": ""Sample log data"", ""session_id"": 9320}"
1449,43,search,5.0,2021-08-21 08:34:01,"{""info"": ""Sample log data"", ""session_id"": 4549}"
1450,290,search,6.0,2024-09-13 16:41:26,"{""info"": ""Sample log data"", ""session_id"": 2840}"
1451,712,search,,2021-11-18 17:30:32,"{""info"": ""Sample log data"", ""session_id"": 6591}"
1452,981,review_submission,13.0,2021-07-26 20:12:19,"{""info"": ""Sample log data"", ""session_id"": 2731}"
1453,797,click,2.0,2023-06-30 17:19:14,"{""info"": ""Sample log data"", ""session_id"": 7796}"
1454,583,booking,7.0,2021-03-01 22:40:28,"{""info"": ""Sample log data"", ""session_id"": 2230}"
1455,165,booking,,2023-08-04 04:29:43,"{""info"": ""Sample log data"", ""session_id"": 5231}"
1456,148,search,,2024-10-24 10:40:41,"{""info"": ""Sample log data"", ""session_id"": 9580}"
1457,885,click,7.0,2020-06-09 05:40:32,"{""info"": ""Sample log data"", ""session_id"": 8488}"
1458,838,booking,,2024-12-21 20:56:54,"{""info"": ""Sample log data"", ""session_id"": 6259}"
1459,614,search,14.0,2023-04-22 22:29:42,"{""info"": ""Sample log data"", ""session_id"": 1073}"
1460,883,click,1.0,2021-11-27 05:30:21,"{""info"": ""Sample log data"", ""session_id"": 2294}"
1461,742,booking,,2023-02-21 19:45:20,"{""info"": ""Sample log data"", ""session_id"": 7836}"
1462,992,booking,8.0,2023-07-27 13:23:17,"{""info"": ""Sample log data"", ""session_id"": 7401}"
1463,363,review_submission,14.0,2021-10-17 19:23:53,"{""info"": ""Sample log data"", ""session_id"": 1371}"
1464,293,booking,14.0,2022-07-31 00:42:12,"{""info"": ""Sample log data"", ""session_id"": 4852}"
1465,950,review_submission,5.0,2023-05-21 08:13:47,"{""info"": ""Sample log data"", ""session_id"": 5434}"
1466,361,search,,2021-03-23 21:56:37,"{""info"": ""Sample log data"", ""session_id"": 6291}"
1467,195,click,13.0,2021-12-03 11:58:26,"{""info"": ""Sample log data"", ""session_id"": 1376}"
1468,484,click,,2023-04-12 20:33:09,"{""info"": ""Sample log data"", ""session_id"": 5172}"
1469,97,click,7.0,2021-11-06 23:12:34,"{""info"": ""Sample log data"", ""session_id"": 6964}"
1470,835,booking,,2022-09-23 01:17:15,"{""info"": ""Sample log data"", ""session_id"": 9914}"
1471,407,search,9.0,2022-09-30 06:03:55,"{""info"": ""Sample log data"", ""session_id"": 9257}"
1472,205,click,5.0,2024-05-28 14:42:30,"{""info"": ""Sample log data"", ""session_id"": 4592}"
1473,378,booking,,2021-03-13 07:41:19,"{""info"": ""Sample log data"", ""session_id"": 8763}"
1474,528,booking,10.0,2025-01-05 13:08:22,"{""info"": ""Sample log data"", ""session_id"": 3817}"
1475,16,review_submission,,2023-03-04 12:40:58,"{""info"": ""Sample log data"", ""session_id"": 7240}"
1476,628,click,,2023-07-12 16:44:54,"{""info"": ""Sample log data"", ""session_id"": 3327}"
1477,975,review_submission,7.0,2021-03-07 09:52:45,"{""info"": ""Sample log data"", ""session_id"": 4932}"
1478,425,click,2.0,2023-12-31 06:33:07,"{""info"": ""Sample log data"", ""session_id"": 6578}"
1479,237,booking,2.0,2022-12-05 23:23:33,"{""info"": ""Sample log data"", ""session_id"": 6557}"
1480,651,review_submission,14.0,2021-05-15 04:58:12,"{""info"": ""Sample log data"", ""session_id"": 3198}"
1481,916,search,,2024-03-24 12:57:42,"{""info"": ""Sample log data"", ""session_id"": 2321}"
1482,695,search,7.0,2024-10-18 09:00:20,"{""info"": ""Sample log data"", ""session_id"": 5852}"
1483,372,search,,2024-11-10 06:03:54,"{""info"": ""Sample log data"", ""session_id"": 5690}"
1484,274,review_submission,,2021-10-25 11:13:28,"{""info"": ""Sample log data"", ""session_id"": 5547}"
1485,98,booking,12.0,2020-08-15 11:56:09,"{""info"": ""Sample log data"", ""session_id"": 1502}"
1486,761,click,3.0,2021-01-19 07:27:44,"{""info"": ""Sample log data"", ""session_id"": 9660}"
1487,442,review_submission,8.0,2023-08-12 00:47:35,"{""info"": ""Sample log data"", ""session_id"": 7914}"
1488,656,review_submission,,2024-01-02 09:30:34,"{""info"": ""Sample log data"", ""session_id"": 8898}"
1489,662,click,13.0,2020-10-30 05:03:07,"{""info"": ""Sample log data"", ""session_id"": 2302}"
1490,678,search,5.0,2024-09-08 20:13:23,"{""info"": ""Sample log data"", ""session_id"": 4775}"
1491,522,booking,,2024-09-29 01:15:41,"{""info"": ""Sample log data"", ""session_id"": 3841}"
1492,404,search,13.0,2024-08-24 03:53:17,"{""info"": ""Sample log data"", ""session_id"": 8323}"
1493,481,review_submission,,2021-11-19 18:18:40,"{""info"": ""Sample log data"", ""session_id"": 4086}"
1494,888,booking,3.0,2022-10-05 04:39:21,"{""info"": ""Sample log data"", ""session_id"": 4469}"
1495,606,click,10.0,2021-02-20 02:43:33,"{""info"": ""Sample log data"", ""session_id"": 5320}"
1496,132,booking,,2024-01-21 15:43:52,"{""info"": ""Sample log data"", ""session_id"": 8389}"
1497,789,click,,2022-02-22 17:25:48,"{""info"": ""Sample log data"", ""session_id"": 6932}"
1498,457,booking,1.0,2020-11-27 08:27:17,"{""info"": ""Sample log data"", ""session_id"": 9538}"
1499,539,booking,3.0,2020-11-06 02:11:15,"{""info"": ""Sample log data"", ""session_id"": 5619}"
1500,539,booking,7.0,2021-12-07 02:47:56,"{""info"": ""Sample log data"", ""session_id"": 7200}"
1501,195,click,,2024-07-17 19:05:48,"{""info"": ""Sample log data"", ""session_id"": 9014}"
1502,556,booking,3.0,2022-06-05 14:08:01,"{""info"": ""Sample log data"", ""session_id"": 8571}"
1503,340,click,,2023-10-21 00:14:58,"{""info"": ""Sample log data"", ""session_id"": 8779}"
1504,58,review_submission,10.0,2025-01-06 06:25:58,"{""info"": ""Sample log data"", ""session_id"": 3910}"
1505,539,booking,4.0,2020-06-18 13:04:09,"{""info"": ""Sample log data"", ""session_id"": 3461}"
1506,997,booking,,2020-09-09 07:44:24,"{""info"": ""Sample log data"", ""session_id"": 7876}"
1507,730,review_submission,,2023-07-02 12:21:50,"{""info"": ""Sample log data"", ""session_id"": 8292}"
1508,661,review_submission,9.0,2024-06-03 00:24:01,"{""info"": ""Sample log data"", ""session_id"": 9466}"
1509,807,review_submission,,2020-08-31 16:04:01,"{""info"": ""Sample log data"", ""session_id"": 4683}"
1510,891,booking,,2022-10-16 03:39:23,"{""info"": ""Sample log data"", ""session_id"": 3212}"
1511,722,search,,2023-09-23 12:36:49,"{""info"": ""Sample log data"", ""session_id"": 3833}"
1512,236,booking,11.0,2020-09-28 11:52:03,"{""info"": ""Sample log data"", ""session_id"": 5600}"
1513,472,click,,2024-11-08 20:54:59,"{""info"": ""Sample log data"", ""session_id"": 7922}"
1514,141,review_submission,11.0,2024-04-18 13:04:00,"{""info"": ""Sample log data"", ""session_id"": 7210}"
1515,905,booking,,2023-12-14 23:29:46,"{""info"": ""Sample log data"", ""session_id"": 2407}"
1516,725,review_submission,9.0,2021-02-23 21:10:21,"{""info"": ""Sample log data"", ""session_id"": 1333}"
1517,46,search,1.0,2020-10-29 15:57:30,"{""info"": ""Sample log data"", ""session_id"": 5186}"
1518,183,review_submission,,2025-01-26 04:12:39,"{""info"": ""Sample log data"", ""session_id"": 1945}"
1519,405,click,6.0,2022-09-26 20:00:19,"{""info"": ""Sample log data"", ""session_id"": 9002}"
1520,332,booking,,2024-12-15 08:35:32,"{""info"": ""Sample log data"", ""session_id"": 1700}"
1521,579,review_submission,8.0,2020-02-13 13:25:19,"{""info"": ""Sample log data"", ""session_id"": 9376}"
1522,9,search,,2023-01-01 20:24:07,"{""info"": ""Sample log data"", ""session_id"": 9435}"
1523,712,review_submission,,2021-05-01 14:55:28,"{""info"": ""Sample log data"", ""session_id"": 3858}"
1524,496,booking,,2023-08-08 21:22:07,"{""info"": ""Sample log data"", ""session_id"": 6727}"
1525,721,click,,2024-05-23 00:12:13,"{""info"": ""Sample log data"", ""session_id"": 4250}"
1526,874,search,6.0,2023-11-19 17:24:48,"{""info"": ""Sample log data"", ""session_id"": 3036}"
1527,601,review_submission,,2020-07-17 16:09:16,"{""info"": ""Sample log data"", ""session_id"": 3949}"
1528,669,click,,2021-10-01 00:00:42,"{""info"": ""Sample log data"", ""session_id"": 4850}"
1529,336,click,,2023-03-05 07:13:28,"{""info"": ""Sample log data"", ""session_id"": 8331}"
1530,697,review_submission,,2021-10-22 18:15:47,"{""info"": ""Sample log data"", ""session_id"": 5107}"
1531,925,click,,2024-07-10 23:12:55,"{""info"": ""Sample log data"", ""session_id"": 8898}"
1532,331,search,4.0,2020-01-29 04:41:15,"{""info"": ""Sample log data"", ""session_id"": 5907}"
1533,726,review_submission,10.0,2022-03-08 17:28:06,"{""info"": ""Sample log data"", ""session_id"": 1016}"
1534,482,review_submission,2.0,2024-05-03 12:42:11,"{""info"": ""Sample log data"", ""session_id"": 1488}"
1535,979,review_submission,2.0,2024-02-04 13:29:36,"{""info"": ""Sample log data"", ""session_id"": 5328}"
1536,404,review_submission,,2024-03-25 18:58:54,"{""info"": ""Sample log data"", ""session_id"": 5472}"
1537,486,click,13.0,2023-11-28 12:04:46,"{""info"": ""Sample log data"", ""session_id"": 2961}"
1538,769,click,5.0,2023-02-18 02:52:56,"{""info"": ""Sample log data"", ""session_id"": 7390}"
1539,434,click,13.0,2021-11-08 09:02:06,"{""info"": ""Sample log data"", ""session_id"": 3517}"
1540,357,click,,2021-03-24 15:50:16,"{""info"": ""Sample log data"", ""session_id"": 6937}"
1541,334,review_submission,,2024-03-01 04:43:53,"{""info"": ""Sample log data"", ""session_id"": 4389}"
1542,328,search,8.0,2020-06-21 01:57:56,"{""info"": ""Sample log data"", ""session_id"": 9179}"
1543,181,click,,2023-12-04 01:25:08,"{""info"": ""Sample log data"", ""session_id"": 7324}"
1544,275,review_submission,12.0,2021-07-23 20:20:13,"{""info"": ""Sample log data"", ""session_id"": 7207}"
1545,91,booking,10.0,2023-06-11 22:19:07,"{""info"": ""Sample log data"", ""session_id"": 4875}"
1546,110,review_submission,,2022-11-02 21:53:27,"{""info"": ""Sample log data"", ""session_id"": 7462}"
1547,715,booking,5.0,2024-12-07 06:58:00,"{""info"": ""Sample log data"", ""session_id"": 1626}"
1548,598,booking,,2023-05-06 18:44:55,"{""info"": ""Sample log data"", ""session_id"": 7568}"
1549,223,search,,2021-09-16 00:34:21,"{""info"": ""Sample log data"", ""session_id"": 7390}"
1550,149,search,13.0,2023-01-19 10:50:03,"{""info"": ""Sample log data"", ""session_id"": 2265}"
1551,399,booking,,2024-05-04 19:29:49,"{""info"": ""Sample log data"", ""session_id"": 8574}"
1552,892,search,,2024-04-06 21:17:38,"{""info"": ""Sample log data"", ""session_id"": 2771}"
1553,93,click,,2021-08-30 02:55:34,"{""info"": ""Sample log data"", ""session_id"": 8805}"
1554,767,click,,2023-02-07 16:12:14,"{""info"": ""Sample log data"", ""session_id"": 3622}"
1555,495,click,,2024-12-09 07:28:53,"{""info"": ""Sample log data"", ""session_id"": 9914}"
1556,402,review_submission,,2020-07-09 02:35:42,"{""info"": ""Sample log data"", ""session_id"": 6482}"
1557,370,booking,9.0,2024-01-13 07:09:48,"{""info"": ""Sample log data"", ""session_id"": 2460}"
1558,187,review_submission,10.0,2022-10-08 18:49:24,"{""info"": ""Sample log data"", ""session_id"": 5791}"
1559,721,click,,2020-01-30 09:48:07,"{""info"": ""Sample log data"", ""session_id"": 1813}"
1560,673,click,10.0,2021-11-04 20:33:33,"{""info"": ""Sample log data"", ""session_id"": 2718}"
1561,218,click,7.0,2024-01-03 05:42:07,"{""info"": ""Sample log data"", ""session_id"": 5289}"
1562,431,search,3.0,2022-02-14 20:00:23,"{""info"": ""Sample log data"", ""session_id"": 8119}"
1563,777,booking,,2024-04-01 13:59:09,"{""info"": ""Sample log data"", ""session_id"": 8897}"
1564,86,click,12.0,2024-06-23 03:49:42,"{""info"": ""Sample log data"", ""session_id"": 5356}"
1565,177,booking,,2023-07-09 05:55:43,"{""info"": ""Sample log data"", ""session_id"": 2392}"
1566,485,review_submission,,2022-11-09 21:43:17,"{""info"": ""Sample log data"", ""session_id"": 3564}"
1567,159,click,,2023-01-28 05:42:45,"{""info"": ""Sample log data"", ""session_id"": 3124}"
1568,708,booking,,2020-03-21 06:10:28,"{""info"": ""Sample log data"", ""session_id"": 8162}"
1569,200,search,13.0,2021-04-04 07:55:12,"{""info"": ""Sample log data"", ""session_id"": 9961}"
1570,797,click,10.0,2022-01-01 18:56:59,"{""info"": ""Sample log data"", ""session_id"": 6846}"
1571,974,click,,2024-06-25 19:32:50,"{""info"": ""Sample log data"", ""session_id"": 9156}"
1572,107,booking,12.0,2022-12-25 17:47:56,"{""info"": ""Sample log data"", ""session_id"": 7716}"
1573,308,review_submission,,2024-06-22 23:54:00,"{""info"": ""Sample log data"", ""session_id"": 6075}"
1574,871,review_submission,,2022-05-10 13:09:49,"{""info"": ""Sample log data"", ""session_id"": 6897}"
1575,329,search,8.0,2024-06-03 08:06:18,"{""info"": ""Sample log data"", ""session_id"": 5020}"
1576,106,search,,2020-06-02 02:36:13,"{""info"": ""Sample log data"", ""session_id"": 9623}"
1577,560,search,,2022-09-09 01:31:41,"{""info"": ""Sample log data"", ""session_id"": 7604}"
1578,758,booking,,2020-03-20 10:01:07,"{""info"": ""Sample log data"", ""session_id"": 6544}"
1579,556,search,11.0,2022-09-21 09:26:23,"{""info"": ""Sample log data"", ""session_id"": 9679}"
1580,11,search,,2024-02-20 10:42:55,"{""info"": ""Sample log data"", ""session_id"": 9058}"
1581,824,booking,,2023-09-14 05:58:48,"{""info"": ""Sample log data"", ""session_id"": 2300}"
1582,603,click,,2023-03-17 01:46:25,"{""info"": ""Sample log data"", ""session_id"": 4176}"
1583,850,review_submission,,2023-04-22 12:44:24,"{""info"": ""Sample log data"", ""session_id"": 6414}"
1584,249,click,,2023-10-12 02:59:11,"{""info"": ""Sample log data"", ""session_id"": 8252}"
1585,284,review_submission,4.0,2024-01-29 18:58:58,"{""info"": ""Sample log data"", ""session_id"": 3423}"
1586,160,review_submission,3.0,2020-08-18 17:33:53,"{""info"": ""Sample log data"", ""session_id"": 6651}"
1587,1,click,,2022-06-20 12:38:17,"{""info"": ""Sample log data"", ""session_id"": 4387}"
1588,563,review_submission,,2022-08-31 03:34:10,"{""info"": ""Sample log data"", ""session_id"": 1823}"
1589,331,click,,2020-01-27 22:43:02,"{""info"": ""Sample log data"", ""session_id"": 6234}"
1590,931,search,,2021-02-09 15:34:42,"{""info"": ""Sample log data"", ""session_id"": 7827}"
1591,28,review_submission,,2021-05-24 01:12:21,"{""info"": ""Sample log data"", ""session_id"": 2245}"
1592,277,booking,,2023-11-01 21:18:18,"{""info"": ""Sample log data"", ""session_id"": 4870}"
1593,1000,review_submission,7.0,2024-11-12 13:52:51,"{""info"": ""Sample log data"", ""session_id"": 9726}"
1594,770,booking,10.0,2024-09-25 10:49:20,"{""info"": ""Sample log data"", ""session_id"": 2525}"
1595,450,booking,8.0,2023-04-23 04:01:18,"{""info"": ""Sample log data"", ""session_id"": 8140}"
1596,374,click,,2024-06-30 16:11:18,"{""info"": ""Sample log data"", ""session_id"": 9636}"
1597,359,review_submission,,2024-04-20 23:29:49,"{""info"": ""Sample log data"", ""session_id"": 6674}"
1598,925,booking,8.0,2022-01-30 09:09:32,"{""info"": ""Sample log data"", ""session_id"": 2855}"
1599,819,booking,,2023-04-27 15:06:26,"{""info"": ""Sample log data"", ""session_id"": 2057}"
1600,941,review_submission,,2021-07-16 15:04:42,"{""info"": ""Sample log data"", ""session_id"": 6553}"
1601,491,booking,,2024-02-10 18:52:14,"{""info"": ""Sample log data"", ""session_id"": 5549}"
1602,243,review_submission,11.0,2020-09-03 13:25:37,"{""info"": ""Sample log data"", ""session_id"": 3320}"
1603,228,booking,,2023-10-12 15:02:35,"{""info"": ""Sample log data"", ""session_id"": 7048}"
1604,393,search,13.0,2024-08-30 11:03:47,"{""info"": ""Sample log data"", ""session_id"": 9505}"
1605,481,booking,,2025-01-15 05:30:05,"{""info"": ""Sample log data"", ""session_id"": 9812}"
1606,869,click,3.0,2025-01-21 12:13:38,"{""info"": ""Sample log data"", ""session_id"": 1663}"
1607,655,search,,2025-01-04 13:31:19,"{""info"": ""Sample log data"", ""session_id"": 1201}"
1608,328,booking,6.0,2023-09-23 06:50:37,"{""info"": ""Sample log data"", ""session_id"": 4770}"
1609,389,booking,,2022-06-02 13:05:38,"{""info"": ""Sample log data"", ""session_id"": 1531}"
1610,331,search,10.0,2022-05-11 09:11:21,"{""info"": ""Sample log data"", ""session_id"": 5962}"
1611,948,click,,2021-01-25 11:45:20,"{""info"": ""Sample log data"", ""session_id"": 8689}"
1612,106,click,4.0,2022-02-06 06:53:07,"{""info"": ""Sample log data"", ""session_id"": 1906}"
1613,794,review_submission,6.0,2021-09-20 03:30:37,"{""info"": ""Sample log data"", ""session_id"": 7092}"
1614,899,click,,2024-01-07 09:35:27,"{""info"": ""Sample log data"", ""session_id"": 6140}"
1615,956,search,,2021-05-01 00:18:19,"{""info"": ""Sample log data"", ""session_id"": 9253}"
1616,191,search,,2020-01-01 06:57:03,"{""info"": ""Sample log data"", ""session_id"": 9607}"
1617,502,review_submission,,2024-01-02 09:08:52,"{""info"": ""Sample log data"", ""session_id"": 9261}"
1618,668,click,,2021-08-14 09:11:20,"{""info"": ""Sample log data"", ""session_id"": 8619}"
1619,873,review_submission,4.0,2024-12-31 19:41:16,"{""info"": ""Sample log data"", ""session_id"": 8681}"
1620,467,click,10.0,2023-09-20 18:47:13,"{""info"": ""Sample log data"", ""session_id"": 7304}"
1621,422,search,,2024-11-04 00:15:23,"{""info"": ""Sample log data"", ""session_id"": 9168}"
1622,516,booking,6.0,2020-06-20 15:38:51,"{""info"": ""Sample log data"", ""session_id"": 5789}"
1623,285,booking,11.0,2023-10-10 11:57:13,"{""info"": ""Sample log data"", ""session_id"": 3301}"
1624,616,review_submission,3.0,2020-09-10 19:14:39,"{""info"": ""Sample log data"", ""session_id"": 1282}"
1625,952,review_submission,10.0,2021-07-19 08:23:30,"{""info"": ""Sample log data"", ""session_id"": 3417}"
1626,415,booking,,2024-05-24 14:55:52,"{""info"": ""Sample log data"", ""session_id"": 3594}"
1627,354,booking,7.0,2020-02-18 18:39:08,"{""info"": ""Sample log data"", ""session_id"": 6448}"
1628,637,booking,11.0,2022-12-27 05:30:47,"{""info"": ""Sample log data"", ""session_id"": 7969}"
1629,512,search,,2023-10-05 11:37:44,"{""info"": ""Sample log data"", ""session_id"": 6234}"
1630,209,review_submission,,2022-09-07 22:38:39,"{""info"": ""Sample log data"", ""session_id"": 2483}"
1631,734,review_submission,11.0,2024-04-21 03:38:22,"{""info"": ""Sample log data"", ""session_id"": 9205}"
1632,312,search,,2022-09-06 23:40:20,"{""info"": ""Sample log data"", ""session_id"": 4284}"
1633,708,search,6.0,2023-05-02 12:51:28,"{""info"": ""Sample log data"", ""session_id"": 6549}"
1634,634,review_submission,,2024-06-08 11:21:20,"{""info"": ""Sample log data"", ""session_id"": 4554}"
1635,892,booking,,2020-03-15 16:12:40,"{""info"": ""Sample log data"", ""session_id"": 6721}"
1636,85,click,14.0,2023-06-23 22:18:36,"{""info"": ""Sample log data"", ""session_id"": 7806}"
1637,460,click,2.0,2024-07-19 08:18:24,"{""info"": ""Sample log data"", ""session_id"": 2749}"
1638,326,review_submission,9.0,2024-09-13 11:03:32,"{""info"": ""Sample log data"", ""session_id"": 8371}"
1639,801,search,14.0,2024-02-11 04:45:20,"{""info"": ""Sample log data"", ""session_id"": 9531}"
1640,960,booking,,2024-11-03 07:49:16,"{""info"": ""Sample log data"", ""session_id"": 3549}"
1641,115,booking,12.0,2022-08-21 16:41:10,"{""info"": ""Sample log data"", ""session_id"": 2383}"
1642,229,review_submission,,2022-01-19 19:09:18,"{""info"": ""Sample log data"", ""session_id"": 1041}"
1643,892,review_submission,12.0,2024-10-25 14:45:09,"{""info"": ""Sample log data"", ""session_id"": 1579}"
1644,849,booking,9.0,2020-04-13 13:56:43,"{""info"": ""Sample log data"", ""session_id"": 7684}"
1645,573,booking,11.0,2023-08-13 14:09:30,"{""info"": ""Sample log data"", ""session_id"": 9452}"
1646,952,search,,2021-05-17 22:53:12,"{""info"": ""Sample log data"", ""session_id"": 4259}"
1647,549,review_submission,,2023-07-09 12:26:18,"{""info"": ""Sample log data"", ""session_id"": 1752}"
1648,957,review_submission,,2023-02-27 21:06:07,"{""info"": ""Sample log data"", ""session_id"": 6732}"
1649,578,booking,8.0,2022-10-13 09:38:26,"{""info"": ""Sample log data"", ""session_id"": 5761}"
1650,103,search,,2024-02-04 15:06:06,"{""info"": ""Sample log data"", ""session_id"": 3143}"
1651,363,search,5.0,2021-07-09 14:56:30,"{""info"": ""Sample log data"", ""session_id"": 6377}"
1652,705,search,,2022-10-07 18:37:00,"{""info"": ""Sample log data"", ""session_id"": 9660}"
1653,459,click,,2024-02-14 01:46:53,"{""info"": ""Sample log data"", ""session_id"": 9255}"
1654,299,booking,,2021-04-07 20:40:01,"{""info"": ""Sample log data"", ""session_id"": 1761}"
1655,540,search,,2020-12-20 15:00:03,"{""info"": ""Sample log data"", ""session_id"": 1268}"
1656,813,booking,,2020-07-03 03:16:56,"{""info"": ""Sample log data"", ""session_id"": 8649}"
1657,753,booking,10.0,2020-12-29 07:52:59,"{""info"": ""Sample log data"", ""session_id"": 7653}"
1658,389,search,9.0,2023-08-23 03:06:26,"{""info"": ""Sample log data"", ""session_id"": 2877}"
1659,89,booking,,2023-04-03 02:18:36,"{""info"": ""Sample log data"", ""session_id"": 8155}"
1660,92,click,,2020-02-21 17:12:32,"{""info"": ""Sample log data"", ""session_id"": 5513}"
1661,452,booking,1.0,2020-05-08 17:20:17,"{""info"": ""Sample log data"", ""session_id"": 6109}"
1662,344,booking,1.0,2021-02-08 06:40:46,"{""info"": ""Sample log data"", ""session_id"": 8824}"
1663,24,review_submission,14.0,2023-04-09 08:57:12,"{""info"": ""Sample log data"", ""session_id"": 6081}"
1664,622,booking,10.0,2022-10-28 14:12:59,"{""info"": ""Sample log data"", ""session_id"": 8161}"
1665,665,booking,12.0,2021-11-30 20:55:21,"{""info"": ""Sample log data"", ""session_id"": 7451}"
1666,217,click,,2024-02-22 19:08:20,"{""info"": ""Sample log data"", ""session_id"": 3295}"
1667,892,click,,2022-10-07 09:13:29,"{""info"": ""Sample log data"", ""session_id"": 9355}"
1668,939,search,8.0,2024-06-15 22:36:09,"{""info"": ""Sample log data"", ""session_id"": 4619}"
1669,242,booking,,2021-07-25 14:22:37,"{""info"": ""Sample log data"", ""session_id"": 5270}"
1670,279,review_submission,7.0,2020-04-19 10:02:27,"{""info"": ""Sample log data"", ""session_id"": 1665}"
1671,748,search,,2021-10-19 18:54:06,"{""info"": ""Sample log data"", ""session_id"": 9991}"
1672,19,booking,,2024-03-20 10:39:40,"{""info"": ""Sample log data"", ""session_id"": 3715}"
1673,863,booking,,2020-02-01 19:57:57,"{""info"": ""Sample log data"", ""session_id"": 7168}"
1674,113,review_submission,,2021-10-16 19:09:46,"{""info"": ""Sample log data"", ""session_id"": 2204}"
1675,510,search,10.0,2023-05-21 13:01:45,"{""info"": ""Sample log data"", ""session_id"": 7656}"
1676,983,search,4.0,2021-12-15 00:49:34,"{""info"": ""Sample log data"", ""session_id"": 9938}"
1677,302,review_submission,10.0,2021-07-15 04:58:49,"{""info"": ""Sample log data"", ""session_id"": 2571}"
1678,374,search,,2022-02-23 02:59:30,"{""info"": ""Sample log data"", ""session_id"": 6333}"
1679,268,review_submission,7.0,2023-02-22 14:15:57,"{""info"": ""Sample log data"", ""session_id"": 8195}"
1680,238,search,,2021-11-11 12:30:09,"{""info"": ""Sample log data"", ""session_id"": 7909}"
1681,111,click,,2025-01-17 22:51:39,"{""info"": ""Sample log data"", ""session_id"": 9201}"
1682,464,review_submission,3.0,2024-12-19 10:27:05,"{""info"": ""Sample log data"", ""session_id"": 6810}"
1683,951,review_submission,,2024-02-26 00:58:58,"{""info"": ""Sample log data"", ""session_id"": 5589}"
1684,373,search,9.0,2024-10-18 12:01:48,"{""info"": ""Sample log data"", ""session_id"": 9283}"
1685,632,review_submission,,2021-12-20 08:53:01,"{""info"": ""Sample log data"", ""session_id"": 4612}"
1686,92,booking,,2020-10-19 04:42:16,"{""info"": ""Sample log data"", ""session_id"": 7951}"
1687,38,booking,,2020-09-13 06:36:11,"{""info"": ""Sample log data"", ""session_id"": 5342}"
1688,855,booking,8.0,2023-07-20 19:03:01,"{""info"": ""Sample log data"", ""session_id"": 6455}"
1689,38,booking,5.0,2023-02-23 11:38:21,"{""info"": ""Sample log data"", ""session_id"": 4036}"
1690,441,booking,,2024-04-03 03:30:20,"{""info"": ""Sample log data"", ""session_id"": 3350}"
1691,614,review_submission,,2023-02-20 18:52:32,"{""info"": ""Sample log data"", ""session_id"": 5209}"
1692,89,search,14.0,2023-12-09 04:51:58,"{""info"": ""Sample log data"", ""session_id"": 1729}"
1693,261,review_submission,,2021-02-23 13:05:13,"{""info"": ""Sample log data"", ""session_id"": 1342}"
1694,618,click,13.0,2023-10-12 05:13:15,"{""info"": ""Sample log data"", ""session_id"": 5039}"
1695,609,review_submission,6.0,2022-08-28 18:35:09,"{""info"": ""Sample log data"", ""session_id"": 3844}"
1696,837,review_submission,,2020-01-08 13:14:37,"{""info"": ""Sample log data"", ""session_id"": 8960}"
1697,289,search,,2022-03-23 13:03:23,"{""info"": ""Sample log data"", ""session_id"": 5427}"
1698,4,click,7.0,2021-08-14 08:25:14,"{""info"": ""Sample log data"", ""session_id"": 6772}"
1699,196,booking,,2023-01-02 10:07:20,"{""info"": ""Sample log data"", ""session_id"": 6594}"
1700,395,search,9.0,2021-03-21 11:03:58,"{""info"": ""Sample log data"", ""session_id"": 8049}"
1701,738,click,14.0,2021-10-07 16:18:44,"{""info"": ""Sample log data"", ""session_id"": 9738}"
1702,262,search,,2022-12-06 21:01:05,"{""info"": ""Sample log data"", ""session_id"": 2186}"
1703,863,search,,2022-04-28 17:03:44,"{""info"": ""Sample log data"", ""session_id"": 3171}"
1704,892,booking,13.0,2024-02-04 04:04:05,"{""info"": ""Sample log data"", ""session_id"": 6558}"
1705,7,booking,7.0,2024-05-05 05:38:33,"{""info"": ""Sample log data"", ""session_id"": 5487}"
1706,663,click,12.0,2023-09-24 16:31:11,"{""info"": ""Sample log data"", ""session_id"": 3561}"
1707,483,search,,2021-08-07 13:17:03,"{""info"": ""Sample log data"", ""session_id"": 4367}"
1708,315,search,12.0,2021-10-20 07:45:55,"{""info"": ""Sample log data"", ""session_id"": 9007}"
1709,543,search,12.0,2021-04-15 12:38:38,"{""info"": ""Sample log data"", ""session_id"": 7663}"
1710,482,click,8.0,2022-01-27 14:14:04,"{""info"": ""Sample log data"", ""session_id"": 3533}"
1711,900,review_submission,,2023-10-21 06:25:36,"{""info"": ""Sample log data"", ""session_id"": 8037}"
1712,450,booking,,2024-04-22 23:30:30,"{""info"": ""Sample log data"", ""session_id"": 9334}"
1713,881,search,,2023-04-10 13:01:46,"{""info"": ""Sample log data"", ""session_id"": 9805}"
1714,993,review_submission,,2022-07-03 02:49:57,"{""info"": ""Sample log data"", ""session_id"": 3474}"
1715,1000,booking,5.0,2020-08-14 13:35:26,"{""info"": ""Sample log data"", ""session_id"": 4297}"
1716,428,review_submission,,2021-05-02 17:30:29,"{""info"": ""Sample log data"", ""session_id"": 7607}"
1717,419,booking,12.0,2022-10-23 07:29:49,"{""info"": ""Sample log data"", ""session_id"": 4766}"
1718,415,review_submission,8.0,2021-08-03 03:15:59,"{""info"": ""Sample log data"", ""session_id"": 1520}"
1719,196,search,7.0,2021-10-03 05:47:36,"{""info"": ""Sample log data"", ""session_id"": 2758}"
1720,496,review_submission,10.0,2022-11-27 03:19:21,"{""info"": ""Sample log data"", ""session_id"": 4986}"
1721,310,search,4.0,2021-08-11 11:33:08,"{""info"": ""Sample log data"", ""session_id"": 4271}"
1722,105,booking,13.0,2024-05-10 00:15:45,"{""info"": ""Sample log data"", ""session_id"": 1257}"
1723,108,review_submission,,2024-08-06 10:23:43,"{""info"": ""Sample log data"", ""session_id"": 1185}"
1724,162,click,7.0,2024-07-28 17:13:05,"{""info"": ""Sample log data"", ""session_id"": 1955}"
1725,890,search,14.0,2024-04-04 17:22:02,"{""info"": ""Sample log data"", ""session_id"": 9659}"
1726,857,booking,4.0,2020-12-08 20:11:30,"{""info"": ""Sample log data"", ""session_id"": 6793}"
1727,283,click,,2024-08-17 16:48:46,"{""info"": ""Sample log data"", ""session_id"": 2544}"
1728,369,review_submission,,2020-09-26 00:21:41,"{""info"": ""Sample log data"", ""session_id"": 6202}"
1729,594,search,,2023-08-17 11:45:07,"{""info"": ""Sample log data"", ""session_id"": 1201}"
1730,513,review_submission,14.0,2022-01-02 05:36:46,"{""info"": ""Sample log data"", ""session_id"": 7226}"
1731,362,search,,2020-04-27 16:02:56,"{""info"": ""Sample log data"", ""session_id"": 3312}"
1732,421,click,13.0,2022-08-24 01:18:48,"{""info"": ""Sample log data"", ""session_id"": 9101}"
1733,566,click,,2020-11-21 11:52:36,"{""info"": ""Sample log data"", ""session_id"": 3398}"
1734,890,review_submission,11.0,2022-01-30 07:12:43,"{""info"": ""Sample log data"", ""session_id"": 6527}"
1735,45,review_submission,3.0,2020-07-06 11:41:10,"{""info"": ""Sample log data"", ""session_id"": 9673}"
1736,297,search,,2024-01-31 12:25:40,"{""info"": ""Sample log data"", ""session_id"": 9133}"
1737,946,search,7.0,2024-06-14 07:30:47,"{""info"": ""Sample log data"", ""session_id"": 2053}"
1738,39,review_submission,,2021-07-25 11:13:24,"{""info"": ""Sample log data"", ""session_id"": 7924}"
1739,544,review_submission,,2020-06-03 03:45:16,"{""info"": ""Sample log data"", ""session_id"": 9739}"
1740,220,review_submission,9.0,2023-04-30 19:55:40,"{""info"": ""Sample log data"", ""session_id"": 3686}"
1741,117,booking,,2021-12-03 06:25:22,"{""info"": ""Sample log data"", ""session_id"": 8717}"
1742,201,search,,2020-09-14 02:48:50,"{""info"": ""Sample log data"", ""session_id"": 5596}"
1743,773,click,10.0,2021-08-28 21:04:01,"{""info"": ""Sample log data"", ""session_id"": 1164}"
1744,618,click,1.0,2022-11-26 08:21:59,"{""info"": ""Sample log data"", ""session_id"": 7408}"
1745,182,review_submission,13.0,2024-02-07 16:32:55,"{""info"": ""Sample log data"", ""session_id"": 1119}"
1746,648,click,,2024-03-09 22:48:52,"{""info"": ""Sample log data"", ""session_id"": 5676}"
1747,526,booking,,2024-06-14 06:11:26,"{""info"": ""Sample log data"", ""session_id"": 9753}"
1748,864,click,2.0,2021-06-06 16:45:10,"{""info"": ""Sample log data"", ""session_id"": 8566}"
1749,234,search,6.0,2021-04-19 08:21:27,"{""info"": ""Sample log data"", ""session_id"": 4394}"
1750,178,click,,2021-06-26 15:08:02,"{""info"": ""Sample log data"", ""session_id"": 6373}"
1751,263,search,,2025-01-15 07:50:59,"{""info"": ""Sample log data"", ""session_id"": 5076}"
1752,564,booking,,2022-06-25 02:20:02,"{""info"": ""Sample log data"", ""session_id"": 4845}"
1753,657,search,,2022-08-25 03:10:22,"{""info"": ""Sample log data"", ""session_id"": 6914}"
1754,615,booking,8.0,2020-06-27 10:19:51,"{""info"": ""Sample log data"", ""session_id"": 8791}"
1755,834,click,,2023-08-24 07:31:57,"{""info"": ""Sample log data"", ""session_id"": 4550}"
1756,410,review_submission,10.0,2024-01-25 05:18:42,"{""info"": ""Sample log data"", ""session_id"": 6740}"
1757,369,booking,11.0,2022-05-20 08:57:23,"{""info"": ""Sample log data"", ""session_id"": 6508}"
1758,558,click,,2023-01-26 04:26:00,"{""info"": ""Sample log data"", ""session_id"": 1633}"
1759,14,review_submission,,2020-04-07 09:31:51,"{""info"": ""Sample log data"", ""session_id"": 1888}"
1760,750,click,,2021-03-25 21:51:21,"{""info"": ""Sample log data"", ""session_id"": 2556}"
1761,646,search,13.0,2023-01-31 11:09:48,"{""info"": ""Sample log data"", ""session_id"": 9197}"
1762,3,booking,4.0,2022-01-04 16:58:50,"{""info"": ""Sample log data"", ""session_id"": 2802}"
1763,826,booking,,2024-12-09 03:07:28,"{""info"": ""Sample log data"", ""session_id"": 7889}"
1764,271,search,2.0,2020-09-16 02:27:51,"{""info"": ""Sample log data"", ""session_id"": 6118}"
1765,416,search,2.0,2021-10-10 17:20:27,"{""info"": ""Sample log data"", ""session_id"": 6355}"
1766,191,search,,2021-05-31 22:16:25,"{""info"": ""Sample log data"", ""session_id"": 3853}"
1767,829,review_submission,1.0,2020-08-28 01:03:44,"{""info"": ""Sample log data"", ""session_id"": 7352}"
1768,762,booking,,2023-05-23 10:21:14,"{""info"": ""Sample log data"", ""session_id"": 4714}"
1769,237,search,7.0,2022-06-28 19:21:33,"{""info"": ""Sample log data"", ""session_id"": 1859}"
1770,926,click,4.0,2020-01-25 05:43:49,"{""info"": ""Sample log data"", ""session_id"": 2045}"
1771,487,search,,2021-01-11 04:04:28,"{""info"": ""Sample log data"", ""session_id"": 5834}"
1772,325,review_submission,,2020-05-23 13:00:33,"{""info"": ""Sample log data"", ""session_id"": 6479}"
1773,781,search,,2020-03-30 14:34:00,"{""info"": ""Sample log data"", ""session_id"": 2205}"
1774,613,search,,2023-07-07 08:41:06,"{""info"": ""Sample log data"", ""session_id"": 8224}"
1775,818,click,,2021-05-03 16:58:05,"{""info"": ""Sample log data"", ""session_id"": 7835}"
1776,232,booking,,2020-09-27 09:17:56,"{""info"": ""Sample log data"", ""session_id"": 8730}"
1777,819,review_submission,,2021-07-19 19:46:33,"{""info"": ""Sample log data"", ""session_id"": 5321}"
1778,113,click,11.0,2021-04-11 06:12:25,"{""info"": ""Sample log data"", ""session_id"": 4042}"
1779,826,review_submission,8.0,2020-06-17 18:34:37,"{""info"": ""Sample log data"", ""session_id"": 7502}"
1780,425,booking,,2020-03-08 10:13:35,"{""info"": ""Sample log data"", ""session_id"": 3761}"
1781,302,click,,2023-10-16 21:37:05,"{""info"": ""Sample log data"", ""session_id"": 8213}"
1782,455,booking,,2024-12-06 22:10:53,"{""info"": ""Sample log data"", ""session_id"": 1718}"
1783,377,review_submission,,2022-11-13 10:18:37,"{""info"": ""Sample log data"", ""session_id"": 4139}"
1784,155,click,,2024-03-12 07:46:04,"{""info"": ""Sample log data"", ""session_id"": 6699}"
1785,168,review_submission,,2024-06-25 02:15:31,"{""info"": ""Sample log data"", ""session_id"": 8611}"
1786,967,search,7.0,2020-11-02 10:39:55,"{""info"": ""Sample log data"", ""session_id"": 8820}"
1787,995,search,6.0,2020-10-17 20:32:09,"{""info"": ""Sample log data"", ""session_id"": 2092}"
1788,265,click,,2020-12-26 10:17:55,"{""info"": ""Sample log data"", ""session_id"": 3575}"
1789,300,booking,,2023-07-17 22:09:42,"{""info"": ""Sample log data"", ""session_id"": 8202}"
1790,223,search,11.0,2023-10-10 10:22:04,"{""info"": ""Sample log data"", ""session_id"": 2218}"
1791,946,review_submission,,2020-10-14 02:27:01,"{""info"": ""Sample log data"", ""session_id"": 1008}"
1792,699,review_submission,,2022-08-21 23:03:46,"{""info"": ""Sample log data"", ""session_id"": 6201}"
1793,671,search,,2024-01-17 14:15:37,"{""info"": ""Sample log data"", ""session_id"": 1080}"
1794,197,booking,1.0,2020-10-08 23:40:16,"{""info"": ""Sample log data"", ""session_id"": 9076}"
1795,413,search,8.0,2023-04-17 05:16:13,"{""info"": ""Sample log data"", ""session_id"": 2708}"
1796,212,search,2.0,2021-01-25 14:32:48,"{""info"": ""Sample log data"", ""session_id"": 8404}"
1797,219,click,14.0,2024-06-10 21:02:33,"{""info"": ""Sample log data"", ""session_id"": 2439}"
1798,466,click,1.0,2022-09-14 16:24:55,"{""info"": ""Sample log data"", ""session_id"": 8702}"
1799,602,review_submission,,2022-03-17 07:49:36,"{""info"": ""Sample log data"", ""session_id"": 1200}"
1800,32,search,10.0,2022-09-12 11:34:42,"{""info"": ""Sample log data"", ""session_id"": 5763}"
1801,877,click,,2020-06-26 20:55:30,"{""info"": ""Sample log data"", ""session_id"": 8171}"
1802,567,click,,2020-08-21 09:24:14,"{""info"": ""Sample log data"", ""session_id"": 3014}"
1803,432,booking,,2021-06-20 00:36:50,"{""info"": ""Sample log data"", ""session_id"": 5963}"
1804,984,search,14.0,2022-02-26 12:45:22,"{""info"": ""Sample log data"", ""session_id"": 8750}"
1805,325,booking,,2023-09-18 03:39:21,"{""info"": ""Sample log data"", ""session_id"": 3367}"
1806,282,click,3.0,2020-07-13 00:23:14,"{""info"": ""Sample log data"", ""session_id"": 7970}"
1807,917,booking,3.0,2020-09-03 04:07:34,"{""info"": ""Sample log data"", ""session_id"": 7925}"
1808,943,booking,7.0,2021-11-27 22:12:10,"{""info"": ""Sample log data"", ""session_id"": 9495}"
1809,827,booking,,2021-04-07 07:55:39,"{""info"": ""Sample log data"", ""session_id"": 4900}"
1810,286,review_submission,,2021-04-01 06:51:01,"{""info"": ""Sample log data"", ""session_id"": 2058}"
1811,866,review_submission,,2022-03-09 20:17:50,"{""info"": ""Sample log data"", ""session_id"": 6320}"
1812,193,click,,2022-04-19 21:45:13,"{""info"": ""Sample log data"", ""session_id"": 6152}"
1813,10,review_submission,,2022-06-13 18:17:14,"{""info"": ""Sample log data"", ""session_id"": 2694}"
1814,99,click,8.0,2021-11-26 05:10:02,"{""info"": ""Sample log data"", ""session_id"": 5761}"
1815,657,review_submission,12.0,2020-11-22 19:15:06,"{""info"": ""Sample log data"", ""session_id"": 1194}"
1816,970,review_submission,9.0,2024-02-11 06:39:14,"{""info"": ""Sample log data"", ""session_id"": 9774}"
1817,439,booking,,2020-06-15 06:13:16,"{""info"": ""Sample log data"", ""session_id"": 2826}"
1818,571,click,,2020-11-26 19:33:20,"{""info"": ""Sample log data"", ""session_id"": 6287}"
1819,650,booking,,2024-02-26 13:44:58,"{""info"": ""Sample log data"", ""session_id"": 6020}"
1820,858,review_submission,4.0,2022-04-10 23:36:48,"{""info"": ""Sample log data"", ""session_id"": 4651}"
1821,381,review_submission,,2024-01-24 12:30:29,"{""info"": ""Sample log data"", ""session_id"": 1564}"
1822,97,review_submission,,2021-04-30 09:51:08,"{""info"": ""Sample log data"", ""session_id"": 6944}"
1823,857,click,,2022-09-20 11:46:22,"{""info"": ""Sample log data"", ""session_id"": 1799}"
1824,261,search,13.0,2024-01-11 22:43:27,"{""info"": ""Sample log data"", ""session_id"": 1303}"
1825,85,search,,2023-05-21 00:12:54,"{""info"": ""Sample log data"", ""session_id"": 8334}"
1826,276,search,,2021-06-09 12:53:10,"{""info"": ""Sample log data"", ""session_id"": 1348}"
1827,336,booking,,2024-02-09 21:59:49,"{""info"": ""Sample log data"", ""session_id"": 3509}"
1828,515,search,,2023-10-20 12:13:03,"{""info"": ""Sample log data"", ""session_id"": 3511}"
1829,400,review_submission,9.0,2023-05-17 14:11:51,"{""info"": ""Sample log data"", ""session_id"": 4366}"
1830,759,click,5.0,2023-08-16 14:24:38,"{""info"": ""Sample log data"", ""session_id"": 2554}"
1831,93,booking,,2020-04-19 11:12:58,"{""info"": ""Sample log data"", ""session_id"": 7246}"
1832,182,review_submission,9.0,2024-05-05 03:18:56,"{""info"": ""Sample log data"", ""session_id"": 9728}"
1833,754,search,7.0,2020-10-03 14:33:05,"{""info"": ""Sample log data"", ""session_id"": 3010}"
1834,154,search,,2021-03-09 13:10:46,"{""info"": ""Sample log data"", ""session_id"": 3433}"
1835,798,click,4.0,2020-09-09 14:58:22,"{""info"": ""Sample log data"", ""session_id"": 4037}"
1836,338,review_submission,,2021-03-01 15:42:32,"{""info"": ""Sample log data"", ""session_id"": 6672}"
1837,3,click,,2023-08-25 14:30:10,"{""info"": ""Sample log data"", ""session_id"": 3019}"
1838,435,click,,2020-12-26 19:04:15,"{""info"": ""Sample log data"", ""session_id"": 5279}"
1839,95,click,5.0,2024-03-23 12:28:11,"{""info"": ""Sample log data"", ""session_id"": 9102}"
1840,194,click,,2024-03-08 06:33:24,"{""info"": ""Sample log data"", ""session_id"": 4809}"
1841,717,review_submission,,2021-07-12 22:10:46,"{""info"": ""Sample log data"", ""session_id"": 2658}"
1842,693,booking,12.0,2020-02-06 20:45:00,"{""info"": ""Sample log data"", ""session_id"": 5139}"
1843,190,search,8.0,2024-02-03 21:01:00,"{""info"": ""Sample log data"", ""session_id"": 5274}"
1844,115,booking,,2020-07-22 12:26:52,"{""info"": ""Sample log data"", ""session_id"": 5710}"
1845,147,booking,,2024-10-26 06:53:38,"{""info"": ""Sample log data"", ""session_id"": 3227}"
1846,680,booking,4.0,2024-11-20 11:05:09,"{""info"": ""Sample log data"", ""session_id"": 6966}"
1847,368,review_submission,8.0,2023-05-13 09:45:27,"{""info"": ""Sample log data"", ""session_id"": 5839}"
1848,688,click,8.0,2023-12-01 04:51:34,"{""info"": ""Sample log data"", ""session_id"": 6705}"
1849,465,click,4.0,2023-08-04 23:08:41,"{""info"": ""Sample log data"", ""session_id"": 2170}"
1850,131,click,2.0,2022-09-23 03:07:35,"{""info"": ""Sample log data"", ""session_id"": 2698}"
1851,105,search,4.0,2020-06-06 14:19:12,"{""info"": ""Sample log data"", ""session_id"": 2751}"
1852,31,review_submission,6.0,2023-03-04 17:35:29,"{""info"": ""Sample log data"", ""session_id"": 1726}"
1853,183,booking,,2024-06-19 23:02:25,"{""info"": ""Sample log data"", ""session_id"": 5724}"
1854,729,search,3.0,2021-03-09 04:56:41,"{""info"": ""Sample log data"", ""session_id"": 3066}"
1855,186,click,14.0,2020-04-13 16:59:46,"{""info"": ""Sample log data"", ""session_id"": 8931}"
1856,805,click,,2024-01-14 06:09:53,"{""info"": ""Sample log data"", ""session_id"": 1970}"
1857,964,booking,4.0,2022-02-11 05:22:00,"{""info"": ""Sample log data"", ""session_id"": 8864}"
1858,13,booking,,2024-06-01 00:49:33,"{""info"": ""Sample log data"", ""session_id"": 4360}"
1859,492,click,2.0,2020-12-12 17:58:28,"{""info"": ""Sample log data"", ""session_id"": 7950}"
1860,836,click,,2020-06-17 00:51:09,"{""info"": ""Sample log data"", ""session_id"": 9451}"
1861,7,click,8.0,2023-03-02 22:23:56,"{""info"": ""Sample log data"", ""session_id"": 2748}"
1862,640,click,,2024-08-15 11:02:40,"{""info"": ""Sample log data"", ""session_id"": 5941}"
1863,277,click,9.0,2021-09-05 02:54:39,"{""info"": ""Sample log data"", ""session_id"": 8278}"
1864,654,booking,,2021-12-19 15:42:53,"{""info"": ""Sample log data"", ""session_id"": 9908}"
1865,127,search,4.0,2023-10-15 18:29:18,"{""info"": ""Sample log data"", ""session_id"": 2002}"
1866,688,booking,,2023-05-14 08:40:30,"{""info"": ""Sample log data"", ""session_id"": 3769}"
1867,314,booking,,2020-04-06 20:27:59,"{""info"": ""Sample log data"", ""session_id"": 8202}"
1868,877,review_submission,1.0,2022-09-23 22:01:36,"{""info"": ""Sample log data"", ""session_id"": 4811}"
1869,941,booking,6.0,2021-09-27 05:57:17,"{""info"": ""Sample log data"", ""session_id"": 5322}"
1870,566,search,11.0,2024-05-07 03:53:25,"{""info"": ""Sample log data"", ""session_id"": 1449}"
1871,684,click,10.0,2024-05-26 17:41:18,"{""info"": ""Sample log data"", ""session_id"": 6275}"
1872,60,click,,2024-03-09 01:43:03,"{""info"": ""Sample log data"", ""session_id"": 8884}"
1873,606,click,,2023-01-05 04:06:37,"{""info"": ""Sample log data"", ""session_id"": 4591}"
1874,476,search,,2022-07-04 20:54:58,"{""info"": ""Sample log data"", ""session_id"": 2643}"
1875,329,click,4.0,2023-10-18 10:40:37,"{""info"": ""Sample log data"", ""session_id"": 1264}"
1876,391,review_submission,,2020-07-08 01:35:56,"{""info"": ""Sample log data"", ""session_id"": 7579}"
1877,219,click,2.0,2024-11-15 11:15:05,"{""info"": ""Sample log data"", ""session_id"": 2131}"
1878,736,review_submission,12.0,2020-11-20 05:04:32,"{""info"": ""Sample log data"", ""session_id"": 6445}"
1879,346,click,1.0,2024-03-02 14:36:04,"{""info"": ""Sample log data"", ""session_id"": 4367}"
1880,744,search,14.0,2022-03-05 05:25:33,"{""info"": ""Sample log data"", ""session_id"": 1935}"
1881,236,review_submission,8.0,2023-12-20 09:40:55,"{""info"": ""Sample log data"", ""session_id"": 1137}"
1882,793,click,8.0,2020-03-26 09:10:25,"{""info"": ""Sample log data"", ""session_id"": 7785}"
1883,100,click,1.0,2022-06-10 01:02:18,"{""info"": ""Sample log data"", ""session_id"": 7079}"
1884,530,click,,2021-03-23 00:30:09,"{""info"": ""Sample log data"", ""session_id"": 2581}"
1885,401,click,,2023-10-26 06:24:32,"{""info"": ""Sample log data"", ""session_id"": 5891}"
1886,131,booking,,2024-01-25 15:49:05,"{""info"": ""Sample log data"", ""session_id"": 4994}"
1887,151,booking,,2020-07-07 08:08:41,"{""info"": ""Sample log data"", ""session_id"": 7956}"
1888,968,booking,14.0,2024-11-23 02:52:47,"{""info"": ""Sample log data"", ""session_id"": 1394}"
1889,344,click,,2021-01-06 17:32:10,"{""info"": ""Sample log data"", ""session_id"": 3119}"
1890,25,review_submission,3.0,2022-12-09 16:35:09,"{""info"": ""Sample log data"", ""session_id"": 8810}"
1891,562,search,14.0,2022-09-01 20:51:42,"{""info"": ""Sample log data"", ""session_id"": 6256}"
1892,12,search,,2024-08-03 12:00:49,"{""info"": ""Sample log data"", ""session_id"": 5309}"
1893,285,booking,,2023-10-19 20:14:13,"{""info"": ""Sample log data"", ""session_id"": 9824}"
1894,799,search,,2022-03-29 18:57:37,"{""info"": ""Sample log data"", ""session_id"": 5823}"
1895,190,search,,2020-06-21 12:45:16,"{""info"": ""Sample log data"", ""session_id"": 6923}"
1896,926,search,,2023-07-28 08:35:14,"{""info"": ""Sample log data"", ""session_id"": 8935}"
1897,817,booking,1.0,2020-05-30 16:39:46,"{""info"": ""Sample log data"", ""session_id"": 2917}"
1898,747,review_submission,,2022-09-08 15:36:53,"{""info"": ""Sample log data"", ""session_id"": 4976}"
1899,37,search,2.0,2022-03-11 00:12:35,"{""info"": ""Sample log data"", ""session_id"": 2285}"
1900,311,search,6.0,2023-04-19 05:26:30,"{""info"": ""Sample log data"", ""session_id"": 8843}"
1901,20,search,,2022-04-24 08:33:52,"{""info"": ""Sample log data"", ""session_id"": 8100}"
1902,368,booking,,2020-01-18 06:23:19,"{""info"": ""Sample log data"", ""session_id"": 1803}"
1903,14,search,5.0,2020-03-10 21:36:57,"{""info"": ""Sample log data"", ""session_id"": 5798}"
1904,731,review_submission,,2022-02-21 16:27:57,"{""info"": ""Sample log data"", ""session_id"": 8568}"
1905,395,click,,2022-12-26 12:58:01,"{""info"": ""Sample log data"", ""session_id"": 3791}"
1906,370,review_submission,,2024-09-09 18:01:50,"{""info"": ""Sample log data"", ""session_id"": 3326}"
1907,881,booking,,2021-02-22 00:52:24,"{""info"": ""Sample log data"", ""session_id"": 6181}"
1908,455,review_submission,1.0,2021-08-20 19:35:08,"{""info"": ""Sample log data"", ""session_id"": 9689}"
1909,41,review_submission,,2020-09-02 19:36:20,"{""info"": ""Sample log data"", ""session_id"": 2461}"
1910,520,search,3.0,2023-04-08 05:21:56,"{""info"": ""Sample log data"", ""session_id"": 6781}"
1911,182,booking,1.0,2023-02-17 18:10:38,"{""info"": ""Sample log data"", ""session_id"": 6405}"
1912,617,search,5.0,2020-12-04 04:24:18,"{""info"": ""Sample log data"", ""session_id"": 6541}"
1913,963,search,8.0,2024-03-24 22:19:29,"{""info"": ""Sample log data"", ""session_id"": 5206}"
1914,73,review_submission,,2024-02-03 11:59:08,"{""info"": ""Sample log data"", ""session_id"": 8933}"
1915,878,review_submission,4.0,2020-05-03 20:53:07,"{""info"": ""Sample log data"", ""session_id"": 4747}"
1916,796,click,12.0,2021-01-12 22:06:53,"{""info"": ""Sample log data"", ""session_id"": 8513}"
1917,412,review_submission,1.0,2023-01-30 09:11:36,"{""info"": ""Sample log data"", ""session_id"": 6034}"
1918,987,review_submission,,2024-05-03 04:34:58,"{""info"": ""Sample log data"", ""session_id"": 5161}"
1919,943,booking,,2025-01-18 14:33:01,"{""info"": ""Sample log data"", ""session_id"": 7871}"
1920,290,booking,13.0,2022-02-19 17:55:47,"{""info"": ""Sample log data"", ""session_id"": 6051}"
1921,87,click,3.0,2020-09-30 11:07:11,"{""info"": ""Sample log data"", ""session_id"": 4966}"
1922,885,review_submission,11.0,2022-04-24 15:04:11,"{""info"": ""Sample log data"", ""session_id"": 5571}"
1923,786,review_submission,12.0,2024-12-01 15:25:01,"{""info"": ""Sample log data"", ""session_id"": 8496}"
1924,767,booking,10.0,2022-04-06 21:56:00,"{""info"": ""Sample log data"", ""session_id"": 5904}"
1925,995,booking,1.0,2024-11-19 16:47:29,"{""info"": ""Sample log data"", ""session_id"": 6071}"
1926,394,booking,,2023-06-12 20:12:15,"{""info"": ""Sample log data"", ""session_id"": 4844}"
1927,904,click,,2024-10-06 22:43:01,"{""info"": ""Sample log data"", ""session_id"": 9243}"
1928,507,search,,2022-01-27 18:52:12,"{""info"": ""Sample log data"", ""session_id"": 8838}"
1929,407,review_submission,,2024-11-12 16:01:16,"{""info"": ""Sample log data"", ""session_id"": 8700}"
1930,948,click,8.0,2022-09-26 06:23:59,"{""info"": ""Sample log data"", ""session_id"": 5067}"
1931,281,click,6.0,2024-10-14 21:04:32,"{""info"": ""Sample log data"", ""session_id"": 2632}"
1932,876,review_submission,,2021-01-28 22:38:41,"{""info"": ""Sample log data"", ""session_id"": 9818}"
1933,586,review_submission,,2023-09-14 04:08:14,"{""info"": ""Sample log data"", ""session_id"": 8499}"
1934,443,review_submission,,2020-06-27 05:56:59,"{""info"": ""Sample log data"", ""session_id"": 2337}"
1935,603,search,10.0,2023-02-07 08:02:10,"{""info"": ""Sample log data"", ""session_id"": 3681}"
1936,390,booking,,2024-11-27 06:13:59,"{""info"": ""Sample log data"", ""session_id"": 4450}"
1937,116,review_submission,,2020-02-18 03:25:21,"{""info"": ""Sample log data"", ""session_id"": 9699}"
1938,813,booking,,2022-09-16 17:28:19,"{""info"": ""Sample log data"", ""session_id"": 2913}"
1939,27,booking,,2021-10-22 09:24:19,"{""info"": ""Sample log data"", ""session_id"": 7810}"
1940,497,search,,2022-05-12 01:51:30,"{""info"": ""Sample log data"", ""session_id"": 8296}"
1941,489,review_submission,14.0,2022-04-24 02:48:17,"{""info"": ""Sample log data"", ""session_id"": 1557}"
1942,364,review_submission,,2020-06-21 03:18:18,"{""info"": ""Sample log data"", ""session_id"": 3208}"
1943,993,booking,12.0,2020-09-22 19:12:17,"{""info"": ""Sample log data"", ""session_id"": 6897}"
1944,378,booking,,2020-04-21 04:01:53,"{""info"": ""Sample log data"", ""session_id"": 9818}"
1945,329,review_submission,,2021-02-14 16:27:41,"{""info"": ""Sample log data"", ""session_id"": 7065}"
1946,399,click,,2022-04-09 21:39:10,"{""info"": ""Sample log data"", ""session_id"": 5408}"
1947,366,booking,,2024-01-10 19:13:00,"{""info"": ""Sample log data"", ""session_id"": 7395}"
1948,965,review_submission,4.0,2022-11-16 22:47:26,"{""info"": ""Sample log data"", ""session_id"": 5448}"
1949,995,click,,2020-03-22 23:22:58,"{""info"": ""Sample log data"", ""session_id"": 6594}"
1950,975,click,13.0,2023-10-27 23:33:54,"{""info"": ""Sample log data"", ""session_id"": 3630}"
1951,482,review_submission,3.0,2024-01-15 03:51:13,"{""info"": ""Sample log data"", ""session_id"": 7374}"
1952,586,booking,,2020-07-06 00:11:02,"{""info"": ""Sample log data"", ""session_id"": 5467}"
1953,862,click,,2023-06-06 08:02:43,"{""info"": ""Sample log data"", ""session_id"": 1374}"
1954,241,review_submission,7.0,2021-08-05 05:35:35,"{""info"": ""Sample log data"", ""session_id"": 8613}"
1955,446,booking,5.0,2022-06-05 22:15:11,"{""info"": ""Sample log data"", ""session_id"": 4220}"
1956,709,booking,1.0,2024-02-06 08:29:52,"{""info"": ""Sample log data"", ""session_id"": 7522}"
1957,822,search,,2021-11-26 17:44:33,"{""info"": ""Sample log data"", ""session_id"": 8834}"
1958,508,review_submission,,2021-03-09 14:49:53,"{""info"": ""Sample log data"", ""session_id"": 5557}"
1959,503,search,,2024-10-19 01:37:32,"{""info"": ""Sample log data"", ""session_id"": 2058}"
1960,601,search,7.0,2023-08-23 18:22:24,"{""info"": ""Sample log data"", ""session_id"": 6466}"
1961,23,review_submission,13.0,2022-12-01 23:56:06,"{""info"": ""Sample log data"", ""session_id"": 3882}"
1962,353,search,,2020-08-17 18:41:28,"{""info"": ""Sample log data"", ""session_id"": 6712}"
1963,438,review_submission,9.0,2024-02-01 10:06:31,"{""info"": ""Sample log data"", ""session_id"": 9349}"
1964,146,click,,2020-05-23 04:03:07,"{""info"": ""Sample log data"", ""session_id"": 1346}"
1965,537,search,4.0,2022-08-14 12:44:30,"{""info"": ""Sample log data"", ""session_id"": 1301}"
1966,145,click,,2022-07-19 23:39:07,"{""info"": ""Sample log data"", ""session_id"": 4796}"
1967,183,review_submission,10.0,2022-05-15 21:59:30,"{""info"": ""Sample log data"", ""session_id"": 5610}"
1968,101,search,,2024-11-28 08:31:05,"{""info"": ""Sample log data"", ""session_id"": 6774}"
1969,930,search,2.0,2024-11-13 06:28:56,"{""info"": ""Sample log data"", ""session_id"": 5923}"
1970,431,booking,1.0,2020-07-30 19:13:16,"{""info"": ""Sample log data"", ""session_id"": 2752}"
1971,556,click,,2020-10-20 09:21:33,"{""info"": ""Sample log data"", ""session_id"": 5311}"
1972,446,booking,,2020-10-24 21:56:37,"{""info"": ""Sample log data"", ""session_id"": 2345}"
1973,670,click,1.0,2021-12-17 02:26:59,"{""info"": ""Sample log data"", ""session_id"": 1975}"
1974,377,review_submission,,2024-12-05 22:54:30,"{""info"": ""Sample log data"", ""session_id"": 5158}"
1975,158,click,,2021-08-09 20:16:23,"{""info"": ""Sample log data"", ""session_id"": 4404}"
1976,739,review_submission,,2021-05-09 01:12:39,"{""info"": ""Sample log data"", ""session_id"": 9681}"
1977,513,booking,7.0,2024-01-12 19:20:25,"{""info"": ""Sample log data"", ""session_id"": 8853}"
1978,248,booking,,2020-06-15 20:57:59,"{""info"": ""Sample log data"", ""session_id"": 4991}"
1979,10,click,,2024-01-15 10:58:14,"{""info"": ""Sample log data"", ""session_id"": 3238}"
1980,701,search,8.0,2020-08-19 20:04:03,"{""info"": ""Sample log data"", ""session_id"": 7570}"
1981,163,booking,,2022-12-31 04:19:52,"{""info"": ""Sample log data"", ""session_id"": 4241}"
1982,162,review_submission,8.0,2022-05-13 11:16:27,"{""info"": ""Sample log data"", ""session_id"": 6000}"
1983,692,click,,2021-03-22 02:19:24,"{""info"": ""Sample log data"", ""session_id"": 7464}"
1984,978,review_submission,,2025-01-04 12:43:23,"{""info"": ""Sample log data"", ""session_id"": 4941}"
1985,752,booking,14.0,2021-06-16 17:29:00,"{""info"": ""Sample log data"", ""session_id"": 9627}"
1986,991,review_submission,8.0,2024-04-22 09:49:08,"{""info"": ""Sample log data"", ""session_id"": 8988}"
1987,492,booking,,2020-09-16 07:36:18,"{""info"": ""Sample log data"", ""session_id"": 1852}"
1988,302,search,,2021-05-28 20:49:46,"{""info"": ""Sample log data"", ""session_id"": 7179}"
1989,887,review_submission,6.0,2022-05-25 04:57:57,"{""info"": ""Sample log data"", ""session_id"": 2643}"
1990,762,booking,8.0,2020-08-18 20:51:10,"{""info"": ""Sample log data"", ""session_id"": 9417}"
1991,52,click,,2020-03-03 17:18:19,"{""info"": ""Sample log data"", ""session_id"": 5323}"
1992,80,search,8.0,2024-10-26 22:05:35,"{""info"": ""Sample log data"", ""session_id"": 2131}"
1993,138,booking,4.0,2023-11-18 22:58:14,"{""info"": ""Sample log data"", ""session_id"": 1921}"
1994,949,click,,2023-09-22 04:56:22,"{""info"": ""Sample log data"", ""session_id"": 9668}"
1995,946,search,,2021-11-20 18:49:33,"{""info"": ""Sample log data"", ""session_id"": 6858}"
1996,326,search,2.0,2023-02-23 15:33:09,"{""info"": ""Sample log data"", ""session_id"": 4424}"
1997,925,search,11.0,2020-04-04 07:05:47,"{""info"": ""Sample log data"", ""session_id"": 2864}"
1998,737,booking,,2023-02-21 14:51:30,"{""info"": ""Sample log data"", ""session_id"": 7482}"
1999,454,click,2.0,2024-01-22 10:50:54,"{""info"": ""Sample log data"", ""session_id"": 1942}"
2000,712,search,12.0,2023-12-03 19:34:25,"{""info"": ""Sample log data"", ""session_id"": 5509}"
2001,581,click,,2023-01-21 19:19:24,"{""info"": ""Sample log data"", ""session_id"": 7796}"
2002,975,search,,2021-12-25 13:56:33,"{""info"": ""Sample log data"", ""session_id"": 1111}"
2003,190,search,,2021-10-24 02:38:02,"{""info"": ""Sample log data"", ""session_id"": 8424}"
2004,219,click,,2020-05-17 14:25:54,"{""info"": ""Sample log data"", ""session_id"": 2366}"
2005,862,search,,2024-10-23 12:12:46,"{""info"": ""Sample log data"", ""session_id"": 3814}"
2006,424,click,2.0,2021-05-09 21:38:03,"{""info"": ""Sample log data"", ""session_id"": 5277}"
2007,16,search,7.0,2021-10-10 10:59:58,"{""info"": ""Sample log data"", ""session_id"": 9588}"
2008,391,booking,,2023-06-05 15:25:04,"{""info"": ""Sample log data"", ""session_id"": 1868}"
2009,176,booking,14.0,2022-04-21 11:42:07,"{""info"": ""Sample log data"", ""session_id"": 5088}"
2010,350,search,,2024-01-03 05:22:54,"{""info"": ""Sample log data"", ""session_id"": 2367}"
2011,66,search,13.0,2022-07-29 20:51:45,"{""info"": ""Sample log data"", ""session_id"": 6553}"
2012,54,search,6.0,2020-08-05 15:31:24,"{""info"": ""Sample log data"", ""session_id"": 2843}"
2013,586,booking,,2020-06-29 13:36:00,"{""info"": ""Sample log data"", ""session_id"": 3475}"
2014,494,review_submission,10.0,2022-05-01 09:09:56,"{""info"": ""Sample log data"", ""session_id"": 9100}"
2015,497,review_submission,7.0,2022-10-13 23:50:17,"{""info"": ""Sample log data"", ""session_id"": 5205}"
2016,935,booking,7.0,2022-09-11 08:07:42,"{""info"": ""Sample log data"", ""session_id"": 8736}"
2017,359,search,,2021-06-09 12:03:58,"{""info"": ""Sample log data"", ""session_id"": 3940}"
2018,318,review_submission,,2020-06-25 18:29:27,"{""info"": ""Sample log data"", ""session_id"": 7337}"
2019,605,booking,,2020-12-06 14:32:46,"{""info"": ""Sample log data"", ""session_id"": 9061}"
2020,346,booking,2.0,2024-03-29 05:30:31,"{""info"": ""Sample log data"", ""session_id"": 9175}"
2021,112,search,5.0,2023-04-03 22:52:21,"{""info"": ""Sample log data"", ""session_id"": 1909}"
2022,378,search,,2022-10-23 06:21:26,"{""info"": ""Sample log data"", ""session_id"": 6801}"
2023,933,review_submission,1.0,2023-06-01 09:31:28,"{""info"": ""Sample log data"", ""session_id"": 9059}"
2024,756,review_submission,,2020-05-24 21:36:24,"{""info"": ""Sample log data"", ""session_id"": 5303}"
2025,278,booking,,2022-05-16 19:14:03,"{""info"": ""Sample log data"", ""session_id"": 3251}"
2026,640,booking,13.0,2023-06-10 10:35:22,"{""info"": ""Sample log data"", ""session_id"": 9088}"
2027,810,search,9.0,2022-12-12 16:32:07,"{""info"": ""Sample log data"", ""session_id"": 1714}"
2028,67,booking,14.0,2021-12-07 07:00:03,"{""info"": ""Sample log data"", ""session_id"": 8180}"
2029,686,review_submission,13.0,2023-06-30 00:32:11,"{""info"": ""Sample log data"", ""session_id"": 9353}"
2030,259,review_submission,,2021-03-20 05:19:40,"{""info"": ""Sample log data"", ""session_id"": 5174}"
2031,65,review_submission,12.0,2022-07-04 22:51:06,"{""info"": ""Sample log data"", ""session_id"": 3455}"
2032,896,search,,2024-08-01 12:45:40,"{""info"": ""Sample log data"", ""session_id"": 2287}"
2033,450,search,,2024-07-19 19:09:09,"{""info"": ""Sample log data"", ""session_id"": 2274}"
2034,924,booking,,2023-01-23 07:36:51,"{""info"": ""Sample log data"", ""session_id"": 8739}"
2035,158,click,,2023-05-01 03:25:38,"{""info"": ""Sample log data"", ""session_id"": 7735}"
2036,755,search,11.0,2022-08-30 02:41:35,"{""info"": ""Sample log data"", ""session_id"": 5121}"
2037,125,review_submission,13.0,2022-09-28 19:19:09,"{""info"": ""Sample log data"", ""session_id"": 1618}"
2038,30,review_submission,7.0,2020-09-06 13:40:38,"{""info"": ""Sample log data"", ""session_id"": 8490}"
2039,357,search,12.0,2020-01-17 21:57:25,"{""info"": ""Sample log data"", ""session_id"": 8352}"
2040,935,review_submission,,2021-07-10 04:39:09,"{""info"": ""Sample log data"", ""session_id"": 9305}"
2041,291,booking,,2023-09-19 02:13:55,"{""info"": ""Sample log data"", ""session_id"": 2681}"
2042,543,review_submission,,2020-05-22 02:40:40,"{""info"": ""Sample log data"", ""session_id"": 8101}"
2043,439,review_submission,3.0,2021-05-09 23:54:27,"{""info"": ""Sample log data"", ""session_id"": 3897}"
2044,567,click,5.0,2022-03-15 12:19:36,"{""info"": ""Sample log data"", ""session_id"": 4363}"
2045,11,click,,2021-05-07 06:09:58,"{""info"": ""Sample log data"", ""session_id"": 8413}"
2046,975,click,,2024-02-16 16:51:26,"{""info"": ""Sample log data"", ""session_id"": 9761}"
2047,228,click,,2022-05-21 03:15:21,"{""info"": ""Sample log data"", ""session_id"": 1891}"
2048,917,search,3.0,2022-12-08 18:52:37,"{""info"": ""Sample log data"", ""session_id"": 5384}"
2049,828,booking,,2023-04-30 01:03:14,"{""info"": ""Sample log data"", ""session_id"": 9739}"
2050,882,search,2.0,2021-05-28 04:06:56,"{""info"": ""Sample log data"", ""session_id"": 6607}"
2051,774,review_submission,13.0,2020-07-07 23:40:27,"{""info"": ""Sample log data"", ""session_id"": 9718}"
2052,222,review_submission,2.0,2024-10-03 20:21:03,"{""info"": ""Sample log data"", ""session_id"": 9842}"
2053,40,click,,2020-04-29 13:38:18,"{""info"": ""Sample log data"", ""session_id"": 2144}"
2054,871,review_submission,14.0,2020-05-26 20:21:54,"{""info"": ""Sample log data"", ""session_id"": 7524}"
2055,736,click,8.0,2021-12-04 15:56:08,"{""info"": ""Sample log data"", ""session_id"": 7089}"
2056,950,booking,,2020-11-24 02:46:13,"{""info"": ""Sample log data"", ""session_id"": 6210}"
2057,127,review_submission,,2020-08-26 21:14:36,"{""info"": ""Sample log data"", ""session_id"": 8136}"
2058,723,review_submission,,2022-12-14 18:35:45,"{""info"": ""Sample log data"", ""session_id"": 9875}"
2059,881,review_submission,14.0,2023-04-13 12:22:44,"{""info"": ""Sample log data"", ""session_id"": 1890}"
2060,136,booking,,2024-05-14 04:17:16,"{""info"": ""Sample log data"", ""session_id"": 8998}"
2061,193,click,13.0,2021-04-05 08:30:27,"{""info"": ""Sample log data"", ""session_id"": 3912}"
2062,335,booking,6.0,2024-09-03 11:38:18,"{""info"": ""Sample log data"", ""session_id"": 1321}"
2063,397,booking,,2024-10-03 05:13:00,"{""info"": ""Sample log data"", ""session_id"": 8587}"
2064,840,click,,2020-10-28 01:27:05,"{""info"": ""Sample log data"", ""session_id"": 9778}"
2065,937,click,,2020-12-30 07:47:36,"{""info"": ""Sample log data"", ""session_id"": 1916}"
2066,53,search,,2022-09-29 07:47:11,"{""info"": ""Sample log data"", ""session_id"": 9845}"
2067,300,booking,4.0,2020-03-25 21:09:23,"{""info"": ""Sample log data"", ""session_id"": 1095}"
2068,284,review_submission,1.0,2022-08-31 00:24:23,"{""info"": ""Sample log data"", ""session_id"": 7784}"
2069,2,review_submission,,2022-05-07 06:03:43,"{""info"": ""Sample log data"", ""session_id"": 5013}"
2070,482,booking,10.0,2022-06-03 07:23:59,"{""info"": ""Sample log data"", ""session_id"": 5630}"
2071,479,search,,2024-09-18 14:50:38,"{""info"": ""Sample log data"", ""session_id"": 4974}"
2072,60,booking,8.0,2021-01-27 23:38:50,"{""info"": ""Sample log data"", ""session_id"": 9004}"
2073,671,search,,2023-08-14 20:03:46,"{""info"": ""Sample log data"", ""session_id"": 5307}"
2074,378,search,4.0,2020-05-28 09:37:20,"{""info"": ""Sample log data"", ""session_id"": 6253}"
2075,944,search,14.0,2024-08-21 13:23:41,"{""info"": ""Sample log data"", ""session_id"": 6370}"
2076,938,review_submission,,2024-02-07 03:12:24,"{""info"": ""Sample log data"", ""session_id"": 4436}"
2077,925,search,,2021-07-13 02:01:00,"{""info"": ""Sample log data"", ""session_id"": 8941}"
2078,315,search,7.0,2024-05-05 03:13:15,"{""info"": ""Sample log data"", ""session_id"": 3696}"
2079,514,booking,13.0,2023-10-12 17:46:41,"{""info"": ""Sample log data"", ""session_id"": 3683}"
2080,353,booking,4.0,2020-02-10 20:21:37,"{""info"": ""Sample log data"", ""session_id"": 7069}"
2081,711,click,,2020-08-14 16:44:51,"{""info"": ""Sample log data"", ""session_id"": 6236}"
2082,863,booking,1.0,2021-08-08 17:50:53,"{""info"": ""Sample log data"", ""session_id"": 6398}"
2083,161,booking,8.0,2020-10-12 10:24:04,"{""info"": ""Sample log data"", ""session_id"": 8171}"
2084,567,review_submission,,2020-02-11 19:33:19,"{""info"": ""Sample log data"", ""session_id"": 6921}"
2085,126,click,14.0,2024-07-06 12:16:50,"{""info"": ""Sample log data"", ""session_id"": 5378}"
2086,90,search,6.0,2022-06-18 10:11:06,"{""info"": ""Sample log data"", ""session_id"": 2668}"
2087,131,search,12.0,2024-03-10 11:55:03,"{""info"": ""Sample log data"", ""session_id"": 5231}"
2088,648,search,,2020-07-29 11:28:11,"{""info"": ""Sample log data"", ""session_id"": 6426}"
2089,439,click,4.0,2024-01-09 00:09:24,"{""info"": ""Sample log data"", ""session_id"": 7671}"
2090,717,click,,2024-10-11 07:31:07,"{""info"": ""Sample log data"", ""session_id"": 5345}"
2091,459,click,,2021-09-22 21:36:37,"{""info"": ""Sample log data"", ""session_id"": 1688}"
2092,581,click,,2021-07-07 13:07:24,"{""info"": ""Sample log data"", ""session_id"": 4336}"
2093,618,search,7.0,2023-02-14 03:05:01,"{""info"": ""Sample log data"", ""session_id"": 7762}"
2094,204,review_submission,13.0,2023-09-25 17:35:48,"{""info"": ""Sample log data"", ""session_id"": 2326}"
2095,153,booking,14.0,2021-09-24 12:26:43,"{""info"": ""Sample log data"", ""session_id"": 8818}"
2096,211,booking,10.0,2021-03-01 08:16:00,"{""info"": ""Sample log data"", ""session_id"": 6127}"
2097,549,search,10.0,2023-08-29 18:03:06,"{""info"": ""Sample log data"", ""session_id"": 7379}"
2098,593,booking,14.0,2023-08-31 01:46:22,"{""info"": ""Sample log data"", ""session_id"": 5873}"
2099,213,review_submission,6.0,2020-09-18 02:20:01,"{""info"": ""Sample log data"", ""session_id"": 6017}"
2100,923,booking,,2023-03-04 08:24:51,"{""info"": ""Sample log data"", ""session_id"": 7892}"
2101,566,search,6.0,2024-08-14 04:42:08,"{""info"": ""Sample log data"", ""session_id"": 6236}"
2102,112,booking,7.0,2020-11-30 21:19:57,"{""info"": ""Sample log data"", ""session_id"": 9750}"
2103,459,review_submission,7.0,2022-01-15 04:46:08,"{""info"": ""Sample log data"", ""session_id"": 1759}"
2104,132,click,,2021-04-28 14:26:32,"{""info"": ""Sample log data"", ""session_id"": 4443}"
2105,247,click,12.0,2020-11-18 00:18:47,"{""info"": ""Sample log data"", ""session_id"": 7333}"
2106,5,click,6.0,2021-04-22 02:14:56,"{""info"": ""Sample log data"", ""session_id"": 9120}"
2107,17,booking,1.0,2022-08-22 04:13:45,"{""info"": ""Sample log data"", ""session_id"": 5016}"
2108,794,review_submission,,2024-05-19 08:26:09,"{""info"": ""Sample log data"", ""session_id"": 5967}"
2109,479,search,,2021-04-19 19:58:27,"{""info"": ""Sample log data"", ""session_id"": 7368}"
2110,44,click,,2024-01-20 20:15:10,"{""info"": ""Sample log data"", ""session_id"": 9294}"
2111,621,review_submission,7.0,2023-07-08 03:50:21,"{""info"": ""Sample log data"", ""session_id"": 9248}"
2112,30,booking,,2021-08-24 06:47:36,"{""info"": ""Sample log data"", ""session_id"": 9682}"
2113,60,click,4.0,2020-05-14 02:22:49,"{""info"": ""Sample log data"", ""session_id"": 8543}"
2114,31,search,10.0,2022-07-04 07:19:22,"{""info"": ""Sample log data"", ""session_id"": 8604}"
2115,512,search,,2023-01-29 11:59:21,"{""info"": ""Sample log data"", ""session_id"": 2626}"
2116,537,review_submission,3.0,2020-01-10 21:11:13,"{""info"": ""Sample log data"", ""session_id"": 9306}"
2117,677,review_submission,14.0,2023-06-08 10:54:04,"{""info"": ""Sample log data"", ""session_id"": 8543}"
2118,541,click,9.0,2023-08-09 03:15:27,"{""info"": ""Sample log data"", ""session_id"": 9920}"
2119,971,review_submission,1.0,2023-03-21 15:39:50,"{""info"": ""Sample log data"", ""session_id"": 7536}"
2120,875,search,,2024-12-31 19:58:11,"{""info"": ""Sample log data"", ""session_id"": 1769}"
2121,320,click,6.0,2024-08-18 01:49:33,"{""info"": ""Sample log data"", ""session_id"": 5362}"
2122,387,booking,9.0,2023-08-05 00:12:23,"{""info"": ""Sample log data"", ""session_id"": 9944}"
2123,795,search,,2025-01-28 03:20:58,"{""info"": ""Sample log data"", ""session_id"": 3198}"
2124,161,booking,,2023-10-07 22:27:50,"{""info"": ""Sample log data"", ""session_id"": 1137}"
2125,223,search,1.0,2024-07-08 07:05:46,"{""info"": ""Sample log data"", ""session_id"": 4475}"
2126,271,search,,2022-03-14 01:33:18,"{""info"": ""Sample log data"", ""session_id"": 5217}"
2127,931,review_submission,9.0,2022-04-24 05:22:35,"{""info"": ""Sample log data"", ""session_id"": 9748}"
2128,253,click,,2022-09-15 23:36:34,"{""info"": ""Sample log data"", ""session_id"": 9834}"
2129,387,review_submission,12.0,2023-04-17 00:35:23,"{""info"": ""Sample log data"", ""session_id"": 1981}"
2130,188,search,4.0,2024-04-15 23:22:46,"{""info"": ""Sample log data"", ""session_id"": 1484}"
2131,433,review_submission,,2022-07-13 17:58:58,"{""info"": ""Sample log data"", ""session_id"": 1919}"
2132,328,review_submission,,2021-11-22 12:03:21,"{""info"": ""Sample log data"", ""session_id"": 1398}"
2133,544,review_submission,12.0,2021-10-19 13:34:07,"{""info"": ""Sample log data"", ""session_id"": 8293}"
2134,537,click,,2022-01-19 09:58:25,"{""info"": ""Sample log data"", ""session_id"": 8189}"
2135,110,click,,2020-03-12 20:17:09,"{""info"": ""Sample log data"", ""session_id"": 5707}"
2136,917,search,,2024-02-20 20:21:42,"{""info"": ""Sample log data"", ""session_id"": 9855}"
2137,974,search,,2021-09-14 06:26:41,"{""info"": ""Sample log data"", ""session_id"": 2275}"
2138,291,click,,2022-11-16 19:33:50,"{""info"": ""Sample log data"", ""session_id"": 7352}"
2139,141,booking,,2022-02-22 00:48:27,"{""info"": ""Sample log data"", ""session_id"": 5034}"
2140,202,search,8.0,2023-10-28 19:20:22,"{""info"": ""Sample log data"", ""session_id"": 4703}"
2141,740,search,,2023-06-23 04:08:58,"{""info"": ""Sample log data"", ""session_id"": 8122}"
2142,139,search,,2020-02-13 14:27:10,"{""info"": ""Sample log data"", ""session_id"": 8217}"
2143,534,booking,,2022-02-25 06:00:50,"{""info"": ""Sample log data"", ""session_id"": 1222}"
2144,783,search,,2023-10-27 01:24:58,"{""info"": ""Sample log data"", ""session_id"": 5821}"
2145,417,review_submission,3.0,2024-02-18 06:18:16,"{""info"": ""Sample log data"", ""session_id"": 9372}"
2146,679,booking,,2022-12-01 11:48:23,"{""info"": ""Sample log data"", ""session_id"": 3051}"
2147,324,booking,,2021-04-10 01:37:12,"{""info"": ""Sample log data"", ""session_id"": 5310}"
2148,343,review_submission,,2021-06-26 05:25:18,"{""info"": ""Sample log data"", ""session_id"": 3927}"
2149,587,search,8.0,2021-02-24 06:31:19,"{""info"": ""Sample log data"", ""session_id"": 7881}"
2150,484,booking,,2020-03-13 22:07:07,"{""info"": ""Sample log data"", ""session_id"": 2620}"
2151,322,booking,2.0,2024-05-24 12:43:10,"{""info"": ""Sample log data"", ""session_id"": 3681}"
2152,449,click,,2024-07-28 02:22:50,"{""info"": ""Sample log data"", ""session_id"": 9611}"
2153,224,click,10.0,2021-09-22 08:28:33,"{""info"": ""Sample log data"", ""session_id"": 9788}"
2154,683,review_submission,3.0,2023-01-17 17:42:44,"{""info"": ""Sample log data"", ""session_id"": 5143}"
2155,434,review_submission,,2023-08-31 05:32:07,"{""info"": ""Sample log data"", ""session_id"": 2423}"
2156,62,click,,2023-03-04 15:19:44,"{""info"": ""Sample log data"", ""session_id"": 9146}"
2157,276,search,,2021-09-15 18:35:01,"{""info"": ""Sample log data"", ""session_id"": 9038}"
2158,668,search,,2024-12-05 19:46:44,"{""info"": ""Sample log data"", ""session_id"": 3636}"
2159,421,click,8.0,2023-02-09 23:32:01,"{""info"": ""Sample log data"", ""session_id"": 1066}"
2160,664,review_submission,1.0,2020-08-27 16:39:30,"{""info"": ""Sample log data"", ""session_id"": 3435}"
2161,842,review_submission,,2023-04-27 19:25:46,"{""info"": ""Sample log data"", ""session_id"": 1595}"
2162,600,review_submission,,2020-04-22 15:42:35,"{""info"": ""Sample log data"", ""session_id"": 2369}"
2163,7,search,10.0,2023-08-27 23:58:32,"{""info"": ""Sample log data"", ""session_id"": 7426}"
2164,365,booking,,2022-08-24 04:29:15,"{""info"": ""Sample log data"", ""session_id"": 5073}"
2165,40,search,,2024-05-31 06:01:43,"{""info"": ""Sample log data"", ""session_id"": 5403}"
2166,875,review_submission,,2022-07-15 05:07:12,"{""info"": ""Sample log data"", ""session_id"": 3560}"
2167,824,search,,2021-07-16 00:43:40,"{""info"": ""Sample log data"", ""session_id"": 3138}"
2168,349,review_submission,11.0,2020-06-24 12:51:28,"{""info"": ""Sample log data"", ""session_id"": 9176}"
2169,793,click,3.0,2023-07-03 00:03:39,"{""info"": ""Sample log data"", ""session_id"": 7501}"
2170,383,review_submission,10.0,2020-05-22 10:44:56,"{""info"": ""Sample log data"", ""session_id"": 8330}"
2171,61,review_submission,13.0,2021-01-01 10:36:28,"{""info"": ""Sample log data"", ""session_id"": 9104}"
2172,96,click,,2020-01-03 21:17:54,"{""info"": ""Sample log data"", ""session_id"": 3405}"
2173,367,search,,2022-04-18 00:51:37,"{""info"": ""Sample log data"", ""session_id"": 3885}"
2174,152,review_submission,,2022-01-31 19:23:27,"{""info"": ""Sample log data"", ""session_id"": 6080}"
2175,853,booking,,2022-11-17 11:17:08,"{""info"": ""Sample log data"", ""session_id"": 3296}"
2176,940,review_submission,,2020-07-08 02:57:47,"{""info"": ""Sample log data"", ""session_id"": 6240}"
2177,997,click,,2024-03-03 10:45:11,"{""info"": ""Sample log data"", ""session_id"": 5315}"
2178,82,search,7.0,2021-05-02 15:57:26,"{""info"": ""Sample log data"", ""session_id"": 9328}"
2179,383,booking,,2022-12-02 18:54:38,"{""info"": ""Sample log data"", ""session_id"": 6884}"
2180,614,review_submission,6.0,2020-07-03 08:17:34,"{""info"": ""Sample log data"", ""session_id"": 5265}"
2181,742,search,,2022-09-30 23:37:59,"{""info"": ""Sample log data"", ""session_id"": 3681}"
2182,986,click,13.0,2020-06-03 12:25:31,"{""info"": ""Sample log data"", ""session_id"": 2621}"
2183,409,booking,12.0,2020-03-04 14:23:38,"{""info"": ""Sample log data"", ""session_id"": 5032}"
2184,643,click,,2023-11-23 21:48:19,"{""info"": ""Sample log data"", ""session_id"": 5575}"
2185,302,booking,4.0,2021-03-27 23:45:31,"{""info"": ""Sample log data"", ""session_id"": 6064}"
2186,354,review_submission,,2024-03-29 23:39:15,"{""info"": ""Sample log data"", ""session_id"": 5626}"
2187,900,search,,2023-11-12 19:55:35,"{""info"": ""Sample log data"", ""session_id"": 3121}"
2188,269,review_submission,,2024-02-02 21:01:42,"{""info"": ""Sample log data"", ""session_id"": 3463}"
2189,806,click,,2020-11-15 07:25:17,"{""info"": ""Sample log data"", ""session_id"": 1166}"
2190,420,review_submission,11.0,2020-03-08 16:16:23,"{""info"": ""Sample log data"", ""session_id"": 1527}"
2191,611,review_submission,,2022-06-24 20:49:35,"{""info"": ""Sample log data"", ""session_id"": 3846}"
2192,629,click,10.0,2020-07-24 03:24:15,"{""info"": ""Sample log data"", ""session_id"": 7213}"
2193,652,booking,3.0,2021-02-03 18:49:50,"{""info"": ""Sample log data"", ""session_id"": 9237}"
2194,130,review_submission,,2023-12-30 17:20:52,"{""info"": ""Sample log data"", ""session_id"": 1824}"
2195,991,click,5.0,2020-01-06 11:36:05,"{""info"": ""Sample log data"", ""session_id"": 6609}"
2196,659,booking,8.0,2023-01-28 15:22:26,"{""info"": ""Sample log data"", ""session_id"": 9663}"
2197,762,booking,,2022-12-25 17:20:23,"{""info"": ""Sample log data"", ""session_id"": 7207}"
2198,359,search,11.0,2021-11-23 16:40:48,"{""info"": ""Sample log data"", ""session_id"": 5699}"
2199,210,booking,5.0,2023-12-23 03:43:49,"{""info"": ""Sample log data"", ""session_id"": 1439}"
2200,527,search,7.0,2020-08-08 22:46:03,"{""info"": ""Sample log data"", ""session_id"": 4921}"
2201,606,booking,,2022-01-11 11:02:01,"{""info"": ""Sample log data"", ""session_id"": 6286}"
2202,956,review_submission,,2022-10-10 07:15:00,"{""info"": ""Sample log data"", ""session_id"": 1336}"
2203,761,review_submission,4.0,2021-04-29 19:41:32,"{""info"": ""Sample log data"", ""session_id"": 9569}"
2204,168,search,11.0,2020-08-09 17:52:47,"{""info"": ""Sample log data"", ""session_id"": 3989}"
2205,403,booking,11.0,2020-10-21 02:26:30,"{""info"": ""Sample log data"", ""session_id"": 9370}"
2206,81,booking,,2024-03-20 08:29:07,"{""info"": ""Sample log data"", ""session_id"": 9277}"
2207,598,click,,2023-11-16 21:39:58,"{""info"": ""Sample log data"", ""session_id"": 1849}"
2208,500,search,6.0,2023-10-11 07:11:52,"{""info"": ""Sample log data"", ""session_id"": 1411}"
2209,637,booking,11.0,2023-06-03 12:45:38,"{""info"": ""Sample log data"", ""session_id"": 3132}"
2210,395,click,,2023-06-11 05:56:53,"{""info"": ""Sample log data"", ""session_id"": 3937}"
2211,955,booking,12.0,2021-02-07 21:38:41,"{""info"": ""Sample log data"", ""session_id"": 8002}"
2212,343,review_submission,3.0,2024-03-21 02:51:09,"{""info"": ""Sample log data"", ""session_id"": 9606}"
2213,54,booking,,2020-05-04 13:33:09,"{""info"": ""Sample log data"", ""session_id"": 8885}"
2214,526,click,,2024-03-16 18:25:56,"{""info"": ""Sample log data"", ""session_id"": 6387}"
2215,167,click,,2021-08-29 08:30:36,"{""info"": ""Sample log data"", ""session_id"": 7370}"
2216,580,search,,2023-01-29 12:50:46,"{""info"": ""Sample log data"", ""session_id"": 5540}"
2217,275,search,14.0,2024-04-24 00:19:04,"{""info"": ""Sample log data"", ""session_id"": 6936}"
2218,464,click,9.0,2023-05-27 01:02:46,"{""info"": ""Sample log data"", ""session_id"": 3405}"
2219,761,search,,2022-12-29 07:44:47,"{""info"": ""Sample log data"", ""session_id"": 2714}"
2220,324,booking,,2022-06-01 13:03:44,"{""info"": ""Sample log data"", ""session_id"": 8312}"
2221,873,review_submission,,2022-10-26 21:53:35,"{""info"": ""Sample log data"", ""session_id"": 4668}"
2222,198,click,,2024-11-18 18:23:00,"{""info"": ""Sample log data"", ""session_id"": 4730}"
2223,73,click,,2024-03-18 05:36:57,"{""info"": ""Sample log data"", ""session_id"": 6398}"
2224,919,review_submission,,2020-10-21 10:25:02,"{""info"": ""Sample log data"", ""session_id"": 8615}"
2225,389,booking,11.0,2021-03-18 17:24:56,"{""info"": ""Sample log data"", ""session_id"": 2844}"
2226,822,search,13.0,2020-05-14 15:24:51,"{""info"": ""Sample log data"", ""session_id"": 3810}"
2227,511,review_submission,,2024-06-09 04:31:01,"{""info"": ""Sample log data"", ""session_id"": 8603}"
2228,58,search,6.0,2021-01-24 02:18:30,"{""info"": ""Sample log data"", ""session_id"": 6334}"
2229,233,search,,2021-08-23 12:04:49,"{""info"": ""Sample log data"", ""session_id"": 2565}"
2230,629,search,6.0,2024-03-20 20:05:32,"{""info"": ""Sample log data"", ""session_id"": 7276}"
2231,613,click,,2024-11-23 03:48:02,"{""info"": ""Sample log data"", ""session_id"": 3748}"
2232,726,review_submission,,2021-08-04 22:34:24,"{""info"": ""Sample log data"", ""session_id"": 3932}"
2233,405,review_submission,6.0,2020-10-03 00:59:20,"{""info"": ""Sample log data"", ""session_id"": 2256}"
2234,765,booking,,2021-10-03 06:44:23,"{""info"": ""Sample log data"", ""session_id"": 9831}"
2235,504,click,14.0,2023-10-12 22:18:29,"{""info"": ""Sample log data"", ""session_id"": 6327}"
2236,457,click,12.0,2022-08-22 15:08:42,"{""info"": ""Sample log data"", ""session_id"": 5911}"
2237,258,booking,13.0,2025-01-18 14:36:43,"{""info"": ""Sample log data"", ""session_id"": 7153}"
2238,676,booking,,2021-06-30 05:23:56,"{""info"": ""Sample log data"", ""session_id"": 5304}"
2239,686,click,,2020-01-20 16:55:15,"{""info"": ""Sample log data"", ""session_id"": 3311}"
2240,786,review_submission,8.0,2023-01-07 03:53:50,"{""info"": ""Sample log data"", ""session_id"": 8380}"
2241,875,click,,2024-06-28 06:14:26,"{""info"": ""Sample log data"", ""session_id"": 6429}"
2242,6,review_submission,,2020-12-07 03:53:09,"{""info"": ""Sample log data"", ""session_id"": 9874}"
2243,160,booking,2.0,2020-04-04 19:34:41,"{""info"": ""Sample log data"", ""session_id"": 4137}"
2244,92,review_submission,8.0,2020-02-28 20:21:58,"{""info"": ""Sample log data"", ""session_id"": 8812}"
2245,364,search,,2023-03-05 18:09:33,"{""info"": ""Sample log data"", ""session_id"": 7787}"
2246,440,search,,2023-06-04 06:53:18,"{""info"": ""Sample log data"", ""session_id"": 8522}"
2247,703,review_submission,13.0,2020-10-13 14:15:22,"{""info"": ""Sample log data"", ""session_id"": 6454}"
2248,56,booking,,2020-01-05 13:36:38,"{""info"": ""Sample log data"", ""session_id"": 2329}"
2249,2,click,,2022-11-29 01:39:08,"{""info"": ""Sample log data"", ""session_id"": 8431}"
2250,388,booking,,2023-07-26 13:47:08,"{""info"": ""Sample log data"", ""session_id"": 7468}"
2251,372,review_submission,4.0,2024-12-31 16:41:28,"{""info"": ""Sample log data"", ""session_id"": 8808}"
2252,492,booking,2.0,2022-11-14 18:28:27,"{""info"": ""Sample log data"", ""session_id"": 1044}"
2253,444,booking,10.0,2021-04-16 21:48:05,"{""info"": ""Sample log data"", ""session_id"": 4953}"
2254,250,search,,2023-08-17 05:39:02,"{""info"": ""Sample log data"", ""session_id"": 4044}"
2255,121,booking,,2020-03-13 18:46:11,"{""info"": ""Sample log data"", ""session_id"": 7851}"
2256,858,search,,2022-11-04 23:47:06,"{""info"": ""Sample log data"", ""session_id"": 4609}"
2257,871,review_submission,4.0,2022-09-27 08:23:39,"{""info"": ""Sample log data"", ""session_id"": 4339}"
2258,795,booking,3.0,2024-03-04 16:17:31,"{""info"": ""Sample log data"", ""session_id"": 9653}"
2259,72,review_submission,3.0,2020-07-12 21:39:13,"{""info"": ""Sample log data"", ""session_id"": 7190}"
2260,115,booking,14.0,2024-01-28 05:02:37,"{""info"": ""Sample log data"", ""session_id"": 2827}"
2261,880,search,,2021-01-13 06:53:17,"{""info"": ""Sample log data"", ""session_id"": 7509}"
2262,619,search,,2023-11-29 01:14:15,"{""info"": ""Sample log data"", ""session_id"": 1945}"
2263,340,search,5.0,2021-01-06 15:52:41,"{""info"": ""Sample log data"", ""session_id"": 8538}"
2264,673,review_submission,,2021-09-21 20:46:37,"{""info"": ""Sample log data"", ""session_id"": 2702}"
2265,609,booking,,2020-04-10 06:55:56,"{""info"": ""Sample log data"", ""session_id"": 7344}"
2266,690,search,,2022-04-22 10:02:34,"{""info"": ""Sample log data"", ""session_id"": 7884}"
2267,848,search,14.0,2021-04-09 17:04:53,"{""info"": ""Sample log data"", ""session_id"": 9376}"
2268,225,search,,2024-08-08 00:01:58,"{""info"": ""Sample log data"", ""session_id"": 9471}"
2269,319,review_submission,8.0,2022-03-06 06:08:53,"{""info"": ""Sample log data"", ""session_id"": 4551}"
2270,467,booking,,2024-07-07 20:23:48,"{""info"": ""Sample log data"", ""session_id"": 7417}"
2271,551,review_submission,,2022-02-27 00:26:35,"{""info"": ""Sample log data"", ""session_id"": 9228}"
2272,192,click,1.0,2024-11-05 13:21:56,"{""info"": ""Sample log data"", ""session_id"": 8213}"
2273,67,booking,,2022-10-31 10:31:59,"{""info"": ""Sample log data"", ""session_id"": 6815}"
2274,17,search,13.0,2021-11-02 08:09:21,"{""info"": ""Sample log data"", ""session_id"": 7302}"
2275,464,click,12.0,2020-07-22 22:12:12,"{""info"": ""Sample log data"", ""session_id"": 6366}"
2276,392,review_submission,13.0,2022-05-10 16:21:39,"{""info"": ""Sample log data"", ""session_id"": 1291}"
2277,549,click,9.0,2022-07-01 17:32:33,"{""info"": ""Sample log data"", ""session_id"": 7647}"
2278,316,search,11.0,2023-10-28 04:13:34,"{""info"": ""Sample log data"", ""session_id"": 2306}"
2279,431,booking,,2021-06-04 22:25:27,"{""info"": ""Sample log data"", ""session_id"": 4549}"
2280,677,search,,2022-01-02 15:15:19,"{""info"": ""Sample log data"", ""session_id"": 8687}"
2281,552,search,13.0,2021-01-02 02:48:17,"{""info"": ""Sample log data"", ""session_id"": 2027}"
2282,374,search,9.0,2022-01-19 17:17:42,"{""info"": ""Sample log data"", ""session_id"": 7245}"
2283,827,search,,2023-09-29 08:04:51,"{""info"": ""Sample log data"", ""session_id"": 1789}"
2284,312,review_submission,,2022-05-24 08:21:20,"{""info"": ""Sample log data"", ""session_id"": 5288}"
2285,62,booking,11.0,2022-10-17 22:53:46,"{""info"": ""Sample log data"", ""session_id"": 2609}"
2286,620,click,,2021-04-28 18:51:41,"{""info"": ""Sample log data"", ""session_id"": 9102}"
2287,574,search,14.0,2021-05-13 18:18:05,"{""info"": ""Sample log data"", ""session_id"": 8110}"
2288,809,search,,2020-06-04 06:48:09,"{""info"": ""Sample log data"", ""session_id"": 7926}"
2289,847,search,,2022-08-15 20:33:59,"{""info"": ""Sample log data"", ""session_id"": 2322}"
2290,440,review_submission,,2020-10-25 07:33:13,"{""info"": ""Sample log data"", ""session_id"": 2684}"
2291,489,review_submission,11.0,2022-05-14 16:00:02,"{""info"": ""Sample log data"", ""session_id"": 3673}"
2292,994,search,,2020-06-04 19:40:37,"{""info"": ""Sample log data"", ""session_id"": 1488}"
2293,351,booking,9.0,2022-05-20 08:02:55,"{""info"": ""Sample log data"", ""session_id"": 1190}"
2294,262,review_submission,,2024-02-13 05:46:47,"{""info"": ""Sample log data"", ""session_id"": 3894}"
2295,292,search,1.0,2020-07-01 10:28:07,"{""info"": ""Sample log data"", ""session_id"": 4232}"
2296,86,booking,,2020-10-13 23:09:30,"{""info"": ""Sample log data"", ""session_id"": 8328}"
2297,356,review_submission,3.0,2022-08-21 11:53:49,"{""info"": ""Sample log data"", ""session_id"": 5976}"
2298,649,review_submission,,2020-11-08 08:50:38,"{""info"": ""Sample log data"", ""session_id"": 5431}"
2299,604,booking,14.0,2021-07-16 19:30:04,"{""info"": ""Sample log data"", ""session_id"": 6945}"
2300,78,search,2.0,2021-02-27 10:11:10,"{""info"": ""Sample log data"", ""session_id"": 7611}"
2301,238,click,5.0,2021-03-26 06:14:47,"{""info"": ""Sample log data"", ""session_id"": 8259}"
2302,942,review_submission,,2020-06-19 11:02:11,"{""info"": ""Sample log data"", ""session_id"": 9708}"
2303,336,booking,14.0,2023-08-06 02:38:43,"{""info"": ""Sample log data"", ""session_id"": 9292}"
2304,177,click,,2023-02-25 19:42:16,"{""info"": ""Sample log data"", ""session_id"": 5324}"
2305,204,booking,5.0,2020-10-10 23:31:40,"{""info"": ""Sample log data"", ""session_id"": 4949}"
2306,536,search,2.0,2022-08-31 13:02:01,"{""info"": ""Sample log data"", ""session_id"": 6552}"
2307,489,review_submission,,2020-11-05 14:43:32,"{""info"": ""Sample log data"", ""session_id"": 7072}"
2308,891,search,,2023-02-18 14:46:42,"{""info"": ""Sample log data"", ""session_id"": 5070}"
2309,161,click,,2020-02-13 06:18:04,"{""info"": ""Sample log data"", ""session_id"": 9261}"
2310,777,click,,2022-01-22 12:43:53,"{""info"": ""Sample log data"", ""session_id"": 2923}"
2311,474,booking,,2021-04-09 22:58:16,"{""info"": ""Sample log data"", ""session_id"": 4610}"
2312,151,booking,,2021-03-25 16:58:48,"{""info"": ""Sample log data"", ""session_id"": 2572}"
2313,757,click,,2024-02-08 05:47:11,"{""info"": ""Sample log data"", ""session_id"": 8085}"
2314,334,review_submission,3.0,2024-03-04 23:03:26,"{""info"": ""Sample log data"", ""session_id"": 4232}"
2315,908,click,6.0,2020-02-08 06:19:45,"{""info"": ""Sample log data"", ""session_id"": 7886}"
2316,727,booking,,2022-10-10 01:34:19,"{""info"": ""Sample log data"", ""session_id"": 9572}"
2317,46,booking,13.0,2022-06-28 02:17:01,"{""info"": ""Sample log data"", ""session_id"": 1682}"
2318,488,click,,2021-08-04 13:17:48,"{""info"": ""Sample log data"", ""session_id"": 6985}"
2319,753,booking,,2021-07-12 07:23:05,"{""info"": ""Sample log data"", ""session_id"": 4101}"
2320,889,review_submission,,2021-05-03 11:40:29,"{""info"": ""Sample log data"", ""session_id"": 6917}"
2321,890,review_submission,12.0,2023-03-28 06:19:39,"{""info"": ""Sample log data"", ""session_id"": 1318}"
2322,537,search,,2024-07-31 00:52:39,"{""info"": ""Sample log data"", ""session_id"": 3178}"
2323,847,click,7.0,2021-09-22 06:23:31,"{""info"": ""Sample log data"", ""session_id"": 2354}"
2324,996,review_submission,,2020-03-03 09:47:32,"{""info"": ""Sample log data"", ""session_id"": 2040}"
2325,87,booking,4.0,2023-10-27 17:32:04,"{""info"": ""Sample log data"", ""session_id"": 1400}"
2326,795,click,,2020-10-23 13:31:19,"{""info"": ""Sample log data"", ""session_id"": 5679}"
2327,960,review_submission,,2023-03-25 18:41:07,"{""info"": ""Sample log data"", ""session_id"": 9926}"
2328,522,review_submission,,2020-10-05 20:12:55,"{""info"": ""Sample log data"", ""session_id"": 4872}"
2329,451,review_submission,1.0,2022-10-30 21:13:20,"{""info"": ""Sample log data"", ""session_id"": 5066}"
2330,519,click,9.0,2021-06-30 07:19:21,"{""info"": ""Sample log data"", ""session_id"": 3458}"
2331,671,click,,2022-10-22 13:39:57,"{""info"": ""Sample log data"", ""session_id"": 8420}"
2332,705,booking,14.0,2024-02-21 04:31:36,"{""info"": ""Sample log data"", ""session_id"": 7372}"
2333,277,booking,6.0,2021-05-07 13:01:55,"{""info"": ""Sample log data"", ""session_id"": 6368}"
2334,950,review_submission,3.0,2021-04-20 22:48:37,"{""info"": ""Sample log data"", ""session_id"": 1197}"
2335,555,click,,2023-06-21 03:17:43,"{""info"": ""Sample log data"", ""session_id"": 5200}"
2336,693,booking,13.0,2025-01-01 02:53:32,"{""info"": ""Sample log data"", ""session_id"": 7334}"
2337,125,click,9.0,2023-10-22 13:05:27,"{""info"": ""Sample log data"", ""session_id"": 2231}"
2338,573,review_submission,,2024-11-06 20:44:19,"{""info"": ""Sample log data"", ""session_id"": 4316}"
2339,620,booking,6.0,2020-04-24 18:20:10,"{""info"": ""Sample log data"", ""session_id"": 7296}"
2340,674,click,9.0,2021-03-13 17:29:05,"{""info"": ""Sample log data"", ""session_id"": 2156}"
2341,391,click,,2020-02-15 16:49:55,"{""info"": ""Sample log data"", ""session_id"": 6015}"
2342,711,click,,2024-03-19 01:05:11,"{""info"": ""Sample log data"", ""session_id"": 2733}"
2343,769,search,,2021-08-15 07:57:33,"{""info"": ""Sample log data"", ""session_id"": 1204}"
2344,369,review_submission,,2023-07-13 21:09:13,"{""info"": ""Sample log data"", ""session_id"": 3886}"
2345,324,search,,2022-07-21 07:46:26,"{""info"": ""Sample log data"", ""session_id"": 2201}"
2346,144,click,6.0,2024-08-26 19:57:16,"{""info"": ""Sample log data"", ""session_id"": 9662}"
2347,560,search,,2020-04-06 11:25:13,"{""info"": ""Sample log data"", ""session_id"": 9606}"
2348,71,search,,2020-11-05 00:26:31,"{""info"": ""Sample log data"", ""session_id"": 5625}"
2349,611,click,,2020-03-20 17:52:43,"{""info"": ""Sample log data"", ""session_id"": 5005}"
2350,799,review_submission,9.0,2024-04-26 00:54:28,"{""info"": ""Sample log data"", ""session_id"": 6467}"
2351,572,booking,,2021-10-12 15:30:01,"{""info"": ""Sample log data"", ""session_id"": 8994}"
2352,138,search,14.0,2021-06-23 22:25:14,"{""info"": ""Sample log data"", ""session_id"": 8070}"
2353,880,review_submission,,2021-10-21 22:43:37,"{""info"": ""Sample log data"", ""session_id"": 4664}"
2354,795,search,12.0,2024-04-15 19:30:47,"{""info"": ""Sample log data"", ""session_id"": 1898}"
2355,821,booking,,2022-01-17 19:12:27,"{""info"": ""Sample log data"", ""session_id"": 1764}"
2356,790,review_submission,,2022-10-20 13:34:51,"{""info"": ""Sample log data"", ""session_id"": 7157}"
2357,525,booking,3.0,2024-09-21 07:57:24,"{""info"": ""Sample log data"", ""session_id"": 2991}"
2358,570,search,,2022-05-17 16:08:33,"{""info"": ""Sample log data"", ""session_id"": 8580}"
2359,171,search,12.0,2020-11-21 14:13:26,"{""info"": ""Sample log data"", ""session_id"": 3015}"
2360,164,review_submission,,2022-08-18 13:20:47,"{""info"": ""Sample log data"", ""session_id"": 7351}"
2361,8,click,1.0,2021-10-22 06:00:06,"{""info"": ""Sample log data"", ""session_id"": 2751}"
2362,137,search,8.0,2023-10-23 04:09:33,"{""info"": ""Sample log data"", ""session_id"": 1277}"
2363,316,click,12.0,2021-03-12 16:37:49,"{""info"": ""Sample log data"", ""session_id"": 9092}"
2364,877,booking,9.0,2020-09-03 13:09:10,"{""info"": ""Sample log data"", ""session_id"": 9733}"
2365,326,click,,2021-11-10 07:21:37,"{""info"": ""Sample log data"", ""session_id"": 1398}"
2366,878,booking,,2022-12-04 23:41:49,"{""info"": ""Sample log data"", ""session_id"": 3134}"
2367,887,review_submission,,2020-10-04 20:26:45,"{""info"": ""Sample log data"", ""session_id"": 2686}"
2368,10,booking,4.0,2020-05-12 02:41:07,"{""info"": ""Sample log data"", ""session_id"": 1304}"
2369,997,search,8.0,2022-10-03 04:18:34,"{""info"": ""Sample log data"", ""session_id"": 2055}"
2370,231,review_submission,14.0,2021-04-29 23:44:20,"{""info"": ""Sample log data"", ""session_id"": 4194}"
2371,557,search,2.0,2023-10-26 07:39:36,"{""info"": ""Sample log data"", ""session_id"": 1524}"
2372,181,search,14.0,2025-01-28 01:12:42,"{""info"": ""Sample log data"", ""session_id"": 6107}"
2373,6,search,,2023-04-20 23:50:15,"{""info"": ""Sample log data"", ""session_id"": 7349}"
2374,85,click,,2020-04-21 09:31:21,"{""info"": ""Sample log data"", ""session_id"": 8625}"
2375,508,click,8.0,2020-04-22 20:43:00,"{""info"": ""Sample log data"", ""session_id"": 5625}"
2376,374,search,12.0,2023-09-10 02:17:57,"{""info"": ""Sample log data"", ""session_id"": 4353}"
2377,707,booking,4.0,2021-10-04 12:49:01,"{""info"": ""Sample log data"", ""session_id"": 6937}"
2378,28,search,7.0,2023-08-01 15:54:47,"{""info"": ""Sample log data"", ""session_id"": 3163}"
2379,334,search,,2024-11-25 03:58:37,"{""info"": ""Sample log data"", ""session_id"": 5458}"
2380,387,search,8.0,2020-04-20 06:44:16,"{""info"": ""Sample log data"", ""session_id"": 6950}"
2381,682,search,,2020-11-08 05:26:06,"{""info"": ""Sample log data"", ""session_id"": 4390}"
2382,227,click,,2023-10-08 18:10:28,"{""info"": ""Sample log data"", ""session_id"": 4326}"
2383,57,click,5.0,2024-01-24 08:16:54,"{""info"": ""Sample log data"", ""session_id"": 6069}"
2384,96,click,,2023-07-12 23:11:13,"{""info"": ""Sample log data"", ""session_id"": 6528}"
2385,245,click,10.0,2021-11-21 15:37:19,"{""info"": ""Sample log data"", ""session_id"": 7289}"
2386,231,booking,,2021-09-15 06:45:48,"{""info"": ""Sample log data"", ""session_id"": 4625}"
2387,620,search,,2024-04-16 00:35:02,"{""info"": ""Sample log data"", ""session_id"": 1318}"
2388,720,search,,2020-11-12 19:33:31,"{""info"": ""Sample log data"", ""session_id"": 7420}"
2389,146,review_submission,,2020-05-16 01:55:39,"{""info"": ""Sample log data"", ""session_id"": 2515}"
2390,731,booking,7.0,2021-01-11 19:04:19,"{""info"": ""Sample log data"", ""session_id"": 5390}"
2391,401,booking,1.0,2021-11-30 12:19:24,"{""info"": ""Sample log data"", ""session_id"": 5188}"
2392,787,booking,,2024-05-06 05:19:15,"{""info"": ""Sample log data"", ""session_id"": 5758}"
2393,398,booking,11.0,2020-07-01 05:35:09,"{""info"": ""Sample log data"", ""session_id"": 2600}"
2394,515,search,13.0,2021-03-12 08:18:37,"{""info"": ""Sample log data"", ""session_id"": 4499}"
2395,174,search,,2022-12-17 09:01:10,"{""info"": ""Sample log data"", ""session_id"": 2722}"
2396,615,search,7.0,2025-01-18 23:32:23,"{""info"": ""Sample log data"", ""session_id"": 2836}"
2397,873,review_submission,,2020-04-10 11:43:28,"{""info"": ""Sample log data"", ""session_id"": 8478}"
2398,993,booking,2.0,2023-04-26 07:46:37,"{""info"": ""Sample log data"", ""session_id"": 8560}"
2399,485,booking,13.0,2022-05-21 16:20:50,"{""info"": ""Sample log data"", ""session_id"": 7573}"
2400,97,review_submission,11.0,2021-03-27 15:21:34,"{""info"": ""Sample log data"", ""session_id"": 9441}"
2401,643,booking,,2022-12-10 06:58:39,"{""info"": ""Sample log data"", ""session_id"": 7962}"
2402,551,review_submission,13.0,2020-02-01 13:26:08,"{""info"": ""Sample log data"", ""session_id"": 3329}"
2403,910,search,,2020-09-06 14:02:43,"{""info"": ""Sample log data"", ""session_id"": 1489}"
2404,849,click,,2021-12-07 18:19:12,"{""info"": ""Sample log data"", ""session_id"": 5658}"
2405,500,review_submission,,2020-10-01 14:38:16,"{""info"": ""Sample log data"", ""session_id"": 5137}"
2406,299,click,,2020-12-23 06:50:36,"{""info"": ""Sample log data"", ""session_id"": 8173}"
2407,961,booking,6.0,2020-07-19 03:59:18,"{""info"": ""Sample log data"", ""session_id"": 5859}"
2408,373,booking,6.0,2024-10-05 15:36:50,"{""info"": ""Sample log data"", ""session_id"": 1834}"
2409,51,click,11.0,2023-08-18 04:19:02,"{""info"": ""Sample log data"", ""session_id"": 6735}"
2410,313,review_submission,,2023-08-12 13:48:54,"{""info"": ""Sample log data"", ""session_id"": 5166}"
2411,139,review_submission,12.0,2025-01-17 22:47:47,"{""info"": ""Sample log data"", ""session_id"": 5164}"
2412,209,review_submission,11.0,2020-04-28 03:03:32,"{""info"": ""Sample log data"", ""session_id"": 1406}"
2413,580,click,,2020-06-25 02:51:11,"{""info"": ""Sample log data"", ""session_id"": 9544}"
2414,120,booking,,2022-07-12 03:26:05,"{""info"": ""Sample log data"", ""session_id"": 8240}"
2415,43,click,14.0,2023-07-23 17:52:34,"{""info"": ""Sample log data"", ""session_id"": 1098}"
2416,451,booking,,2020-07-03 01:53:36,"{""info"": ""Sample log data"", ""session_id"": 8010}"
2417,14,click,,2021-06-11 13:11:02,"{""info"": ""Sample log data"", ""session_id"": 6498}"
2418,331,click,11.0,2021-08-07 17:46:20,"{""info"": ""Sample log data"", ""session_id"": 5171}"
2419,761,search,,2021-08-02 08:35:51,"{""info"": ""Sample log data"", ""session_id"": 4059}"
2420,560,search,,2022-07-18 11:37:50,"{""info"": ""Sample log data"", ""session_id"": 2134}"
2421,504,booking,5.0,2020-10-25 22:16:59,"{""info"": ""Sample log data"", ""session_id"": 7363}"
2422,254,review_submission,10.0,2022-12-26 12:06:31,"{""info"": ""Sample log data"", ""session_id"": 5393}"
2423,568,click,9.0,2023-10-16 11:11:26,"{""info"": ""Sample log data"", ""session_id"": 4079}"
2424,629,click,,2020-11-17 00:18:28,"{""info"": ""Sample log data"", ""session_id"": 1430}"
2425,780,click,,2023-01-04 16:24:21,"{""info"": ""Sample log data"", ""session_id"": 8111}"
2426,976,search,3.0,2023-04-04 05:13:13,"{""info"": ""Sample log data"", ""session_id"": 5667}"
2427,396,booking,,2024-01-29 18:49:00,"{""info"": ""Sample log data"", ""session_id"": 7160}"
2428,266,review_submission,,2023-04-03 02:53:32,"{""info"": ""Sample log data"", ""session_id"": 3778}"
2429,339,search,,2023-01-01 16:57:29,"{""info"": ""Sample log data"", ""session_id"": 1949}"
2430,763,search,,2022-02-08 22:18:05,"{""info"": ""Sample log data"", ""session_id"": 3543}"
2431,365,review_submission,1.0,2024-05-17 22:26:57,"{""info"": ""Sample log data"", ""session_id"": 8076}"
2432,123,search,,2022-11-06 15:26:38,"{""info"": ""Sample log data"", ""session_id"": 2754}"
2433,257,click,9.0,2022-09-28 10:58:53,"{""info"": ""Sample log data"", ""session_id"": 6465}"
2434,145,search,4.0,2024-08-09 09:29:45,"{""info"": ""Sample log data"", ""session_id"": 7707}"
2435,346,search,9.0,2024-10-14 13:16:14,"{""info"": ""Sample log data"", ""session_id"": 9668}"
2436,37,booking,3.0,2020-05-12 16:22:49,"{""info"": ""Sample log data"", ""session_id"": 6551}"
2437,200,search,,2021-11-12 09:13:16,"{""info"": ""Sample log data"", ""session_id"": 1245}"
2438,752,click,13.0,2021-12-06 06:07:29,"{""info"": ""Sample log data"", ""session_id"": 9639}"
2439,297,search,,2024-01-15 00:23:57,"{""info"": ""Sample log data"", ""session_id"": 8600}"
2440,811,review_submission,10.0,2020-07-21 11:12:24,"{""info"": ""Sample log data"", ""session_id"": 3015}"
2441,753,search,6.0,2024-03-01 03:45:22,"{""info"": ""Sample log data"", ""session_id"": 2663}"
2442,593,review_submission,,2024-02-15 22:54:16,"{""info"": ""Sample log data"", ""session_id"": 5804}"
2443,995,booking,,2020-03-17 02:46:18,"{""info"": ""Sample log data"", ""session_id"": 8151}"
2444,606,search,5.0,2024-05-03 00:01:54,"{""info"": ""Sample log data"", ""session_id"": 8448}"
2445,818,review_submission,8.0,2024-09-11 22:48:32,"{""info"": ""Sample log data"", ""session_id"": 6000}"
2446,252,search,,2023-03-03 19:25:46,"{""info"": ""Sample log data"", ""session_id"": 7769}"
2447,508,review_submission,,2023-12-05 21:25:15,"{""info"": ""Sample log data"", ""session_id"": 3678}"
2448,577,review_submission,,2021-12-04 23:04:38,"{""info"": ""Sample log data"", ""session_id"": 3688}"
2449,734,review_submission,4.0,2022-04-01 16:23:44,"{""info"": ""Sample log data"", ""session_id"": 4741}"
2450,501,search,4.0,2024-11-08 22:59:24,"{""info"": ""Sample log data"", ""session_id"": 1660}"
2451,335,review_submission,,2020-12-05 07:14:46,"{""info"": ""Sample log data"", ""session_id"": 5350}"
2452,65,click,5.0,2020-03-06 10:08:20,"{""info"": ""Sample log data"", ""session_id"": 8345}"
2453,407,click,,2023-04-10 01:36:05,"{""info"": ""Sample log data"", ""session_id"": 9967}"
2454,88,review_submission,,2020-09-26 12:26:32,"{""info"": ""Sample log data"", ""session_id"": 2692}"
2455,483,search,,2021-08-01 03:32:34,"{""info"": ""Sample log data"", ""session_id"": 4895}"
2456,439,click,,2021-10-30 01:06:59,"{""info"": ""Sample log data"", ""session_id"": 8577}"
2457,256,search,2.0,2020-08-21 18:41:25,"{""info"": ""Sample log data"", ""session_id"": 9610}"
2458,270,click,5.0,2021-08-08 11:16:12,"{""info"": ""Sample log data"", ""session_id"": 6643}"
2459,881,review_submission,12.0,2023-09-21 01:52:17,"{""info"": ""Sample log data"", ""session_id"": 3341}"
2460,424,search,2.0,2022-06-10 12:33:26,"{""info"": ""Sample log data"", ""session_id"": 8557}"
2461,391,click,,2021-09-28 19:52:24,"{""info"": ""Sample log data"", ""session_id"": 5183}"
2462,473,review_submission,13.0,2022-12-04 04:17:54,"{""info"": ""Sample log data"", ""session_id"": 6112}"
2463,124,booking,,2022-12-20 06:32:08,"{""info"": ""Sample log data"", ""session_id"": 7841}"
2464,892,booking,8.0,2020-07-18 11:55:22,"{""info"": ""Sample log data"", ""session_id"": 2600}"
2465,798,review_submission,,2025-01-14 16:31:57,"{""info"": ""Sample log data"", ""session_id"": 3885}"
2466,415,review_submission,,2020-02-28 12:21:07,"{""info"": ""Sample log data"", ""session_id"": 1226}"
2467,559,booking,4.0,2020-05-20 21:20:52,"{""info"": ""Sample log data"", ""session_id"": 3041}"
2468,306,booking,8.0,2023-06-11 01:13:44,"{""info"": ""Sample log data"", ""session_id"": 7119}"
2469,924,review_submission,1.0,2022-04-02 02:10:59,"{""info"": ""Sample log data"", ""session_id"": 2122}"
2470,521,search,13.0,2022-05-23 23:22:24,"{""info"": ""Sample log data"", ""session_id"": 5658}"
2471,971,review_submission,13.0,2024-09-22 15:28:08,"{""info"": ""Sample log data"", ""session_id"": 9632}"
2472,801,click,7.0,2023-12-22 19:32:58,"{""info"": ""Sample log data"", ""session_id"": 4362}"
2473,269,review_submission,,2021-11-06 20:12:53,"{""info"": ""Sample log data"", ""session_id"": 8109}"
2474,855,click,,2024-10-18 04:58:42,"{""info"": ""Sample log data"", ""session_id"": 4197}"
2475,707,search,9.0,2021-08-13 06:19:27,"{""info"": ""Sample log data"", ""session_id"": 8396}"
2476,933,click,13.0,2025-01-05 10:14:55,"{""info"": ""Sample log data"", ""session_id"": 4300}"
2477,533,search,,2020-01-21 23:42:23,"{""info"": ""Sample log data"", ""session_id"": 4755}"
2478,4,click,5.0,2020-09-08 08:54:37,"{""info"": ""Sample log data"", ""session_id"": 7583}"
2479,294,review_submission,,2024-12-08 22:59:03,"{""info"": ""Sample log data"", ""session_id"": 4029}"
2480,743,review_submission,,2024-09-20 06:32:16,"{""info"": ""Sample log data"", ""session_id"": 2568}"
2481,209,click,,2021-02-12 12:50:45,"{""info"": ""Sample log data"", ""session_id"": 3643}"
2482,651,review_submission,13.0,2024-09-30 11:18:45,"{""info"": ""Sample log data"", ""session_id"": 2231}"
2483,373,booking,4.0,2023-02-08 03:37:41,"{""info"": ""Sample log data"", ""session_id"": 9255}"
2484,548,click,1.0,2020-10-01 13:32:34,"{""info"": ""Sample log data"", ""session_id"": 4278}"
2485,408,review_submission,,2020-06-08 13:09:47,"{""info"": ""Sample log data"", ""session_id"": 4907}"
2486,251,booking,,2024-06-07 00:19:44,"{""info"": ""Sample log data"", ""session_id"": 8455}"
2487,414,search,,2022-08-20 10:12:26,"{""info"": ""Sample log data"", ""session_id"": 1235}"
2488,484,click,,2024-07-06 23:53:14,"{""info"": ""Sample log data"", ""session_id"": 9336}"
2489,73,search,6.0,2022-02-10 01:43:58,"{""info"": ""Sample log data"", ""session_id"": 2443}"
2490,428,review_submission,9.0,2021-06-23 11:05:26,"{""info"": ""Sample log data"", ""session_id"": 9701}"
2491,523,click,8.0,2024-08-04 20:48:28,"{""info"": ""Sample log data"", ""session_id"": 6389}"
2492,928,click,13.0,2024-09-23 22:06:29,"{""info"": ""Sample log data"", ""session_id"": 3543}"
2493,989,click,,2024-05-24 22:18:07,"{""info"": ""Sample log data"", ""session_id"": 2579}"
2494,281,review_submission,,2022-02-15 11:57:02,"{""info"": ""Sample log data"", ""session_id"": 6188}"
2495,251,review_submission,10.0,2022-01-24 21:18:20,"{""info"": ""Sample log data"", ""session_id"": 3856}"
2496,44,review_submission,,2024-05-08 17:35:08,"{""info"": ""Sample log data"", ""session_id"": 7788}"
2497,102,search,,2021-05-09 21:35:48,"{""info"": ""Sample log data"", ""session_id"": 4787}"
2498,54,review_submission,8.0,2020-07-19 10:48:00,"{""info"": ""Sample log data"", ""session_id"": 5578}"
2499,395,review_submission,1.0,2022-05-10 10:55:36,"{""info"": ""Sample log data"", ""session_id"": 2269}"
2500,870,click,9.0,2022-03-04 06:16:58,"{""info"": ""Sample log data"", ""session_id"": 5830}"
2501,449,search,14.0,2020-04-25 09:58:51,"{""info"": ""Sample log data"", ""session_id"": 4302}"
2502,776,review_submission,,2024-08-31 03:02:49,"{""info"": ""Sample log data"", ""session_id"": 8314}"
2503,315,booking,7.0,2021-10-27 01:58:43,"{""info"": ""Sample log data"", ""session_id"": 8351}"
2504,558,review_submission,12.0,2024-01-30 05:05:33,"{""info"": ""Sample log data"", ""session_id"": 4626}"
2505,823,click,,2023-11-27 15:49:58,"{""info"": ""Sample log data"", ""session_id"": 7672}"
2506,26,review_submission,13.0,2022-10-27 22:39:11,"{""info"": ""Sample log data"", ""session_id"": 2085}"
2507,723,click,7.0,2023-08-18 12:50:57,"{""info"": ""Sample log data"", ""session_id"": 6893}"
2508,792,review_submission,5.0,2023-07-06 18:54:53,"{""info"": ""Sample log data"", ""session_id"": 9991}"
2509,258,click,,2022-01-27 02:20:57,"{""info"": ""Sample log data"", ""session_id"": 5040}"
2510,488,booking,7.0,2024-04-24 19:40:40,"{""info"": ""Sample log data"", ""session_id"": 5462}"
2511,363,click,,2023-11-08 01:40:42,"{""info"": ""Sample log data"", ""session_id"": 8891}"
2512,732,review_submission,,2024-10-14 17:46:12,"{""info"": ""Sample log data"", ""session_id"": 3262}"
2513,705,booking,6.0,2023-07-10 05:57:59,"{""info"": ""Sample log data"", ""session_id"": 2207}"
2514,549,click,,2022-08-27 12:28:57,"{""info"": ""Sample log data"", ""session_id"": 9869}"
2515,898,click,,2020-04-26 14:33:28,"{""info"": ""Sample log data"", ""session_id"": 5621}"
2516,134,booking,,2020-01-14 12:06:27,"{""info"": ""Sample log data"", ""session_id"": 3988}"
2517,360,review_submission,8.0,2021-04-27 19:53:30,"{""info"": ""Sample log data"", ""session_id"": 2974}"
2518,491,click,,2024-12-30 23:09:20,"{""info"": ""Sample log data"", ""session_id"": 9954}"
2519,935,search,7.0,2020-01-11 11:06:58,"{""info"": ""Sample log data"", ""session_id"": 4836}"
2520,449,review_submission,4.0,2025-01-04 06:28:46,"{""info"": ""Sample log data"", ""session_id"": 5780}"
2521,3,click,14.0,2022-08-02 13:23:27,"{""info"": ""Sample log data"", ""session_id"": 4504}"
2522,503,booking,2.0,2023-09-19 20:18:32,"{""info"": ""Sample log data"", ""session_id"": 9993}"
2523,961,search,,2022-09-17 13:15:06,"{""info"": ""Sample log data"", ""session_id"": 6226}"
2524,880,search,,2020-11-11 21:18:35,"{""info"": ""Sample log data"", ""session_id"": 8577}"
2525,940,search,,2024-04-10 00:31:02,"{""info"": ""Sample log data"", ""session_id"": 4391}"
2526,640,click,11.0,2021-12-30 20:13:53,"{""info"": ""Sample log data"", ""session_id"": 3095}"
2527,638,booking,1.0,2024-01-03 04:28:02,"{""info"": ""Sample log data"", ""session_id"": 7015}"
2528,603,booking,,2020-05-12 23:52:08,"{""info"": ""Sample log data"", ""session_id"": 2080}"
2529,909,review_submission,,2023-02-06 06:42:48,"{""info"": ""Sample log data"", ""session_id"": 6978}"
2530,328,review_submission,,2021-10-21 05:54:27,"{""info"": ""Sample log data"", ""session_id"": 3432}"
2531,569,search,,2020-01-10 21:25:34,"{""info"": ""Sample log data"", ""session_id"": 6584}"
2532,404,search,,2022-09-04 06:13:37,"{""info"": ""Sample log data"", ""session_id"": 8845}"
2533,216,booking,2.0,2024-11-12 21:37:44,"{""info"": ""Sample log data"", ""session_id"": 7631}"
2534,7,search,,2023-03-25 03:40:14,"{""info"": ""Sample log data"", ""session_id"": 2907}"
2535,418,search,,2021-08-24 17:43:42,"{""info"": ""Sample log data"", ""session_id"": 2299}"
2536,452,review_submission,7.0,2021-05-26 03:47:09,"{""info"": ""Sample log data"", ""session_id"": 5805}"
2537,299,booking,,2025-01-06 15:58:58,"{""info"": ""Sample log data"", ""session_id"": 2497}"
2538,523,search,5.0,2021-12-16 00:43:07,"{""info"": ""Sample log data"", ""session_id"": 7341}"
2539,888,review_submission,,2022-10-29 17:31:28,"{""info"": ""Sample log data"", ""session_id"": 6930}"
2540,270,review_submission,13.0,2023-04-09 14:48:35,"{""info"": ""Sample log data"", ""session_id"": 4121}"
2541,275,click,7.0,2023-03-04 00:09:23,"{""info"": ""Sample log data"", ""session_id"": 4184}"
2542,242,click,,2025-01-03 09:39:46,"{""info"": ""Sample log data"", ""session_id"": 8130}"
2543,603,review_submission,7.0,2024-08-25 15:30:40,"{""info"": ""Sample log data"", ""session_id"": 2889}"
2544,527,review_submission,,2024-05-26 21:42:42,"{""info"": ""Sample log data"", ""session_id"": 1593}"
2545,296,search,5.0,2021-08-22 12:22:05,"{""info"": ""Sample log data"", ""session_id"": 7865}"
2546,229,booking,,2022-03-19 02:32:23,"{""info"": ""Sample log data"", ""session_id"": 6466}"
2547,108,click,,2021-01-10 17:55:22,"{""info"": ""Sample log data"", ""session_id"": 4950}"
2548,888,review_submission,10.0,2021-05-26 18:05:25,"{""info"": ""Sample log data"", ""session_id"": 3591}"
2549,671,click,,2022-07-03 09:03:48,"{""info"": ""Sample log data"", ""session_id"": 4529}"
2550,967,search,11.0,2020-09-20 08:39:30,"{""info"": ""Sample log data"", ""session_id"": 4232}"
2551,282,booking,,2025-01-27 11:16:02,"{""info"": ""Sample log data"", ""session_id"": 1500}"
2552,942,search,8.0,2022-11-30 12:58:19,"{""info"": ""Sample log data"", ""session_id"": 7571}"
2553,397,review_submission,3.0,2020-06-27 08:08:28,"{""info"": ""Sample log data"", ""session_id"": 7251}"
2554,657,click,,2023-10-19 23:44:48,"{""info"": ""Sample log data"", ""session_id"": 9632}"
2555,999,click,8.0,2023-02-24 10:48:19,"{""info"": ""Sample log data"", ""session_id"": 2788}"
2556,989,search,5.0,2022-01-03 16:07:14,"{""info"": ""Sample log data"", ""session_id"": 7536}"
2557,498,review_submission,,2024-02-20 20:20:34,"{""info"": ""Sample log data"", ""session_id"": 6919}"
2558,824,click,12.0,2021-02-15 23:23:11,"{""info"": ""Sample log data"", ""session_id"": 5445}"
2559,892,review_submission,8.0,2023-12-24 18:14:17,"{""info"": ""Sample log data"", ""session_id"": 2303}"
2560,604,review_submission,,2022-10-17 09:57:12,"{""info"": ""Sample log data"", ""session_id"": 8398}"
2561,597,search,13.0,2020-04-03 13:00:13,"{""info"": ""Sample log data"", ""session_id"": 6009}"
2562,343,booking,11.0,2021-05-22 03:49:55,"{""info"": ""Sample log data"", ""session_id"": 9816}"
2563,722,booking,5.0,2024-10-05 07:02:09,"{""info"": ""Sample log data"", ""session_id"": 9656}"
2564,142,review_submission,,2023-06-08 04:43:57,"{""info"": ""Sample log data"", ""session_id"": 5568}"
2565,979,search,,2023-04-17 00:00:10,"{""info"": ""Sample log data"", ""session_id"": 8977}"
2566,277,review_submission,,2020-01-26 08:09:01,"{""info"": ""Sample log data"", ""session_id"": 9509}"
2567,785,review_submission,,2021-12-21 15:05:01,"{""info"": ""Sample log data"", ""session_id"": 2289}"
2568,978,booking,2.0,2022-10-02 05:47:37,"{""info"": ""Sample log data"", ""session_id"": 1625}"
2569,764,booking,10.0,2022-05-24 10:33:56,"{""info"": ""Sample log data"", ""session_id"": 5768}"
2570,267,review_submission,5.0,2023-11-24 02:03:06,"{""info"": ""Sample log data"", ""session_id"": 1873}"
2571,464,click,,2022-04-27 05:33:58,"{""info"": ""Sample log data"", ""session_id"": 6629}"
2572,744,click,,2020-07-17 01:04:49,"{""info"": ""Sample log data"", ""session_id"": 1997}"
2573,617,booking,,2021-05-21 18:19:23,"{""info"": ""Sample log data"", ""session_id"": 8786}"
2574,284,search,,2020-10-07 18:16:09,"{""info"": ""Sample log data"", ""session_id"": 5025}"
2575,626,search,,2020-01-23 15:39:57,"{""info"": ""Sample log data"", ""session_id"": 4919}"
2576,460,click,9.0,2021-12-10 13:49:23,"{""info"": ""Sample log data"", ""session_id"": 6146}"
2577,424,search,11.0,2024-10-05 07:52:25,"{""info"": ""Sample log data"", ""session_id"": 7096}"
2578,548,review_submission,,2020-01-02 07:38:55,"{""info"": ""Sample log data"", ""session_id"": 8695}"
2579,367,search,2.0,2024-11-23 16:44:42,"{""info"": ""Sample log data"", ""session_id"": 4530}"
2580,859,click,,2023-11-04 20:23:12,"{""info"": ""Sample log data"", ""session_id"": 8833}"
2581,709,booking,,2022-01-30 15:41:24,"{""info"": ""Sample log data"", ""session_id"": 2507}"
2582,782,review_submission,,2020-07-27 07:30:39,"{""info"": ""Sample log data"", ""session_id"": 9499}"
2583,413,click,,2023-09-27 22:01:24,"{""info"": ""Sample log data"", ""session_id"": 9642}"
2584,422,search,7.0,2021-12-04 14:17:36,"{""info"": ""Sample log data"", ""session_id"": 7427}"
2585,213,search,4.0,2021-09-06 19:13:49,"{""info"": ""Sample log data"", ""session_id"": 3333}"
2586,763,review_submission,,2024-05-21 06:21:30,"{""info"": ""Sample log data"", ""session_id"": 7903}"
2587,311,search,,2023-06-04 05:07:19,"{""info"": ""Sample log data"", ""session_id"": 7496}"
2588,376,booking,,2023-11-06 21:28:06,"{""info"": ""Sample log data"", ""session_id"": 1496}"
2589,797,booking,,2022-07-11 13:40:58,"{""info"": ""Sample log data"", ""session_id"": 5407}"
2590,987,click,,2024-10-15 15:12:02,"{""info"": ""Sample log data"", ""session_id"": 6512}"
2591,295,search,3.0,2023-12-15 22:41:25,"{""info"": ""Sample log data"", ""session_id"": 7230}"
2592,175,search,9.0,2020-08-24 22:07:02,"{""info"": ""Sample log data"", ""session_id"": 3893}"
2593,885,click,5.0,2024-07-12 20:10:15,"{""info"": ""Sample log data"", ""session_id"": 1149}"
2594,940,search,13.0,2020-02-28 08:17:18,"{""info"": ""Sample log data"", ""session_id"": 6822}"
2595,253,review_submission,6.0,2022-06-16 09:07:31,"{""info"": ""Sample log data"", ""session_id"": 6814}"
2596,409,review_submission,,2020-05-02 12:01:06,"{""info"": ""Sample log data"", ""session_id"": 1628}"
2597,950,search,10.0,2021-11-09 18:55:49,"{""info"": ""Sample log data"", ""session_id"": 4082}"
2598,92,booking,,2020-02-15 07:13:40,"{""info"": ""Sample log data"", ""session_id"": 5462}"
2599,914,search,,2022-10-13 02:55:36,"{""info"": ""Sample log data"", ""session_id"": 9421}"
2600,707,booking,12.0,2023-12-06 21:51:36,"{""info"": ""Sample log data"", ""session_id"": 7932}"
2601,530,review_submission,14.0,2021-06-26 07:41:56,"{""info"": ""Sample log data"", ""session_id"": 8870}"
2602,460,click,13.0,2021-12-03 18:42:31,"{""info"": ""Sample log data"", ""session_id"": 4916}"
2603,849,booking,,2021-04-25 14:23:09,"{""info"": ""Sample log data"", ""session_id"": 1326}"
2604,96,booking,,2023-10-23 02:28:11,"{""info"": ""Sample log data"", ""session_id"": 7451}"
2605,987,review_submission,,2021-06-28 11:22:54,"{""info"": ""Sample log data"", ""session_id"": 6963}"
2606,55,review_submission,5.0,2020-02-13 03:41:56,"{""info"": ""Sample log data"", ""session_id"": 4502}"
2607,80,booking,,2022-02-02 10:29:44,"{""info"": ""Sample log data"", ""session_id"": 3958}"
2608,654,review_submission,6.0,2021-10-20 12:09:59,"{""info"": ""Sample log data"", ""session_id"": 5188}"
2609,650,review_submission,,2022-05-24 09:53:34,"{""info"": ""Sample log data"", ""session_id"": 8036}"
2610,766,search,3.0,2021-11-15 16:50:09,"{""info"": ""Sample log data"", ""session_id"": 9874}"
2611,288,review_submission,8.0,2023-09-15 08:11:07,"{""info"": ""Sample log data"", ""session_id"": 5264}"
2612,310,search,2.0,2024-05-03 22:26:32,"{""info"": ""Sample log data"", ""session_id"": 2876}"
2613,915,booking,11.0,2022-11-03 12:49:58,"{""info"": ""Sample log data"", ""session_id"": 4473}"
2614,348,booking,14.0,2022-12-01 04:51:47,"{""info"": ""Sample log data"", ""session_id"": 8041}"
2615,129,review_submission,13.0,2024-03-22 14:10:56,"{""info"": ""Sample log data"", ""session_id"": 9375}"
2616,87,click,,2023-11-13 10:56:20,"{""info"": ""Sample log data"", ""session_id"": 6457}"
2617,868,search,,2020-05-14 17:42:39,"{""info"": ""Sample log data"", ""session_id"": 8589}"
2618,689,booking,10.0,2024-04-11 17:42:19,"{""info"": ""Sample log data"", ""session_id"": 6198}"
2619,19,booking,12.0,2022-03-20 03:32:45,"{""info"": ""Sample log data"", ""session_id"": 1848}"
2620,777,booking,,2022-04-17 02:32:03,"{""info"": ""Sample log data"", ""session_id"": 7843}"
2621,730,booking,2.0,2020-07-03 17:23:33,"{""info"": ""Sample log data"", ""session_id"": 7578}"
2622,632,search,,2020-12-03 13:30:03,"{""info"": ""Sample log data"", ""session_id"": 2568}"
2623,640,booking,,2021-11-09 22:23:32,"{""info"": ""Sample log data"", ""session_id"": 8202}"
2624,160,booking,4.0,2021-12-21 21:45:42,"{""info"": ""Sample log data"", ""session_id"": 2946}"
2625,324,booking,,2021-12-09 01:28:52,"{""info"": ""Sample log data"", ""session_id"": 5100}"
2626,278,click,9.0,2022-09-22 12:01:44,"{""info"": ""Sample log data"", ""session_id"": 5164}"
2627,689,search,1.0,2021-10-16 15:15:22,"{""info"": ""Sample log data"", ""session_id"": 2760}"
2628,589,booking,,2024-10-06 11:36:22,"{""info"": ""Sample log data"", ""session_id"": 9134}"
2629,249,search,,2021-08-10 01:04:50,"{""info"": ""Sample log data"", ""session_id"": 1441}"
2630,870,search,,2021-10-11 20:45:27,"{""info"": ""Sample log data"", ""session_id"": 4050}"
2631,764,click,7.0,2020-03-19 00:12:07,"{""info"": ""Sample log data"", ""session_id"": 6420}"
2632,698,booking,,2022-12-11 13:56:27,"{""info"": ""Sample log data"", ""session_id"": 7268}"
2633,839,click,,2024-03-26 16:34:34,"{""info"": ""Sample log data"", ""session_id"": 7086}"
2634,394,booking,,2024-08-24 11:57:06,"{""info"": ""Sample log data"", ""session_id"": 4598}"
2635,855,click,10.0,2024-12-08 09:35:23,"{""info"": ""Sample log data"", ""session_id"": 5739}"
2636,213,search,,2020-09-03 20:01:35,"{""info"": ""Sample log data"", ""session_id"": 9839}"
2637,517,booking,,2024-08-26 07:11:27,"{""info"": ""Sample log data"", ""session_id"": 8207}"
2638,544,click,13.0,2024-10-24 02:00:56,"{""info"": ""Sample log data"", ""session_id"": 6572}"
2639,494,click,12.0,2023-10-16 17:38:14,"{""info"": ""Sample log data"", ""session_id"": 9493}"
2640,204,search,11.0,2024-10-08 12:20:35,"{""info"": ""Sample log data"", ""session_id"": 8080}"
2641,834,booking,,2023-06-09 20:14:56,"{""info"": ""Sample log data"", ""session_id"": 1290}"
2642,853,review_submission,,2022-11-26 22:02:15,"{""info"": ""Sample log data"", ""session_id"": 7873}"
2643,162,booking,,2023-12-24 06:34:05,"{""info"": ""Sample log data"", ""session_id"": 1058}"
2644,918,click,,2020-11-04 20:15:09,"{""info"": ""Sample log data"", ""session_id"": 9753}"
2645,827,review_submission,,2022-10-16 17:02:04,"{""info"": ""Sample log data"", ""session_id"": 1875}"
2646,814,search,11.0,2020-04-17 08:42:23,"{""info"": ""Sample log data"", ""session_id"": 8956}"
2647,350,click,,2023-05-28 23:09:52,"{""info"": ""Sample log data"", ""session_id"": 1769}"
2648,908,review_submission,5.0,2024-12-10 03:32:26,"{""info"": ""Sample log data"", ""session_id"": 1341}"
2649,648,review_submission,,2024-07-13 20:53:50,"{""info"": ""Sample log data"", ""session_id"": 5118}"
2650,492,review_submission,4.0,2020-05-08 17:29:26,"{""info"": ""Sample log data"", ""session_id"": 3441}"
2651,306,booking,,2020-02-10 11:38:22,"{""info"": ""Sample log data"", ""session_id"": 8826}"
2652,242,search,,2020-09-07 17:55:01,"{""info"": ""Sample log data"", ""session_id"": 9870}"
2653,669,search,2.0,2021-07-15 22:58:02,"{""info"": ""Sample log data"", ""session_id"": 1949}"
2654,776,click,,2024-02-26 02:04:54,"{""info"": ""Sample log data"", ""session_id"": 3945}"
2655,626,search,,2022-02-24 00:47:21,"{""info"": ""Sample log data"", ""session_id"": 3053}"
2656,915,review_submission,,2023-07-13 16:45:37,"{""info"": ""Sample log data"", ""session_id"": 7886}"
2657,282,review_submission,2.0,2024-02-27 09:09:11,"{""info"": ""Sample log data"", ""session_id"": 4602}"
2658,355,click,,2023-07-29 19:50:29,"{""info"": ""Sample log data"", ""session_id"": 7007}"
2659,139,search,9.0,2020-11-26 13:31:27,"{""info"": ""Sample log data"", ""session_id"": 4158}"
2660,12,search,,2020-09-05 17:15:02,"{""info"": ""Sample log data"", ""session_id"": 9599}"
2661,227,click,,2021-05-06 22:32:12,"{""info"": ""Sample log data"", ""session_id"": 1765}"
2662,61,review_submission,5.0,2023-04-05 12:19:47,"{""info"": ""Sample log data"", ""session_id"": 7185}"
2663,729,booking,4.0,2024-09-04 07:02:01,"{""info"": ""Sample log data"", ""session_id"": 7189}"
2664,25,booking,3.0,2020-10-26 13:47:38,"{""info"": ""Sample log data"", ""session_id"": 7517}"
2665,503,click,4.0,2022-07-23 05:37:12,"{""info"": ""Sample log data"", ""session_id"": 7258}"
2666,857,booking,,2020-12-25 09:49:14,"{""info"": ""Sample log data"", ""session_id"": 1624}"
2667,390,search,,2020-07-09 11:22:36,"{""info"": ""Sample log data"", ""session_id"": 8046}"
2668,466,click,,2024-06-29 13:38:08,"{""info"": ""Sample log data"", ""session_id"": 9710}"
2669,907,click,,2021-01-14 19:31:46,"{""info"": ""Sample log data"", ""session_id"": 9902}"
2670,121,search,,2021-05-15 00:38:13,"{""info"": ""Sample log data"", ""session_id"": 1416}"
2671,516,booking,8.0,2020-11-21 09:25:12,"{""info"": ""Sample log data"", ""session_id"": 2556}"
2672,468,search,,2023-04-28 21:09:39,"{""info"": ""Sample log data"", ""session_id"": 5447}"
2673,477,review_submission,,2024-08-02 17:01:39,"{""info"": ""Sample log data"", ""session_id"": 7068}"
2674,466,booking,8.0,2021-11-30 21:36:55,"{""info"": ""Sample log data"", ""session_id"": 4685}"
2675,409,review_submission,,2025-01-04 04:16:02,"{""info"": ""Sample log data"", ""session_id"": 5579}"
2676,787,review_submission,10.0,2020-03-05 09:41:35,"{""info"": ""Sample log data"", ""session_id"": 4562}"
2677,761,review_submission,,2024-08-04 12:23:54,"{""info"": ""Sample log data"", ""session_id"": 7589}"
2678,323,click,4.0,2024-07-29 15:40:56,"{""info"": ""Sample log data"", ""session_id"": 1073}"
2679,296,booking,14.0,2021-08-24 11:36:13,"{""info"": ""Sample log data"", ""session_id"": 5334}"
2680,899,click,,2024-08-18 22:03:12,"{""info"": ""Sample log data"", ""session_id"": 3852}"
2681,27,review_submission,14.0,2020-01-07 15:55:22,"{""info"": ""Sample log data"", ""session_id"": 1384}"
2682,158,review_submission,,2022-12-21 21:38:41,"{""info"": ""Sample log data"", ""session_id"": 6530}"
2683,269,review_submission,6.0,2023-09-10 21:46:45,"{""info"": ""Sample log data"", ""session_id"": 5761}"
2684,809,search,7.0,2024-07-01 13:21:55,"{""info"": ""Sample log data"", ""session_id"": 3285}"
2685,350,search,,2021-03-14 06:28:54,"{""info"": ""Sample log data"", ""session_id"": 4314}"
2686,54,click,,2024-04-24 01:28:16,"{""info"": ""Sample log data"", ""session_id"": 3684}"
2687,92,review_submission,13.0,2023-04-21 08:58:57,"{""info"": ""Sample log data"", ""session_id"": 4688}"
2688,702,click,14.0,2024-08-17 09:45:01,"{""info"": ""Sample log data"", ""session_id"": 1867}"
2689,802,booking,9.0,2024-07-21 00:20:46,"{""info"": ""Sample log data"", ""session_id"": 9446}"
2690,731,review_submission,12.0,2020-11-29 09:56:03,"{""info"": ""Sample log data"", ""session_id"": 3724}"
2691,791,booking,9.0,2022-07-29 02:22:34,"{""info"": ""Sample log data"", ""session_id"": 5989}"
2692,719,click,,2022-09-16 17:30:55,"{""info"": ""Sample log data"", ""session_id"": 8609}"
2693,945,review_submission,3.0,2020-11-06 10:50:48,"{""info"": ""Sample log data"", ""session_id"": 3187}"
2694,456,search,,2024-05-23 19:26:35,"{""info"": ""Sample log data"", ""session_id"": 2731}"
2695,1,search,,2023-07-15 03:01:15,"{""info"": ""Sample log data"", ""session_id"": 8027}"
2696,998,click,6.0,2020-09-21 20:31:06,"{""info"": ""Sample log data"", ""session_id"": 6469}"
2697,156,review_submission,8.0,2023-11-04 01:42:13,"{""info"": ""Sample log data"", ""session_id"": 2876}"
2698,75,search,8.0,2023-05-12 00:34:57,"{""info"": ""Sample log data"", ""session_id"": 9751}"
2699,421,review_submission,,2022-08-12 05:45:47,"{""info"": ""Sample log data"", ""session_id"": 2652}"
2700,298,review_submission,,2022-08-23 19:32:47,"{""info"": ""Sample log data"", ""session_id"": 8007}"
2701,563,booking,,2022-06-25 15:41:20,"{""info"": ""Sample log data"", ""session_id"": 4043}"
2702,352,click,,2023-10-12 06:16:08,"{""info"": ""Sample log data"", ""session_id"": 7223}"
2703,552,review_submission,,2021-11-17 22:26:28,"{""info"": ""Sample log data"", ""session_id"": 7126}"
2704,91,review_submission,,2020-04-15 15:42:59,"{""info"": ""Sample log data"", ""session_id"": 4679}"
2705,743,click,11.0,2024-02-01 14:48:04,"{""info"": ""Sample log data"", ""session_id"": 1493}"
2706,103,booking,11.0,2023-01-01 12:57:40,"{""info"": ""Sample log data"", ""session_id"": 2012}"
2707,696,review_submission,13.0,2022-12-26 23:24:54,"{""info"": ""Sample log data"", ""session_id"": 2599}"
2708,636,review_submission,12.0,2021-03-13 13:18:34,"{""info"": ""Sample log data"", ""session_id"": 4663}"
2709,60,booking,,2021-04-13 23:26:29,"{""info"": ""Sample log data"", ""session_id"": 6517}"
2710,735,review_submission,2.0,2023-01-27 19:47:16,"{""info"": ""Sample log data"", ""session_id"": 6645}"
2711,704,click,,2020-10-11 16:08:10,"{""info"": ""Sample log data"", ""session_id"": 7447}"
2712,129,search,7.0,2024-08-28 03:40:27,"{""info"": ""Sample log data"", ""session_id"": 9337}"
2713,90,booking,,2023-05-20 07:35:50,"{""info"": ""Sample log data"", ""session_id"": 1877}"
2714,678,click,1.0,2022-12-27 15:14:08,"{""info"": ""Sample log data"", ""session_id"": 2373}"
2715,655,click,5.0,2022-05-01 15:14:17,"{""info"": ""Sample log data"", ""session_id"": 4355}"
2716,418,click,,2024-06-26 17:25:38,"{""info"": ""Sample log data"", ""session_id"": 2003}"
2717,710,review_submission,8.0,2022-06-02 12:30:01,"{""info"": ""Sample log data"", ""session_id"": 8982}"
2718,149,booking,,2020-10-19 08:18:07,"{""info"": ""Sample log data"", ""session_id"": 7953}"
2719,475,review_submission,3.0,2024-07-25 17:16:13,"{""info"": ""Sample log data"", ""session_id"": 9040}"
2720,764,booking,4.0,2023-06-18 17:47:26,"{""info"": ""Sample log data"", ""session_id"": 5686}"
2721,512,booking,3.0,2021-03-11 03:33:27,"{""info"": ""Sample log data"", ""session_id"": 7403}"
2722,541,click,,2024-06-11 07:48:55,"{""info"": ""Sample log data"", ""session_id"": 8913}"
2723,25,click,,2020-11-19 21:17:30,"{""info"": ""Sample log data"", ""session_id"": 7891}"
2724,689,click,9.0,2024-09-24 22:44:51,"{""info"": ""Sample log data"", ""session_id"": 6114}"
2725,357,booking,9.0,2023-03-19 05:54:59,"{""info"": ""Sample log data"", ""session_id"": 3291}"
2726,449,review_submission,4.0,2020-11-13 03:29:55,"{""info"": ""Sample log data"", ""session_id"": 4067}"
2727,346,search,,2023-05-07 02:14:04,"{""info"": ""Sample log data"", ""session_id"": 7593}"
2728,229,booking,,2020-11-20 00:07:00,"{""info"": ""Sample log data"", ""session_id"": 8247}"
2729,999,booking,,2023-08-14 10:34:23,"{""info"": ""Sample log data"", ""session_id"": 6588}"
2730,733,click,14.0,2022-07-31 11:29:47,"{""info"": ""Sample log data"", ""session_id"": 7568}"
2731,866,review_submission,,2020-12-22 17:53:34,"{""info"": ""Sample log data"", ""session_id"": 7753}"
2732,607,click,,2023-02-25 17:53:33,"{""info"": ""Sample log data"", ""session_id"": 2182}"
2733,473,search,,2021-03-22 02:18:12,"{""info"": ""Sample log data"", ""session_id"": 5867}"
2734,336,booking,,2020-03-31 14:42:50,"{""info"": ""Sample log data"", ""session_id"": 6359}"
2735,8,search,,2022-03-18 05:18:40,"{""info"": ""Sample log data"", ""session_id"": 6448}"
2736,727,search,,2023-07-27 08:42:08,"{""info"": ""Sample log data"", ""session_id"": 6118}"
2737,548,review_submission,,2020-12-23 09:21:18,"{""info"": ""Sample log data"", ""session_id"": 4700}"
2738,559,click,2.0,2023-11-18 04:02:52,"{""info"": ""Sample log data"", ""session_id"": 8138}"
2739,48,review_submission,9.0,2021-09-02 12:40:18,"{""info"": ""Sample log data"", ""session_id"": 6736}"
2740,622,booking,9.0,2021-01-31 06:39:21,"{""info"": ""Sample log data"", ""session_id"": 5196}"
2741,372,click,5.0,2023-04-17 01:28:37,"{""info"": ""Sample log data"", ""session_id"": 1253}"
2742,680,click,6.0,2022-08-18 16:50:51,"{""info"": ""Sample log data"", ""session_id"": 2767}"
2743,499,review_submission,,2022-08-25 11:54:26,"{""info"": ""Sample log data"", ""session_id"": 7674}"
2744,110,booking,2.0,2024-12-02 23:00:57,"{""info"": ""Sample log data"", ""session_id"": 2789}"
2745,34,search,,2021-11-21 22:24:50,"{""info"": ""Sample log data"", ""session_id"": 2302}"
2746,645,click,14.0,2022-08-31 15:29:23,"{""info"": ""Sample log data"", ""session_id"": 9516}"
2747,257,booking,9.0,2020-11-03 17:51:23,"{""info"": ""Sample log data"", ""session_id"": 3206}"
2748,470,review_submission,2.0,2023-10-06 14:51:22,"{""info"": ""Sample log data"", ""session_id"": 9025}"
2749,715,search,,2024-04-08 08:30:37,"{""info"": ""Sample log data"", ""session_id"": 6539}"
2750,200,search,14.0,2023-11-01 21:01:53,"{""info"": ""Sample log data"", ""session_id"": 5616}"
2751,278,review_submission,,2020-02-13 12:35:44,"{""info"": ""Sample log data"", ""session_id"": 9620}"
2752,3,click,1.0,2021-06-01 12:40:59,"{""info"": ""Sample log data"", ""session_id"": 1732}"
2753,883,review_submission,5.0,2023-04-23 18:31:01,"{""info"": ""Sample log data"", ""session_id"": 6337}"
2754,570,booking,1.0,2024-10-21 12:48:50,"{""info"": ""Sample log data"", ""session_id"": 5015}"
2755,476,review_submission,,2021-01-28 19:00:33,"{""info"": ""Sample log data"", ""session_id"": 7815}"
2756,656,booking,,2021-02-06 07:53:06,"{""info"": ""Sample log data"", ""session_id"": 9596}"
2757,15,click,,2022-09-21 23:19:35,"{""info"": ""Sample log data"", ""session_id"": 7877}"
2758,183,review_submission,1.0,2024-09-18 12:49:05,"{""info"": ""Sample log data"", ""session_id"": 1133}"
2759,374,search,11.0,2024-06-21 05:35:38,"{""info"": ""Sample log data"", ""session_id"": 9379}"
2760,14,search,12.0,2020-01-01 03:47:23,"{""info"": ""Sample log data"", ""session_id"": 1007}"
2761,341,click,8.0,2024-08-23 20:14:30,"{""info"": ""Sample log data"", ""session_id"": 7509}"
2762,887,review_submission,11.0,2021-04-25 06:37:19,"{""info"": ""Sample log data"", ""session_id"": 1837}"
2763,931,click,,2020-08-07 02:23:56,"{""info"": ""Sample log data"", ""session_id"": 2006}"
2764,880,search,,2024-11-09 08:32:40,"{""info"": ""Sample log data"", ""session_id"": 3786}"
2765,963,click,,2023-03-21 20:09:02,"{""info"": ""Sample log data"", ""session_id"": 7415}"
2766,172,search,,2020-08-02 16:03:15,"{""info"": ""Sample log data"", ""session_id"": 6708}"
2767,872,search,10.0,2023-10-15 15:01:01,"{""info"": ""Sample log data"", ""session_id"": 1042}"
2768,859,click,8.0,2021-06-01 19:18:43,"{""info"": ""Sample log data"", ""session_id"": 6050}"
2769,870,click,,2021-11-04 03:20:34,"{""info"": ""Sample log data"", ""session_id"": 6441}"
2770,551,click,5.0,2023-04-28 01:31:30,"{""info"": ""Sample log data"", ""session_id"": 4280}"
2771,573,review_submission,,2022-10-03 00:38:10,"{""info"": ""Sample log data"", ""session_id"": 6753}"
2772,624,search,1.0,2021-12-14 15:44:54,"{""info"": ""Sample log data"", ""session_id"": 4928}"
2773,369,booking,,2023-11-16 07:28:09,"{""info"": ""Sample log data"", ""session_id"": 3433}"
2774,914,click,,2021-10-31 16:22:13,"{""info"": ""Sample log data"", ""session_id"": 9448}"
2775,836,search,7.0,2020-03-24 02:12:32,"{""info"": ""Sample log data"", ""session_id"": 6736}"
2776,329,review_submission,6.0,2020-02-27 15:14:46,"{""info"": ""Sample log data"", ""session_id"": 3450}"
2777,602,review_submission,,2024-12-23 02:40:19,"{""info"": ""Sample log data"", ""session_id"": 1935}"
2778,809,booking,,2023-12-25 01:49:02,"{""info"": ""Sample log data"", ""session_id"": 6369}"
2779,643,click,11.0,2021-08-04 07:21:24,"{""info"": ""Sample log data"", ""session_id"": 8605}"
2780,611,search,,2022-03-28 22:01:34,"{""info"": ""Sample log data"", ""session_id"": 9870}"
2781,83,search,9.0,2024-01-10 04:47:34,"{""info"": ""Sample log data"", ""session_id"": 3649}"
2782,526,booking,,2024-07-23 09:36:02,"{""info"": ""Sample log data"", ""session_id"": 8924}"
2783,277,booking,1.0,2024-11-25 13:18:38,"{""info"": ""Sample log data"", ""session_id"": 3855}"
2784,431,click,,2022-12-12 19:58:27,"{""info"": ""Sample log data"", ""session_id"": 9848}"
2785,861,search,8.0,2020-03-07 12:11:16,"{""info"": ""Sample log data"", ""session_id"": 1914}"
2786,571,search,,2020-03-05 04:45:00,"{""info"": ""Sample log data"", ""session_id"": 2316}"
2787,584,review_submission,5.0,2022-09-26 19:09:54,"{""info"": ""Sample log data"", ""session_id"": 8313}"
2788,330,click,11.0,2022-10-22 19:41:46,"{""info"": ""Sample log data"", ""session_id"": 6633}"
2789,839,booking,,2024-04-03 02:58:18,"{""info"": ""Sample log data"", ""session_id"": 1401}"
2790,720,booking,7.0,2020-01-05 11:05:11,"{""info"": ""Sample log data"", ""session_id"": 2702}"
2791,348,search,3.0,2023-03-27 04:17:29,"{""info"": ""Sample log data"", ""session_id"": 3496}"
2792,280,click,,2024-02-11 04:06:11,"{""info"": ""Sample log data"", ""session_id"": 1609}"
2793,5,click,6.0,2024-11-12 14:47:20,"{""info"": ""Sample log data"", ""session_id"": 1651}"
2794,403,review_submission,,2022-04-16 17:35:22,"{""info"": ""Sample log data"", ""session_id"": 7962}"
2795,52,booking,,2024-02-14 13:43:20,"{""info"": ""Sample log data"", ""session_id"": 3610}"
2796,858,booking,,2024-02-13 23:18:43,"{""info"": ""Sample log data"", ""session_id"": 5732}"
2797,470,review_submission,4.0,2024-07-09 01:58:38,"{""info"": ""Sample log data"", ""session_id"": 4483}"
2798,342,review_submission,3.0,2020-10-20 13:43:07,"{""info"": ""Sample log data"", ""session_id"": 1930}"
2799,38,review_submission,,2023-11-30 19:16:18,"{""info"": ""Sample log data"", ""session_id"": 6036}"
2800,643,search,9.0,2022-03-31 16:56:24,"{""info"": ""Sample log data"", ""session_id"": 3205}"
2801,47,click,3.0,2020-02-17 21:03:25,"{""info"": ""Sample log data"", ""session_id"": 6177}"
2802,800,review_submission,,2022-02-13 05:07:50,"{""info"": ""Sample log data"", ""session_id"": 4519}"
2803,796,review_submission,9.0,2024-04-06 07:54:51,"{""info"": ""Sample log data"", ""session_id"": 8867}"
2804,388,booking,,2023-01-14 20:59:38,"{""info"": ""Sample log data"", ""session_id"": 6685}"
2805,143,booking,,2024-09-27 22:23:34,"{""info"": ""Sample log data"", ""session_id"": 6304}"
2806,964,review_submission,,2020-03-17 00:37:08,"{""info"": ""Sample log data"", ""session_id"": 7982}"
2807,781,review_submission,,2024-06-19 13:31:13,"{""info"": ""Sample log data"", ""session_id"": 3749}"
2808,674,review_submission,,2020-12-12 15:01:19,"{""info"": ""Sample log data"", ""session_id"": 4672}"
2809,47,search,1.0,2022-12-02 22:05:44,"{""info"": ""Sample log data"", ""session_id"": 6772}"
2810,268,review_submission,,2022-11-24 02:52:54,"{""info"": ""Sample log data"", ""session_id"": 5084}"
2811,245,booking,,2021-02-27 06:09:43,"{""info"": ""Sample log data"", ""session_id"": 5350}"
2812,651,booking,,2020-01-19 19:20:38,"{""info"": ""Sample log data"", ""session_id"": 5696}"
2813,838,search,,2023-03-01 09:12:19,"{""info"": ""Sample log data"", ""session_id"": 1577}"
2814,337,review_submission,4.0,2024-02-07 17:02:43,"{""info"": ""Sample log data"", ""session_id"": 1661}"
2815,438,booking,11.0,2020-07-23 00:50:03,"{""info"": ""Sample log data"", ""session_id"": 9561}"
2816,107,review_submission,11.0,2021-09-06 14:47:31,"{""info"": ""Sample log data"", ""session_id"": 9762}"
2817,661,review_submission,,2022-12-17 23:50:18,"{""info"": ""Sample log data"", ""session_id"": 6336}"
2818,578,booking,3.0,2024-11-21 01:08:58,"{""info"": ""Sample log data"", ""session_id"": 9593}"
2819,962,search,11.0,2022-02-03 18:20:42,"{""info"": ""Sample log data"", ""session_id"": 3486}"
2820,296,search,,2023-12-06 10:34:07,"{""info"": ""Sample log data"", ""session_id"": 2427}"
2821,83,search,14.0,2023-03-18 15:05:00,"{""info"": ""Sample log data"", ""session_id"": 8233}"
2822,714,review_submission,5.0,2023-03-23 13:41:09,"{""info"": ""Sample log data"", ""session_id"": 1845}"
2823,850,booking,9.0,2025-01-16 18:46:38,"{""info"": ""Sample log data"", ""session_id"": 9515}"
2824,340,click,8.0,2022-03-13 11:46:38,"{""info"": ""Sample log data"", ""session_id"": 4659}"
2825,701,review_submission,,2024-01-01 06:15:34,"{""info"": ""Sample log data"", ""session_id"": 5143}"
2826,619,click,,2024-01-31 04:34:49,"{""info"": ""Sample log data"", ""session_id"": 7396}"
2827,714,click,,2020-09-10 04:45:22,"{""info"": ""Sample log data"", ""session_id"": 7405}"
2828,648,search,,2023-11-28 07:47:45,"{""info"": ""Sample log data"", ""session_id"": 7276}"
2829,315,booking,9.0,2024-08-03 16:28:46,"{""info"": ""Sample log data"", ""session_id"": 5799}"
2830,194,search,,2022-09-15 04:48:31,"{""info"": ""Sample log data"", ""session_id"": 3663}"
2831,744,search,,2024-10-19 11:36:06,"{""info"": ""Sample log data"", ""session_id"": 1594}"
2832,656,search,,2021-08-24 20:29:08,"{""info"": ""Sample log data"", ""session_id"": 2061}"
2833,138,review_submission,,2022-09-16 17:11:48,"{""info"": ""Sample log data"", ""session_id"": 9029}"
2834,307,search,,2022-11-09 22:46:09,"{""info"": ""Sample log data"", ""session_id"": 7018}"
2835,551,review_submission,,2023-03-09 00:03:00,"{""info"": ""Sample log data"", ""session_id"": 2541}"
2836,656,click,7.0,2021-12-06 17:25:43,"{""info"": ""Sample log data"", ""session_id"": 1569}"
2837,508,click,8.0,2020-12-05 06:12:59,"{""info"": ""Sample log data"", ""session_id"": 9523}"
2838,712,click,,2020-12-05 00:03:54,"{""info"": ""Sample log data"", ""session_id"": 3802}"
2839,755,click,,2022-10-15 09:12:44,"{""info"": ""Sample log data"", ""session_id"": 3825}"
2840,207,click,,2024-05-23 04:30:10,"{""info"": ""Sample log data"", ""session_id"": 1914}"
2841,988,click,,2022-09-18 21:21:35,"{""info"": ""Sample log data"", ""session_id"": 9191}"
2842,80,search,,2021-07-10 13:35:28,"{""info"": ""Sample log data"", ""session_id"": 8622}"
2843,277,click,6.0,2022-05-29 05:33:06,"{""info"": ""Sample log data"", ""session_id"": 3057}"
2844,527,review_submission,4.0,2024-03-20 10:40:28,"{""info"": ""Sample log data"", ""session_id"": 1896}"
2845,158,click,,2022-03-07 17:12:18,"{""info"": ""Sample log data"", ""session_id"": 1545}"
2846,133,search,,2020-01-09 22:38:19,"{""info"": ""Sample log data"", ""session_id"": 8939}"
2847,398,click,,2022-04-30 15:34:20,"{""info"": ""Sample log data"", ""session_id"": 4405}"
2848,213,booking,,2020-01-07 09:35:24,"{""info"": ""Sample log data"", ""session_id"": 3973}"
2849,666,review_submission,4.0,2023-02-13 02:40:50,"{""info"": ""Sample log data"", ""session_id"": 7522}"
2850,285,search,,2021-07-10 20:13:27,"{""info"": ""Sample log data"", ""session_id"": 9966}"
2851,680,review_submission,1.0,2022-10-24 16:18:28,"{""info"": ""Sample log data"", ""session_id"": 3469}"
2852,97,booking,12.0,2022-04-15 16:53:31,"{""info"": ""Sample log data"", ""session_id"": 4731}"
2853,970,booking,14.0,2024-01-15 07:12:20,"{""info"": ""Sample log data"", ""session_id"": 3141}"
2854,666,click,,2024-04-25 05:47:02,"{""info"": ""Sample log data"", ""session_id"": 6994}"
2855,45,booking,,2024-07-23 05:53:00,"{""info"": ""Sample log data"", ""session_id"": 6958}"
2856,174,review_submission,1.0,2022-02-02 17:18:51,"{""info"": ""Sample log data"", ""session_id"": 6469}"
2857,295,review_submission,3.0,2022-03-07 19:46:59,"{""info"": ""Sample log data"", ""session_id"": 1582}"
2858,913,booking,,2022-01-06 19:41:06,"{""info"": ""Sample log data"", ""session_id"": 1744}"
2859,783,review_submission,2.0,2021-12-02 04:24:50,"{""info"": ""Sample log data"", ""session_id"": 1278}"
2860,5,booking,6.0,2024-01-10 09:37:50,"{""info"": ""Sample log data"", ""session_id"": 6960}"
2861,866,click,,2020-06-09 00:23:35,"{""info"": ""Sample log data"", ""session_id"": 9299}"
2862,504,search,,2023-07-25 06:13:27,"{""info"": ""Sample log data"", ""session_id"": 4694}"
2863,225,booking,,2023-06-02 11:44:35,"{""info"": ""Sample log data"", ""session_id"": 4929}"
2864,522,booking,10.0,2024-06-21 15:40:21,"{""info"": ""Sample log data"", ""session_id"": 3520}"
2865,570,booking,,2022-07-12 00:29:40,"{""info"": ""Sample log data"", ""session_id"": 9681}"
2866,810,review_submission,10.0,2020-05-16 01:37:51,"{""info"": ""Sample log data"", ""session_id"": 6656}"
2867,734,booking,8.0,2021-09-20 22:55:59,"{""info"": ""Sample log data"", ""session_id"": 9595}"
2868,4,review_submission,10.0,2023-06-15 13:43:54,"{""info"": ""Sample log data"", ""session_id"": 7362}"
2869,1,booking,,2022-02-21 12:40:59,"{""info"": ""Sample log data"", ""session_id"": 8470}"
2870,906,booking,1.0,2023-11-14 13:49:33,"{""info"": ""Sample log data"", ""session_id"": 6154}"
2871,16,booking,,2022-12-14 02:56:16,"{""info"": ""Sample log data"", ""session_id"": 6295}"
2872,529,search,,2022-09-30 18:11:49,"{""info"": ""Sample log data"", ""session_id"": 9763}"
2873,956,review_submission,,2021-02-17 10:22:58,"{""info"": ""Sample log data"", ""session_id"": 3683}"
2874,207,click,5.0,2020-05-10 21:30:18,"{""info"": ""Sample log data"", ""session_id"": 5129}"
2875,246,search,,2022-01-12 18:58:49,"{""info"": ""Sample log data"", ""session_id"": 2049}"
2876,588,search,14.0,2023-08-27 16:15:16,"{""info"": ""Sample log data"", ""session_id"": 8689}"
2877,859,search,12.0,2023-04-01 05:11:02,"{""info"": ""Sample log data"", ""session_id"": 4967}"
2878,349,search,13.0,2022-07-24 20:43:44,"{""info"": ""Sample log data"", ""session_id"": 3408}"
2879,854,search,14.0,2024-08-28 07:02:57,"{""info"": ""Sample log data"", ""session_id"": 7519}"
2880,112,click,14.0,2021-11-03 00:20:20,"{""info"": ""Sample log data"", ""session_id"": 3584}"
2881,568,review_submission,11.0,2022-04-17 12:31:20,"{""info"": ""Sample log data"", ""session_id"": 1032}"
2882,733,click,,2022-10-21 22:01:38,"{""info"": ""Sample log data"", ""session_id"": 5881}"
2883,140,click,5.0,2021-06-14 16:28:40,"{""info"": ""Sample log data"", ""session_id"": 5706}"
2884,246,search,3.0,2021-02-12 13:25:20,"{""info"": ""Sample log data"", ""session_id"": 1913}"
2885,16,search,2.0,2021-02-06 01:43:07,"{""info"": ""Sample log data"", ""session_id"": 8333}"
2886,540,click,9.0,2022-04-02 13:43:41,"{""info"": ""Sample log data"", ""session_id"": 4863}"
2887,341,search,,2024-10-28 03:35:39,"{""info"": ""Sample log data"", ""session_id"": 2570}"
2888,732,click,6.0,2021-05-17 16:36:56,"{""info"": ""Sample log data"", ""session_id"": 6287}"
2889,997,review_submission,,2023-06-30 10:46:28,"{""info"": ""Sample log data"", ""session_id"": 4011}"
2890,603,booking,,2023-06-21 07:08:05,"{""info"": ""Sample log data"", ""session_id"": 8998}"
2891,820,review_submission,5.0,2024-07-27 12:09:02,"{""info"": ""Sample log data"", ""session_id"": 8443}"
2892,470,booking,,2020-08-02 17:34:15,"{""info"": ""Sample log data"", ""session_id"": 5506}"
2893,4,click,,2020-05-03 11:28:24,"{""info"": ""Sample log data"", ""session_id"": 1880}"
2894,402,click,,2020-06-19 02:27:07,"{""info"": ""Sample log data"", ""session_id"": 3111}"
2895,497,click,,2023-08-07 10:31:48,"{""info"": ""Sample log data"", ""session_id"": 8698}"
2896,860,click,7.0,2024-03-02 00:20:01,"{""info"": ""Sample log data"", ""session_id"": 4240}"
2897,440,click,10.0,2022-06-24 14:14:38,"{""info"": ""Sample log data"", ""session_id"": 6263}"
2898,832,review_submission,,2023-11-14 06:32:23,"{""info"": ""Sample log data"", ""session_id"": 4202}"
2899,557,click,,2021-08-26 11:57:08,"{""info"": ""Sample log data"", ""session_id"": 9232}"
2900,160,search,,2021-05-31 07:01:22,"{""info"": ""Sample log data"", ""session_id"": 3621}"
2901,170,click,3.0,2021-09-03 09:58:28,"{""info"": ""Sample log data"", ""session_id"": 9553}"
2902,739,search,,2021-07-02 16:22:53,"{""info"": ""Sample log data"", ""session_id"": 3676}"
2903,223,booking,10.0,2023-04-10 11:25:10,"{""info"": ""Sample log data"", ""session_id"": 3368}"
2904,497,search,,2020-05-11 15:06:21,"{""info"": ""Sample log data"", ""session_id"": 2571}"
2905,285,booking,2.0,2022-08-25 19:05:00,"{""info"": ""Sample log data"", ""session_id"": 6544}"
2906,947,click,3.0,2022-02-20 19:38:23,"{""info"": ""Sample log data"", ""session_id"": 7056}"
2907,398,review_submission,11.0,2024-06-11 01:07:16,"{""info"": ""Sample log data"", ""session_id"": 4612}"
2908,590,click,,2020-04-17 12:22:45,"{""info"": ""Sample log data"", ""session_id"": 5580}"
2909,425,click,12.0,2021-09-02 20:44:33,"{""info"": ""Sample log data"", ""session_id"": 8521}"
2910,286,search,6.0,2022-11-28 13:48:59,"{""info"": ""Sample log data"", ""session_id"": 4838}"
2911,213,review_submission,,2020-09-04 13:51:26,"{""info"": ""Sample log data"", ""session_id"": 1354}"
2912,349,click,13.0,2024-12-04 20:10:08,"{""info"": ""Sample log data"", ""session_id"": 5390}"
2913,349,review_submission,,2020-07-02 21:58:00,"{""info"": ""Sample log data"", ""session_id"": 9335}"
2914,717,click,,2021-02-05 03:10:35,"{""info"": ""Sample log data"", ""session_id"": 4686}"
2915,187,click,1.0,2024-02-06 16:32:25,"{""info"": ""Sample log data"", ""session_id"": 1073}"
2916,573,review_submission,14.0,2024-09-28 06:11:10,"{""info"": ""Sample log data"", ""session_id"": 8139}"
2917,618,booking,,2023-05-08 13:01:21,"{""info"": ""Sample log data"", ""session_id"": 8477}"
2918,292,review_submission,,2021-06-06 12:58:41,"{""info"": ""Sample log data"", ""session_id"": 2605}"
2919,276,click,,2023-03-29 04:16:18,"{""info"": ""Sample log data"", ""session_id"": 6948}"
2920,43,review_submission,10.0,2021-03-09 02:21:56,"{""info"": ""Sample log data"", ""session_id"": 8505}"
2921,865,search,12.0,2022-10-31 09:46:56,"{""info"": ""Sample log data"", ""session_id"": 3132}"
2922,694,booking,,2020-11-16 22:51:48,"{""info"": ""Sample log data"", ""session_id"": 2811}"
2923,764,search,,2023-01-08 05:10:34,"{""info"": ""Sample log data"", ""session_id"": 7725}"
2924,183,booking,2.0,2023-08-06 15:47:58,"{""info"": ""Sample log data"", ""session_id"": 7687}"
2925,457,review_submission,11.0,2024-11-04 16:46:47,"{""info"": ""Sample log data"", ""session_id"": 5346}"
2926,973,search,,2024-11-01 00:46:44,"{""info"": ""Sample log data"", ""session_id"": 7591}"
2927,310,review_submission,1.0,2021-09-14 13:20:18,"{""info"": ""Sample log data"", ""session_id"": 7951}"
2928,842,booking,,2022-10-06 10:59:05,"{""info"": ""Sample log data"", ""session_id"": 4253}"
2929,733,click,,2022-09-21 17:25:20,"{""info"": ""Sample log data"", ""session_id"": 5434}"
2930,871,click,,2020-07-27 15:14:53,"{""info"": ""Sample log data"", ""session_id"": 5832}"
2931,226,booking,14.0,2021-10-07 11:12:13,"{""info"": ""Sample log data"", ""session_id"": 8839}"
2932,73,booking,,2021-08-13 12:12:50,"{""info"": ""Sample log data"", ""session_id"": 2962}"
2933,45,search,,2024-07-15 12:22:53,"{""info"": ""Sample log data"", ""session_id"": 5054}"
2934,667,search,,2022-01-18 01:07:39,"{""info"": ""Sample log data"", ""session_id"": 2278}"
2935,766,click,,2021-05-22 18:27:30,"{""info"": ""Sample log data"", ""session_id"": 7583}"
2936,283,review_submission,,2024-09-01 18:10:00,"{""info"": ""Sample log data"", ""session_id"": 8594}"
2937,64,review_submission,,2022-06-21 11:08:39,"{""info"": ""Sample log data"", ""session_id"": 5617}"
2938,168,review_submission,11.0,2020-04-24 23:56:54,"{""info"": ""Sample log data"", ""session_id"": 8646}"
2939,675,search,8.0,2020-05-03 15:11:30,"{""info"": ""Sample log data"", ""session_id"": 2133}"
2940,751,search,2.0,2022-07-03 10:30:13,"{""info"": ""Sample log data"", ""session_id"": 5751}"
2941,537,search,,2022-07-12 17:07:18,"{""info"": ""Sample log data"", ""session_id"": 3110}"
2942,108,search,,2022-08-13 00:41:28,"{""info"": ""Sample log data"", ""session_id"": 1323}"
2943,27,booking,5.0,2020-06-18 18:37:01,"{""info"": ""Sample log data"", ""session_id"": 2011}"
2944,450,click,12.0,2020-08-09 18:57:19,"{""info"": ""Sample log data"", ""session_id"": 5807}"
2945,940,click,,2024-11-01 01:57:58,"{""info"": ""Sample log data"", ""session_id"": 4407}"
2946,17,review_submission,5.0,2022-04-03 00:23:10,"{""info"": ""Sample log data"", ""session_id"": 2402}"
2947,134,search,,2020-05-04 14:08:23,"{""info"": ""Sample log data"", ""session_id"": 5497}"
2948,702,click,2.0,2022-12-17 05:56:51,"{""info"": ""Sample log data"", ""session_id"": 7069}"
2949,805,search,4.0,2023-02-06 06:02:41,"{""info"": ""Sample log data"", ""session_id"": 9555}"
2950,526,review_submission,,2020-04-30 20:21:16,"{""info"": ""Sample log data"", ""session_id"": 7341}"
2951,426,search,,2023-10-14 04:04:32,"{""info"": ""Sample log data"", ""session_id"": 6860}"
2952,664,search,5.0,2022-04-02 22:48:31,"{""info"": ""Sample log data"", ""session_id"": 9558}"
2953,234,booking,,2023-06-06 12:07:34,"{""info"": ""Sample log data"", ""session_id"": 1344}"
2954,581,booking,,2021-02-12 20:04:10,"{""info"": ""Sample log data"", ""session_id"": 8501}"
2955,486,search,11.0,2020-07-21 01:44:43,"{""info"": ""Sample log data"", ""session_id"": 6615}"
2956,798,click,,2020-12-22 20:27:14,"{""info"": ""Sample log data"", ""session_id"": 2715}"
2957,988,booking,2.0,2020-09-03 06:59:59,"{""info"": ""Sample log data"", ""session_id"": 8117}"
2958,179,review_submission,14.0,2022-03-06 12:48:53,"{""info"": ""Sample log data"", ""session_id"": 4404}"
2959,770,booking,10.0,2022-03-28 20:56:40,"{""info"": ""Sample log data"", ""session_id"": 2832}"
2960,37,review_submission,,2022-10-08 15:43:55,"{""info"": ""Sample log data"", ""session_id"": 1170}"
2961,647,booking,,2021-08-03 06:56:50,"{""info"": ""Sample log data"", ""session_id"": 6203}"
2962,357,click,2.0,2024-03-23 10:26:05,"{""info"": ""Sample log data"", ""session_id"": 4277}"
2963,512,search,3.0,2020-01-22 10:13:23,"{""info"": ""Sample log data"", ""session_id"": 8187}"
2964,149,booking,12.0,2024-08-22 13:20:41,"{""info"": ""Sample log data"", ""session_id"": 6016}"
2965,329,click,5.0,2024-09-01 01:01:03,"{""info"": ""Sample log data"", ""session_id"": 9479}"
2966,448,search,,2025-01-16 07:51:54,"{""info"": ""Sample log data"", ""session_id"": 3102}"
2967,326,click,14.0,2023-06-20 02:06:35,"{""info"": ""Sample log data"", ""session_id"": 1638}"
2968,102,search,10.0,2020-08-19 01:34:35,"{""info"": ""Sample log data"", ""session_id"": 2611}"
2969,967,booking,13.0,2020-03-20 23:20:05,"{""info"": ""Sample log data"", ""session_id"": 9275}"
2970,118,click,,2020-12-09 14:40:30,"{""info"": ""Sample log data"", ""session_id"": 3223}"
2971,678,click,,2022-08-08 09:50:30,"{""info"": ""Sample log data"", ""session_id"": 2259}"
2972,344,booking,10.0,2023-01-10 20:57:26,"{""info"": ""Sample log data"", ""session_id"": 5336}"
2973,652,click,,2020-05-16 13:19:12,"{""info"": ""Sample log data"", ""session_id"": 3435}"
2974,415,review_submission,5.0,2024-01-28 20:00:25,"{""info"": ""Sample log data"", ""session_id"": 4978}"
2975,546,review_submission,,2023-09-20 18:50:46,"{""info"": ""Sample log data"", ""session_id"": 5562}"
2976,562,search,2.0,2022-11-04 13:19:39,"{""info"": ""Sample log data"", ""session_id"": 2148}"
2977,976,click,10.0,2023-12-26 01:00:38,"{""info"": ""Sample log data"", ""session_id"": 3431}"
2978,839,booking,4.0,2023-08-16 17:51:14,"{""info"": ""Sample log data"", ""session_id"": 9072}"
2979,483,review_submission,10.0,2023-04-12 10:32:04,"{""info"": ""Sample log data"", ""session_id"": 8463}"
2980,470,search,,2020-01-10 11:01:36,"{""info"": ""Sample log data"", ""session_id"": 9366}"
2981,708,click,5.0,2024-04-12 18:02:08,"{""info"": ""Sample log data"", ""session_id"": 4655}"
2982,649,booking,2.0,2021-08-16 09:38:53,"{""info"": ""Sample log data"", ""session_id"": 2590}"
2983,364,review_submission,10.0,2020-06-19 03:22:50,"{""info"": ""Sample log data"", ""session_id"": 3953}"
2984,688,click,,2023-04-12 05:22:24,"{""info"": ""Sample log data"", ""session_id"": 2374}"
2985,849,review_submission,11.0,2020-02-20 04:20:42,"{""info"": ""Sample log data"", ""session_id"": 2349}"
2986,457,click,,2020-12-29 22:13:27,"{""info"": ""Sample log data"", ""session_id"": 3300}"
2987,391,review_submission,,2024-12-26 23:16:49,"{""info"": ""Sample log data"", ""session_id"": 7934}"
2988,795,search,2.0,2024-09-19 07:42:04,"{""info"": ""Sample log data"", ""session_id"": 5437}"
2989,2,click,10.0,2024-10-30 16:07:29,"{""info"": ""Sample log data"", ""session_id"": 3957}"
2990,675,review_submission,,2021-11-03 04:28:43,"{""info"": ""Sample log data"", ""session_id"": 7750}"
2991,22,review_submission,4.0,2021-11-09 23:49:18,"{""info"": ""Sample log data"", ""session_id"": 6676}"
2992,46,review_submission,,2024-03-12 09:38:01,"{""info"": ""Sample log data"", ""session_id"": 8015}"
2993,9,booking,6.0,2024-06-22 14:47:40,"{""info"": ""Sample log data"", ""session_id"": 1434}"
2994,665,search,6.0,2020-06-14 17:14:58,"{""info"": ""Sample log data"", ""session_id"": 9984}"
2995,224,search,7.0,2023-01-25 16:16:16,"{""info"": ""Sample log data"", ""session_id"": 1785}"
2996,709,search,,2023-09-01 07:40:12,"{""info"": ""Sample log data"", ""session_id"": 5833}"
2997,320,search,,2020-07-28 19:21:38,"{""info"": ""Sample log data"", ""session_id"": 3077}"
2998,268,click,7.0,2023-05-04 06:18:21,"{""info"": ""Sample log data"", ""session_id"": 1789}"
2999,381,search,12.0,2025-01-26 09:48:50,"{""info"": ""Sample log data"", ""session_id"": 1693}"
3000,451,review_submission,2.0,2024-04-17 05:08:10,"{""info"": ""Sample log data"", ""session_id"": 2795}"
3001,760,booking,10.0,2023-07-07 07:46:46,"{""info"": ""Sample log data"", ""session_id"": 9082}"
3002,535,booking,10.0,2022-01-06 08:45:47,"{""info"": ""Sample log data"", ""session_id"": 3194}"
3003,858,search,,2022-05-17 01:57:15,"{""info"": ""Sample log data"", ""session_id"": 2533}"
3004,998,search,,2023-09-14 21:45:55,"{""info"": ""Sample log data"", ""session_id"": 8190}"
3005,341,booking,1.0,2022-05-17 01:27:34,"{""info"": ""Sample log data"", ""session_id"": 4084}"
3006,846,review_submission,6.0,2020-11-22 21:28:04,"{""info"": ""Sample log data"", ""session_id"": 6446}"
3007,839,review_submission,6.0,2021-07-05 01:08:51,"{""info"": ""Sample log data"", ""session_id"": 6279}"
3008,54,click,,2020-04-21 03:50:05,"{""info"": ""Sample log data"", ""session_id"": 4241}"
3009,970,search,,2024-03-20 02:13:55,"{""info"": ""Sample log data"", ""session_id"": 5769}"
3010,569,review_submission,,2023-05-14 04:42:00,"{""info"": ""Sample log data"", ""session_id"": 8732}"
3011,975,booking,14.0,2022-10-06 17:04:00,"{""info"": ""Sample log data"", ""session_id"": 2228}"
3012,910,booking,,2024-03-14 04:34:09,"{""info"": ""Sample log data"", ""session_id"": 5660}"
3013,207,click,8.0,2024-05-28 17:51:30,"{""info"": ""Sample log data"", ""session_id"": 2714}"
3014,175,search,8.0,2020-03-21 01:33:10,"{""info"": ""Sample log data"", ""session_id"": 4399}"
3015,505,search,14.0,2020-12-25 09:26:54,"{""info"": ""Sample log data"", ""session_id"": 1050}"
3016,256,click,13.0,2024-04-11 01:50:55,"{""info"": ""Sample log data"", ""session_id"": 3494}"
3017,868,click,5.0,2023-06-12 08:04:45,"{""info"": ""Sample log data"", ""session_id"": 1157}"
3018,612,search,,2022-12-15 15:11:59,"{""info"": ""Sample log data"", ""session_id"": 9012}"
3019,722,booking,,2023-05-23 08:43:06,"{""info"": ""Sample log data"", ""session_id"": 2382}"
3020,577,search,,2022-03-21 01:30:34,"{""info"": ""Sample log data"", ""session_id"": 6118}"
3021,273,search,5.0,2025-01-07 00:08:37,"{""info"": ""Sample log data"", ""session_id"": 5733}"
3022,763,review_submission,12.0,2023-09-10 22:04:48,"{""info"": ""Sample log data"", ""session_id"": 3315}"
3023,129,click,,2021-02-14 20:03:21,"{""info"": ""Sample log data"", ""session_id"": 8070}"
3024,108,search,,2020-04-26 19:53:29,"{""info"": ""Sample log data"", ""session_id"": 3775}"
3025,742,review_submission,1.0,2024-06-13 14:19:29,"{""info"": ""Sample log data"", ""session_id"": 5952}"
3026,872,review_submission,,2024-12-21 16:15:25,"{""info"": ""Sample log data"", ""session_id"": 3328}"
3027,925,search,,2023-04-05 03:00:54,"{""info"": ""Sample log data"", ""session_id"": 9862}"
3028,520,review_submission,5.0,2021-08-19 10:42:55,"{""info"": ""Sample log data"", ""session_id"": 8369}"
3029,282,booking,4.0,2024-07-11 14:48:41,"{""info"": ""Sample log data"", ""session_id"": 1698}"
3030,181,click,,2024-09-24 20:31:55,"{""info"": ""Sample log data"", ""session_id"": 8223}"
3031,421,search,,2022-08-01 10:36:12,"{""info"": ""Sample log data"", ""session_id"": 5178}"
3032,230,click,,2021-12-21 07:46:43,"{""info"": ""Sample log data"", ""session_id"": 7188}"
3033,790,search,10.0,2024-05-10 00:13:41,"{""info"": ""Sample log data"", ""session_id"": 6395}"
3034,449,booking,,2022-08-08 14:03:11,"{""info"": ""Sample log data"", ""session_id"": 8254}"
3035,402,click,2.0,2022-03-03 00:45:37,"{""info"": ""Sample log data"", ""session_id"": 3944}"
3036,728,search,1.0,2022-06-06 01:13:57,"{""info"": ""Sample log data"", ""session_id"": 3718}"
3037,658,review_submission,,2021-05-02 23:58:30,"{""info"": ""Sample log data"", ""session_id"": 4320}"
3038,303,review_submission,12.0,2022-09-12 22:56:13,"{""info"": ""Sample log data"", ""session_id"": 2136}"
3039,809,click,,2024-03-08 09:39:02,"{""info"": ""Sample log data"", ""session_id"": 7606}"
3040,753,search,,2020-05-17 09:37:48,"{""info"": ""Sample log data"", ""session_id"": 2452}"
3041,21,review_submission,,2024-04-20 01:49:16,"{""info"": ""Sample log data"", ""session_id"": 8303}"
3042,515,click,,2021-02-06 03:20:48,"{""info"": ""Sample log data"", ""session_id"": 7054}"
3043,868,review_submission,6.0,2024-11-26 12:59:09,"{""info"": ""Sample log data"", ""session_id"": 4580}"
3044,571,booking,5.0,2022-07-22 18:07:42,"{""info"": ""Sample log data"", ""session_id"": 5826}"
3045,642,booking,1.0,2024-11-19 04:01:29,"{""info"": ""Sample log data"", ""session_id"": 7543}"
3046,199,click,,2023-03-17 07:57:29,"{""info"": ""Sample log data"", ""session_id"": 7390}"
3047,618,search,9.0,2022-03-10 23:50:05,"{""info"": ""Sample log data"", ""session_id"": 5820}"
3048,622,review_submission,1.0,2023-06-10 12:14:48,"{""info"": ""Sample log data"", ""session_id"": 6418}"
3049,231,click,11.0,2020-08-26 09:17:07,"{""info"": ""Sample log data"", ""session_id"": 6645}"
3050,679,click,,2020-02-21 17:50:47,"{""info"": ""Sample log data"", ""session_id"": 8639}"
3051,914,search,10.0,2022-06-24 14:52:00,"{""info"": ""Sample log data"", ""session_id"": 9632}"
3052,713,review_submission,,2020-03-12 01:39:37,"{""info"": ""Sample log data"", ""session_id"": 2240}"
3053,368,search,9.0,2022-01-11 18:19:53,"{""info"": ""Sample log data"", ""session_id"": 5540}"
3054,829,booking,2.0,2024-06-27 20:37:36,"{""info"": ""Sample log data"", ""session_id"": 3440}"
3055,618,booking,,2020-09-27 04:20:57,"{""info"": ""Sample log data"", ""session_id"": 9322}"
3056,214,click,,2024-10-06 01:41:21,"{""info"": ""Sample log data"", ""session_id"": 9534}"
3057,111,booking,,2022-08-13 13:46:21,"{""info"": ""Sample log data"", ""session_id"": 3370}"
3058,905,booking,,2022-08-16 12:18:30,"{""info"": ""Sample log data"", ""session_id"": 4643}"
3059,539,click,1.0,2025-01-22 01:57:37,"{""info"": ""Sample log data"", ""session_id"": 6825}"
3060,846,search,11.0,2023-10-09 05:36:52,"{""info"": ""Sample log data"", ""session_id"": 9329}"
3061,439,review_submission,,2022-11-03 20:29:17,"{""info"": ""Sample log data"", ""session_id"": 1009}"
3062,36,booking,,2024-02-13 05:44:16,"{""info"": ""Sample log data"", ""session_id"": 7287}"
3063,731,search,11.0,2023-05-04 07:59:41,"{""info"": ""Sample log data"", ""session_id"": 8411}"
3064,214,click,7.0,2022-04-16 03:18:04,"{""info"": ""Sample log data"", ""session_id"": 3961}"
3065,996,booking,,2020-09-19 15:23:13,"{""info"": ""Sample log data"", ""session_id"": 6837}"
3066,783,search,,2021-11-26 14:46:42,"{""info"": ""Sample log data"", ""session_id"": 3454}"
3067,631,booking,,2020-07-19 01:16:16,"{""info"": ""Sample log data"", ""session_id"": 5509}"
3068,521,click,,2022-01-22 02:34:25,"{""info"": ""Sample log data"", ""session_id"": 7825}"
3069,309,booking,,2024-06-26 20:50:05,"{""info"": ""Sample log data"", ""session_id"": 3653}"
3070,713,review_submission,,2024-03-19 07:50:27,"{""info"": ""Sample log data"", ""session_id"": 8767}"
3071,208,search,,2020-07-31 05:56:58,"{""info"": ""Sample log data"", ""session_id"": 5266}"
3072,892,review_submission,1.0,2024-03-10 10:58:51,"{""info"": ""Sample log data"", ""session_id"": 5176}"
3073,785,search,,2022-08-10 11:48:48,"{""info"": ""Sample log data"", ""session_id"": 1420}"
3074,920,search,1.0,2022-10-14 04:59:53,"{""info"": ""Sample log data"", ""session_id"": 7755}"
3075,693,click,,2023-08-18 11:36:14,"{""info"": ""Sample log data"", ""session_id"": 3071}"
3076,457,click,,2024-01-23 18:51:48,"{""info"": ""Sample log data"", ""session_id"": 8840}"
3077,392,booking,5.0,2021-02-20 12:41:58,"{""info"": ""Sample log data"", ""session_id"": 4676}"
3078,305,review_submission,13.0,2022-05-29 14:57:30,"{""info"": ""Sample log data"", ""session_id"": 6645}"
3079,118,click,,2020-01-21 05:22:21,"{""info"": ""Sample log data"", ""session_id"": 3092}"
3080,545,click,,2023-09-02 18:01:08,"{""info"": ""Sample log data"", ""session_id"": 6600}"
3081,186,click,,2024-01-27 04:49:15,"{""info"": ""Sample log data"", ""session_id"": 6930}"
3082,398,click,,2022-02-21 09:16:18,"{""info"": ""Sample log data"", ""session_id"": 6587}"
3083,691,booking,1.0,2022-08-05 10:48:18,"{""info"": ""Sample log data"", ""session_id"": 9358}"
3084,775,click,,2023-01-27 08:39:35,"{""info"": ""Sample log data"", ""session_id"": 6865}"
3085,338,click,,2021-06-10 15:36:51,"{""info"": ""Sample log data"", ""session_id"": 3968}"
3086,703,search,,2023-09-22 22:11:52,"{""info"": ""Sample log data"", ""session_id"": 1550}"
3087,340,booking,,2023-05-20 16:07:23,"{""info"": ""Sample log data"", ""session_id"": 6866}"
3088,517,click,10.0,2020-07-30 11:05:08,"{""info"": ""Sample log data"", ""session_id"": 8675}"
3089,395,click,,2020-07-12 23:37:28,"{""info"": ""Sample log data"", ""session_id"": 5465}"
3090,879,click,,2021-03-31 22:04:52,"{""info"": ""Sample log data"", ""session_id"": 9510}"
3091,462,search,,2024-05-27 10:56:47,"{""info"": ""Sample log data"", ""session_id"": 4823}"
3092,278,booking,4.0,2021-02-12 09:54:13,"{""info"": ""Sample log data"", ""session_id"": 8637}"
3093,921,click,,2022-08-23 09:51:02,"{""info"": ""Sample log data"", ""session_id"": 5428}"
3094,894,click,,2020-07-07 13:13:07,"{""info"": ""Sample log data"", ""session_id"": 3553}"
3095,631,booking,14.0,2022-07-25 20:41:51,"{""info"": ""Sample log data"", ""session_id"": 7951}"
3096,528,review_submission,12.0,2024-08-02 10:20:50,"{""info"": ""Sample log data"", ""session_id"": 8395}"
3097,411,click,,2021-06-24 21:45:24,"{""info"": ""Sample log data"", ""session_id"": 8989}"
3098,170,booking,,2020-11-17 20:56:45,"{""info"": ""Sample log data"", ""session_id"": 2825}"
3099,360,review_submission,,2021-08-24 06:33:14,"{""info"": ""Sample log data"", ""session_id"": 8871}"
3100,801,search,,2021-01-15 21:15:50,"{""info"": ""Sample log data"", ""session_id"": 7613}"
3101,161,search,,2021-10-19 12:06:09,"{""info"": ""Sample log data"", ""session_id"": 7194}"
3102,955,review_submission,14.0,2021-12-29 17:05:06,"{""info"": ""Sample log data"", ""session_id"": 9643}"
3103,740,review_submission,4.0,2022-06-25 11:28:35,"{""info"": ""Sample log data"", ""session_id"": 1328}"
3104,716,click,2.0,2023-05-20 22:14:38,"{""info"": ""Sample log data"", ""session_id"": 7965}"
3105,426,search,7.0,2022-08-23 08:34:23,"{""info"": ""Sample log data"", ""session_id"": 7506}"
3106,633,review_submission,,2021-06-19 07:04:35,"{""info"": ""Sample log data"", ""session_id"": 2245}"
3107,515,click,,2023-12-13 23:21:29,"{""info"": ""Sample log data"", ""session_id"": 3971}"
3108,129,booking,,2024-09-11 03:39:08,"{""info"": ""Sample log data"", ""session_id"": 7940}"
3109,451,search,,2020-11-14 10:57:25,"{""info"": ""Sample log data"", ""session_id"": 7429}"
3110,863,review_submission,,2024-05-30 21:29:21,"{""info"": ""Sample log data"", ""session_id"": 6886}"
3111,472,click,,2024-07-25 16:58:42,"{""info"": ""Sample log data"", ""session_id"": 7071}"
3112,709,click,,2021-04-15 04:18:01,"{""info"": ""Sample log data"", ""session_id"": 9237}"
3113,57,search,13.0,2022-06-27 04:31:20,"{""info"": ""Sample log data"", ""session_id"": 2149}"
3114,229,review_submission,,2022-11-25 19:37:07,"{""info"": ""Sample log data"", ""session_id"": 5413}"
3115,132,booking,8.0,2020-07-22 11:00:26,"{""info"": ""Sample log data"", ""session_id"": 6666}"
3116,897,booking,9.0,2021-07-15 12:22:38,"{""info"": ""Sample log data"", ""session_id"": 2084}"
3117,571,search,,2020-09-18 17:46:19,"{""info"": ""Sample log data"", ""session_id"": 8284}"
3118,95,search,8.0,2023-09-12 19:54:17,"{""info"": ""Sample log data"", ""session_id"": 8474}"
3119,484,review_submission,11.0,2020-12-29 09:50:52,"{""info"": ""Sample log data"", ""session_id"": 4432}"
3120,100,review_submission,,2022-08-29 13:38:40,"{""info"": ""Sample log data"", ""session_id"": 4994}"
3121,567,click,,2022-07-08 14:24:10,"{""info"": ""Sample log data"", ""session_id"": 3643}"
3122,358,booking,1.0,2023-01-25 19:03:04,"{""info"": ""Sample log data"", ""session_id"": 5011}"
3123,249,click,14.0,2020-04-12 17:26:46,"{""info"": ""Sample log data"", ""session_id"": 2642}"
3124,165,booking,,2023-11-02 16:26:53,"{""info"": ""Sample log data"", ""session_id"": 6365}"
3125,788,search,,2024-11-08 13:00:13,"{""info"": ""Sample log data"", ""session_id"": 8356}"
3126,483,search,4.0,2024-01-31 14:01:03,"{""info"": ""Sample log data"", ""session_id"": 1030}"
3127,370,review_submission,9.0,2023-02-22 14:08:52,"{""info"": ""Sample log data"", ""session_id"": 4214}"
3128,192,search,,2021-11-03 08:11:38,"{""info"": ""Sample log data"", ""session_id"": 6402}"
3129,314,booking,7.0,2023-05-15 11:41:51,"{""info"": ""Sample log data"", ""session_id"": 8714}"
3130,631,click,,2021-12-31 23:12:45,"{""info"": ""Sample log data"", ""session_id"": 7870}"
3131,648,booking,,2022-08-19 08:36:37,"{""info"": ""Sample log data"", ""session_id"": 9319}"
3132,898,search,,2021-08-25 16:45:02,"{""info"": ""Sample log data"", ""session_id"": 3167}"
3133,803,review_submission,,2021-08-22 06:37:24,"{""info"": ""Sample log data"", ""session_id"": 3287}"
3134,649,search,7.0,2022-05-03 15:08:01,"{""info"": ""Sample log data"", ""session_id"": 3303}"
3135,889,booking,3.0,2020-08-25 06:29:17,"{""info"": ""Sample log data"", ""session_id"": 2467}"
3136,629,click,,2022-03-27 00:10:35,"{""info"": ""Sample log data"", ""session_id"": 4481}"
3137,658,booking,,2024-02-10 14:33:32,"{""info"": ""Sample log data"", ""session_id"": 9871}"
3138,922,click,1.0,2024-04-10 15:30:57,"{""info"": ""Sample log data"", ""session_id"": 8866}"
3139,138,search,2.0,2020-02-27 13:00:23,"{""info"": ""Sample log data"", ""session_id"": 4531}"
3140,524,click,12.0,2024-12-30 08:54:20,"{""info"": ""Sample log data"", ""session_id"": 1670}"
3141,108,booking,,2022-12-21 11:24:10,"{""info"": ""Sample log data"", ""session_id"": 5883}"
3142,502,review_submission,,2024-10-02 03:58:34,"{""info"": ""Sample log data"", ""session_id"": 1997}"
3143,741,review_submission,9.0,2022-01-07 20:05:40,"{""info"": ""Sample log data"", ""session_id"": 1624}"
3144,318,search,,2022-04-19 03:24:47,"{""info"": ""Sample log data"", ""session_id"": 7881}"
3145,534,search,2.0,2021-01-03 04:24:18,"{""info"": ""Sample log data"", ""session_id"": 5492}"
3146,217,click,7.0,2023-01-16 10:00:31,"{""info"": ""Sample log data"", ""session_id"": 9087}"
3147,269,click,3.0,2020-11-30 16:25:29,"{""info"": ""Sample log data"", ""session_id"": 2961}"
3148,932,booking,,2021-02-08 01:26:08,"{""info"": ""Sample log data"", ""session_id"": 2343}"
3149,777,review_submission,10.0,2025-01-26 16:27:59,"{""info"": ""Sample log data"", ""session_id"": 7208}"
3150,863,search,10.0,2021-12-30 22:38:35,"{""info"": ""Sample log data"", ""session_id"": 7214}"
3151,300,search,,2022-09-11 20:48:41,"{""info"": ""Sample log data"", ""session_id"": 3110}"
3152,19,booking,,2024-08-11 00:55:42,"{""info"": ""Sample log data"", ""session_id"": 4342}"
3153,806,review_submission,1.0,2020-08-19 13:10:22,"{""info"": ""Sample log data"", ""session_id"": 7890}"
3154,845,search,2.0,2022-11-23 08:40:13,"{""info"": ""Sample log data"", ""session_id"": 4550}"
3155,760,review_submission,,2022-06-26 04:18:26,"{""info"": ""Sample log data"", ""session_id"": 4444}"
3156,624,booking,6.0,2022-04-08 18:29:22,"{""info"": ""Sample log data"", ""session_id"": 9075}"
3157,213,click,1.0,2024-12-17 12:45:49,"{""info"": ""Sample log data"", ""session_id"": 7783}"
3158,35,search,6.0,2022-11-06 02:10:47,"{""info"": ""Sample log data"", ""session_id"": 4300}"
3159,824,search,6.0,2021-07-10 08:11:53,"{""info"": ""Sample log data"", ""session_id"": 6634}"
3160,989,review_submission,12.0,2022-08-15 17:51:18,"{""info"": ""Sample log data"", ""session_id"": 9958}"
3161,760,search,,2025-01-25 12:26:11,"{""info"": ""Sample log data"", ""session_id"": 9117}"
3162,45,booking,,2024-09-09 00:57:51,"{""info"": ""Sample log data"", ""session_id"": 6414}"
3163,331,booking,,2024-11-06 11:00:45,"{""info"": ""Sample log data"", ""session_id"": 4445}"
3164,167,booking,,2023-10-31 13:16:46,"{""info"": ""Sample log data"", ""session_id"": 5738}"
3165,103,search,11.0,2023-02-22 07:45:26,"{""info"": ""Sample log data"", ""session_id"": 4260}"
3166,581,search,11.0,2021-12-29 09:33:04,"{""info"": ""Sample log data"", ""session_id"": 9406}"
3167,660,search,,2023-05-28 22:17:35,"{""info"": ""Sample log data"", ""session_id"": 9152}"
3168,452,search,,2021-04-27 02:34:47,"{""info"": ""Sample log data"", ""session_id"": 2187}"
3169,520,booking,,2024-07-06 15:38:30,"{""info"": ""Sample log data"", ""session_id"": 1701}"
3170,268,click,,2021-03-24 15:32:01,"{""info"": ""Sample log data"", ""session_id"": 1229}"
3171,34,click,,2024-02-12 22:46:09,"{""info"": ""Sample log data"", ""session_id"": 9420}"
3172,810,click,10.0,2021-08-18 16:18:13,"{""info"": ""Sample log data"", ""session_id"": 8835}"
3173,25,click,,2021-10-02 11:40:32,"{""info"": ""Sample log data"", ""session_id"": 2352}"
3174,158,search,,2024-10-27 05:00:06,"{""info"": ""Sample log data"", ""session_id"": 6011}"
3175,532,booking,4.0,2023-11-20 13:53:53,"{""info"": ""Sample log data"", ""session_id"": 5128}"
3176,533,review_submission,9.0,2021-08-09 18:55:42,"{""info"": ""Sample log data"", ""session_id"": 5199}"
3177,999,search,,2020-12-31 08:18:38,"{""info"": ""Sample log data"", ""session_id"": 5485}"
3178,15,booking,1.0,2024-09-15 19:51:18,"{""info"": ""Sample log data"", ""session_id"": 2654}"
3179,249,review_submission,,2020-04-14 00:33:52,"{""info"": ""Sample log data"", ""session_id"": 1038}"
3180,39,booking,,2022-08-03 19:12:57,"{""info"": ""Sample log data"", ""session_id"": 2788}"
3181,742,click,11.0,2022-02-18 07:46:19,"{""info"": ""Sample log data"", ""session_id"": 9295}"
3182,948,search,,2022-10-07 20:31:11,"{""info"": ""Sample log data"", ""session_id"": 3710}"
3183,326,booking,,2021-03-29 22:35:31,"{""info"": ""Sample log data"", ""session_id"": 6295}"
3184,863,booking,7.0,2022-04-23 17:28:07,"{""info"": ""Sample log data"", ""session_id"": 5406}"
3185,104,click,,2020-07-09 06:48:16,"{""info"": ""Sample log data"", ""session_id"": 2026}"
3186,934,search,10.0,2021-02-05 10:02:43,"{""info"": ""Sample log data"", ""session_id"": 2985}"
3187,342,click,,2020-12-01 03:30:35,"{""info"": ""Sample log data"", ""session_id"": 9130}"
3188,826,review_submission,2.0,2020-10-26 00:00:32,"{""info"": ""Sample log data"", ""session_id"": 6044}"
3189,528,click,,2020-04-27 09:22:44,"{""info"": ""Sample log data"", ""session_id"": 7655}"
3190,768,booking,13.0,2023-07-01 22:42:24,"{""info"": ""Sample log data"", ""session_id"": 2251}"
3191,135,search,,2024-10-16 23:20:45,"{""info"": ""Sample log data"", ""session_id"": 5891}"
3192,529,search,12.0,2020-01-06 17:39:20,"{""info"": ""Sample log data"", ""session_id"": 2261}"
3193,66,click,12.0,2021-11-12 04:31:48,"{""info"": ""Sample log data"", ""session_id"": 1375}"
3194,126,review_submission,,2022-11-13 19:54:15,"{""info"": ""Sample log data"", ""session_id"": 7040}"
3195,641,review_submission,,2022-02-02 11:29:56,"{""info"": ""Sample log data"", ""session_id"": 4059}"
3196,227,click,,2020-11-04 22:50:48,"{""info"": ""Sample log data"", ""session_id"": 5807}"
3197,247,booking,,2021-06-11 18:08:27,"{""info"": ""Sample log data"", ""session_id"": 3870}"
3198,822,search,,2022-03-30 17:15:52,"{""info"": ""Sample log data"", ""session_id"": 1913}"
3199,322,click,9.0,2022-11-30 20:28:32,"{""info"": ""Sample log data"", ""session_id"": 7016}"
3200,8,booking,3.0,2023-09-16 14:00:30,"{""info"": ""Sample log data"", ""session_id"": 9903}"
3201,237,review_submission,,2023-10-16 11:16:14,"{""info"": ""Sample log data"", ""session_id"": 9058}"
3202,184,search,,2021-07-28 20:27:44,"{""info"": ""Sample log data"", ""session_id"": 8649}"
3203,294,search,,2024-12-16 08:09:45,"{""info"": ""Sample log data"", ""session_id"": 2303}"
3204,939,booking,,2024-11-13 21:48:10,"{""info"": ""Sample log data"", ""session_id"": 9338}"
3205,766,search,,2022-11-10 09:16:32,"{""info"": ""Sample log data"", ""session_id"": 2492}"
3206,566,booking,,2023-02-17 11:50:46,"{""info"": ""Sample log data"", ""session_id"": 3743}"
3207,638,review_submission,5.0,2022-09-13 05:29:35,"{""info"": ""Sample log data"", ""session_id"": 3302}"
3208,142,search,8.0,2021-02-02 08:24:01,"{""info"": ""Sample log data"", ""session_id"": 6005}"
3209,145,booking,,2021-06-17 01:12:56,"{""info"": ""Sample log data"", ""session_id"": 9761}"
3210,62,click,1.0,2020-08-24 08:12:53,"{""info"": ""Sample log data"", ""session_id"": 8519}"
3211,177,review_submission,6.0,2022-01-27 23:47:35,"{""info"": ""Sample log data"", ""session_id"": 5304}"
3212,150,search,,2024-03-04 08:52:21,"{""info"": ""Sample log data"", ""session_id"": 9449}"
3213,772,search,4.0,2022-06-23 03:15:44,"{""info"": ""Sample log data"", ""session_id"": 6945}"
3214,982,review_submission,,2021-12-06 16:25:12,"{""info"": ""Sample log data"", ""session_id"": 1992}"
3215,224,search,,2020-07-22 00:17:27,"{""info"": ""Sample log data"", ""session_id"": 4598}"
3216,17,search,2.0,2021-10-17 08:21:53,"{""info"": ""Sample log data"", ""session_id"": 2079}"
3217,289,review_submission,,2021-07-28 12:09:50,"{""info"": ""Sample log data"", ""session_id"": 2370}"
3218,289,click,,2024-04-09 04:43:40,"{""info"": ""Sample log data"", ""session_id"": 1455}"
3219,988,booking,6.0,2021-02-17 15:28:23,"{""info"": ""Sample log data"", ""session_id"": 8838}"
3220,989,review_submission,1.0,2023-08-20 22:52:22,"{""info"": ""Sample log data"", ""session_id"": 1869}"
3221,759,booking,,2023-05-26 04:58:37,"{""info"": ""Sample log data"", ""session_id"": 8750}"
3222,628,review_submission,12.0,2022-12-28 04:29:23,"{""info"": ""Sample log data"", ""session_id"": 7600}"
3223,688,review_submission,,2020-08-29 21:22:25,"{""info"": ""Sample log data"", ""session_id"": 2042}"
3224,217,booking,,2023-09-11 19:49:50,"{""info"": ""Sample log data"", ""session_id"": 5750}"
3225,633,review_submission,8.0,2023-10-21 11:41:03,"{""info"": ""Sample log data"", ""session_id"": 7600}"
3226,195,click,,2024-04-21 04:18:01,"{""info"": ""Sample log data"", ""session_id"": 1430}"
3227,969,search,8.0,2020-11-25 04:55:36,"{""info"": ""Sample log data"", ""session_id"": 5631}"
3228,512,booking,,2021-07-25 17:05:13,"{""info"": ""Sample log data"", ""session_id"": 3099}"
3229,47,search,2.0,2024-02-11 10:42:00,"{""info"": ""Sample log data"", ""session_id"": 1134}"
3230,750,booking,3.0,2023-02-21 11:52:11,"{""info"": ""Sample log data"", ""session_id"": 4660}"
3231,242,click,4.0,2022-08-04 03:46:13,"{""info"": ""Sample log data"", ""session_id"": 4805}"
3232,218,search,7.0,2023-09-02 06:04:37,"{""info"": ""Sample log data"", ""session_id"": 7653}"
3233,757,review_submission,,2023-07-08 03:11:53,"{""info"": ""Sample log data"", ""session_id"": 8971}"
3234,41,review_submission,2.0,2024-06-25 11:53:24,"{""info"": ""Sample log data"", ""session_id"": 6414}"
3235,920,search,13.0,2020-12-31 16:38:43,"{""info"": ""Sample log data"", ""session_id"": 7063}"
3236,506,review_submission,3.0,2024-12-15 23:59:14,"{""info"": ""Sample log data"", ""session_id"": 1983}"
3237,936,click,8.0,2022-09-27 07:32:32,"{""info"": ""Sample log data"", ""session_id"": 7044}"
3238,959,review_submission,1.0,2023-06-04 00:54:23,"{""info"": ""Sample log data"", ""session_id"": 5938}"
3239,134,click,7.0,2022-07-28 07:54:38,"{""info"": ""Sample log data"", ""session_id"": 6552}"
3240,817,booking,,2024-12-09 08:29:35,"{""info"": ""Sample log data"", ""session_id"": 4383}"
3241,457,search,,2023-12-05 09:50:00,"{""info"": ""Sample log data"", ""session_id"": 9140}"
3242,355,search,9.0,2023-01-14 02:03:39,"{""info"": ""Sample log data"", ""session_id"": 8528}"
3243,643,search,,2024-06-30 08:35:05,"{""info"": ""Sample log data"", ""session_id"": 5229}"
3244,648,booking,5.0,2020-07-06 19:14:21,"{""info"": ""Sample log data"", ""session_id"": 3558}"
3245,751,review_submission,,2024-04-30 06:41:27,"{""info"": ""Sample log data"", ""session_id"": 5185}"
3246,175,booking,5.0,2023-10-03 21:07:10,"{""info"": ""Sample log data"", ""session_id"": 4356}"
3247,416,review_submission,7.0,2022-06-09 09:52:29,"{""info"": ""Sample log data"", ""session_id"": 6071}"
3248,552,review_submission,,2020-12-28 15:51:05,"{""info"": ""Sample log data"", ""session_id"": 2958}"
3249,552,search,7.0,2024-06-22 11:31:53,"{""info"": ""Sample log data"", ""session_id"": 3765}"
3250,758,review_submission,,2021-11-15 07:47:02,"{""info"": ""Sample log data"", ""session_id"": 5847}"
3251,844,review_submission,,2025-01-01 05:27:28,"{""info"": ""Sample log data"", ""session_id"": 7842}"
3252,449,booking,6.0,2023-12-08 21:48:32,"{""info"": ""Sample log data"", ""session_id"": 4851}"
3253,709,click,11.0,2024-05-23 15:58:34,"{""info"": ""Sample log data"", ""session_id"": 9519}"
3254,108,booking,,2022-10-13 05:45:05,"{""info"": ""Sample log data"", ""session_id"": 5667}"
3255,124,click,,2022-05-11 11:55:09,"{""info"": ""Sample log data"", ""session_id"": 6765}"
3256,352,review_submission,,2020-04-02 21:19:42,"{""info"": ""Sample log data"", ""session_id"": 8541}"
3257,616,search,,2020-06-20 17:12:53,"{""info"": ""Sample log data"", ""session_id"": 6058}"
3258,647,booking,6.0,2020-03-24 06:24:12,"{""info"": ""Sample log data"", ""session_id"": 1322}"
3259,73,review_submission,4.0,2022-03-25 14:16:58,"{""info"": ""Sample log data"", ""session_id"": 2709}"
3260,155,review_submission,,2024-12-31 01:51:45,"{""info"": ""Sample log data"", ""session_id"": 3873}"
3261,112,click,,2023-04-01 12:19:44,"{""info"": ""Sample log data"", ""session_id"": 8336}"
3262,708,click,5.0,2023-02-13 09:15:46,"{""info"": ""Sample log data"", ""session_id"": 6996}"
3263,351,click,6.0,2024-03-27 10:36:19,"{""info"": ""Sample log data"", ""session_id"": 8686}"
3264,296,booking,,2021-04-29 17:10:01,"{""info"": ""Sample log data"", ""session_id"": 7611}"
3265,316,click,,2021-11-02 04:05:25,"{""info"": ""Sample log data"", ""session_id"": 8172}"
3266,316,click,9.0,2021-04-23 05:47:19,"{""info"": ""Sample log data"", ""session_id"": 1387}"
3267,190,click,,2020-08-14 07:39:28,"{""info"": ""Sample log data"", ""session_id"": 1057}"
3268,429,booking,,2020-05-10 08:59:14,"{""info"": ""Sample log data"", ""session_id"": 8497}"
3269,166,review_submission,6.0,2020-07-10 16:45:29,"{""info"": ""Sample log data"", ""session_id"": 2750}"
3270,742,booking,,2023-07-26 22:44:08,"{""info"": ""Sample log data"", ""session_id"": 1771}"
3271,638,review_submission,8.0,2023-09-26 07:14:26,"{""info"": ""Sample log data"", ""session_id"": 3789}"
3272,383,search,1.0,2021-05-14 13:44:45,"{""info"": ""Sample log data"", ""session_id"": 2920}"
3273,753,booking,7.0,2021-07-11 07:05:17,"{""info"": ""Sample log data"", ""session_id"": 1970}"
3274,384,search,,2020-05-09 11:37:03,"{""info"": ""Sample log data"", ""session_id"": 7503}"
3275,916,review_submission,11.0,2022-11-09 07:32:00,"{""info"": ""Sample log data"", ""session_id"": 9863}"
3276,533,booking,,2021-01-28 08:25:07,"{""info"": ""Sample log data"", ""session_id"": 4562}"
3277,407,booking,,2020-08-12 06:53:00,"{""info"": ""Sample log data"", ""session_id"": 2695}"
3278,928,search,13.0,2021-06-14 03:46:44,"{""info"": ""Sample log data"", ""session_id"": 1543}"
3279,551,review_submission,,2020-04-15 22:00:58,"{""info"": ""Sample log data"", ""session_id"": 5873}"
3280,60,review_submission,3.0,2021-08-02 10:31:55,"{""info"": ""Sample log data"", ""session_id"": 2582}"
3281,857,booking,,2022-09-05 19:29:19,"{""info"": ""Sample log data"", ""session_id"": 3041}"
3282,617,review_submission,8.0,2024-11-26 08:52:43,"{""info"": ""Sample log data"", ""session_id"": 7680}"
3283,29,booking,,2023-01-03 17:43:28,"{""info"": ""Sample log data"", ""session_id"": 4839}"
3284,83,booking,11.0,2022-04-20 08:40:17,"{""info"": ""Sample log data"", ""session_id"": 3918}"
3285,184,search,8.0,2022-06-10 01:27:51,"{""info"": ""Sample log data"", ""session_id"": 4555}"
3286,81,search,,2021-06-07 02:45:03,"{""info"": ""Sample log data"", ""session_id"": 3719}"
3287,147,review_submission,,2024-04-23 03:25:46,"{""info"": ""Sample log data"", ""session_id"": 4153}"
3288,752,review_submission,,2021-05-25 18:01:20,"{""info"": ""Sample log data"", ""session_id"": 9859}"
3289,746,review_submission,1.0,2024-02-19 09:39:40,"{""info"": ""Sample log data"", ""session_id"": 7420}"
3290,908,review_submission,,2021-10-25 02:05:57,"{""info"": ""Sample log data"", ""session_id"": 9235}"
3291,782,search,2.0,2020-07-17 00:47:52,"{""info"": ""Sample log data"", ""session_id"": 4385}"
3292,34,booking,3.0,2021-10-07 20:30:15,"{""info"": ""Sample log data"", ""session_id"": 9677}"
3293,228,booking,3.0,2021-10-15 14:37:18,"{""info"": ""Sample log data"", ""session_id"": 8626}"
3294,506,booking,,2022-06-09 04:44:30,"{""info"": ""Sample log data"", ""session_id"": 9589}"
3295,822,search,7.0,2021-08-04 08:21:15,"{""info"": ""Sample log data"", ""session_id"": 5324}"
3296,286,review_submission,,2023-06-27 02:03:08,"{""info"": ""Sample log data"", ""session_id"": 1567}"
3297,286,search,12.0,2023-07-23 01:20:41,"{""info"": ""Sample log data"", ""session_id"": 2717}"
3298,406,booking,,2021-02-07 06:21:23,"{""info"": ""Sample log data"", ""session_id"": 8652}"
3299,600,click,,2020-06-22 00:40:30,"{""info"": ""Sample log data"", ""session_id"": 3167}"
3300,124,booking,,2020-08-28 11:18:39,"{""info"": ""Sample log data"", ""session_id"": 7316}"
3301,628,search,,2023-03-26 18:58:14,"{""info"": ""Sample log data"", ""session_id"": 2193}"
3302,52,click,,2023-02-13 10:21:14,"{""info"": ""Sample log data"", ""session_id"": 5317}"
3303,301,search,10.0,2022-04-03 21:32:33,"{""info"": ""Sample log data"", ""session_id"": 4250}"
3304,502,review_submission,14.0,2021-06-02 17:13:02,"{""info"": ""Sample log data"", ""session_id"": 7790}"
3305,470,search,6.0,2021-09-30 17:30:47,"{""info"": ""Sample log data"", ""session_id"": 6265}"
3306,424,click,,2021-08-03 12:06:51,"{""info"": ""Sample log data"", ""session_id"": 5492}"
3307,407,booking,,2023-05-19 03:06:52,"{""info"": ""Sample log data"", ""session_id"": 1157}"
3308,302,booking,14.0,2020-09-21 04:07:17,"{""info"": ""Sample log data"", ""session_id"": 1513}"
3309,934,review_submission,,2022-01-01 02:41:25,"{""info"": ""Sample log data"", ""session_id"": 3882}"
3310,883,click,,2024-02-16 12:30:24,"{""info"": ""Sample log data"", ""session_id"": 2167}"
3311,779,search,,2024-04-29 09:56:33,"{""info"": ""Sample log data"", ""session_id"": 6517}"
3312,117,click,6.0,2023-11-11 20:32:13,"{""info"": ""Sample log data"", ""session_id"": 3925}"
3313,816,search,,2021-03-09 18:35:18,"{""info"": ""Sample log data"", ""session_id"": 3389}"
3314,134,click,6.0,2024-08-24 05:40:00,"{""info"": ""Sample log data"", ""session_id"": 5214}"
3315,73,review_submission,,2023-04-27 12:03:31,"{""info"": ""Sample log data"", ""session_id"": 2419}"
3316,502,review_submission,,2021-05-17 16:25:08,"{""info"": ""Sample log data"", ""session_id"": 3619}"
3317,686,booking,,2024-06-06 01:55:10,"{""info"": ""Sample log data"", ""session_id"": 9527}"
3318,884,click,,2020-02-13 16:27:01,"{""info"": ""Sample log data"", ""session_id"": 9186}"
3319,600,click,,2020-05-28 01:07:21,"{""info"": ""Sample log data"", ""session_id"": 9417}"
3320,206,click,8.0,2023-05-04 00:52:44,"{""info"": ""Sample log data"", ""session_id"": 2841}"
3321,361,click,,2023-07-12 06:23:52,"{""info"": ""Sample log data"", ""session_id"": 9559}"
3322,416,review_submission,11.0,2024-08-11 05:28:59,"{""info"": ""Sample log data"", ""session_id"": 1362}"
3323,493,booking,,2022-01-11 05:56:09,"{""info"": ""Sample log data"", ""session_id"": 1833}"
3324,26,search,3.0,2024-02-14 09:46:14,"{""info"": ""Sample log data"", ""session_id"": 6973}"
3325,14,click,,2020-02-18 22:53:26,"{""info"": ""Sample log data"", ""session_id"": 5602}"
3326,482,search,10.0,2024-10-06 20:04:31,"{""info"": ""Sample log data"", ""session_id"": 1584}"
3327,241,click,8.0,2022-04-02 21:43:44,"{""info"": ""Sample log data"", ""session_id"": 3326}"
3328,699,search,,2022-06-15 21:50:22,"{""info"": ""Sample log data"", ""session_id"": 8365}"
3329,844,click,8.0,2024-12-03 05:17:42,"{""info"": ""Sample log data"", ""session_id"": 3874}"
3330,647,click,,2024-04-12 17:01:33,"{""info"": ""Sample log data"", ""session_id"": 5560}"
3331,896,booking,5.0,2024-03-29 13:11:39,"{""info"": ""Sample log data"", ""session_id"": 7825}"
3332,760,click,10.0,2022-02-04 23:55:14,"{""info"": ""Sample log data"", ""session_id"": 7475}"
3333,749,click,,2020-04-02 12:29:14,"{""info"": ""Sample log data"", ""session_id"": 8722}"
3334,179,search,,2024-04-09 17:19:30,"{""info"": ""Sample log data"", ""session_id"": 2717}"
3335,646,review_submission,2.0,2025-01-05 14:08:53,"{""info"": ""Sample log data"", ""session_id"": 9293}"
3336,839,search,10.0,2022-03-27 09:48:29,"{""info"": ""Sample log data"", ""session_id"": 1318}"
3337,640,click,,2021-07-03 21:42:29,"{""info"": ""Sample log data"", ""session_id"": 8169}"
3338,151,booking,,2022-10-20 03:06:25,"{""info"": ""Sample log data"", ""session_id"": 3081}"
3339,191,review_submission,,2021-02-26 19:17:15,"{""info"": ""Sample log data"", ""session_id"": 7384}"
3340,501,click,13.0,2024-02-13 21:36:01,"{""info"": ""Sample log data"", ""session_id"": 3940}"
3341,190,click,,2022-12-18 03:38:14,"{""info"": ""Sample log data"", ""session_id"": 4901}"
3342,150,booking,1.0,2023-05-03 23:50:58,"{""info"": ""Sample log data"", ""session_id"": 4073}"
3343,796,click,,2022-02-26 21:57:55,"{""info"": ""Sample log data"", ""session_id"": 6922}"
3344,99,search,,2022-11-16 21:52:01,"{""info"": ""Sample log data"", ""session_id"": 2122}"
3345,433,search,,2021-06-23 00:22:18,"{""info"": ""Sample log data"", ""session_id"": 5852}"
3346,854,booking,2.0,2021-09-11 04:29:07,"{""info"": ""Sample log data"", ""session_id"": 7967}"
3347,437,search,,2023-12-13 11:55:03,"{""info"": ""Sample log data"", ""session_id"": 6303}"
3348,865,click,,2023-05-12 13:57:39,"{""info"": ""Sample log data"", ""session_id"": 5994}"
3349,929,review_submission,2.0,2024-05-09 20:11:35,"{""info"": ""Sample log data"", ""session_id"": 2404}"
3350,218,click,11.0,2023-11-09 21:30:31,"{""info"": ""Sample log data"", ""session_id"": 3540}"
3351,198,search,10.0,2024-07-27 10:49:00,"{""info"": ""Sample log data"", ""session_id"": 5310}"
3352,997,review_submission,,2020-06-17 10:51:32,"{""info"": ""Sample log data"", ""session_id"": 7730}"
3353,960,click,,2020-07-15 19:47:24,"{""info"": ""Sample log data"", ""session_id"": 7196}"
3354,470,review_submission,,2023-01-08 13:13:04,"{""info"": ""Sample log data"", ""session_id"": 2232}"
3355,965,review_submission,,2024-12-23 11:14:22,"{""info"": ""Sample log data"", ""session_id"": 8255}"
3356,416,search,12.0,2021-03-04 11:26:07,"{""info"": ""Sample log data"", ""session_id"": 4232}"
3357,388,booking,,2020-11-19 13:19:09,"{""info"": ""Sample log data"", ""session_id"": 5740}"
3358,241,review_submission,11.0,2022-04-15 12:31:06,"{""info"": ""Sample log data"", ""session_id"": 4229}"
3359,909,booking,,2020-11-17 20:00:53,"{""info"": ""Sample log data"", ""session_id"": 7850}"
3360,160,review_submission,4.0,2024-03-25 12:39:48,"{""info"": ""Sample log data"", ""session_id"": 8666}"
3361,481,booking,,2021-04-04 13:17:22,"{""info"": ""Sample log data"", ""session_id"": 3967}"
3362,149,search,14.0,2022-07-25 18:51:32,"{""info"": ""Sample log data"", ""session_id"": 3149}"
3363,991,search,,2021-08-18 21:34:18,"{""info"": ""Sample log data"", ""session_id"": 9408}"
3364,95,search,,2023-10-10 16:54:42,"{""info"": ""Sample log data"", ""session_id"": 4342}"
3365,107,review_submission,6.0,2020-04-07 02:32:26,"{""info"": ""Sample log data"", ""session_id"": 3894}"
3366,606,booking,9.0,2024-10-04 08:43:32,"{""info"": ""Sample log data"", ""session_id"": 6356}"
3367,16,click,4.0,2024-01-12 12:39:39,"{""info"": ""Sample log data"", ""session_id"": 2656}"
3368,25,booking,6.0,2022-09-29 08:42:24,"{""info"": ""Sample log data"", ""session_id"": 2434}"
3369,989,click,,2021-09-18 20:04:10,"{""info"": ""Sample log data"", ""session_id"": 5829}"
3370,231,search,,2020-08-29 20:49:16,"{""info"": ""Sample log data"", ""session_id"": 2056}"
3371,916,review_submission,4.0,2022-12-17 22:24:53,"{""info"": ""Sample log data"", ""session_id"": 5279}"
3372,457,search,,2022-03-20 05:56:38,"{""info"": ""Sample log data"", ""session_id"": 4459}"
3373,249,click,,2020-11-30 18:35:58,"{""info"": ""Sample log data"", ""session_id"": 8942}"
3374,821,review_submission,9.0,2021-04-02 01:46:02,"{""info"": ""Sample log data"", ""session_id"": 1534}"
3375,408,click,,2022-11-25 10:11:56,"{""info"": ""Sample log data"", ""session_id"": 1680}"
3376,178,booking,,2021-01-03 03:44:07,"{""info"": ""Sample log data"", ""session_id"": 7842}"
3377,587,search,13.0,2023-08-20 07:50:51,"{""info"": ""Sample log data"", ""session_id"": 3883}"
3378,379,booking,10.0,2020-11-27 17:58:18,"{""info"": ""Sample log data"", ""session_id"": 5955}"
3379,330,click,,2022-11-18 08:11:53,"{""info"": ""Sample log data"", ""session_id"": 2635}"
3380,206,click,,2020-12-10 19:11:50,"{""info"": ""Sample log data"", ""session_id"": 4654}"
3381,425,review_submission,,2023-04-14 08:28:02,"{""info"": ""Sample log data"", ""session_id"": 2339}"
3382,442,search,7.0,2022-09-17 05:17:24,"{""info"": ""Sample log data"", ""session_id"": 5467}"
3383,247,click,8.0,2024-02-13 01:05:45,"{""info"": ""Sample log data"", ""session_id"": 4881}"
3384,392,review_submission,2.0,2024-03-27 17:11:00,"{""info"": ""Sample log data"", ""session_id"": 5254}"
3385,496,search,,2022-01-13 14:29:02,"{""info"": ""Sample log data"", ""session_id"": 2279}"
3386,179,search,,2020-01-02 06:28:32,"{""info"": ""Sample log data"", ""session_id"": 7354}"
3387,637,review_submission,,2023-10-18 14:51:49,"{""info"": ""Sample log data"", ""session_id"": 3307}"
3388,875,search,5.0,2024-09-19 02:48:56,"{""info"": ""Sample log data"", ""session_id"": 8045}"
3389,174,click,2.0,2023-03-17 08:12:52,"{""info"": ""Sample log data"", ""session_id"": 8271}"
3390,566,review_submission,,2022-03-12 02:27:03,"{""info"": ""Sample log data"", ""session_id"": 9051}"
3391,988,booking,1.0,2021-03-22 20:01:34,"{""info"": ""Sample log data"", ""session_id"": 6957}"
3392,353,click,,2022-11-06 10:03:10,"{""info"": ""Sample log data"", ""session_id"": 6344}"
3393,819,search,,2020-11-15 09:50:18,"{""info"": ""Sample log data"", ""session_id"": 8118}"
3394,115,booking,12.0,2024-08-09 09:19:00,"{""info"": ""Sample log data"", ""session_id"": 5454}"
3395,51,click,,2021-01-25 12:53:37,"{""info"": ""Sample log data"", ""session_id"": 7203}"
3396,489,booking,,2023-09-29 01:18:42,"{""info"": ""Sample log data"", ""session_id"": 7851}"
3397,839,search,,2020-10-03 13:15:08,"{""info"": ""Sample log data"", ""session_id"": 5227}"
3398,133,booking,11.0,2022-12-31 14:18:18,"{""info"": ""Sample log data"", ""session_id"": 7427}"
3399,202,review_submission,11.0,2021-11-08 12:20:44,"{""info"": ""Sample log data"", ""session_id"": 9346}"
3400,339,booking,3.0,2021-08-12 18:41:35,"{""info"": ""Sample log data"", ""session_id"": 2898}"
3401,964,click,,2024-02-19 13:06:08,"{""info"": ""Sample log data"", ""session_id"": 9384}"
3402,222,booking,,2024-07-22 14:45:50,"{""info"": ""Sample log data"", ""session_id"": 6976}"
3403,633,search,,2023-12-19 05:43:00,"{""info"": ""Sample log data"", ""session_id"": 7705}"
3404,254,booking,,2024-11-23 06:04:37,"{""info"": ""Sample log data"", ""session_id"": 3425}"
3405,146,booking,,2021-12-04 23:11:37,"{""info"": ""Sample log data"", ""session_id"": 8991}"
3406,709,review_submission,,2023-06-13 01:20:10,"{""info"": ""Sample log data"", ""session_id"": 3893}"
3407,515,review_submission,2.0,2023-12-04 16:52:03,"{""info"": ""Sample log data"", ""session_id"": 2898}"
3408,989,review_submission,6.0,2022-11-30 02:05:54,"{""info"": ""Sample log data"", ""session_id"": 6453}"
3409,356,click,,2023-02-21 09:09:16,"{""info"": ""Sample log data"", ""session_id"": 1780}"
3410,436,booking,9.0,2022-03-30 04:36:17,"{""info"": ""Sample log data"", ""session_id"": 9816}"
3411,423,click,13.0,2024-11-17 12:51:17,"{""info"": ""Sample log data"", ""session_id"": 8564}"
3412,721,click,,2022-10-07 13:57:36,"{""info"": ""Sample log data"", ""session_id"": 5533}"
3413,125,review_submission,10.0,2022-07-18 14:11:31,"{""info"": ""Sample log data"", ""session_id"": 4593}"
3414,88,booking,10.0,2022-03-29 01:43:06,"{""info"": ""Sample log data"", ""session_id"": 3603}"
3415,933,search,,2022-08-21 04:54:14,"{""info"": ""Sample log data"", ""session_id"": 1543}"
3416,594,review_submission,,2021-04-01 19:30:51,"{""info"": ""Sample log data"", ""session_id"": 6100}"
3417,932,click,,2024-03-16 17:48:13,"{""info"": ""Sample log data"", ""session_id"": 5287}"
3418,34,booking,,2021-05-08 15:16:29,"{""info"": ""Sample log data"", ""session_id"": 8944}"
3419,652,review_submission,13.0,2021-09-16 16:07:04,"{""info"": ""Sample log data"", ""session_id"": 7032}"
3420,258,review_submission,,2021-12-20 03:14:56,"{""info"": ""Sample log data"", ""session_id"": 1819}"
3421,988,review_submission,,2024-11-06 23:31:34,"{""info"": ""Sample log data"", ""session_id"": 9003}"
3422,329,search,11.0,2024-12-15 15:08:40,"{""info"": ""Sample log data"", ""session_id"": 1461}"
3423,405,booking,13.0,2022-05-29 01:56:41,"{""info"": ""Sample log data"", ""session_id"": 1378}"
3424,500,click,14.0,2022-05-21 10:51:54,"{""info"": ""Sample log data"", ""session_id"": 7686}"
3425,106,booking,12.0,2022-04-24 21:46:11,"{""info"": ""Sample log data"", ""session_id"": 2938}"
3426,730,search,8.0,2024-05-13 23:56:20,"{""info"": ""Sample log data"", ""session_id"": 3505}"
3427,578,click,3.0,2024-12-30 09:51:55,"{""info"": ""Sample log data"", ""session_id"": 3351}"
3428,843,booking,2.0,2020-03-29 04:09:48,"{""info"": ""Sample log data"", ""session_id"": 1071}"
3429,184,booking,1.0,2020-10-18 00:22:20,"{""info"": ""Sample log data"", ""session_id"": 5978}"
3430,452,booking,,2021-07-02 07:38:48,"{""info"": ""Sample log data"", ""session_id"": 1898}"
3431,726,booking,,2021-01-28 04:07:13,"{""info"": ""Sample log data"", ""session_id"": 4942}"
3432,494,click,12.0,2022-02-23 08:22:06,"{""info"": ""Sample log data"", ""session_id"": 9102}"
3433,354,review_submission,,2022-08-31 09:57:01,"{""info"": ""Sample log data"", ""session_id"": 7172}"
3434,951,booking,5.0,2023-04-02 09:05:00,"{""info"": ""Sample log data"", ""session_id"": 4799}"
3435,201,click,14.0,2024-09-29 23:09:56,"{""info"": ""Sample log data"", ""session_id"": 9913}"
3436,914,booking,,2022-11-30 13:48:40,"{""info"": ""Sample log data"", ""session_id"": 2084}"
3437,585,search,,2024-10-10 09:01:17,"{""info"": ""Sample log data"", ""session_id"": 4274}"
3438,811,search,9.0,2022-07-04 06:06:02,"{""info"": ""Sample log data"", ""session_id"": 2461}"
3439,214,search,,2020-06-01 08:20:07,"{""info"": ""Sample log data"", ""session_id"": 7645}"
3440,678,booking,,2024-12-12 03:21:55,"{""info"": ""Sample log data"", ""session_id"": 1672}"
3441,207,booking,11.0,2022-06-22 01:01:40,"{""info"": ""Sample log data"", ""session_id"": 2945}"
3442,989,review_submission,,2021-08-27 03:24:42,"{""info"": ""Sample log data"", ""session_id"": 4340}"
3443,292,click,13.0,2023-11-11 04:04:15,"{""info"": ""Sample log data"", ""session_id"": 2819}"
3444,561,click,14.0,2024-07-08 17:54:26,"{""info"": ""Sample log data"", ""session_id"": 3614}"
3445,95,review_submission,11.0,2023-09-09 20:57:37,"{""info"": ""Sample log data"", ""session_id"": 4085}"
3446,583,click,4.0,2024-06-28 16:49:45,"{""info"": ""Sample log data"", ""session_id"": 7163}"
3447,473,search,11.0,2020-03-25 17:38:05,"{""info"": ""Sample log data"", ""session_id"": 9913}"
3448,822,search,3.0,2024-08-09 21:37:33,"{""info"": ""Sample log data"", ""session_id"": 4948}"
3449,909,review_submission,,2020-01-20 11:29:05,"{""info"": ""Sample log data"", ""session_id"": 3300}"
3450,817,booking,,2022-01-14 22:37:18,"{""info"": ""Sample log data"", ""session_id"": 6860}"
3451,434,booking,5.0,2020-08-03 22:54:48,"{""info"": ""Sample log data"", ""session_id"": 4100}"
3452,358,booking,,2021-07-28 04:55:50,"{""info"": ""Sample log data"", ""session_id"": 9574}"
3453,401,click,,2021-05-19 23:56:20,"{""info"": ""Sample log data"", ""session_id"": 6016}"
3454,827,search,11.0,2021-12-20 09:00:16,"{""info"": ""Sample log data"", ""session_id"": 9228}"
3455,720,booking,10.0,2020-06-27 21:30:49,"{""info"": ""Sample log data"", ""session_id"": 4694}"
3456,73,review_submission,,2020-08-21 23:00:30,"{""info"": ""Sample log data"", ""session_id"": 5281}"
3457,329,search,10.0,2020-03-14 05:27:28,"{""info"": ""Sample log data"", ""session_id"": 4133}"
3458,638,booking,,2021-03-06 02:49:02,"{""info"": ""Sample log data"", ""session_id"": 9539}"
3459,917,review_submission,10.0,2022-11-22 07:34:28,"{""info"": ""Sample log data"", ""session_id"": 4859}"
3460,591,search,,2024-02-02 21:16:31,"{""info"": ""Sample log data"", ""session_id"": 4710}"
3461,226,click,9.0,2023-10-13 11:05:13,"{""info"": ""Sample log data"", ""session_id"": 7291}"
3462,994,booking,14.0,2022-07-07 01:08:04,"{""info"": ""Sample log data"", ""session_id"": 9851}"
3463,686,search,14.0,2022-07-20 21:45:08,"{""info"": ""Sample log data"", ""session_id"": 7376}"
3464,401,click,,2024-08-29 02:03:15,"{""info"": ""Sample log data"", ""session_id"": 6653}"
3465,742,booking,12.0,2020-03-25 13:34:40,"{""info"": ""Sample log data"", ""session_id"": 2203}"
3466,2,search,,2022-08-21 10:53:11,"{""info"": ""Sample log data"", ""session_id"": 5960}"
3467,793,booking,,2024-03-06 09:02:16,"{""info"": ""Sample log data"", ""session_id"": 3313}"
3468,5,review_submission,5.0,2023-02-12 11:35:15,"{""info"": ""Sample log data"", ""session_id"": 2717}"
3469,818,review_submission,1.0,2021-02-22 09:32:18,"{""info"": ""Sample log data"", ""session_id"": 3786}"
3470,106,review_submission,,2020-06-18 19:05:52,"{""info"": ""Sample log data"", ""session_id"": 3194}"
3471,353,booking,12.0,2024-11-18 21:16:48,"{""info"": ""Sample log data"", ""session_id"": 2219}"
3472,27,click,3.0,2022-05-02 05:44:33,"{""info"": ""Sample log data"", ""session_id"": 2733}"
3473,741,search,,2021-02-11 18:00:35,"{""info"": ""Sample log data"", ""session_id"": 9326}"
3474,781,search,1.0,2025-01-30 04:48:49,"{""info"": ""Sample log data"", ""session_id"": 8436}"
3475,177,booking,,2022-10-12 02:54:19,"{""info"": ""Sample log data"", ""session_id"": 6852}"
3476,906,search,,2021-10-28 18:07:58,"{""info"": ""Sample log data"", ""session_id"": 8590}"
3477,58,search,,2021-10-19 06:40:06,"{""info"": ""Sample log data"", ""session_id"": 4405}"
3478,719,search,13.0,2021-05-07 00:14:08,"{""info"": ""Sample log data"", ""session_id"": 6717}"
3479,106,review_submission,,2023-09-19 10:00:05,"{""info"": ""Sample log data"", ""session_id"": 9725}"
3480,638,click,2.0,2024-02-28 14:04:21,"{""info"": ""Sample log data"", ""session_id"": 5680}"
3481,428,click,2.0,2021-10-27 03:15:49,"{""info"": ""Sample log data"", ""session_id"": 5962}"
3482,374,booking,9.0,2023-02-15 20:44:53,"{""info"": ""Sample log data"", ""session_id"": 7518}"
3483,960,booking,7.0,2020-07-17 15:05:44,"{""info"": ""Sample log data"", ""session_id"": 3803}"
3484,613,booking,14.0,2024-12-17 18:19:06,"{""info"": ""Sample log data"", ""session_id"": 5979}"
3485,896,booking,,2024-03-28 15:41:58,"{""info"": ""Sample log data"", ""session_id"": 6971}"
3486,941,click,,2023-08-21 11:42:05,"{""info"": ""Sample log data"", ""session_id"": 4210}"
3487,774,review_submission,13.0,2022-12-19 20:09:59,"{""info"": ""Sample log data"", ""session_id"": 7839}"
3488,958,booking,,2024-08-15 06:39:35,"{""info"": ""Sample log data"", ""session_id"": 8019}"
3489,932,booking,,2023-07-21 17:27:56,"{""info"": ""Sample log data"", ""session_id"": 6867}"
3490,921,booking,,2024-02-19 06:17:04,"{""info"": ""Sample log data"", ""session_id"": 1073}"
3491,330,search,,2023-02-09 02:56:40,"{""info"": ""Sample log data"", ""session_id"": 1856}"
3492,406,review_submission,,2022-05-20 02:05:44,"{""info"": ""Sample log data"", ""session_id"": 6523}"
3493,69,search,6.0,2022-08-30 12:06:47,"{""info"": ""Sample log data"", ""session_id"": 3250}"
3494,895,booking,,2020-01-09 15:08:19,"{""info"": ""Sample log data"", ""session_id"": 6085}"
3495,894,click,,2023-03-20 02:33:41,"{""info"": ""Sample log data"", ""session_id"": 9184}"
3496,633,booking,1.0,2022-07-19 05:11:29,"{""info"": ""Sample log data"", ""session_id"": 7511}"
3497,418,search,,2021-11-15 16:07:53,"{""info"": ""Sample log data"", ""session_id"": 9310}"
3498,722,click,,2020-04-08 08:56:18,"{""info"": ""Sample log data"", ""session_id"": 5845}"
3499,105,review_submission,,2022-10-23 00:27:47,"{""info"": ""Sample log data"", ""session_id"": 1000}"
3500,880,click,1.0,2021-07-14 20:11:24,"{""info"": ""Sample log data"", ""session_id"": 6482}"
3501,179,search,3.0,2024-10-09 04:58:37,"{""info"": ""Sample log data"", ""session_id"": 1204}"
3502,179,booking,,2021-02-21 14:42:28,"{""info"": ""Sample log data"", ""session_id"": 9070}"
3503,388,click,6.0,2022-07-01 07:42:37,"{""info"": ""Sample log data"", ""session_id"": 9380}"
3504,476,booking,,2020-10-11 14:58:26,"{""info"": ""Sample log data"", ""session_id"": 6162}"
3505,687,search,,2022-05-06 21:01:40,"{""info"": ""Sample log data"", ""session_id"": 7057}"
3506,772,click,,2021-11-25 17:07:28,"{""info"": ""Sample log data"", ""session_id"": 4719}"
3507,340,booking,10.0,2023-09-08 01:59:48,"{""info"": ""Sample log data"", ""session_id"": 6692}"
3508,229,booking,,2021-03-20 18:14:40,"{""info"": ""Sample log data"", ""session_id"": 3186}"
3509,564,review_submission,,2020-09-02 23:10:37,"{""info"": ""Sample log data"", ""session_id"": 3125}"
3510,8,search,2.0,2024-03-22 16:40:26,"{""info"": ""Sample log data"", ""session_id"": 5946}"
3511,773,review_submission,4.0,2021-01-15 14:17:14,"{""info"": ""Sample log data"", ""session_id"": 2303}"
3512,295,review_submission,4.0,2023-08-09 04:11:15,"{""info"": ""Sample log data"", ""session_id"": 1417}"
3513,579,search,14.0,2022-09-04 03:28:42,"{""info"": ""Sample log data"", ""session_id"": 1047}"
3514,289,booking,,2020-11-12 20:59:10,"{""info"": ""Sample log data"", ""session_id"": 8410}"
3515,922,booking,1.0,2023-01-30 03:43:23,"{""info"": ""Sample log data"", ""session_id"": 9040}"
3516,376,click,,2023-01-16 01:25:07,"{""info"": ""Sample log data"", ""session_id"": 5465}"
3517,173,search,,2021-05-21 03:25:17,"{""info"": ""Sample log data"", ""session_id"": 1273}"
3518,693,booking,14.0,2024-05-14 22:15:34,"{""info"": ""Sample log data"", ""session_id"": 4063}"
3519,559,review_submission,,2024-11-06 18:42:16,"{""info"": ""Sample log data"", ""session_id"": 1590}"
3520,854,review_submission,,2021-06-24 19:28:37,"{""info"": ""Sample log data"", ""session_id"": 6315}"
3521,337,search,,2022-08-23 17:20:05,"{""info"": ""Sample log data"", ""session_id"": 2956}"
3522,343,search,10.0,2024-11-17 15:04:21,"{""info"": ""Sample log data"", ""session_id"": 4359}"
3523,469,booking,,2023-12-18 10:10:59,"{""info"": ""Sample log data"", ""session_id"": 1036}"
3524,857,review_submission,,2020-04-02 01:22:58,"{""info"": ""Sample log data"", ""session_id"": 7585}"
3525,95,review_submission,,2020-12-16 06:53:51,"{""info"": ""Sample log data"", ""session_id"": 4461}"
3526,779,booking,14.0,2021-06-17 20:59:07,"{""info"": ""Sample log data"", ""session_id"": 9879}"
3527,269,click,,2023-01-23 13:47:33,"{""info"": ""Sample log data"", ""session_id"": 6971}"
3528,552,click,,2020-07-10 08:22:46,"{""info"": ""Sample log data"", ""session_id"": 7704}"
3529,598,click,,2020-12-09 01:27:14,"{""info"": ""Sample log data"", ""session_id"": 7137}"
3530,398,booking,10.0,2023-09-13 09:06:32,"{""info"": ""Sample log data"", ""session_id"": 1341}"
3531,872,click,,2021-01-21 13:17:46,"{""info"": ""Sample log data"", ""session_id"": 1318}"
3532,12,click,12.0,2023-01-05 04:58:10,"{""info"": ""Sample log data"", ""session_id"": 2260}"
3533,674,click,,2023-02-09 09:09:20,"{""info"": ""Sample log data"", ""session_id"": 7287}"
3534,598,search,,2021-09-30 10:48:20,"{""info"": ""Sample log data"", ""session_id"": 5274}"
3535,616,booking,,2023-08-07 14:13:21,"{""info"": ""Sample log data"", ""session_id"": 4283}"
3536,210,review_submission,,2025-01-14 01:51:56,"{""info"": ""Sample log data"", ""session_id"": 2393}"
3537,249,review_submission,,2020-01-09 10:42:09,"{""info"": ""Sample log data"", ""session_id"": 2851}"
3538,575,search,11.0,2021-01-07 18:48:39,"{""info"": ""Sample log data"", ""session_id"": 4776}"
3539,240,review_submission,,2021-05-11 14:14:13,"{""info"": ""Sample log data"", ""session_id"": 4415}"
3540,207,search,5.0,2021-06-01 01:31:29,"{""info"": ""Sample log data"", ""session_id"": 5513}"
3541,84,review_submission,,2020-11-01 08:40:05,"{""info"": ""Sample log data"", ""session_id"": 3368}"
3542,502,review_submission,,2022-01-15 14:53:55,"{""info"": ""Sample log data"", ""session_id"": 5025}"
3543,764,review_submission,13.0,2024-05-11 19:35:48,"{""info"": ""Sample log data"", ""session_id"": 2123}"
3544,197,click,3.0,2024-04-25 17:12:57,"{""info"": ""Sample log data"", ""session_id"": 3321}"
3545,186,search,,2024-05-31 15:51:42,"{""info"": ""Sample log data"", ""session_id"": 5812}"
3546,675,click,,2020-12-14 15:23:20,"{""info"": ""Sample log data"", ""session_id"": 9041}"
3547,528,search,,2024-12-26 00:56:46,"{""info"": ""Sample log data"", ""session_id"": 6787}"
3548,488,search,13.0,2022-06-22 19:54:29,"{""info"": ""Sample log data"", ""session_id"": 3313}"
3549,685,booking,10.0,2020-02-16 04:00:58,"{""info"": ""Sample log data"", ""session_id"": 4053}"
3550,524,booking,3.0,2022-05-04 08:59:50,"{""info"": ""Sample log data"", ""session_id"": 2597}"
3551,511,search,12.0,2024-08-02 03:48:43,"{""info"": ""Sample log data"", ""session_id"": 4656}"
3552,873,search,,2024-03-09 04:40:50,"{""info"": ""Sample log data"", ""session_id"": 5518}"
3553,215,booking,1.0,2020-07-03 04:08:59,"{""info"": ""Sample log data"", ""session_id"": 6593}"
3554,757,review_submission,10.0,2022-10-28 18:41:32,"{""info"": ""Sample log data"", ""session_id"": 2488}"
3555,510,click,4.0,2022-12-15 09:48:34,"{""info"": ""Sample log data"", ""session_id"": 9528}"
3556,118,click,7.0,2021-05-19 02:29:23,"{""info"": ""Sample log data"", ""session_id"": 1768}"
3557,84,booking,14.0,2024-02-20 12:40:49,"{""info"": ""Sample log data"", ""session_id"": 7855}"
3558,567,booking,,2021-06-29 20:01:39,"{""info"": ""Sample log data"", ""session_id"": 2332}"
3559,95,review_submission,8.0,2020-06-15 08:25:30,"{""info"": ""Sample log data"", ""session_id"": 7833}"
3560,169,search,9.0,2020-11-24 14:44:42,"{""info"": ""Sample log data"", ""session_id"": 3174}"
3561,275,search,,2023-09-06 09:01:28,"{""info"": ""Sample log data"", ""session_id"": 5660}"
3562,737,booking,11.0,2023-04-23 04:31:03,"{""info"": ""Sample log data"", ""session_id"": 3496}"
3563,849,click,2.0,2022-10-30 15:33:51,"{""info"": ""Sample log data"", ""session_id"": 1718}"
3564,649,search,2.0,2022-04-21 13:00:18,"{""info"": ""Sample log data"", ""session_id"": 5199}"
3565,947,review_submission,,2020-03-25 01:37:39,"{""info"": ""Sample log data"", ""session_id"": 3172}"
3566,840,search,,2024-04-29 13:58:50,"{""info"": ""Sample log data"", ""session_id"": 5203}"
3567,365,booking,,2025-01-18 20:52:07,"{""info"": ""Sample log data"", ""session_id"": 8195}"
3568,145,booking,,2021-03-31 20:46:54,"{""info"": ""Sample log data"", ""session_id"": 1902}"
3569,296,review_submission,,2021-01-25 01:39:10,"{""info"": ""Sample log data"", ""session_id"": 2765}"
3570,459,booking,7.0,2024-11-02 20:16:02,"{""info"": ""Sample log data"", ""session_id"": 5212}"
3571,601,search,,2022-10-08 11:41:50,"{""info"": ""Sample log data"", ""session_id"": 2653}"
3572,894,booking,,2022-08-06 02:29:31,"{""info"": ""Sample log data"", ""session_id"": 7891}"
3573,711,booking,,2024-05-24 16:15:20,"{""info"": ""Sample log data"", ""session_id"": 2117}"
3574,818,booking,,2021-05-12 06:16:19,"{""info"": ""Sample log data"", ""session_id"": 6194}"
3575,138,review_submission,,2022-09-14 23:56:19,"{""info"": ""Sample log data"", ""session_id"": 1281}"
3576,907,click,,2022-01-10 03:44:12,"{""info"": ""Sample log data"", ""session_id"": 2346}"
3577,488,booking,3.0,2022-01-08 04:24:19,"{""info"": ""Sample log data"", ""session_id"": 2604}"
3578,230,review_submission,,2022-11-23 01:36:15,"{""info"": ""Sample log data"", ""session_id"": 5270}"
3579,540,click,10.0,2024-02-24 03:46:11,"{""info"": ""Sample log data"", ""session_id"": 8944}"
3580,496,click,,2021-01-13 23:37:48,"{""info"": ""Sample log data"", ""session_id"": 6931}"
3581,258,click,,2020-12-25 02:41:19,"{""info"": ""Sample log data"", ""session_id"": 3689}"
3582,325,search,12.0,2024-06-25 12:05:35,"{""info"": ""Sample log data"", ""session_id"": 4449}"
3583,282,search,,2024-01-15 04:09:30,"{""info"": ""Sample log data"", ""session_id"": 3251}"
3584,185,click,,2021-03-30 08:18:11,"{""info"": ""Sample log data"", ""session_id"": 1713}"
3585,456,booking,,2022-12-09 13:08:11,"{""info"": ""Sample log data"", ""session_id"": 4547}"
3586,843,review_submission,1.0,2023-08-27 17:03:05,"{""info"": ""Sample log data"", ""session_id"": 4870}"
3587,166,click,,2023-11-17 21:22:24,"{""info"": ""Sample log data"", ""session_id"": 4436}"
3588,232,booking,3.0,2020-01-02 23:56:51,"{""info"": ""Sample log data"", ""session_id"": 9699}"
3589,350,click,,2023-02-10 05:02:06,"{""info"": ""Sample log data"", ""session_id"": 6838}"
3590,699,click,7.0,2021-05-09 08:38:07,"{""info"": ""Sample log data"", ""session_id"": 2435}"
3591,541,booking,,2020-11-06 23:33:43,"{""info"": ""Sample log data"", ""session_id"": 1998}"
3592,571,booking,13.0,2024-06-27 17:20:47,"{""info"": ""Sample log data"", ""session_id"": 3006}"
3593,934,search,,2021-07-17 09:59:23,"{""info"": ""Sample log data"", ""session_id"": 2967}"
3594,509,click,5.0,2020-01-07 10:20:30,"{""info"": ""Sample log data"", ""session_id"": 7745}"
3595,262,click,,2022-11-20 11:38:53,"{""info"": ""Sample log data"", ""session_id"": 4081}"
3596,831,booking,4.0,2022-05-31 17:04:44,"{""info"": ""Sample log data"", ""session_id"": 8434}"
3597,730,search,,2021-01-31 11:54:18,"{""info"": ""Sample log data"", ""session_id"": 1206}"
3598,277,search,14.0,2021-07-29 12:47:15,"{""info"": ""Sample log data"", ""session_id"": 5768}"
3599,152,booking,13.0,2020-04-09 05:13:45,"{""info"": ""Sample log data"", ""session_id"": 1400}"
3600,628,search,,2021-11-29 23:06:37,"{""info"": ""Sample log data"", ""session_id"": 2828}"
3601,386,click,4.0,2022-06-30 12:45:27,"{""info"": ""Sample log data"", ""session_id"": 4725}"
3602,4,review_submission,13.0,2022-08-08 00:42:34,"{""info"": ""Sample log data"", ""session_id"": 5169}"
3603,492,click,14.0,2024-02-18 18:17:24,"{""info"": ""Sample log data"", ""session_id"": 2946}"
3604,918,click,2.0,2023-02-10 12:20:49,"{""info"": ""Sample log data"", ""session_id"": 9122}"
3605,635,review_submission,10.0,2020-06-03 21:05:38,"{""info"": ""Sample log data"", ""session_id"": 3400}"
3606,311,search,10.0,2024-01-02 14:20:20,"{""info"": ""Sample log data"", ""session_id"": 3667}"
3607,288,booking,,2021-07-02 07:27:04,"{""info"": ""Sample log data"", ""session_id"": 1611}"
3608,452,review_submission,10.0,2023-01-10 00:07:03,"{""info"": ""Sample log data"", ""session_id"": 3348}"
3609,836,click,2.0,2024-10-22 20:50:59,"{""info"": ""Sample log data"", ""session_id"": 8594}"
3610,505,booking,,2023-06-14 10:26:09,"{""info"": ""Sample log data"", ""session_id"": 6870}"
3611,875,search,2.0,2020-06-12 13:11:37,"{""info"": ""Sample log data"", ""session_id"": 7101}"
3612,283,booking,1.0,2023-12-21 04:55:54,"{""info"": ""Sample log data"", ""session_id"": 8169}"
3613,400,search,2.0,2021-11-21 13:48:02,"{""info"": ""Sample log data"", ""session_id"": 2594}"
3614,399,click,,2023-02-17 00:01:51,"{""info"": ""Sample log data"", ""session_id"": 2509}"
3615,26,search,1.0,2023-04-14 01:26:24,"{""info"": ""Sample log data"", ""session_id"": 7733}"
3616,769,booking,,2022-01-13 00:41:53,"{""info"": ""Sample log data"", ""session_id"": 8778}"
3617,659,click,,2023-11-02 07:08:09,"{""info"": ""Sample log data"", ""session_id"": 2492}"
3618,763,booking,,2024-04-11 12:25:38,"{""info"": ""Sample log data"", ""session_id"": 2221}"
3619,887,review_submission,4.0,2021-07-01 22:10:07,"{""info"": ""Sample log data"", ""session_id"": 2755}"
3620,179,search,9.0,2021-08-19 12:35:16,"{""info"": ""Sample log data"", ""session_id"": 7669}"
3621,199,review_submission,,2020-12-17 17:41:50,"{""info"": ""Sample log data"", ""session_id"": 2529}"
3622,143,search,12.0,2020-09-25 12:51:21,"{""info"": ""Sample log data"", ""session_id"": 1863}"
3623,158,review_submission,3.0,2023-10-01 02:05:12,"{""info"": ""Sample log data"", ""session_id"": 1403}"
3624,372,search,,2022-07-04 23:27:29,"{""info"": ""Sample log data"", ""session_id"": 3857}"
3625,693,booking,3.0,2024-11-23 19:40:39,"{""info"": ""Sample log data"", ""session_id"": 3616}"
3626,334,booking,,2022-11-11 23:39:19,"{""info"": ""Sample log data"", ""session_id"": 5564}"
3627,507,review_submission,4.0,2023-09-05 17:18:05,"{""info"": ""Sample log data"", ""session_id"": 2511}"
3628,305,booking,6.0,2021-10-02 23:02:03,"{""info"": ""Sample log data"", ""session_id"": 7305}"
3629,347,click,,2021-05-07 14:48:24,"{""info"": ""Sample log data"", ""session_id"": 4342}"
3630,452,click,,2023-08-10 18:06:02,"{""info"": ""Sample log data"", ""session_id"": 8403}"
3631,888,review_submission,12.0,2021-06-03 23:32:17,"{""info"": ""Sample log data"", ""session_id"": 7706}"
3632,934,review_submission,7.0,2024-03-11 17:32:51,"{""info"": ""Sample log data"", ""session_id"": 5982}"
3633,660,review_submission,10.0,2022-05-12 03:29:38,"{""info"": ""Sample log data"", ""session_id"": 6827}"
3634,770,booking,3.0,2022-07-03 04:31:37,"{""info"": ""Sample log data"", ""session_id"": 3796}"
3635,709,search,,2022-03-21 01:01:14,"{""info"": ""Sample log data"", ""session_id"": 3413}"
3636,376,booking,,2024-07-12 02:42:07,"{""info"": ""Sample log data"", ""session_id"": 1861}"
3637,385,booking,,2020-09-15 04:52:30,"{""info"": ""Sample log data"", ""session_id"": 7523}"
3638,41,click,,2021-11-21 02:04:09,"{""info"": ""Sample log data"", ""session_id"": 2132}"
3639,112,review_submission,1.0,2022-12-17 03:03:59,"{""info"": ""Sample log data"", ""session_id"": 7227}"
3640,867,booking,,2021-07-29 04:13:00,"{""info"": ""Sample log data"", ""session_id"": 2506}"
3641,99,booking,5.0,2022-03-03 11:13:50,"{""info"": ""Sample log data"", ""session_id"": 1079}"
3642,96,booking,,2021-10-25 20:51:49,"{""info"": ""Sample log data"", ""session_id"": 8623}"
3643,626,search,,2024-08-29 18:15:33,"{""info"": ""Sample log data"", ""session_id"": 1438}"
3644,544,click,,2022-12-30 12:49:14,"{""info"": ""Sample log data"", ""session_id"": 9235}"
3645,661,click,,2022-09-23 08:07:23,"{""info"": ""Sample log data"", ""session_id"": 5307}"
3646,649,review_submission,,2024-11-19 18:51:11,"{""info"": ""Sample log data"", ""session_id"": 8915}"
3647,267,click,,2021-05-18 09:21:22,"{""info"": ""Sample log data"", ""session_id"": 1947}"
3648,749,booking,,2024-07-05 06:21:20,"{""info"": ""Sample log data"", ""session_id"": 3745}"
3649,817,review_submission,,2024-05-19 10:58:52,"{""info"": ""Sample log data"", ""session_id"": 5191}"
3650,600,review_submission,,2020-07-10 18:58:53,"{""info"": ""Sample log data"", ""session_id"": 8423}"
3651,536,review_submission,,2021-07-17 07:37:23,"{""info"": ""Sample log data"", ""session_id"": 6200}"
3652,239,search,13.0,2022-11-02 07:19:48,"{""info"": ""Sample log data"", ""session_id"": 9682}"
3653,6,review_submission,,2023-03-05 06:46:36,"{""info"": ""Sample log data"", ""session_id"": 2774}"
3654,111,click,11.0,2022-05-30 12:05:48,"{""info"": ""Sample log data"", ""session_id"": 7762}"
3655,494,search,11.0,2023-12-13 02:19:38,"{""info"": ""Sample log data"", ""session_id"": 6508}"
3656,176,click,8.0,2020-03-03 23:36:29,"{""info"": ""Sample log data"", ""session_id"": 1138}"
3657,742,click,,2023-04-13 04:15:18,"{""info"": ""Sample log data"", ""session_id"": 4121}"
3658,326,search,,2022-12-26 02:20:35,"{""info"": ""Sample log data"", ""session_id"": 8412}"
3659,57,booking,4.0,2020-05-09 02:56:08,"{""info"": ""Sample log data"", ""session_id"": 5025}"
3660,386,search,4.0,2020-07-21 06:18:50,"{""info"": ""Sample log data"", ""session_id"": 5726}"
3661,320,review_submission,5.0,2024-02-07 17:13:01,"{""info"": ""Sample log data"", ""session_id"": 3583}"
3662,728,booking,2.0,2021-10-18 13:42:48,"{""info"": ""Sample log data"", ""session_id"": 8002}"
3663,505,booking,9.0,2023-04-19 05:55:39,"{""info"": ""Sample log data"", ""session_id"": 4639}"
3664,158,booking,1.0,2020-10-10 22:47:13,"{""info"": ""Sample log data"", ""session_id"": 8472}"
3665,80,click,1.0,2024-02-14 09:48:17,"{""info"": ""Sample log data"", ""session_id"": 1458}"
3666,634,review_submission,,2023-07-04 09:00:48,"{""info"": ""Sample log data"", ""session_id"": 8518}"
3667,606,search,,2024-01-19 03:57:40,"{""info"": ""Sample log data"", ""session_id"": 4835}"
3668,488,click,11.0,2023-07-16 22:23:00,"{""info"": ""Sample log data"", ""session_id"": 3346}"
3669,459,booking,10.0,2024-03-03 10:16:48,"{""info"": ""Sample log data"", ""session_id"": 6071}"
3670,424,search,2.0,2020-02-20 09:45:17,"{""info"": ""Sample log data"", ""session_id"": 7548}"
3671,653,review_submission,,2020-06-09 02:51:35,"{""info"": ""Sample log data"", ""session_id"": 1026}"
3672,609,review_submission,1.0,2024-05-14 19:19:43,"{""info"": ""Sample log data"", ""session_id"": 4529}"
3673,136,booking,,2023-03-30 14:05:34,"{""info"": ""Sample log data"", ""session_id"": 2168}"
3674,558,search,7.0,2020-01-11 01:03:50,"{""info"": ""Sample log data"", ""session_id"": 9628}"
3675,933,booking,13.0,2023-11-10 19:20:43,"{""info"": ""Sample log data"", ""session_id"": 1671}"
3676,7,review_submission,1.0,2020-11-07 10:06:40,"{""info"": ""Sample log data"", ""session_id"": 1101}"
3677,942,click,13.0,2021-02-15 09:05:31,"{""info"": ""Sample log data"", ""session_id"": 2912}"
3678,174,review_submission,9.0,2020-05-09 23:38:02,"{""info"": ""Sample log data"", ""session_id"": 6220}"
3679,99,search,2.0,2024-08-23 12:50:10,"{""info"": ""Sample log data"", ""session_id"": 2116}"
3680,752,review_submission,10.0,2022-04-14 12:55:56,"{""info"": ""Sample log data"", ""session_id"": 2833}"
3681,6,review_submission,,2024-05-28 20:57:00,"{""info"": ""Sample log data"", ""session_id"": 8812}"
3682,864,search,1.0,2022-05-24 22:32:57,"{""info"": ""Sample log data"", ""session_id"": 5995}"
3683,82,search,,2021-12-13 15:13:07,"{""info"": ""Sample log data"", ""session_id"": 3940}"
3684,573,click,12.0,2023-02-01 04:27:05,"{""info"": ""Sample log data"", ""session_id"": 2836}"
3685,582,review_submission,5.0,2025-01-07 07:04:37,"{""info"": ""Sample log data"", ""session_id"": 6396}"
3686,520,review_submission,,2023-10-17 21:09:52,"{""info"": ""Sample log data"", ""session_id"": 3389}"
3687,112,search,,2020-03-02 09:27:38,"{""info"": ""Sample log data"", ""session_id"": 3554}"
3688,833,booking,,2025-01-22 19:21:34,"{""info"": ""Sample log data"", ""session_id"": 7397}"
3689,324,booking,1.0,2022-05-05 16:24:45,"{""info"": ""Sample log data"", ""session_id"": 3567}"
3690,923,search,14.0,2022-10-08 14:27:51,"{""info"": ""Sample log data"", ""session_id"": 5315}"
3691,652,search,,2022-12-08 18:43:53,"{""info"": ""Sample log data"", ""session_id"": 6385}"
3692,3,click,5.0,2022-02-21 09:55:39,"{""info"": ""Sample log data"", ""session_id"": 3266}"
3693,429,click,,2021-07-11 11:49:21,"{""info"": ""Sample log data"", ""session_id"": 4721}"
3694,119,review_submission,,2022-06-12 04:15:30,"{""info"": ""Sample log data"", ""session_id"": 9244}"
3695,454,review_submission,2.0,2021-04-22 07:43:54,"{""info"": ""Sample log data"", ""session_id"": 1039}"
3696,159,search,7.0,2021-10-03 03:10:51,"{""info"": ""Sample log data"", ""session_id"": 3134}"
3697,15,click,,2023-10-28 21:32:19,"{""info"": ""Sample log data"", ""session_id"": 7968}"
3698,852,review_submission,,2024-05-28 13:33:13,"{""info"": ""Sample log data"", ""session_id"": 3739}"
3699,183,review_submission,9.0,2024-03-30 07:59:06,"{""info"": ""Sample log data"", ""session_id"": 4199}"
3700,630,search,,2023-09-05 09:58:58,"{""info"": ""Sample log data"", ""session_id"": 4774}"
3701,33,review_submission,,2023-10-27 08:16:15,"{""info"": ""Sample log data"", ""session_id"": 8159}"
3702,179,review_submission,1.0,2023-09-10 21:22:37,"{""info"": ""Sample log data"", ""session_id"": 6109}"
3703,865,search,11.0,2022-03-09 12:41:10,"{""info"": ""Sample log data"", ""session_id"": 9073}"
3704,126,review_submission,,2022-03-09 13:40:10,"{""info"": ""Sample log data"", ""session_id"": 6254}"
3705,654,booking,,2023-06-18 14:45:03,"{""info"": ""Sample log data"", ""session_id"": 6638}"
3706,480,review_submission,12.0,2022-01-31 13:16:36,"{""info"": ""Sample log data"", ""session_id"": 8376}"
3707,114,booking,,2021-06-03 19:42:08,"{""info"": ""Sample log data"", ""session_id"": 8628}"
3708,515,click,11.0,2024-06-07 01:51:47,"{""info"": ""Sample log data"", ""session_id"": 8606}"
3709,789,click,3.0,2023-12-26 09:23:30,"{""info"": ""Sample log data"", ""session_id"": 7186}"
3710,437,booking,,2021-02-01 23:04:49,"{""info"": ""Sample log data"", ""session_id"": 9185}"
3711,882,booking,,2023-08-23 19:45:54,"{""info"": ""Sample log data"", ""session_id"": 6002}"
3712,351,booking,11.0,2021-08-10 12:40:17,"{""info"": ""Sample log data"", ""session_id"": 1492}"
3713,738,search,3.0,2022-07-21 20:22:34,"{""info"": ""Sample log data"", ""session_id"": 4828}"
3714,394,review_submission,,2023-01-20 16:41:45,"{""info"": ""Sample log data"", ""session_id"": 4297}"
3715,568,click,4.0,2022-02-12 02:41:02,"{""info"": ""Sample log data"", ""session_id"": 6007}"
3716,809,booking,12.0,2021-11-09 10:20:14,"{""info"": ""Sample log data"", ""session_id"": 6719}"
3717,397,review_submission,9.0,2021-02-15 16:21:30,"{""info"": ""Sample log data"", ""session_id"": 9582}"
3718,614,review_submission,,2024-02-13 14:12:17,"{""info"": ""Sample log data"", ""session_id"": 7038}"
3719,311,click,11.0,2021-11-17 21:00:26,"{""info"": ""Sample log data"", ""session_id"": 9964}"
3720,1,search,4.0,2023-12-21 01:37:15,"{""info"": ""Sample log data"", ""session_id"": 7499}"
3721,75,search,,2024-02-05 23:11:18,"{""info"": ""Sample log data"", ""session_id"": 1131}"
3722,102,booking,2.0,2020-09-02 09:36:25,"{""info"": ""Sample log data"", ""session_id"": 6834}"
3723,767,search,,2021-04-22 17:23:45,"{""info"": ""Sample log data"", ""session_id"": 4471}"
3724,71,booking,,2021-05-13 12:36:59,"{""info"": ""Sample log data"", ""session_id"": 9991}"
3725,76,search,,2023-06-12 07:48:24,"{""info"": ""Sample log data"", ""session_id"": 6535}"
3726,40,search,7.0,2023-10-25 09:44:23,"{""info"": ""Sample log data"", ""session_id"": 6968}"
3727,24,booking,8.0,2021-01-10 05:02:10,"{""info"": ""Sample log data"", ""session_id"": 7072}"
3728,66,search,11.0,2020-07-12 00:02:28,"{""info"": ""Sample log data"", ""session_id"": 1498}"
3729,660,booking,5.0,2020-02-17 00:12:45,"{""info"": ""Sample log data"", ""session_id"": 1581}"
3730,143,review_submission,8.0,2021-03-05 18:21:14,"{""info"": ""Sample log data"", ""session_id"": 1231}"
3731,694,review_submission,,2024-10-24 01:34:54,"{""info"": ""Sample log data"", ""session_id"": 5736}"
3732,150,review_submission,,2021-08-09 06:14:30,"{""info"": ""Sample log data"", ""session_id"": 1139}"
3733,855,click,7.0,2021-05-27 12:23:55,"{""info"": ""Sample log data"", ""session_id"": 7448}"
3734,830,review_submission,7.0,2020-11-08 02:40:53,"{""info"": ""Sample log data"", ""session_id"": 2437}"
3735,317,click,2.0,2023-11-26 10:06:46,"{""info"": ""Sample log data"", ""session_id"": 6565}"
3736,235,review_submission,,2020-12-03 23:06:19,"{""info"": ""Sample log data"", ""session_id"": 5360}"
3737,871,click,,2021-02-20 09:51:52,"{""info"": ""Sample log data"", ""session_id"": 4616}"
3738,32,review_submission,,2023-03-31 04:00:59,"{""info"": ""Sample log data"", ""session_id"": 2835}"
3739,289,click,9.0,2024-04-21 21:24:04,"{""info"": ""Sample log data"", ""session_id"": 2036}"
3740,423,review_submission,5.0,2024-08-05 09:19:57,"{""info"": ""Sample log data"", ""session_id"": 6127}"
3741,931,booking,14.0,2023-01-10 07:41:12,"{""info"": ""Sample log data"", ""session_id"": 9721}"
3742,292,review_submission,5.0,2024-09-28 13:06:33,"{""info"": ""Sample log data"", ""session_id"": 5797}"
3743,501,booking,,2021-05-18 02:44:43,"{""info"": ""Sample log data"", ""session_id"": 6000}"
3744,342,review_submission,10.0,2021-08-04 09:50:18,"{""info"": ""Sample log data"", ""session_id"": 5714}"
3745,349,booking,,2020-03-22 23:04:14,"{""info"": ""Sample log data"", ""session_id"": 5580}"
3746,156,search,1.0,2020-12-16 08:23:06,"{""info"": ""Sample log data"", ""session_id"": 5918}"
3747,652,review_submission,2.0,2024-01-10 06:04:03,"{""info"": ""Sample log data"", ""session_id"": 8299}"
3748,540,booking,,2023-03-01 00:47:44,"{""info"": ""Sample log data"", ""session_id"": 4420}"
3749,580,search,,2023-09-29 14:36:30,"{""info"": ""Sample log data"", ""session_id"": 9952}"
3750,390,review_submission,,2025-01-21 05:15:30,"{""info"": ""Sample log data"", ""session_id"": 3895}"
3751,870,click,,2022-01-19 12:07:24,"{""info"": ""Sample log data"", ""session_id"": 1137}"
3752,34,click,,2022-12-27 06:52:29,"{""info"": ""Sample log data"", ""session_id"": 4200}"
3753,610,booking,14.0,2023-02-21 03:58:13,"{""info"": ""Sample log data"", ""session_id"": 7558}"
3754,710,click,,2021-11-08 21:52:57,"{""info"": ""Sample log data"", ""session_id"": 2728}"
3755,180,booking,,2023-01-30 03:54:07,"{""info"": ""Sample log data"", ""session_id"": 9697}"
3756,737,review_submission,13.0,2021-01-17 04:30:56,"{""info"": ""Sample log data"", ""session_id"": 4618}"
3757,98,search,,2022-12-26 16:35:52,"{""info"": ""Sample log data"", ""session_id"": 2997}"
3758,503,click,11.0,2023-02-07 12:24:06,"{""info"": ""Sample log data"", ""session_id"": 4213}"
3759,422,click,5.0,2021-01-21 06:50:10,"{""info"": ""Sample log data"", ""session_id"": 6519}"
3760,89,booking,,2022-08-25 16:33:39,"{""info"": ""Sample log data"", ""session_id"": 4609}"
3761,567,review_submission,,2020-08-05 05:21:37,"{""info"": ""Sample log data"", ""session_id"": 8497}"
3762,955,search,,2021-11-01 07:35:32,"{""info"": ""Sample log data"", ""session_id"": 6710}"
3763,918,search,,2022-05-15 14:19:53,"{""info"": ""Sample log data"", ""session_id"": 9823}"
3764,919,click,,2021-05-09 03:34:21,"{""info"": ""Sample log data"", ""session_id"": 8928}"
3765,219,review_submission,,2021-09-10 14:30:18,"{""info"": ""Sample log data"", ""session_id"": 4311}"
3766,877,search,7.0,2021-04-24 02:32:23,"{""info"": ""Sample log data"", ""session_id"": 1003}"
3767,660,click,,2024-07-15 15:05:58,"{""info"": ""Sample log data"", ""session_id"": 8792}"
3768,572,booking,,2024-02-04 16:41:44,"{""info"": ""Sample log data"", ""session_id"": 6415}"
3769,106,booking,,2023-09-28 05:18:58,"{""info"": ""Sample log data"", ""session_id"": 3240}"
3770,49,review_submission,,2020-04-22 06:01:20,"{""info"": ""Sample log data"", ""session_id"": 7288}"
3771,385,search,11.0,2024-08-24 23:41:16,"{""info"": ""Sample log data"", ""session_id"": 6140}"
3772,989,review_submission,,2024-10-22 13:17:59,"{""info"": ""Sample log data"", ""session_id"": 5510}"
3773,299,search,,2024-11-11 16:48:53,"{""info"": ""Sample log data"", ""session_id"": 4876}"
3774,211,search,13.0,2020-09-27 18:26:31,"{""info"": ""Sample log data"", ""session_id"": 6240}"
3775,391,booking,5.0,2021-06-12 15:10:08,"{""info"": ""Sample log data"", ""session_id"": 7337}"
3776,767,click,2.0,2023-05-06 13:38:54,"{""info"": ""Sample log data"", ""session_id"": 1160}"
3777,733,click,,2022-02-15 04:09:16,"{""info"": ""Sample log data"", ""session_id"": 3781}"
3778,237,booking,12.0,2024-09-04 08:50:20,"{""info"": ""Sample log data"", ""session_id"": 6330}"
3779,888,click,3.0,2023-08-21 07:44:57,"{""info"": ""Sample log data"", ""session_id"": 6801}"
3780,409,search,4.0,2023-09-29 16:49:06,"{""info"": ""Sample log data"", ""session_id"": 4939}"
3781,819,review_submission,,2024-05-07 03:30:09,"{""info"": ""Sample log data"", ""session_id"": 5737}"
3782,698,booking,,2021-09-09 17:27:54,"{""info"": ""Sample log data"", ""session_id"": 1485}"
3783,5,review_submission,,2022-11-12 18:59:00,"{""info"": ""Sample log data"", ""session_id"": 8384}"
3784,756,review_submission,,2021-01-11 06:18:46,"{""info"": ""Sample log data"", ""session_id"": 5808}"
3785,921,review_submission,,2020-11-07 13:12:03,"{""info"": ""Sample log data"", ""session_id"": 9215}"
3786,216,search,7.0,2021-09-15 08:47:46,"{""info"": ""Sample log data"", ""session_id"": 3867}"
3787,907,booking,4.0,2023-09-08 23:57:42,"{""info"": ""Sample log data"", ""session_id"": 4225}"
3788,41,booking,,2023-12-10 12:37:03,"{""info"": ""Sample log data"", ""session_id"": 9284}"
3789,834,review_submission,7.0,2023-11-09 02:06:30,"{""info"": ""Sample log data"", ""session_id"": 1956}"
3790,192,booking,,2023-04-01 04:27:42,"{""info"": ""Sample log data"", ""session_id"": 8007}"
3791,437,search,,2020-02-29 21:40:39,"{""info"": ""Sample log data"", ""session_id"": 9447}"
3792,959,booking,12.0,2023-08-18 04:55:30,"{""info"": ""Sample log data"", ""session_id"": 2341}"
3793,972,search,,2023-03-03 04:03:06,"{""info"": ""Sample log data"", ""session_id"": 6671}"
3794,881,click,,2022-03-02 03:22:18,"{""info"": ""Sample log data"", ""session_id"": 9133}"
3795,278,search,,2020-07-18 04:29:29,"{""info"": ""Sample log data"", ""session_id"": 3959}"
3796,689,booking,,2021-08-30 09:07:01,"{""info"": ""Sample log data"", ""session_id"": 8142}"
3797,533,booking,9.0,2022-09-16 02:06:15,"{""info"": ""Sample log data"", ""session_id"": 7353}"
3798,52,search,1.0,2024-09-11 13:02:48,"{""info"": ""Sample log data"", ""session_id"": 3545}"
3799,8,review_submission,,2021-11-04 08:37:57,"{""info"": ""Sample log data"", ""session_id"": 9702}"
3800,909,search,10.0,2024-12-12 08:36:04,"{""info"": ""Sample log data"", ""session_id"": 3377}"
3801,489,search,10.0,2024-04-20 22:36:55,"{""info"": ""Sample log data"", ""session_id"": 4610}"
3802,573,search,,2021-02-03 11:16:39,"{""info"": ""Sample log data"", ""session_id"": 2578}"
3803,424,booking,1.0,2024-06-18 06:54:19,"{""info"": ""Sample log data"", ""session_id"": 2212}"
3804,477,booking,,2020-01-25 17:51:28,"{""info"": ""Sample log data"", ""session_id"": 2680}"
3805,524,search,,2023-09-27 14:11:16,"{""info"": ""Sample log data"", ""session_id"": 6233}"
3806,768,click,,2021-02-11 12:33:06,"{""info"": ""Sample log data"", ""session_id"": 6016}"
3807,612,search,6.0,2024-05-29 09:34:00,"{""info"": ""Sample log data"", ""session_id"": 4683}"
3808,173,search,,2023-09-18 02:37:42,"{""info"": ""Sample log data"", ""session_id"": 6521}"
3809,813,search,,2021-09-16 05:22:14,"{""info"": ""Sample log data"", ""session_id"": 2272}"
3810,212,search,,2022-06-18 21:23:40,"{""info"": ""Sample log data"", ""session_id"": 5030}"
3811,119,click,6.0,2024-02-27 23:46:42,"{""info"": ""Sample log data"", ""session_id"": 7991}"
3812,820,click,,2022-11-30 16:34:34,"{""info"": ""Sample log data"", ""session_id"": 5047}"
3813,976,review_submission,,2020-07-13 12:29:41,"{""info"": ""Sample log data"", ""session_id"": 2520}"
3814,883,click,,2023-08-09 21:11:42,"{""info"": ""Sample log data"", ""session_id"": 6530}"
3815,113,review_submission,4.0,2023-11-17 00:01:21,"{""info"": ""Sample log data"", ""session_id"": 3777}"
3816,481,search,,2022-02-21 10:00:14,"{""info"": ""Sample log data"", ""session_id"": 9762}"
3817,710,click,7.0,2024-07-20 04:49:08,"{""info"": ""Sample log data"", ""session_id"": 2523}"
3818,890,click,5.0,2021-12-28 20:41:43,"{""info"": ""Sample log data"", ""session_id"": 6468}"
3819,25,click,,2023-06-03 18:02:46,"{""info"": ""Sample log data"", ""session_id"": 1202}"
3820,731,review_submission,,2024-04-18 00:25:24,"{""info"": ""Sample log data"", ""session_id"": 8224}"
3821,334,review_submission,,2023-08-22 10:06:30,"{""info"": ""Sample log data"", ""session_id"": 6165}"
3822,312,booking,9.0,2020-12-22 23:35:30,"{""info"": ""Sample log data"", ""session_id"": 9442}"
3823,868,review_submission,4.0,2020-11-24 11:58:05,"{""info"": ""Sample log data"", ""session_id"": 3082}"
3824,916,booking,,2024-01-03 13:45:18,"{""info"": ""Sample log data"", ""session_id"": 5579}"
3825,842,search,,2020-06-29 11:03:49,"{""info"": ""Sample log data"", ""session_id"": 4570}"
3826,788,search,6.0,2021-10-08 05:25:35,"{""info"": ""Sample log data"", ""session_id"": 6084}"
3827,783,review_submission,6.0,2024-08-21 16:34:42,"{""info"": ""Sample log data"", ""session_id"": 7812}"
3828,331,review_submission,,2021-11-11 20:28:10,"{""info"": ""Sample log data"", ""session_id"": 9937}"
3829,503,booking,,2024-03-08 11:04:29,"{""info"": ""Sample log data"", ""session_id"": 2281}"
3830,234,booking,2.0,2022-11-20 16:15:09,"{""info"": ""Sample log data"", ""session_id"": 4905}"
3831,657,click,5.0,2020-03-20 06:15:30,"{""info"": ""Sample log data"", ""session_id"": 7945}"
3832,378,review_submission,14.0,2023-10-16 05:31:24,"{""info"": ""Sample log data"", ""session_id"": 7907}"
3833,860,review_submission,,2021-05-02 18:45:55,"{""info"": ""Sample log data"", ""session_id"": 1698}"
3834,898,review_submission,,2020-06-02 00:56:53,"{""info"": ""Sample log data"", ""session_id"": 4871}"
3835,914,click,,2023-09-30 21:31:24,"{""info"": ""Sample log data"", ""session_id"": 8978}"
3836,466,booking,5.0,2020-04-13 23:49:26,"{""info"": ""Sample log data"", ""session_id"": 5127}"
3837,208,review_submission,2.0,2024-06-02 21:00:32,"{""info"": ""Sample log data"", ""session_id"": 4047}"
3838,722,search,1.0,2022-05-05 12:32:12,"{""info"": ""Sample log data"", ""session_id"": 1576}"
3839,638,click,6.0,2024-01-23 02:07:30,"{""info"": ""Sample log data"", ""session_id"": 2857}"
3840,942,review_submission,4.0,2020-06-13 14:25:01,"{""info"": ""Sample log data"", ""session_id"": 4459}"
3841,82,search,,2023-05-10 21:04:58,"{""info"": ""Sample log data"", ""session_id"": 5611}"
3842,923,review_submission,,2020-10-26 15:23:14,"{""info"": ""Sample log data"", ""session_id"": 9217}"
3843,955,booking,,2023-12-21 22:15:51,"{""info"": ""Sample log data"", ""session_id"": 9617}"
3844,563,booking,,2023-01-09 13:25:41,"{""info"": ""Sample log data"", ""session_id"": 8622}"
3845,718,review_submission,2.0,2022-06-27 01:26:38,"{""info"": ""Sample log data"", ""session_id"": 2418}"
3846,470,booking,7.0,2020-06-17 06:31:32,"{""info"": ""Sample log data"", ""session_id"": 7153}"
3847,604,click,13.0,2024-11-09 05:58:17,"{""info"": ""Sample log data"", ""session_id"": 6805}"
3848,99,search,9.0,2021-02-16 21:29:21,"{""info"": ""Sample log data"", ""session_id"": 9080}"
3849,687,review_submission,,2024-08-10 22:20:25,"{""info"": ""Sample log data"", ""session_id"": 9604}"
3850,309,click,1.0,2021-12-12 09:43:59,"{""info"": ""Sample log data"", ""session_id"": 4068}"
3851,965,review_submission,,2020-07-06 21:00:38,"{""info"": ""Sample log data"", ""session_id"": 4740}"
3852,51,booking,,2020-10-18 08:55:22,"{""info"": ""Sample log data"", ""session_id"": 2583}"
3853,280,click,,2023-06-18 12:25:50,"{""info"": ""Sample log data"", ""session_id"": 7126}"
3854,865,search,13.0,2021-11-02 02:14:48,"{""info"": ""Sample log data"", ""session_id"": 6526}"
3855,183,booking,,2024-01-20 01:58:21,"{""info"": ""Sample log data"", ""session_id"": 8163}"
3856,55,click,,2020-08-07 12:26:06,"{""info"": ""Sample log data"", ""session_id"": 1496}"
3857,553,booking,13.0,2025-01-08 21:25:05,"{""info"": ""Sample log data"", ""session_id"": 8829}"
3858,56,booking,,2021-10-02 01:03:37,"{""info"": ""Sample log data"", ""session_id"": 9544}"
3859,980,review_submission,,2023-05-22 21:09:50,"{""info"": ""Sample log data"", ""session_id"": 2144}"
3860,147,review_submission,,2023-03-16 12:30:47,"{""info"": ""Sample log data"", ""session_id"": 3495}"
3861,117,click,,2022-09-23 21:29:39,"{""info"": ""Sample log data"", ""session_id"": 7619}"
3862,769,search,5.0,2021-01-09 08:35:40,"{""info"": ""Sample log data"", ""session_id"": 6643}"
3863,759,click,11.0,2022-08-03 00:32:08,"{""info"": ""Sample log data"", ""session_id"": 6942}"
3864,251,search,3.0,2020-04-09 01:35:38,"{""info"": ""Sample log data"", ""session_id"": 9516}"
3865,785,booking,10.0,2022-08-26 18:25:31,"{""info"": ""Sample log data"", ""session_id"": 1782}"
3866,996,search,14.0,2022-05-18 21:29:57,"{""info"": ""Sample log data"", ""session_id"": 2703}"
3867,694,review_submission,1.0,2023-06-10 14:12:58,"{""info"": ""Sample log data"", ""session_id"": 5121}"
3868,188,click,,2022-02-10 06:51:54,"{""info"": ""Sample log data"", ""session_id"": 4567}"
3869,80,click,5.0,2022-08-25 05:48:14,"{""info"": ""Sample log data"", ""session_id"": 2025}"
3870,300,review_submission,,2023-05-07 15:36:24,"{""info"": ""Sample log data"", ""session_id"": 3661}"
3871,866,search,,2023-12-28 07:00:49,"{""info"": ""Sample log data"", ""session_id"": 5822}"
3872,746,click,11.0,2020-11-02 04:07:58,"{""info"": ""Sample log data"", ""session_id"": 1574}"
3873,836,search,8.0,2024-03-20 04:16:36,"{""info"": ""Sample log data"", ""session_id"": 5383}"
3874,555,click,,2020-09-26 23:20:42,"{""info"": ""Sample log data"", ""session_id"": 8866}"
3875,786,booking,,2024-10-28 22:45:37,"{""info"": ""Sample log data"", ""session_id"": 7911}"
3876,242,search,4.0,2022-04-30 20:25:12,"{""info"": ""Sample log data"", ""session_id"": 1989}"
3877,679,booking,,2020-09-06 11:12:56,"{""info"": ""Sample log data"", ""session_id"": 7877}"
3878,716,booking,,2023-05-03 10:14:15,"{""info"": ""Sample log data"", ""session_id"": 3813}"
3879,493,search,,2024-02-13 11:14:17,"{""info"": ""Sample log data"", ""session_id"": 1844}"
3880,435,booking,,2024-04-25 13:35:50,"{""info"": ""Sample log data"", ""session_id"": 8141}"
3881,167,click,,2023-10-25 14:45:43,"{""info"": ""Sample log data"", ""session_id"": 8577}"
3882,99,review_submission,2.0,2020-07-23 12:58:27,"{""info"": ""Sample log data"", ""session_id"": 4194}"
3883,875,search,,2024-01-25 22:48:19,"{""info"": ""Sample log data"", ""session_id"": 1017}"
3884,682,review_submission,11.0,2020-01-05 11:41:23,"{""info"": ""Sample log data"", ""session_id"": 3080}"
3885,176,review_submission,,2021-05-14 16:04:07,"{""info"": ""Sample log data"", ""session_id"": 5532}"
3886,314,booking,,2024-04-20 09:05:18,"{""info"": ""Sample log data"", ""session_id"": 5754}"
3887,972,click,1.0,2021-11-12 16:41:02,"{""info"": ""Sample log data"", ""session_id"": 9930}"
3888,509,search,,2023-08-09 04:25:09,"{""info"": ""Sample log data"", ""session_id"": 6578}"
3889,854,booking,12.0,2024-08-06 07:44:35,"{""info"": ""Sample log data"", ""session_id"": 7792}"
3890,556,booking,,2022-04-24 06:31:57,"{""info"": ""Sample log data"", ""session_id"": 4168}"
3891,716,click,1.0,2024-12-11 01:26:14,"{""info"": ""Sample log data"", ""session_id"": 3313}"
3892,171,review_submission,,2024-04-06 04:42:40,"{""info"": ""Sample log data"", ""session_id"": 8713}"
3893,27,click,,2023-03-02 06:02:28,"{""info"": ""Sample log data"", ""session_id"": 9046}"
3894,545,booking,,2022-10-15 01:32:38,"{""info"": ""Sample log data"", ""session_id"": 8931}"
3895,723,review_submission,6.0,2020-01-14 05:23:56,"{""info"": ""Sample log data"", ""session_id"": 3348}"
3896,267,review_submission,5.0,2020-02-26 03:03:48,"{""info"": ""Sample log data"", ""session_id"": 9278}"
3897,115,click,3.0,2021-06-22 10:30:37,"{""info"": ""Sample log data"", ""session_id"": 6669}"
3898,472,booking,,2020-08-24 04:50:24,"{""info"": ""Sample log data"", ""session_id"": 3263}"
3899,168,review_submission,,2022-01-11 02:07:45,"{""info"": ""Sample log data"", ""session_id"": 7118}"
3900,749,search,,2022-09-06 07:01:24,"{""info"": ""Sample log data"", ""session_id"": 7059}"
3901,991,review_submission,4.0,2022-06-09 00:45:57,"{""info"": ""Sample log data"", ""session_id"": 3468}"
3902,676,review_submission,7.0,2021-03-28 00:24:59,"{""info"": ""Sample log data"", ""session_id"": 5149}"
3903,504,review_submission,7.0,2021-09-17 20:03:57,"{""info"": ""Sample log data"", ""session_id"": 3493}"
3904,825,search,8.0,2020-07-08 02:11:36,"{""info"": ""Sample log data"", ""session_id"": 1802}"
3905,148,booking,,2022-04-27 16:05:45,"{""info"": ""Sample log data"", ""session_id"": 2854}"
3906,645,review_submission,11.0,2023-04-24 00:28:28,"{""info"": ""Sample log data"", ""session_id"": 8837}"
3907,618,click,11.0,2021-09-22 21:44:03,"{""info"": ""Sample log data"", ""session_id"": 5026}"
3908,518,click,12.0,2024-06-25 06:38:53,"{""info"": ""Sample log data"", ""session_id"": 8309}"
3909,839,review_submission,9.0,2024-09-10 01:44:59,"{""info"": ""Sample log data"", ""session_id"": 7529}"
3910,535,click,6.0,2023-10-22 01:26:51,"{""info"": ""Sample log data"", ""session_id"": 4447}"
3911,571,review_submission,9.0,2023-03-23 04:19:13,"{""info"": ""Sample log data"", ""session_id"": 6711}"
3912,185,click,,2020-04-25 09:44:10,"{""info"": ""Sample log data"", ""session_id"": 9047}"
3913,828,click,,2021-12-24 10:07:42,"{""info"": ""Sample log data"", ""session_id"": 6896}"
3914,137,search,10.0,2023-03-16 23:44:35,"{""info"": ""Sample log data"", ""session_id"": 9460}"
3915,262,review_submission,1.0,2021-10-10 03:12:39,"{""info"": ""Sample log data"", ""session_id"": 5740}"
3916,181,booking,,2023-12-11 15:50:58,"{""info"": ""Sample log data"", ""session_id"": 3522}"
3917,737,click,,2021-07-29 02:02:53,"{""info"": ""Sample log data"", ""session_id"": 9758}"
3918,91,search,,2023-09-30 04:07:46,"{""info"": ""Sample log data"", ""session_id"": 8485}"
3919,759,review_submission,,2023-10-08 19:05:38,"{""info"": ""Sample log data"", ""session_id"": 4750}"
3920,719,review_submission,2.0,2020-05-21 01:47:11,"{""info"": ""Sample log data"", ""session_id"": 6879}"
3921,668,review_submission,,2024-04-06 17:24:41,"{""info"": ""Sample log data"", ""session_id"": 4730}"
3922,223,search,6.0,2024-02-18 15:54:02,"{""info"": ""Sample log data"", ""session_id"": 5597}"
3923,44,review_submission,,2021-03-11 20:28:24,"{""info"": ""Sample log data"", ""session_id"": 7355}"
3924,121,search,12.0,2022-01-20 15:56:10,"{""info"": ""Sample log data"", ""session_id"": 3480}"
3925,287,review_submission,8.0,2023-04-25 05:37:15,"{""info"": ""Sample log data"", ""session_id"": 6737}"
3926,112,booking,13.0,2024-07-24 21:54:58,"{""info"": ""Sample log data"", ""session_id"": 7698}"
3927,773,review_submission,2.0,2021-03-14 18:57:06,"{""info"": ""Sample log data"", ""session_id"": 5933}"
3928,22,review_submission,,2024-01-08 04:06:40,"{""info"": ""Sample log data"", ""session_id"": 3989}"
3929,271,review_submission,7.0,2024-09-07 01:35:22,"{""info"": ""Sample log data"", ""session_id"": 6705}"
3930,488,click,,2024-06-14 03:17:42,"{""info"": ""Sample log data"", ""session_id"": 6288}"
3931,36,search,8.0,2024-09-13 08:29:28,"{""info"": ""Sample log data"", ""session_id"": 5899}"
3932,864,click,,2024-06-18 02:17:06,"{""info"": ""Sample log data"", ""session_id"": 1135}"
3933,28,review_submission,7.0,2022-04-11 20:32:02,"{""info"": ""Sample log data"", ""session_id"": 6128}"
3934,707,search,6.0,2022-04-10 10:05:20,"{""info"": ""Sample log data"", ""session_id"": 1470}"
3935,318,review_submission,12.0,2022-12-07 01:43:19,"{""info"": ""Sample log data"", ""session_id"": 8991}"
3936,384,booking,,2022-09-26 03:44:04,"{""info"": ""Sample log data"", ""session_id"": 4847}"
3937,391,booking,,2020-11-07 17:10:51,"{""info"": ""Sample log data"", ""session_id"": 2007}"
3938,500,review_submission,,2023-11-19 08:56:27,"{""info"": ""Sample log data"", ""session_id"": 3333}"
3939,154,click,,2022-08-13 07:01:59,"{""info"": ""Sample log data"", ""session_id"": 7207}"
3940,748,search,,2022-01-21 17:45:55,"{""info"": ""Sample log data"", ""session_id"": 4882}"
3941,973,search,1.0,2024-03-23 10:27:36,"{""info"": ""Sample log data"", ""session_id"": 1182}"
3942,140,review_submission,,2020-07-05 01:17:31,"{""info"": ""Sample log data"", ""session_id"": 8802}"
3943,863,review_submission,,2023-09-19 09:25:00,"{""info"": ""Sample log data"", ""session_id"": 4985}"
3944,877,search,6.0,2022-02-22 09:12:42,"{""info"": ""Sample log data"", ""session_id"": 6871}"
3945,247,review_submission,11.0,2020-12-29 13:20:37,"{""info"": ""Sample log data"", ""session_id"": 8124}"
3946,529,search,3.0,2024-03-27 02:31:02,"{""info"": ""Sample log data"", ""session_id"": 6603}"
3947,894,search,1.0,2023-06-04 15:47:04,"{""info"": ""Sample log data"", ""session_id"": 2325}"
3948,974,booking,,2024-10-31 21:27:13,"{""info"": ""Sample log data"", ""session_id"": 4588}"
3949,888,click,14.0,2022-03-13 16:53:02,"{""info"": ""Sample log data"", ""session_id"": 5196}"
3950,327,booking,,2021-07-21 17:53:09,"{""info"": ""Sample log data"", ""session_id"": 4475}"
3951,186,click,,2024-07-23 13:15:31,"{""info"": ""Sample log data"", ""session_id"": 6064}"
3952,287,search,,2020-09-22 07:26:52,"{""info"": ""Sample log data"", ""session_id"": 8327}"
3953,412,click,4.0,2022-01-10 21:28:47,"{""info"": ""Sample log data"", ""session_id"": 2296}"
3954,325,review_submission,,2024-12-29 13:04:34,"{""info"": ""Sample log data"", ""session_id"": 1681}"
3955,494,search,,2023-02-21 11:26:09,"{""info"": ""Sample log data"", ""session_id"": 2067}"
3956,14,review_submission,14.0,2023-07-01 13:29:03,"{""info"": ""Sample log data"", ""session_id"": 2834}"
3957,667,search,13.0,2024-05-31 03:40:18,"{""info"": ""Sample log data"", ""session_id"": 8941}"
3958,299,search,12.0,2020-07-17 08:44:32,"{""info"": ""Sample log data"", ""session_id"": 8428}"
3959,848,click,,2024-11-30 11:50:16,"{""info"": ""Sample log data"", ""session_id"": 4755}"
3960,853,click,,2022-09-02 11:17:44,"{""info"": ""Sample log data"", ""session_id"": 3168}"
3961,559,review_submission,,2021-02-23 07:05:05,"{""info"": ""Sample log data"", ""session_id"": 9279}"
3962,591,click,1.0,2024-09-12 13:02:24,"{""info"": ""Sample log data"", ""session_id"": 5700}"
3963,58,booking,3.0,2024-04-10 02:01:02,"{""info"": ""Sample log data"", ""session_id"": 6884}"
3964,49,booking,7.0,2024-10-04 17:15:57,"{""info"": ""Sample log data"", ""session_id"": 4109}"
3965,762,search,10.0,2021-04-10 07:38:02,"{""info"": ""Sample log data"", ""session_id"": 7691}"
3966,55,booking,,2024-06-29 08:18:57,"{""info"": ""Sample log data"", ""session_id"": 7898}"
3967,334,booking,10.0,2024-08-29 08:33:00,"{""info"": ""Sample log data"", ""session_id"": 5453}"
3968,279,search,10.0,2024-08-15 22:44:57,"{""info"": ""Sample log data"", ""session_id"": 8010}"
3969,362,booking,8.0,2021-08-03 04:51:21,"{""info"": ""Sample log data"", ""session_id"": 9185}"
3970,657,search,,2022-02-26 13:24:40,"{""info"": ""Sample log data"", ""session_id"": 9361}"
3971,469,booking,,2020-04-24 17:56:14,"{""info"": ""Sample log data"", ""session_id"": 6509}"
3972,409,review_submission,3.0,2020-03-26 06:43:50,"{""info"": ""Sample log data"", ""session_id"": 1774}"
3973,854,booking,7.0,2024-12-20 16:56:46,"{""info"": ""Sample log data"", ""session_id"": 6058}"
3974,279,review_submission,14.0,2023-01-25 16:35:27,"{""info"": ""Sample log data"", ""session_id"": 1172}"
3975,880,search,3.0,2022-11-05 08:26:29,"{""info"": ""Sample log data"", ""session_id"": 1862}"
3976,428,review_submission,,2023-03-14 15:39:55,"{""info"": ""Sample log data"", ""session_id"": 8090}"
3977,857,search,,2020-03-31 09:23:14,"{""info"": ""Sample log data"", ""session_id"": 6716}"
3978,633,search,,2023-03-03 15:59:54,"{""info"": ""Sample log data"", ""session_id"": 8500}"
3979,439,booking,8.0,2024-01-19 19:15:52,"{""info"": ""Sample log data"", ""session_id"": 5073}"
3980,598,search,,2024-02-23 15:40:05,"{""info"": ""Sample log data"", ""session_id"": 5367}"
3981,232,review_submission,3.0,2021-08-15 11:13:48,"{""info"": ""Sample log data"", ""session_id"": 6334}"
3982,891,click,,2020-02-26 18:59:13,"{""info"": ""Sample log data"", ""session_id"": 3043}"
3983,28,click,,2022-04-25 01:02:21,"{""info"": ""Sample log data"", ""session_id"": 9144}"
3984,73,booking,,2021-12-08 23:48:34,"{""info"": ""Sample log data"", ""session_id"": 3758}"
3985,83,search,2.0,2021-02-10 06:52:52,"{""info"": ""Sample log data"", ""session_id"": 8157}"
3986,664,review_submission,13.0,2021-12-29 17:36:32,"{""info"": ""Sample log data"", ""session_id"": 8945}"
3987,461,click,11.0,2021-11-12 01:18:10,"{""info"": ""Sample log data"", ""session_id"": 5084}"
3988,8,click,,2023-02-23 12:48:28,"{""info"": ""Sample log data"", ""session_id"": 3662}"
3989,256,review_submission,9.0,2021-10-06 00:18:03,"{""info"": ""Sample log data"", ""session_id"": 6057}"
3990,396,click,13.0,2021-07-15 07:54:14,"{""info"": ""Sample log data"", ""session_id"": 9437}"
3991,454,booking,11.0,2023-02-06 03:48:10,"{""info"": ""Sample log data"", ""session_id"": 7829}"
3992,328,review_submission,,2023-07-10 00:58:09,"{""info"": ""Sample log data"", ""session_id"": 9707}"
3993,35,booking,9.0,2020-04-07 11:26:54,"{""info"": ""Sample log data"", ""session_id"": 1812}"
3994,733,booking,,2021-10-30 15:59:09,"{""info"": ""Sample log data"", ""session_id"": 9920}"
3995,119,booking,,2020-06-14 02:09:46,"{""info"": ""Sample log data"", ""session_id"": 2516}"
3996,874,booking,5.0,2024-08-15 14:10:50,"{""info"": ""Sample log data"", ""session_id"": 6456}"
3997,465,search,9.0,2024-02-03 01:25:43,"{""info"": ""Sample log data"", ""session_id"": 8439}"
3998,636,booking,10.0,2022-05-26 06:55:19,"{""info"": ""Sample log data"", ""session_id"": 9691}"
3999,533,search,6.0,2022-07-05 09:59:53,"{""info"": ""Sample log data"", ""session_id"": 5441}"
4000,438,review_submission,,2022-02-23 14:30:52,"{""info"": ""Sample log data"", ""session_id"": 2810}"
4001,466,search,1.0,2023-06-17 11:43:56,"{""info"": ""Sample log data"", ""session_id"": 6954}"
4002,425,click,,2023-08-23 08:36:12,"{""info"": ""Sample log data"", ""session_id"": 9787}"
4003,567,booking,,2022-10-30 03:17:53,"{""info"": ""Sample log data"", ""session_id"": 4849}"
4004,796,review_submission,,2024-03-21 21:25:23,"{""info"": ""Sample log data"", ""session_id"": 7972}"
4005,444,booking,,2020-05-21 12:27:09,"{""info"": ""Sample log data"", ""session_id"": 3763}"
4006,679,click,,2021-02-16 12:29:19,"{""info"": ""Sample log data"", ""session_id"": 4817}"
4007,916,search,,2021-07-16 08:44:33,"{""info"": ""Sample log data"", ""session_id"": 4023}"
4008,391,review_submission,,2020-11-30 15:59:12,"{""info"": ""Sample log data"", ""session_id"": 9626}"
4009,664,review_submission,,2023-04-10 22:15:14,"{""info"": ""Sample log data"", ""session_id"": 3624}"
4010,562,click,7.0,2022-11-07 06:42:58,"{""info"": ""Sample log data"", ""session_id"": 9806}"
4011,964,search,,2021-10-03 23:54:41,"{""info"": ""Sample log data"", ""session_id"": 4289}"
4012,89,booking,2.0,2020-08-27 22:52:31,"{""info"": ""Sample log data"", ""session_id"": 4227}"
4013,354,review_submission,2.0,2023-10-12 07:36:10,"{""info"": ""Sample log data"", ""session_id"": 1078}"
4014,168,review_submission,,2024-01-15 05:14:38,"{""info"": ""Sample log data"", ""session_id"": 4074}"
4015,305,booking,8.0,2023-10-16 11:26:05,"{""info"": ""Sample log data"", ""session_id"": 3798}"
4016,767,click,4.0,2024-02-08 08:13:25,"{""info"": ""Sample log data"", ""session_id"": 7230}"
4017,78,review_submission,9.0,2021-06-12 16:01:44,"{""info"": ""Sample log data"", ""session_id"": 6672}"
4018,535,booking,,2021-09-04 03:32:13,"{""info"": ""Sample log data"", ""session_id"": 2968}"
4019,221,booking,,2022-08-03 18:39:24,"{""info"": ""Sample log data"", ""session_id"": 1247}"
4020,541,review_submission,,2022-04-30 21:10:35,"{""info"": ""Sample log data"", ""session_id"": 1452}"
4021,887,review_submission,,2021-04-15 15:19:56,"{""info"": ""Sample log data"", ""session_id"": 7879}"
4022,107,review_submission,,2022-11-27 03:43:57,"{""info"": ""Sample log data"", ""session_id"": 8197}"
4023,497,search,7.0,2024-04-23 12:41:08,"{""info"": ""Sample log data"", ""session_id"": 4979}"
4024,759,booking,5.0,2022-10-18 13:18:51,"{""info"": ""Sample log data"", ""session_id"": 3036}"
4025,89,search,,2022-03-20 23:16:25,"{""info"": ""Sample log data"", ""session_id"": 6468}"
4026,321,search,10.0,2022-06-18 02:41:50,"{""info"": ""Sample log data"", ""session_id"": 2711}"
4027,378,click,,2022-01-06 00:04:42,"{""info"": ""Sample log data"", ""session_id"": 6099}"
4028,561,booking,1.0,2023-08-16 07:09:58,"{""info"": ""Sample log data"", ""session_id"": 2427}"
4029,687,review_submission,,2022-02-21 16:29:58,"{""info"": ""Sample log data"", ""session_id"": 2921}"
4030,312,booking,6.0,2022-02-01 13:44:29,"{""info"": ""Sample log data"", ""session_id"": 9065}"
4031,706,booking,14.0,2020-03-03 08:33:44,"{""info"": ""Sample log data"", ""session_id"": 2578}"
4032,839,booking,7.0,2022-05-07 18:41:12,"{""info"": ""Sample log data"", ""session_id"": 8133}"
4033,964,search,,2020-08-25 23:13:12,"{""info"": ""Sample log data"", ""session_id"": 6745}"
4034,903,review_submission,4.0,2024-01-16 07:16:01,"{""info"": ""Sample log data"", ""session_id"": 7970}"
4035,918,booking,1.0,2021-09-18 08:55:23,"{""info"": ""Sample log data"", ""session_id"": 5376}"
4036,74,review_submission,9.0,2020-02-18 11:19:04,"{""info"": ""Sample log data"", ""session_id"": 1094}"
4037,499,search,,2024-02-06 06:44:23,"{""info"": ""Sample log data"", ""session_id"": 2673}"
4038,673,booking,6.0,2022-08-26 04:41:56,"{""info"": ""Sample log data"", ""session_id"": 6872}"
4039,102,booking,,2022-10-12 14:48:56,"{""info"": ""Sample log data"", ""session_id"": 9719}"
4040,794,click,,2021-10-22 18:29:44,"{""info"": ""Sample log data"", ""session_id"": 7285}"
4041,563,search,,2021-06-27 04:58:17,"{""info"": ""Sample log data"", ""session_id"": 7456}"
4042,437,search,14.0,2024-07-20 11:49:19,"{""info"": ""Sample log data"", ""session_id"": 5214}"
4043,248,search,,2024-07-02 23:36:57,"{""info"": ""Sample log data"", ""session_id"": 3292}"
4044,879,review_submission,12.0,2021-08-30 00:21:54,"{""info"": ""Sample log data"", ""session_id"": 1380}"
4045,843,search,8.0,2022-08-26 12:18:01,"{""info"": ""Sample log data"", ""session_id"": 7310}"
4046,283,booking,6.0,2022-01-03 13:05:02,"{""info"": ""Sample log data"", ""session_id"": 1358}"
4047,679,search,7.0,2022-03-24 02:57:54,"{""info"": ""Sample log data"", ""session_id"": 6859}"
4048,731,search,11.0,2024-05-08 13:36:47,"{""info"": ""Sample log data"", ""session_id"": 2370}"
4049,859,review_submission,4.0,2020-06-12 22:01:26,"{""info"": ""Sample log data"", ""session_id"": 1467}"
4050,182,review_submission,,2022-01-13 00:59:15,"{""info"": ""Sample log data"", ""session_id"": 3272}"
4051,828,review_submission,3.0,2021-10-04 06:48:39,"{""info"": ""Sample log data"", ""session_id"": 9130}"
4052,228,review_submission,,2020-07-03 02:02:18,"{""info"": ""Sample log data"", ""session_id"": 5288}"
4053,852,click,,2020-05-19 07:51:39,"{""info"": ""Sample log data"", ""session_id"": 6438}"
4054,600,search,,2021-12-27 11:10:32,"{""info"": ""Sample log data"", ""session_id"": 6843}"
4055,216,booking,14.0,2021-05-25 11:28:54,"{""info"": ""Sample log data"", ""session_id"": 7853}"
4056,776,booking,5.0,2020-06-11 20:51:15,"{""info"": ""Sample log data"", ""session_id"": 6635}"
4057,882,click,,2021-08-12 19:02:37,"{""info"": ""Sample log data"", ""session_id"": 6000}"
4058,864,booking,2.0,2022-12-13 05:19:36,"{""info"": ""Sample log data"", ""session_id"": 8116}"
4059,304,click,7.0,2023-03-26 03:16:28,"{""info"": ""Sample log data"", ""session_id"": 2014}"
4060,733,search,,2021-04-30 17:11:45,"{""info"": ""Sample log data"", ""session_id"": 8652}"
4061,262,search,,2020-10-05 17:35:29,"{""info"": ""Sample log data"", ""session_id"": 5233}"
4062,671,click,,2022-06-22 23:34:35,"{""info"": ""Sample log data"", ""session_id"": 2493}"
4063,811,search,10.0,2021-09-13 17:36:40,"{""info"": ""Sample log data"", ""session_id"": 8114}"
4064,376,review_submission,5.0,2021-04-30 21:19:09,"{""info"": ""Sample log data"", ""session_id"": 6909}"
4065,947,booking,14.0,2023-08-22 19:18:33,"{""info"": ""Sample log data"", ""session_id"": 1667}"
4066,44,review_submission,3.0,2021-06-03 15:24:01,"{""info"": ""Sample log data"", ""session_id"": 4102}"
4067,534,booking,,2023-12-07 22:26:09,"{""info"": ""Sample log data"", ""session_id"": 4074}"
4068,551,booking,,2023-02-15 02:34:58,"{""info"": ""Sample log data"", ""session_id"": 3739}"
4069,160,booking,,2022-05-15 23:39:07,"{""info"": ""Sample log data"", ""session_id"": 8964}"
4070,330,click,,2023-10-15 04:31:24,"{""info"": ""Sample log data"", ""session_id"": 8510}"
4071,364,review_submission,,2020-11-13 07:40:57,"{""info"": ""Sample log data"", ""session_id"": 3660}"
4072,528,booking,7.0,2024-07-23 12:19:06,"{""info"": ""Sample log data"", ""session_id"": 4082}"
4073,439,review_submission,,2022-12-14 06:24:26,"{""info"": ""Sample log data"", ""session_id"": 8439}"
4074,60,click,2.0,2020-08-31 04:45:12,"{""info"": ""Sample log data"", ""session_id"": 3746}"
4075,131,search,4.0,2024-05-21 15:29:49,"{""info"": ""Sample log data"", ""session_id"": 9077}"
4076,365,click,,2021-07-08 17:58:57,"{""info"": ""Sample log data"", ""session_id"": 2207}"
4077,309,booking,12.0,2022-11-09 06:44:43,"{""info"": ""Sample log data"", ""session_id"": 5727}"
4078,693,booking,,2022-06-15 10:59:38,"{""info"": ""Sample log data"", ""session_id"": 9298}"
4079,540,click,,2024-06-04 15:27:42,"{""info"": ""Sample log data"", ""session_id"": 4280}"
4080,576,click,6.0,2023-02-28 16:05:53,"{""info"": ""Sample log data"", ""session_id"": 5691}"
4081,221,search,10.0,2022-11-27 07:23:32,"{""info"": ""Sample log data"", ""session_id"": 5077}"
4082,955,booking,3.0,2022-12-29 12:55:34,"{""info"": ""Sample log data"", ""session_id"": 2034}"
4083,502,click,,2023-03-25 22:10:13,"{""info"": ""Sample log data"", ""session_id"": 7880}"
4084,969,search,,2024-07-12 15:27:24,"{""info"": ""Sample log data"", ""session_id"": 3484}"
4085,996,booking,8.0,2023-01-17 01:47:17,"{""info"": ""Sample log data"", ""session_id"": 8795}"
4086,799,booking,7.0,2020-02-23 09:25:00,"{""info"": ""Sample log data"", ""session_id"": 9938}"
4087,48,search,1.0,2020-03-03 22:50:04,"{""info"": ""Sample log data"", ""session_id"": 3659}"
4088,184,search,12.0,2021-10-13 08:31:53,"{""info"": ""Sample log data"", ""session_id"": 6541}"
4089,985,booking,2.0,2020-10-26 22:08:59,"{""info"": ""Sample log data"", ""session_id"": 7840}"
4090,611,click,3.0,2021-04-21 06:15:32,"{""info"": ""Sample log data"", ""session_id"": 6817}"
4091,934,booking,,2021-01-28 05:22:51,"{""info"": ""Sample log data"", ""session_id"": 3691}"
4092,420,click,11.0,2023-07-05 11:15:42,"{""info"": ""Sample log data"", ""session_id"": 3090}"
4093,117,booking,,2021-09-22 10:14:55,"{""info"": ""Sample log data"", ""session_id"": 8779}"
4094,109,booking,11.0,2022-04-08 12:30:18,"{""info"": ""Sample log data"", ""session_id"": 6273}"
4095,128,review_submission,,2024-03-14 00:04:55,"{""info"": ""Sample log data"", ""session_id"": 9192}"
4096,830,search,13.0,2021-01-22 07:12:01,"{""info"": ""Sample log data"", ""session_id"": 6782}"
4097,780,search,4.0,2023-08-06 08:04:06,"{""info"": ""Sample log data"", ""session_id"": 9793}"
4098,306,click,4.0,2023-05-06 18:25:04,"{""info"": ""Sample log data"", ""session_id"": 4115}"
4099,346,booking,,2023-07-11 20:55:27,"{""info"": ""Sample log data"", ""session_id"": 1665}"
4100,213,click,,2024-10-14 00:45:13,"{""info"": ""Sample log data"", ""session_id"": 4084}"
4101,89,search,,2023-10-12 19:13:38,"{""info"": ""Sample log data"", ""session_id"": 2357}"
4102,582,review_submission,4.0,2021-09-14 03:58:08,"{""info"": ""Sample log data"", ""session_id"": 9981}"
4103,103,booking,,2022-11-17 19:51:02,"{""info"": ""Sample log data"", ""session_id"": 3255}"
4104,465,review_submission,7.0,2023-03-29 14:01:59,"{""info"": ""Sample log data"", ""session_id"": 1108}"
4105,901,click,,2023-08-27 10:04:12,"{""info"": ""Sample log data"", ""session_id"": 5656}"
4106,23,click,,2024-04-29 21:03:30,"{""info"": ""Sample log data"", ""session_id"": 2282}"
4107,615,booking,,2024-10-07 23:32:12,"{""info"": ""Sample log data"", ""session_id"": 8153}"
4108,508,review_submission,10.0,2024-06-17 21:45:10,"{""info"": ""Sample log data"", ""session_id"": 2773}"
4109,584,search,,2024-10-11 22:44:42,"{""info"": ""Sample log data"", ""session_id"": 8538}"
4110,280,review_submission,2.0,2021-12-29 12:17:24,"{""info"": ""Sample log data"", ""session_id"": 2367}"
4111,613,search,1.0,2022-06-17 02:49:42,"{""info"": ""Sample log data"", ""session_id"": 2491}"
4112,371,booking,,2022-10-12 13:12:04,"{""info"": ""Sample log data"", ""session_id"": 9514}"
4113,779,review_submission,,2021-10-16 18:05:45,"{""info"": ""Sample log data"", ""session_id"": 6459}"
4114,210,click,,2020-04-16 10:39:05,"{""info"": ""Sample log data"", ""session_id"": 3139}"
4115,517,review_submission,,2024-04-07 11:41:23,"{""info"": ""Sample log data"", ""session_id"": 8090}"
4116,829,booking,,2021-10-22 07:25:05,"{""info"": ""Sample log data"", ""session_id"": 2140}"
4117,92,review_submission,3.0,2020-07-03 11:09:24,"{""info"": ""Sample log data"", ""session_id"": 7637}"
4118,364,search,,2023-12-05 07:41:49,"{""info"": ""Sample log data"", ""session_id"": 4387}"
4119,806,review_submission,,2022-06-20 13:23:10,"{""info"": ""Sample log data"", ""session_id"": 4292}"
4120,81,search,,2023-09-25 18:17:24,"{""info"": ""Sample log data"", ""session_id"": 9114}"
4121,68,search,4.0,2021-03-23 01:52:31,"{""info"": ""Sample log data"", ""session_id"": 8552}"
4122,339,review_submission,,2024-08-29 14:15:15,"{""info"": ""Sample log data"", ""session_id"": 7275}"
4123,625,review_submission,10.0,2022-10-27 16:25:01,"{""info"": ""Sample log data"", ""session_id"": 9542}"
4124,307,click,5.0,2021-08-08 03:41:17,"{""info"": ""Sample log data"", ""session_id"": 2635}"
4125,269,booking,,2021-06-03 01:30:18,"{""info"": ""Sample log data"", ""session_id"": 2661}"
4126,173,booking,,2020-05-20 23:19:03,"{""info"": ""Sample log data"", ""session_id"": 7951}"
4127,143,search,13.0,2024-09-09 15:01:16,"{""info"": ""Sample log data"", ""session_id"": 1729}"
4128,699,booking,1.0,2022-09-11 18:40:49,"{""info"": ""Sample log data"", ""session_id"": 3033}"
4129,818,booking,12.0,2022-06-25 14:57:09,"{""info"": ""Sample log data"", ""session_id"": 1034}"
4130,367,search,,2020-02-14 07:31:49,"{""info"": ""Sample log data"", ""session_id"": 2297}"
4131,721,click,,2024-01-28 19:39:52,"{""info"": ""Sample log data"", ""session_id"": 5468}"
4132,733,click,,2021-11-11 22:49:51,"{""info"": ""Sample log data"", ""session_id"": 7793}"
4133,261,search,3.0,2023-07-03 19:50:21,"{""info"": ""Sample log data"", ""session_id"": 5967}"
4134,464,click,,2021-11-12 01:29:37,"{""info"": ""Sample log data"", ""session_id"": 3921}"
4135,293,booking,,2020-02-10 17:39:50,"{""info"": ""Sample log data"", ""session_id"": 5738}"
4136,130,booking,1.0,2023-11-10 03:07:04,"{""info"": ""Sample log data"", ""session_id"": 5639}"
4137,725,booking,,2022-01-07 05:38:46,"{""info"": ""Sample log data"", ""session_id"": 7556}"
4138,541,booking,13.0,2023-11-05 22:47:42,"{""info"": ""Sample log data"", ""session_id"": 8086}"
4139,516,click,1.0,2024-08-29 20:07:05,"{""info"": ""Sample log data"", ""session_id"": 9993}"
4140,105,click,,2023-04-08 14:01:15,"{""info"": ""Sample log data"", ""session_id"": 7386}"
4141,126,booking,3.0,2024-02-25 20:05:51,"{""info"": ""Sample log data"", ""session_id"": 1026}"
4142,166,search,,2024-12-28 11:50:11,"{""info"": ""Sample log data"", ""session_id"": 1250}"
4143,622,review_submission,11.0,2023-01-17 02:33:39,"{""info"": ""Sample log data"", ""session_id"": 2663}"
4144,851,booking,10.0,2020-08-20 09:34:49,"{""info"": ""Sample log data"", ""session_id"": 8687}"
4145,350,click,4.0,2023-09-28 14:28:32,"{""info"": ""Sample log data"", ""session_id"": 1899}"
4146,139,booking,4.0,2024-03-29 21:31:13,"{""info"": ""Sample log data"", ""session_id"": 8765}"
4147,2,review_submission,,2022-01-02 04:47:50,"{""info"": ""Sample log data"", ""session_id"": 8662}"
4148,782,review_submission,,2021-07-13 11:04:05,"{""info"": ""Sample log data"", ""session_id"": 7025}"
4149,204,review_submission,,2021-03-05 20:39:48,"{""info"": ""Sample log data"", ""session_id"": 1581}"
4150,702,search,6.0,2022-01-16 01:07:06,"{""info"": ""Sample log data"", ""session_id"": 4721}"
4151,26,search,4.0,2022-11-11 23:32:03,"{""info"": ""Sample log data"", ""session_id"": 7271}"
4152,590,review_submission,,2022-02-20 03:29:45,"{""info"": ""Sample log data"", ""session_id"": 2100}"
4153,196,click,2.0,2023-01-13 11:36:46,"{""info"": ""Sample log data"", ""session_id"": 2498}"
4154,610,review_submission,9.0,2022-06-22 02:39:30,"{""info"": ""Sample log data"", ""session_id"": 9837}"
4155,769,booking,3.0,2023-07-04 19:47:02,"{""info"": ""Sample log data"", ""session_id"": 8083}"
4156,203,search,,2021-10-21 11:44:58,"{""info"": ""Sample log data"", ""session_id"": 1288}"
4157,608,search,,2024-10-31 22:17:28,"{""info"": ""Sample log data"", ""session_id"": 2925}"
4158,253,search,,2022-11-30 11:23:39,"{""info"": ""Sample log data"", ""session_id"": 4211}"
4159,880,review_submission,,2020-09-30 06:38:59,"{""info"": ""Sample log data"", ""session_id"": 4394}"
4160,411,booking,7.0,2022-10-18 05:40:31,"{""info"": ""Sample log data"", ""session_id"": 2367}"
4161,765,booking,6.0,2021-07-24 21:28:25,"{""info"": ""Sample log data"", ""session_id"": 9438}"
4162,773,click,4.0,2022-10-07 03:42:57,"{""info"": ""Sample log data"", ""session_id"": 4544}"
4163,851,booking,,2021-08-03 21:14:55,"{""info"": ""Sample log data"", ""session_id"": 8321}"
4164,781,click,,2025-01-25 23:37:23,"{""info"": ""Sample log data"", ""session_id"": 7657}"
4165,364,review_submission,,2024-09-04 02:38:53,"{""info"": ""Sample log data"", ""session_id"": 4930}"
4166,657,click,6.0,2021-01-05 14:32:17,"{""info"": ""Sample log data"", ""session_id"": 9129}"
4167,1,review_submission,5.0,2023-09-07 23:00:40,"{""info"": ""Sample log data"", ""session_id"": 5725}"
4168,91,click,4.0,2022-10-01 23:16:27,"{""info"": ""Sample log data"", ""session_id"": 5602}"
4169,42,click,,2023-11-30 20:24:37,"{""info"": ""Sample log data"", ""session_id"": 9241}"
4170,210,search,,2020-02-15 03:46:27,"{""info"": ""Sample log data"", ""session_id"": 2753}"
4171,410,click,,2020-03-06 00:59:51,"{""info"": ""Sample log data"", ""session_id"": 4105}"
4172,667,booking,10.0,2022-02-24 02:05:29,"{""info"": ""Sample log data"", ""session_id"": 2674}"
4173,887,search,,2021-01-24 12:13:03,"{""info"": ""Sample log data"", ""session_id"": 7232}"
4174,972,review_submission,,2022-07-13 14:00:25,"{""info"": ""Sample log data"", ""session_id"": 3738}"
4175,476,click,12.0,2021-08-05 12:49:07,"{""info"": ""Sample log data"", ""session_id"": 7655}"
4176,970,booking,,2022-06-04 03:46:06,"{""info"": ""Sample log data"", ""session_id"": 4321}"
4177,397,review_submission,,2023-09-08 20:04:23,"{""info"": ""Sample log data"", ""session_id"": 8844}"
4178,675,booking,,2021-07-31 15:12:37,"{""info"": ""Sample log data"", ""session_id"": 7330}"
4179,611,review_submission,12.0,2020-01-15 19:24:42,"{""info"": ""Sample log data"", ""session_id"": 2458}"
4180,708,click,4.0,2021-02-15 22:44:19,"{""info"": ""Sample log data"", ""session_id"": 8998}"
4181,630,click,13.0,2023-11-05 22:57:57,"{""info"": ""Sample log data"", ""session_id"": 1019}"
4182,176,review_submission,,2021-01-09 18:30:35,"{""info"": ""Sample log data"", ""session_id"": 7304}"
4183,73,booking,,2020-10-19 02:50:25,"{""info"": ""Sample log data"", ""session_id"": 9848}"
4184,361,search,,2023-01-06 23:21:15,"{""info"": ""Sample log data"", ""session_id"": 7921}"
4185,974,search,7.0,2021-10-10 21:51:35,"{""info"": ""Sample log data"", ""session_id"": 9924}"
4186,290,booking,12.0,2023-05-22 13:27:55,"{""info"": ""Sample log data"", ""session_id"": 1479}"
4187,839,review_submission,9.0,2021-05-04 22:15:57,"{""info"": ""Sample log data"", ""session_id"": 9220}"
4188,470,booking,,2020-08-10 13:13:15,"{""info"": ""Sample log data"", ""session_id"": 6027}"
4189,798,search,13.0,2024-10-23 06:55:07,"{""info"": ""Sample log data"", ""session_id"": 7231}"
4190,392,search,,2021-06-11 07:27:27,"{""info"": ""Sample log data"", ""session_id"": 4112}"
4191,162,booking,8.0,2024-08-26 23:18:00,"{""info"": ""Sample log data"", ""session_id"": 9268}"
4192,344,search,7.0,2021-08-17 03:10:13,"{""info"": ""Sample log data"", ""session_id"": 1898}"
4193,834,click,,2020-08-09 04:25:56,"{""info"": ""Sample log data"", ""session_id"": 2283}"
4194,189,search,,2021-10-22 10:29:26,"{""info"": ""Sample log data"", ""session_id"": 1401}"
4195,852,click,,2024-11-16 02:52:52,"{""info"": ""Sample log data"", ""session_id"": 6415}"
4196,720,search,12.0,2025-01-14 22:58:40,"{""info"": ""Sample log data"", ""session_id"": 3524}"
4197,976,search,8.0,2021-04-02 05:36:52,"{""info"": ""Sample log data"", ""session_id"": 4227}"
4198,47,click,,2024-09-15 12:09:23,"{""info"": ""Sample log data"", ""session_id"": 3459}"
4199,228,click,,2020-07-29 02:02:23,"{""info"": ""Sample log data"", ""session_id"": 2729}"
4200,716,search,,2023-12-29 23:33:20,"{""info"": ""Sample log data"", ""session_id"": 4991}"
4201,555,review_submission,10.0,2023-09-25 22:32:22,"{""info"": ""Sample log data"", ""session_id"": 8664}"
4202,400,review_submission,9.0,2022-02-02 20:56:50,"{""info"": ""Sample log data"", ""session_id"": 7414}"
4203,8,booking,3.0,2025-01-16 20:57:33,"{""info"": ""Sample log data"", ""session_id"": 7278}"
4204,830,review_submission,6.0,2022-08-04 07:52:50,"{""info"": ""Sample log data"", ""session_id"": 5189}"
4205,703,booking,,2022-11-18 15:20:24,"{""info"": ""Sample log data"", ""session_id"": 8528}"
4206,278,click,,2021-04-27 06:23:52,"{""info"": ""Sample log data"", ""session_id"": 1380}"
4207,392,search,,2024-10-24 13:59:30,"{""info"": ""Sample log data"", ""session_id"": 3021}"
4208,602,review_submission,3.0,2021-06-22 00:58:39,"{""info"": ""Sample log data"", ""session_id"": 9420}"
4209,82,search,4.0,2020-01-15 15:00:54,"{""info"": ""Sample log data"", ""session_id"": 9482}"
4210,279,click,11.0,2024-12-22 13:39:12,"{""info"": ""Sample log data"", ""session_id"": 2960}"
4211,297,search,10.0,2020-08-22 10:52:44,"{""info"": ""Sample log data"", ""session_id"": 8176}"
4212,606,review_submission,4.0,2020-03-06 16:37:51,"{""info"": ""Sample log data"", ""session_id"": 6531}"
4213,2,review_submission,,2024-11-10 11:06:43,"{""info"": ""Sample log data"", ""session_id"": 6566}"
4214,55,booking,5.0,2021-06-14 16:24:25,"{""info"": ""Sample log data"", ""session_id"": 8225}"
4215,100,click,10.0,2021-03-17 10:30:42,"{""info"": ""Sample log data"", ""session_id"": 9521}"
4216,288,booking,13.0,2023-06-25 20:01:02,"{""info"": ""Sample log data"", ""session_id"": 2416}"
4217,691,review_submission,10.0,2023-06-23 01:51:33,"{""info"": ""Sample log data"", ""session_id"": 3930}"
4218,280,search,,2020-12-22 05:38:04,"{""info"": ""Sample log data"", ""session_id"": 8009}"
4219,239,click,4.0,2021-08-31 08:47:29,"{""info"": ""Sample log data"", ""session_id"": 9028}"
4220,15,booking,,2020-08-25 13:06:57,"{""info"": ""Sample log data"", ""session_id"": 1617}"
4221,249,review_submission,7.0,2021-06-28 08:47:28,"{""info"": ""Sample log data"", ""session_id"": 7789}"
4222,874,booking,,2021-01-14 13:58:33,"{""info"": ""Sample log data"", ""session_id"": 6346}"
4223,132,booking,13.0,2024-06-23 10:14:23,"{""info"": ""Sample log data"", ""session_id"": 6733}"
4224,86,review_submission,,2024-03-11 21:51:22,"{""info"": ""Sample log data"", ""session_id"": 9470}"
4225,76,search,,2022-05-13 20:05:50,"{""info"": ""Sample log data"", ""session_id"": 8106}"
4226,421,booking,,2020-11-26 12:58:53,"{""info"": ""Sample log data"", ""session_id"": 4114}"
4227,175,search,13.0,2020-07-01 19:57:29,"{""info"": ""Sample log data"", ""session_id"": 3912}"
4228,853,search,,2021-01-10 05:44:22,"{""info"": ""Sample log data"", ""session_id"": 2612}"
4229,565,booking,9.0,2021-01-10 03:06:54,"{""info"": ""Sample log data"", ""session_id"": 1871}"
4230,97,booking,7.0,2021-02-13 00:03:11,"{""info"": ""Sample log data"", ""session_id"": 4134}"
4231,785,booking,,2025-01-13 10:15:27,"{""info"": ""Sample log data"", ""session_id"": 7507}"
4232,522,click,9.0,2020-10-29 12:48:21,"{""info"": ""Sample log data"", ""session_id"": 5434}"
4233,985,search,9.0,2021-03-12 18:31:10,"{""info"": ""Sample log data"", ""session_id"": 4970}"
4234,345,review_submission,4.0,2023-05-24 23:44:10,"{""info"": ""Sample log data"", ""session_id"": 9113}"
4235,837,review_submission,7.0,2021-03-19 20:23:16,"{""info"": ""Sample log data"", ""session_id"": 8421}"
4236,98,review_submission,9.0,2023-12-09 23:58:56,"{""info"": ""Sample log data"", ""session_id"": 9661}"
4237,918,booking,,2024-05-11 13:02:47,"{""info"": ""Sample log data"", ""session_id"": 8534}"
4238,982,search,9.0,2021-09-09 12:27:31,"{""info"": ""Sample log data"", ""session_id"": 9712}"
4239,236,booking,,2020-05-21 23:46:36,"{""info"": ""Sample log data"", ""session_id"": 6703}"
4240,999,search,,2024-01-13 15:56:11,"{""info"": ""Sample log data"", ""session_id"": 4810}"
4241,2,search,3.0,2020-10-20 04:23:56,"{""info"": ""Sample log data"", ""session_id"": 4531}"
4242,117,search,,2024-05-07 03:57:03,"{""info"": ""Sample log data"", ""session_id"": 3829}"
4243,319,search,,2021-12-28 05:04:02,"{""info"": ""Sample log data"", ""session_id"": 1342}"
4244,281,booking,,2024-10-27 20:57:00,"{""info"": ""Sample log data"", ""session_id"": 8609}"
4245,546,booking,,2024-10-14 00:08:12,"{""info"": ""Sample log data"", ""session_id"": 7761}"
4246,227,booking,10.0,2020-03-07 03:31:09,"{""info"": ""Sample log data"", ""session_id"": 2498}"
4247,605,review_submission,7.0,2022-02-05 14:30:53,"{""info"": ""Sample log data"", ""session_id"": 5534}"
4248,369,search,,2020-11-19 02:14:49,"{""info"": ""Sample log data"", ""session_id"": 6964}"
4249,92,search,4.0,2021-10-28 08:33:20,"{""info"": ""Sample log data"", ""session_id"": 1431}"
4250,454,review_submission,,2020-08-07 03:28:42,"{""info"": ""Sample log data"", ""session_id"": 8810}"
4251,5,review_submission,12.0,2023-04-19 16:38:32,"{""info"": ""Sample log data"", ""session_id"": 7585}"
4252,570,booking,,2022-08-23 15:29:19,"{""info"": ""Sample log data"", ""session_id"": 9822}"
4253,691,click,13.0,2024-06-10 10:34:26,"{""info"": ""Sample log data"", ""session_id"": 9007}"
4254,130,booking,13.0,2024-05-09 09:11:12,"{""info"": ""Sample log data"", ""session_id"": 2730}"
4255,548,review_submission,,2021-03-09 23:48:43,"{""info"": ""Sample log data"", ""session_id"": 4708}"
4256,800,booking,,2020-06-22 05:12:38,"{""info"": ""Sample log data"", ""session_id"": 6350}"
4257,379,review_submission,,2024-03-28 16:10:28,"{""info"": ""Sample log data"", ""session_id"": 8556}"
4258,176,search,13.0,2024-11-08 02:57:39,"{""info"": ""Sample log data"", ""session_id"": 7716}"
4259,874,click,,2021-04-19 11:26:03,"{""info"": ""Sample log data"", ""session_id"": 1419}"
4260,725,search,7.0,2022-04-26 15:28:52,"{""info"": ""Sample log data"", ""session_id"": 5825}"
4261,975,search,8.0,2021-08-24 20:44:18,"{""info"": ""Sample log data"", ""session_id"": 2118}"
4262,916,search,,2020-06-22 15:42:48,"{""info"": ""Sample log data"", ""session_id"": 7395}"
4263,434,review_submission,,2021-02-20 20:47:24,"{""info"": ""Sample log data"", ""session_id"": 2636}"
4264,715,booking,13.0,2022-12-10 10:33:41,"{""info"": ""Sample log data"", ""session_id"": 9414}"
4265,964,booking,12.0,2022-08-04 17:58:32,"{""info"": ""Sample log data"", ""session_id"": 8887}"
4266,41,booking,,2020-10-01 12:06:16,"{""info"": ""Sample log data"", ""session_id"": 3603}"
4267,852,review_submission,,2022-12-12 09:57:35,"{""info"": ""Sample log data"", ""session_id"": 7293}"
4268,878,booking,,2022-09-07 07:25:18,"{""info"": ""Sample log data"", ""session_id"": 7472}"
4269,400,review_submission,8.0,2022-11-07 08:10:04,"{""info"": ""Sample log data"", ""session_id"": 8510}"
4270,792,search,2.0,2021-03-12 01:07:22,"{""info"": ""Sample log data"", ""session_id"": 1638}"
4271,960,review_submission,1.0,2024-06-10 18:12:14,"{""info"": ""Sample log data"", ""session_id"": 1289}"
4272,710,booking,11.0,2023-02-14 22:03:40,"{""info"": ""Sample log data"", ""session_id"": 7926}"
4273,503,click,,2021-07-20 18:16:56,"{""info"": ""Sample log data"", ""session_id"": 6923}"
4274,739,booking,,2023-12-01 11:56:29,"{""info"": ""Sample log data"", ""session_id"": 7898}"
4275,81,booking,1.0,2021-08-05 15:27:03,"{""info"": ""Sample log data"", ""session_id"": 6688}"
4276,893,booking,9.0,2024-05-21 06:59:47,"{""info"": ""Sample log data"", ""session_id"": 7845}"
4277,68,review_submission,11.0,2020-02-01 04:46:35,"{""info"": ""Sample log data"", ""session_id"": 5143}"
4278,210,booking,3.0,2025-01-15 08:29:11,"{""info"": ""Sample log data"", ""session_id"": 9126}"
4279,554,booking,4.0,2021-01-19 20:37:32,"{""info"": ""Sample log data"", ""session_id"": 1054}"
4280,67,click,4.0,2020-01-30 19:55:24,"{""info"": ""Sample log data"", ""session_id"": 1224}"
4281,288,search,1.0,2024-03-02 08:09:26,"{""info"": ""Sample log data"", ""session_id"": 7887}"
4282,353,booking,14.0,2020-11-25 10:35:55,"{""info"": ""Sample log data"", ""session_id"": 5981}"
4283,44,booking,,2020-01-02 06:10:39,"{""info"": ""Sample log data"", ""session_id"": 3425}"
4284,855,booking,,2020-04-25 19:29:09,"{""info"": ""Sample log data"", ""session_id"": 1760}"
4285,626,booking,10.0,2021-03-20 08:22:18,"{""info"": ""Sample log data"", ""session_id"": 8552}"
4286,754,search,,2021-08-22 07:57:52,"{""info"": ""Sample log data"", ""session_id"": 7470}"
4287,620,search,13.0,2024-05-23 04:50:11,"{""info"": ""Sample log data"", ""session_id"": 4160}"
4288,787,review_submission,5.0,2023-03-27 20:07:43,"{""info"": ""Sample log data"", ""session_id"": 3180}"
4289,419,review_submission,,2021-08-25 06:35:06,"{""info"": ""Sample log data"", ""session_id"": 7370}"
4290,977,review_submission,,2020-07-25 12:26:15,"{""info"": ""Sample log data"", ""session_id"": 8461}"
4291,940,review_submission,6.0,2023-07-01 01:58:56,"{""info"": ""Sample log data"", ""session_id"": 5901}"
4292,956,click,,2020-11-04 10:02:46,"{""info"": ""Sample log data"", ""session_id"": 6857}"
4293,876,booking,,2024-08-04 07:31:47,"{""info"": ""Sample log data"", ""session_id"": 9916}"
4294,747,search,,2020-10-26 03:50:34,"{""info"": ""Sample log data"", ""session_id"": 3265}"
4295,265,booking,14.0,2023-10-13 11:54:16,"{""info"": ""Sample log data"", ""session_id"": 8738}"
4296,37,booking,,2022-11-15 15:32:40,"{""info"": ""Sample log data"", ""session_id"": 6537}"
4297,42,booking,7.0,2022-04-04 22:03:19,"{""info"": ""Sample log data"", ""session_id"": 5838}"
4298,863,search,,2023-10-04 22:44:31,"{""info"": ""Sample log data"", ""session_id"": 9463}"
4299,984,booking,14.0,2020-11-11 02:35:48,"{""info"": ""Sample log data"", ""session_id"": 4698}"
4300,909,search,10.0,2024-06-20 20:28:01,"{""info"": ""Sample log data"", ""session_id"": 8557}"
4301,64,review_submission,5.0,2022-07-17 08:34:58,"{""info"": ""Sample log data"", ""session_id"": 3756}"
4302,23,search,,2024-07-29 09:20:25,"{""info"": ""Sample log data"", ""session_id"": 6073}"
4303,217,click,9.0,2022-08-23 04:37:34,"{""info"": ""Sample log data"", ""session_id"": 1272}"
4304,300,review_submission,,2024-01-15 00:21:05,"{""info"": ""Sample log data"", ""session_id"": 9731}"
4305,448,click,,2023-09-29 04:13:10,"{""info"": ""Sample log data"", ""session_id"": 4030}"
4306,221,review_submission,11.0,2024-02-05 00:52:02,"{""info"": ""Sample log data"", ""session_id"": 4723}"
4307,239,search,9.0,2022-01-21 13:15:36,"{""info"": ""Sample log data"", ""session_id"": 6010}"
4308,327,booking,,2024-04-02 11:30:26,"{""info"": ""Sample log data"", ""session_id"": 5641}"
4309,823,click,13.0,2020-07-14 05:44:04,"{""info"": ""Sample log data"", ""session_id"": 1688}"
4310,887,booking,,2024-10-12 11:13:49,"{""info"": ""Sample log data"", ""session_id"": 7858}"
4311,105,review_submission,8.0,2020-06-26 19:59:07,"{""info"": ""Sample log data"", ""session_id"": 8737}"
4312,580,search,10.0,2024-11-09 10:55:44,"{""info"": ""Sample log data"", ""session_id"": 9207}"
4313,866,booking,,2023-07-26 22:37:29,"{""info"": ""Sample log data"", ""session_id"": 2116}"
4314,477,search,,2021-01-01 22:20:38,"{""info"": ""Sample log data"", ""session_id"": 2518}"
4315,771,search,,2023-06-09 02:02:02,"{""info"": ""Sample log data"", ""session_id"": 3670}"
4316,327,review_submission,,2021-02-17 04:48:29,"{""info"": ""Sample log data"", ""session_id"": 2129}"
4317,59,search,3.0,2022-12-12 09:07:56,"{""info"": ""Sample log data"", ""session_id"": 8432}"
4318,777,booking,6.0,2020-03-15 11:22:38,"{""info"": ""Sample log data"", ""session_id"": 1897}"
4319,784,booking,,2020-08-16 23:23:08,"{""info"": ""Sample log data"", ""session_id"": 6642}"
4320,437,review_submission,11.0,2020-05-08 04:47:43,"{""info"": ""Sample log data"", ""session_id"": 7133}"
4321,745,review_submission,,2023-03-04 17:55:39,"{""info"": ""Sample log data"", ""session_id"": 8107}"
4322,159,click,1.0,2020-12-18 23:37:36,"{""info"": ""Sample log data"", ""session_id"": 8389}"
4323,327,click,14.0,2024-10-19 16:31:42,"{""info"": ""Sample log data"", ""session_id"": 1358}"
4324,329,click,8.0,2020-12-31 03:33:45,"{""info"": ""Sample log data"", ""session_id"": 4716}"
4325,658,review_submission,,2020-03-30 16:50:14,"{""info"": ""Sample log data"", ""session_id"": 8477}"
4326,190,search,11.0,2021-04-19 06:56:48,"{""info"": ""Sample log data"", ""session_id"": 5574}"
4327,532,click,14.0,2021-12-07 14:07:24,"{""info"": ""Sample log data"", ""session_id"": 8626}"
4328,913,review_submission,,2024-03-07 03:22:07,"{""info"": ""Sample log data"", ""session_id"": 8796}"
4329,627,booking,,2024-08-21 03:49:54,"{""info"": ""Sample log data"", ""session_id"": 6327}"
4330,210,click,5.0,2022-06-30 23:46:13,"{""info"": ""Sample log data"", ""session_id"": 9279}"
4331,290,click,7.0,2024-02-21 03:46:38,"{""info"": ""Sample log data"", ""session_id"": 8230}"
4332,368,review_submission,,2023-09-20 08:57:35,"{""info"": ""Sample log data"", ""session_id"": 6644}"
4333,543,booking,,2024-09-02 03:10:58,"{""info"": ""Sample log data"", ""session_id"": 7090}"
4334,404,booking,6.0,2024-12-12 12:00:50,"{""info"": ""Sample log data"", ""session_id"": 3940}"
4335,284,click,8.0,2022-04-04 11:00:27,"{""info"": ""Sample log data"", ""session_id"": 7322}"
4336,552,click,,2020-10-10 08:26:29,"{""info"": ""Sample log data"", ""session_id"": 7529}"
4337,355,click,,2021-10-07 14:41:43,"{""info"": ""Sample log data"", ""session_id"": 6345}"
4338,111,search,,2024-02-01 23:52:52,"{""info"": ""Sample log data"", ""session_id"": 9688}"
4339,403,click,5.0,2022-04-30 11:31:20,"{""info"": ""Sample log data"", ""session_id"": 5663}"
4340,574,review_submission,,2023-10-03 03:09:05,"{""info"": ""Sample log data"", ""session_id"": 5924}"
4341,456,review_submission,13.0,2024-12-20 00:25:05,"{""info"": ""Sample log data"", ""session_id"": 8303}"
4342,675,search,1.0,2020-07-28 03:17:10,"{""info"": ""Sample log data"", ""session_id"": 9583}"
4343,550,review_submission,14.0,2024-03-25 01:48:07,"{""info"": ""Sample log data"", ""session_id"": 8970}"
4344,895,review_submission,,2024-08-02 17:50:29,"{""info"": ""Sample log data"", ""session_id"": 9282}"
4345,814,review_submission,,2021-06-26 19:50:26,"{""info"": ""Sample log data"", ""session_id"": 1150}"
4346,339,search,,2024-01-02 07:20:55,"{""info"": ""Sample log data"", ""session_id"": 9765}"
4347,992,booking,7.0,2021-03-24 03:25:08,"{""info"": ""Sample log data"", ""session_id"": 2141}"
4348,415,click,,2022-10-23 16:50:04,"{""info"": ""Sample log data"", ""session_id"": 2517}"
4349,545,review_submission,,2020-12-17 23:11:46,"{""info"": ""Sample log data"", ""session_id"": 6671}"
4350,239,search,3.0,2022-06-29 13:08:33,"{""info"": ""Sample log data"", ""session_id"": 2175}"
4351,693,click,12.0,2024-04-08 00:59:22,"{""info"": ""Sample log data"", ""session_id"": 8934}"
4352,639,search,,2024-04-30 10:06:17,"{""info"": ""Sample log data"", ""session_id"": 7999}"
4353,323,search,,2023-09-18 18:45:19,"{""info"": ""Sample log data"", ""session_id"": 7715}"
4354,828,search,13.0,2024-03-15 06:07:55,"{""info"": ""Sample log data"", ""session_id"": 1230}"
4355,820,booking,10.0,2023-07-12 16:26:16,"{""info"": ""Sample log data"", ""session_id"": 8587}"
4356,38,search,,2023-02-22 06:46:27,"{""info"": ""Sample log data"", ""session_id"": 3702}"
4357,189,review_submission,5.0,2021-02-19 11:08:52,"{""info"": ""Sample log data"", ""session_id"": 5308}"
4358,396,booking,6.0,2023-01-27 12:04:57,"{""info"": ""Sample log data"", ""session_id"": 8967}"
4359,575,review_submission,13.0,2022-09-12 09:40:48,"{""info"": ""Sample log data"", ""session_id"": 2879}"
4360,389,click,3.0,2021-07-12 22:35:08,"{""info"": ""Sample log data"", ""session_id"": 3606}"
4361,818,review_submission,12.0,2020-09-13 10:46:18,"{""info"": ""Sample log data"", ""session_id"": 4511}"
4362,669,search,9.0,2020-07-04 23:46:49,"{""info"": ""Sample log data"", ""session_id"": 3344}"
4363,85,booking,10.0,2020-04-09 00:45:17,"{""info"": ""Sample log data"", ""session_id"": 9742}"
4364,261,review_submission,,2022-10-31 04:18:46,"{""info"": ""Sample log data"", ""session_id"": 6896}"
4365,458,review_submission,,2021-11-03 22:34:12,"{""info"": ""Sample log data"", ""session_id"": 3452}"
4366,574,click,4.0,2021-08-07 19:49:42,"{""info"": ""Sample log data"", ""session_id"": 3087}"
4367,679,search,9.0,2023-07-16 03:12:38,"{""info"": ""Sample log data"", ""session_id"": 7393}"
4368,595,booking,10.0,2023-01-18 06:50:24,"{""info"": ""Sample log data"", ""session_id"": 9404}"
4369,657,search,,2023-04-26 19:40:41,"{""info"": ""Sample log data"", ""session_id"": 9453}"
4370,833,review_submission,4.0,2024-11-29 15:07:56,"{""info"": ""Sample log data"", ""session_id"": 8424}"
4371,914,booking,,2022-11-06 12:11:26,"{""info"": ""Sample log data"", ""session_id"": 7995}"
4372,146,review_submission,2.0,2023-12-19 13:22:03,"{""info"": ""Sample log data"", ""session_id"": 1873}"
4373,641,click,,2023-05-04 01:27:37,"{""info"": ""Sample log data"", ""session_id"": 9605}"
4374,284,booking,10.0,2020-07-09 09:42:02,"{""info"": ""Sample log data"", ""session_id"": 7219}"
4375,409,search,,2023-12-23 01:42:24,"{""info"": ""Sample log data"", ""session_id"": 9592}"
4376,204,search,,2021-04-01 20:25:27,"{""info"": ""Sample log data"", ""session_id"": 7974}"
4377,298,review_submission,,2024-04-08 18:33:19,"{""info"": ""Sample log data"", ""session_id"": 9714}"
4378,945,review_submission,,2022-04-12 09:03:03,"{""info"": ""Sample log data"", ""session_id"": 5923}"
4379,399,click,2.0,2024-07-04 09:53:23,"{""info"": ""Sample log data"", ""session_id"": 5589}"
4380,816,click,11.0,2024-12-04 13:42:19,"{""info"": ""Sample log data"", ""session_id"": 3830}"
4381,470,booking,10.0,2024-10-27 23:33:30,"{""info"": ""Sample log data"", ""session_id"": 1725}"
4382,604,search,11.0,2021-03-21 00:39:39,"{""info"": ""Sample log data"", ""session_id"": 3267}"
4383,39,click,13.0,2022-11-26 04:16:27,"{""info"": ""Sample log data"", ""session_id"": 2578}"
4384,142,booking,2.0,2023-04-05 19:34:28,"{""info"": ""Sample log data"", ""session_id"": 9349}"
4385,286,search,,2020-12-02 02:03:08,"{""info"": ""Sample log data"", ""session_id"": 7352}"
4386,686,booking,3.0,2024-02-26 21:17:39,"{""info"": ""Sample log data"", ""session_id"": 1128}"
4387,2,review_submission,,2023-03-01 02:35:59,"{""info"": ""Sample log data"", ""session_id"": 2266}"
4388,630,search,13.0,2021-09-30 21:46:56,"{""info"": ""Sample log data"", ""session_id"": 3882}"
4389,163,review_submission,,2022-01-21 14:53:20,"{""info"": ""Sample log data"", ""session_id"": 5701}"
4390,779,review_submission,,2022-01-15 03:18:37,"{""info"": ""Sample log data"", ""session_id"": 3633}"
4391,437,review_submission,,2023-08-04 18:23:34,"{""info"": ""Sample log data"", ""session_id"": 5459}"
4392,652,click,2.0,2021-10-10 21:51:07,"{""info"": ""Sample log data"", ""session_id"": 3299}"
4393,224,click,,2022-03-11 03:39:01,"{""info"": ""Sample log data"", ""session_id"": 4976}"
4394,458,review_submission,8.0,2020-06-20 06:25:46,"{""info"": ""Sample log data"", ""session_id"": 6824}"
4395,562,booking,9.0,2020-08-27 17:18:33,"{""info"": ""Sample log data"", ""session_id"": 7927}"
4396,907,booking,,2023-07-27 13:04:33,"{""info"": ""Sample log data"", ""session_id"": 9937}"
4397,153,click,5.0,2020-10-16 11:34:33,"{""info"": ""Sample log data"", ""session_id"": 3231}"
4398,697,search,,2023-02-10 03:46:25,"{""info"": ""Sample log data"", ""session_id"": 9215}"
4399,514,click,12.0,2021-10-02 00:40:01,"{""info"": ""Sample log data"", ""session_id"": 1343}"
4400,489,search,5.0,2021-01-31 11:01:59,"{""info"": ""Sample log data"", ""session_id"": 6404}"
4401,479,search,,2023-10-31 18:06:41,"{""info"": ""Sample log data"", ""session_id"": 1958}"
4402,469,review_submission,14.0,2022-07-21 11:16:57,"{""info"": ""Sample log data"", ""session_id"": 5155}"
4403,920,booking,,2022-10-09 11:21:44,"{""info"": ""Sample log data"", ""session_id"": 8177}"
4404,72,search,4.0,2023-03-07 13:17:41,"{""info"": ""Sample log data"", ""session_id"": 7802}"
4405,820,review_submission,4.0,2020-05-08 21:54:16,"{""info"": ""Sample log data"", ""session_id"": 3138}"
4406,306,click,,2022-09-12 19:05:43,"{""info"": ""Sample log data"", ""session_id"": 8032}"
4407,908,click,,2023-08-20 23:04:28,"{""info"": ""Sample log data"", ""session_id"": 9656}"
4408,294,booking,9.0,2020-11-05 06:40:26,"{""info"": ""Sample log data"", ""session_id"": 1205}"
4409,820,search,,2024-09-19 16:04:51,"{""info"": ""Sample log data"", ""session_id"": 6651}"
4410,516,review_submission,,2021-08-14 13:34:31,"{""info"": ""Sample log data"", ""session_id"": 4071}"
4411,712,review_submission,6.0,2021-08-04 23:10:48,"{""info"": ""Sample log data"", ""session_id"": 9042}"
4412,650,search,10.0,2023-04-23 04:11:12,"{""info"": ""Sample log data"", ""session_id"": 6008}"
4413,189,search,12.0,2021-06-21 11:19:51,"{""info"": ""Sample log data"", ""session_id"": 4855}"
4414,563,review_submission,14.0,2024-05-23 01:42:19,"{""info"": ""Sample log data"", ""session_id"": 9967}"
4415,32,review_submission,,2023-07-10 19:40:22,"{""info"": ""Sample log data"", ""session_id"": 6039}"
4416,583,review_submission,,2022-08-30 03:14:42,"{""info"": ""Sample log data"", ""session_id"": 1043}"
4417,746,search,,2022-04-09 20:14:15,"{""info"": ""Sample log data"", ""session_id"": 4614}"
4418,764,click,,2021-03-21 23:34:09,"{""info"": ""Sample log data"", ""session_id"": 4095}"
4419,596,booking,13.0,2021-06-18 21:21:06,"{""info"": ""Sample log data"", ""session_id"": 2198}"
4420,912,search,14.0,2024-04-29 17:02:36,"{""info"": ""Sample log data"", ""session_id"": 8726}"
4421,6,search,1.0,2024-07-28 05:02:38,"{""info"": ""Sample log data"", ""session_id"": 3293}"
4422,184,click,,2022-01-02 13:43:34,"{""info"": ""Sample log data"", ""session_id"": 3150}"
4423,768,click,1.0,2024-11-24 03:20:08,"{""info"": ""Sample log data"", ""session_id"": 6887}"
4424,393,search,9.0,2022-06-24 13:15:59,"{""info"": ""Sample log data"", ""session_id"": 7957}"
4425,393,search,,2020-12-28 01:33:38,"{""info"": ""Sample log data"", ""session_id"": 1254}"
4426,886,search,,2024-07-24 23:20:01,"{""info"": ""Sample log data"", ""session_id"": 3971}"
4427,270,review_submission,,2024-10-22 04:51:15,"{""info"": ""Sample log data"", ""session_id"": 2632}"
4428,788,search,8.0,2024-10-29 20:53:31,"{""info"": ""Sample log data"", ""session_id"": 1720}"
4429,810,review_submission,,2020-06-30 02:17:08,"{""info"": ""Sample log data"", ""session_id"": 7600}"
4430,528,booking,,2020-04-30 07:56:31,"{""info"": ""Sample log data"", ""session_id"": 3995}"
4431,477,click,,2020-03-02 19:38:37,"{""info"": ""Sample log data"", ""session_id"": 4909}"
4432,850,booking,1.0,2022-08-06 18:15:01,"{""info"": ""Sample log data"", ""session_id"": 6574}"
4433,16,review_submission,14.0,2021-01-28 11:15:18,"{""info"": ""Sample log data"", ""session_id"": 8586}"
4434,804,search,,2021-04-24 23:05:31,"{""info"": ""Sample log data"", ""session_id"": 5511}"
4435,937,search,,2022-03-09 23:28:35,"{""info"": ""Sample log data"", ""session_id"": 6143}"
4436,442,booking,,2023-03-23 04:35:13,"{""info"": ""Sample log data"", ""session_id"": 8648}"
4437,407,booking,7.0,2022-05-13 21:08:00,"{""info"": ""Sample log data"", ""session_id"": 3716}"
4438,732,booking,1.0,2020-01-16 16:20:17,"{""info"": ""Sample log data"", ""session_id"": 1221}"
4439,857,search,,2022-03-28 09:35:09,"{""info"": ""Sample log data"", ""session_id"": 4135}"
4440,459,booking,8.0,2020-02-23 13:38:29,"{""info"": ""Sample log data"", ""session_id"": 8777}"
4441,247,click,4.0,2021-04-02 13:14:42,"{""info"": ""Sample log data"", ""session_id"": 6326}"
4442,868,click,,2023-08-21 04:35:55,"{""info"": ""Sample log data"", ""session_id"": 3694}"
4443,658,click,14.0,2022-01-01 02:07:24,"{""info"": ""Sample log data"", ""session_id"": 5400}"
4444,338,search,,2022-05-07 07:48:28,"{""info"": ""Sample log data"", ""session_id"": 2943}"
4445,483,review_submission,,2023-12-05 19:46:21,"{""info"": ""Sample log data"", ""session_id"": 9831}"
4446,432,review_submission,2.0,2020-06-05 18:48:27,"{""info"": ""Sample log data"", ""session_id"": 1585}"
4447,20,booking,10.0,2021-01-15 20:18:41,"{""info"": ""Sample log data"", ""session_id"": 9678}"
4448,919,review_submission,,2024-04-01 03:12:48,"{""info"": ""Sample log data"", ""session_id"": 4911}"
4449,639,click,11.0,2022-07-25 08:32:01,"{""info"": ""Sample log data"", ""session_id"": 9326}"
4450,681,search,5.0,2021-02-02 21:47:49,"{""info"": ""Sample log data"", ""session_id"": 7467}"
4451,994,review_submission,4.0,2022-09-21 07:17:19,"{""info"": ""Sample log data"", ""session_id"": 6695}"
4452,649,booking,11.0,2020-02-28 14:37:26,"{""info"": ""Sample log data"", ""session_id"": 9247}"
4453,493,booking,,2023-12-03 01:16:18,"{""info"": ""Sample log data"", ""session_id"": 6382}"
4454,101,click,2.0,2024-09-09 15:37:32,"{""info"": ""Sample log data"", ""session_id"": 3225}"
4455,961,click,8.0,2024-07-27 23:10:51,"{""info"": ""Sample log data"", ""session_id"": 5601}"
4456,282,booking,,2020-02-21 08:26:48,"{""info"": ""Sample log data"", ""session_id"": 2726}"
4457,684,click,11.0,2022-01-29 19:11:20,"{""info"": ""Sample log data"", ""session_id"": 9299}"
4458,376,booking,14.0,2024-09-02 04:20:15,"{""info"": ""Sample log data"", ""session_id"": 6057}"
4459,182,click,,2022-05-19 09:09:05,"{""info"": ""Sample log data"", ""session_id"": 6294}"
4460,465,search,,2023-10-26 08:51:58,"{""info"": ""Sample log data"", ""session_id"": 5089}"
4461,235,review_submission,11.0,2020-07-26 11:12:44,"{""info"": ""Sample log data"", ""session_id"": 1773}"
4462,433,booking,,2020-05-17 09:25:48,"{""info"": ""Sample log data"", ""session_id"": 6668}"
4463,302,review_submission,2.0,2024-01-09 12:04:03,"{""info"": ""Sample log data"", ""session_id"": 4816}"
4464,81,search,9.0,2023-04-20 16:26:25,"{""info"": ""Sample log data"", ""session_id"": 3703}"
4465,663,review_submission,,2023-07-23 22:12:27,"{""info"": ""Sample log data"", ""session_id"": 1004}"
4466,445,search,5.0,2024-04-19 07:56:53,"{""info"": ""Sample log data"", ""session_id"": 8105}"
4467,632,review_submission,,2023-04-08 17:43:18,"{""info"": ""Sample log data"", ""session_id"": 7601}"
4468,885,search,2.0,2024-09-06 19:33:42,"{""info"": ""Sample log data"", ""session_id"": 3124}"
4469,885,search,12.0,2024-02-02 20:07:00,"{""info"": ""Sample log data"", ""session_id"": 6131}"
4470,515,review_submission,5.0,2023-01-26 17:30:31,"{""info"": ""Sample log data"", ""session_id"": 4890}"
4471,23,review_submission,6.0,2021-09-07 18:46:38,"{""info"": ""Sample log data"", ""session_id"": 7183}"
4472,203,search,5.0,2024-04-07 09:41:13,"{""info"": ""Sample log data"", ""session_id"": 7685}"
4473,593,search,,2021-01-08 01:36:14,"{""info"": ""Sample log data"", ""session_id"": 8780}"
4474,328,review_submission,,2021-11-08 03:14:26,"{""info"": ""Sample log data"", ""session_id"": 5101}"
4475,924,booking,,2025-01-11 14:32:47,"{""info"": ""Sample log data"", ""session_id"": 7259}"
4476,959,booking,11.0,2021-06-20 01:45:36,"{""info"": ""Sample log data"", ""session_id"": 1469}"
4477,427,click,,2024-06-30 15:23:00,"{""info"": ""Sample log data"", ""session_id"": 4942}"
4478,56,search,,2024-07-19 06:15:36,"{""info"": ""Sample log data"", ""session_id"": 1967}"
4479,680,review_submission,,2022-02-02 02:13:20,"{""info"": ""Sample log data"", ""session_id"": 5160}"
4480,763,booking,10.0,2020-05-01 18:04:13,"{""info"": ""Sample log data"", ""session_id"": 9305}"
4481,531,booking,14.0,2022-06-20 19:24:22,"{""info"": ""Sample log data"", ""session_id"": 9951}"
4482,246,search,10.0,2023-10-01 01:25:14,"{""info"": ""Sample log data"", ""session_id"": 3680}"
4483,959,review_submission,,2024-04-21 07:37:18,"{""info"": ""Sample log data"", ""session_id"": 4435}"
4484,296,search,8.0,2021-03-03 18:34:28,"{""info"": ""Sample log data"", ""session_id"": 9223}"
4485,81,search,,2020-09-24 06:36:19,"{""info"": ""Sample log data"", ""session_id"": 9045}"
4486,463,search,2.0,2021-12-02 20:53:00,"{""info"": ""Sample log data"", ""session_id"": 5661}"
4487,45,click,,2021-11-10 17:08:26,"{""info"": ""Sample log data"", ""session_id"": 8155}"
4488,68,review_submission,,2023-11-14 15:32:33,"{""info"": ""Sample log data"", ""session_id"": 5287}"
4489,109,review_submission,11.0,2024-04-08 13:37:04,"{""info"": ""Sample log data"", ""session_id"": 5456}"
4490,655,search,1.0,2020-03-28 19:59:20,"{""info"": ""Sample log data"", ""session_id"": 1251}"
4491,898,search,4.0,2020-07-02 05:55:39,"{""info"": ""Sample log data"", ""session_id"": 3760}"
4492,739,search,5.0,2022-03-04 01:58:41,"{""info"": ""Sample log data"", ""session_id"": 1131}"
4493,82,search,12.0,2024-11-08 03:51:47,"{""info"": ""Sample log data"", ""session_id"": 3648}"
4494,112,booking,11.0,2024-12-07 16:30:27,"{""info"": ""Sample log data"", ""session_id"": 3457}"
4495,478,review_submission,,2022-06-15 14:42:03,"{""info"": ""Sample log data"", ""session_id"": 5092}"
4496,661,review_submission,,2022-06-16 21:04:27,"{""info"": ""Sample log data"", ""session_id"": 6280}"
4497,387,search,,2023-08-17 09:39:14,"{""info"": ""Sample log data"", ""session_id"": 2616}"
4498,383,click,,2022-10-16 23:25:26,"{""info"": ""Sample log data"", ""session_id"": 8260}"
4499,317,review_submission,1.0,2022-06-24 15:53:53,"{""info"": ""Sample log data"", ""session_id"": 9443}"
4500,473,search,10.0,2020-02-16 09:36:34,"{""info"": ""Sample log data"", ""session_id"": 9370}"
4501,808,click,4.0,2023-03-13 19:11:33,"{""info"": ""Sample log data"", ""session_id"": 6694}"
4502,433,search,,2024-07-19 05:30:51,"{""info"": ""Sample log data"", ""session_id"": 7202}"
4503,557,search,,2023-06-06 14:19:06,"{""info"": ""Sample log data"", ""session_id"": 7740}"
4504,700,search,7.0,2023-11-22 14:37:30,"{""info"": ""Sample log data"", ""session_id"": 8422}"
4505,691,search,,2023-03-16 18:27:53,"{""info"": ""Sample log data"", ""session_id"": 6817}"
4506,467,booking,,2023-02-27 03:28:50,"{""info"": ""Sample log data"", ""session_id"": 8371}"
4507,453,booking,,2024-03-03 18:05:04,"{""info"": ""Sample log data"", ""session_id"": 8105}"
4508,494,click,12.0,2020-05-01 21:43:59,"{""info"": ""Sample log data"", ""session_id"": 8575}"
4509,326,search,,2024-06-17 11:55:14,"{""info"": ""Sample log data"", ""session_id"": 3180}"
4510,197,click,,2021-12-31 03:02:21,"{""info"": ""Sample log data"", ""session_id"": 4669}"
4511,580,click,,2022-05-27 18:45:31,"{""info"": ""Sample log data"", ""session_id"": 2529}"
4512,949,click,,2024-10-13 06:47:31,"{""info"": ""Sample log data"", ""session_id"": 9193}"
4513,415,booking,8.0,2023-10-20 00:36:05,"{""info"": ""Sample log data"", ""session_id"": 5028}"
4514,661,booking,,2020-01-10 09:14:01,"{""info"": ""Sample log data"", ""session_id"": 6888}"
4515,160,search,8.0,2021-02-24 08:34:41,"{""info"": ""Sample log data"", ""session_id"": 2092}"
4516,255,click,,2024-05-15 19:18:21,"{""info"": ""Sample log data"", ""session_id"": 8189}"
4517,697,click,13.0,2021-05-25 17:41:29,"{""info"": ""Sample log data"", ""session_id"": 3562}"
4518,603,booking,,2023-05-22 15:11:46,"{""info"": ""Sample log data"", ""session_id"": 4571}"
4519,57,click,8.0,2023-09-24 19:09:15,"{""info"": ""Sample log data"", ""session_id"": 2121}"
4520,853,search,7.0,2021-08-08 09:51:49,"{""info"": ""Sample log data"", ""session_id"": 2361}"
4521,355,booking,,2022-07-01 04:33:38,"{""info"": ""Sample log data"", ""session_id"": 2290}"
4522,577,review_submission,,2020-01-10 11:36:55,"{""info"": ""Sample log data"", ""session_id"": 9944}"
4523,995,booking,,2024-02-25 03:12:07,"{""info"": ""Sample log data"", ""session_id"": 3032}"
4524,115,review_submission,13.0,2022-06-29 18:30:54,"{""info"": ""Sample log data"", ""session_id"": 9657}"
4525,647,booking,,2022-01-14 10:28:58,"{""info"": ""Sample log data"", ""session_id"": 5195}"
4526,207,review_submission,6.0,2022-02-17 14:56:57,"{""info"": ""Sample log data"", ""session_id"": 2709}"
4527,428,click,,2023-11-15 02:44:37,"{""info"": ""Sample log data"", ""session_id"": 3924}"
4528,273,search,,2021-05-24 09:12:25,"{""info"": ""Sample log data"", ""session_id"": 9068}"
4529,59,search,12.0,2021-03-19 06:46:25,"{""info"": ""Sample log data"", ""session_id"": 2655}"
4530,382,review_submission,,2020-07-11 05:01:40,"{""info"": ""Sample log data"", ""session_id"": 2032}"
4531,694,search,,2021-01-04 00:02:40,"{""info"": ""Sample log data"", ""session_id"": 8614}"
4532,114,search,,2024-11-12 23:27:02,"{""info"": ""Sample log data"", ""session_id"": 3600}"
4533,734,search,8.0,2024-05-21 06:34:37,"{""info"": ""Sample log data"", ""session_id"": 1366}"
4534,154,click,2.0,2020-11-21 02:07:45,"{""info"": ""Sample log data"", ""session_id"": 7514}"
4535,34,booking,1.0,2022-08-28 17:32:17,"{""info"": ""Sample log data"", ""session_id"": 7304}"
4536,112,search,8.0,2022-07-06 15:56:02,"{""info"": ""Sample log data"", ""session_id"": 2472}"
4537,961,review_submission,,2020-09-30 09:06:59,"{""info"": ""Sample log data"", ""session_id"": 5568}"
4538,418,booking,,2022-10-15 00:15:27,"{""info"": ""Sample log data"", ""session_id"": 2407}"
4539,826,click,4.0,2022-11-23 04:00:47,"{""info"": ""Sample log data"", ""session_id"": 6966}"
4540,602,search,,2020-09-27 16:30:37,"{""info"": ""Sample log data"", ""session_id"": 6717}"
4541,672,review_submission,7.0,2020-03-14 00:45:56,"{""info"": ""Sample log data"", ""session_id"": 4217}"
4542,392,click,,2022-08-14 02:03:15,"{""info"": ""Sample log data"", ""session_id"": 9338}"
4543,410,booking,1.0,2023-10-19 02:06:05,"{""info"": ""Sample log data"", ""session_id"": 5826}"
4544,269,click,6.0,2022-09-12 02:41:38,"{""info"": ""Sample log data"", ""session_id"": 1023}"
4545,66,search,,2021-12-18 16:49:09,"{""info"": ""Sample log data"", ""session_id"": 7514}"
4546,266,review_submission,,2023-09-13 23:56:41,"{""info"": ""Sample log data"", ""session_id"": 7996}"
4547,865,review_submission,8.0,2021-10-08 02:57:15,"{""info"": ""Sample log data"", ""session_id"": 5337}"
4548,67,booking,,2021-04-10 02:43:48,"{""info"": ""Sample log data"", ""session_id"": 5489}"
4549,971,booking,,2022-05-03 11:34:04,"{""info"": ""Sample log data"", ""session_id"": 2062}"
4550,702,booking,,2020-03-17 03:18:22,"{""info"": ""Sample log data"", ""session_id"": 1283}"
4551,685,booking,,2020-08-23 19:14:38,"{""info"": ""Sample log data"", ""session_id"": 9531}"
4552,284,search,7.0,2021-04-21 15:33:39,"{""info"": ""Sample log data"", ""session_id"": 5218}"
4553,653,review_submission,6.0,2021-09-27 05:14:39,"{""info"": ""Sample log data"", ""session_id"": 3372}"
4554,940,review_submission,2.0,2020-04-17 07:22:36,"{""info"": ""Sample log data"", ""session_id"": 5902}"
4555,634,search,14.0,2023-08-26 16:07:48,"{""info"": ""Sample log data"", ""session_id"": 5591}"
4556,771,click,,2024-01-06 14:28:29,"{""info"": ""Sample log data"", ""session_id"": 1423}"
4557,751,search,10.0,2020-02-23 09:53:58,"{""info"": ""Sample log data"", ""session_id"": 6937}"
4558,50,search,7.0,2022-01-12 23:13:17,"{""info"": ""Sample log data"", ""session_id"": 3480}"
4559,675,click,,2021-01-29 19:27:45,"{""info"": ""Sample log data"", ""session_id"": 6207}"
4560,597,click,,2023-01-27 12:59:17,"{""info"": ""Sample log data"", ""session_id"": 9021}"
4561,765,search,2.0,2022-06-29 13:29:33,"{""info"": ""Sample log data"", ""session_id"": 2771}"
4562,144,click,1.0,2023-08-21 12:48:56,"{""info"": ""Sample log data"", ""session_id"": 3837}"
4563,892,click,13.0,2024-05-10 18:31:40,"{""info"": ""Sample log data"", ""session_id"": 4470}"
4564,934,click,,2020-12-26 04:58:12,"{""info"": ""Sample log data"", ""session_id"": 7790}"
4565,506,search,,2023-05-27 16:44:41,"{""info"": ""Sample log data"", ""session_id"": 3004}"
4566,699,review_submission,,2020-09-22 06:27:41,"{""info"": ""Sample log data"", ""session_id"": 2554}"
4567,484,click,10.0,2022-01-06 18:48:36,"{""info"": ""Sample log data"", ""session_id"": 4742}"
4568,969,booking,10.0,2022-02-12 07:43:41,"{""info"": ""Sample log data"", ""session_id"": 4433}"
4569,371,click,,2022-02-07 03:19:47,"{""info"": ""Sample log data"", ""session_id"": 6770}"
4570,443,click,,2021-03-02 12:47:06,"{""info"": ""Sample log data"", ""session_id"": 6097}"
4571,363,search,,2020-03-28 03:00:34,"{""info"": ""Sample log data"", ""session_id"": 5156}"
4572,107,booking,,2024-03-22 08:22:04,"{""info"": ""Sample log data"", ""session_id"": 2475}"
4573,775,review_submission,9.0,2024-07-10 10:15:12,"{""info"": ""Sample log data"", ""session_id"": 9818}"
4574,178,search,9.0,2022-06-20 16:45:58,"{""info"": ""Sample log data"", ""session_id"": 5676}"
4575,396,click,14.0,2023-05-28 07:22:36,"{""info"": ""Sample log data"", ""session_id"": 4188}"
4576,385,click,,2020-01-13 03:26:25,"{""info"": ""Sample log data"", ""session_id"": 4472}"
4577,536,review_submission,,2023-09-26 13:47:38,"{""info"": ""Sample log data"", ""session_id"": 4779}"
4578,145,click,4.0,2021-03-05 06:41:23,"{""info"": ""Sample log data"", ""session_id"": 5132}"
4579,163,review_submission,,2024-09-24 02:15:49,"{""info"": ""Sample log data"", ""session_id"": 4519}"
4580,403,search,,2022-02-19 23:47:21,"{""info"": ""Sample log data"", ""session_id"": 2704}"
4581,301,booking,,2024-08-09 09:05:54,"{""info"": ""Sample log data"", ""session_id"": 5589}"
4582,489,booking,10.0,2022-05-12 05:48:19,"{""info"": ""Sample log data"", ""session_id"": 5229}"
4583,477,booking,12.0,2023-10-07 16:08:22,"{""info"": ""Sample log data"", ""session_id"": 7951}"
4584,320,click,,2020-08-30 05:07:22,"{""info"": ""Sample log data"", ""session_id"": 1057}"
4585,353,review_submission,,2020-04-14 11:37:35,"{""info"": ""Sample log data"", ""session_id"": 7335}"
4586,708,booking,,2021-11-04 23:15:13,"{""info"": ""Sample log data"", ""session_id"": 3893}"
4587,593,click,11.0,2022-04-12 21:51:56,"{""info"": ""Sample log data"", ""session_id"": 5897}"
4588,856,booking,11.0,2022-05-12 23:06:43,"{""info"": ""Sample log data"", ""session_id"": 7131}"
4589,122,booking,6.0,2024-09-05 04:38:35,"{""info"": ""Sample log data"", ""session_id"": 8365}"
4590,495,booking,,2024-03-15 02:45:51,"{""info"": ""Sample log data"", ""session_id"": 3232}"
4591,735,search,,2023-10-31 13:27:55,"{""info"": ""Sample log data"", ""session_id"": 1452}"
4592,934,review_submission,7.0,2022-12-11 20:17:03,"{""info"": ""Sample log data"", ""session_id"": 1008}"
4593,107,review_submission,3.0,2020-03-22 15:23:04,"{""info"": ""Sample log data"", ""session_id"": 5927}"
4594,200,review_submission,8.0,2022-03-15 20:02:39,"{""info"": ""Sample log data"", ""session_id"": 5673}"
4595,562,review_submission,,2024-05-28 08:24:14,"{""info"": ""Sample log data"", ""session_id"": 5101}"
4596,599,click,7.0,2022-12-18 17:37:18,"{""info"": ""Sample log data"", ""session_id"": 3816}"
4597,948,click,,2023-08-13 08:37:24,"{""info"": ""Sample log data"", ""session_id"": 3187}"
4598,746,search,14.0,2024-04-29 12:32:10,"{""info"": ""Sample log data"", ""session_id"": 3876}"
4599,22,review_submission,11.0,2025-01-19 09:32:47,"{""info"": ""Sample log data"", ""session_id"": 9217}"
4600,527,click,3.0,2024-12-07 20:14:37,"{""info"": ""Sample log data"", ""session_id"": 3119}"
4601,365,click,11.0,2020-01-13 03:41:18,"{""info"": ""Sample log data"", ""session_id"": 5485}"
4602,786,click,,2022-03-16 09:13:58,"{""info"": ""Sample log data"", ""session_id"": 9046}"
4603,579,search,4.0,2021-05-02 05:06:41,"{""info"": ""Sample log data"", ""session_id"": 9026}"
4604,887,click,10.0,2021-06-04 11:38:46,"{""info"": ""Sample log data"", ""session_id"": 6163}"
4605,89,search,1.0,2021-06-10 05:32:43,"{""info"": ""Sample log data"", ""session_id"": 8851}"
4606,613,click,,2023-12-11 09:29:43,"{""info"": ""Sample log data"", ""session_id"": 9396}"
4607,922,click,,2021-10-19 15:43:12,"{""info"": ""Sample log data"", ""session_id"": 3766}"
4608,442,search,4.0,2021-06-14 11:03:16,"{""info"": ""Sample log data"", ""session_id"": 5909}"
4609,51,search,,2024-01-11 10:41:17,"{""info"": ""Sample log data"", ""session_id"": 1526}"
4610,13,click,8.0,2024-03-04 14:39:22,"{""info"": ""Sample log data"", ""session_id"": 2733}"
4611,806,booking,,2024-08-11 05:26:17,"{""info"": ""Sample log data"", ""session_id"": 6370}"
4612,152,booking,7.0,2024-04-21 20:49:06,"{""info"": ""Sample log data"", ""session_id"": 9357}"
4613,913,booking,14.0,2020-06-04 07:08:05,"{""info"": ""Sample log data"", ""session_id"": 9869}"
4614,335,search,6.0,2021-08-03 07:49:39,"{""info"": ""Sample log data"", ""session_id"": 3298}"
4615,662,review_submission,7.0,2020-03-07 21:50:05,"{""info"": ""Sample log data"", ""session_id"": 8482}"
4616,990,booking,,2020-12-06 11:46:31,"{""info"": ""Sample log data"", ""session_id"": 2684}"
4617,798,review_submission,,2024-12-15 09:48:48,"{""info"": ""Sample log data"", ""session_id"": 2023}"
4618,241,review_submission,,2022-02-09 19:59:09,"{""info"": ""Sample log data"", ""session_id"": 8720}"
4619,129,booking,10.0,2020-11-24 07:40:46,"{""info"": ""Sample log data"", ""session_id"": 3391}"
4620,324,review_submission,,2024-06-07 02:52:49,"{""info"": ""Sample log data"", ""session_id"": 4338}"
4621,276,click,12.0,2024-10-19 10:37:03,"{""info"": ""Sample log data"", ""session_id"": 8234}"
4622,554,review_submission,,2020-08-19 04:15:46,"{""info"": ""Sample log data"", ""session_id"": 6492}"
4623,320,click,,2025-01-22 08:30:06,"{""info"": ""Sample log data"", ""session_id"": 6308}"
4624,823,review_submission,,2023-09-26 21:50:33,"{""info"": ""Sample log data"", ""session_id"": 9137}"
4625,53,search,8.0,2020-09-16 07:20:15,"{""info"": ""Sample log data"", ""session_id"": 1771}"
4626,238,booking,4.0,2023-06-01 18:25:09,"{""info"": ""Sample log data"", ""session_id"": 4649}"
4627,925,booking,10.0,2020-12-21 10:39:01,"{""info"": ""Sample log data"", ""session_id"": 8703}"
4628,184,click,5.0,2022-11-17 09:36:14,"{""info"": ""Sample log data"", ""session_id"": 2419}"
4629,382,booking,,2023-07-30 08:08:07,"{""info"": ""Sample log data"", ""session_id"": 5056}"
4630,838,search,,2021-11-18 09:23:40,"{""info"": ""Sample log data"", ""session_id"": 9879}"
4631,478,search,7.0,2020-07-18 18:33:02,"{""info"": ""Sample log data"", ""session_id"": 6617}"
4632,312,click,14.0,2020-12-15 07:06:46,"{""info"": ""Sample log data"", ""session_id"": 9551}"
4633,779,booking,,2025-01-30 02:06:35,"{""info"": ""Sample log data"", ""session_id"": 2878}"
4634,639,click,,2022-10-07 11:46:57,"{""info"": ""Sample log data"", ""session_id"": 6501}"
4635,121,review_submission,4.0,2023-05-08 20:29:10,"{""info"": ""Sample log data"", ""session_id"": 7389}"
4636,434,booking,9.0,2022-05-15 13:42:04,"{""info"": ""Sample log data"", ""session_id"": 4654}"
4637,91,click,,2022-03-30 18:53:43,"{""info"": ""Sample log data"", ""session_id"": 1380}"
4638,783,search,12.0,2024-10-27 01:17:23,"{""info"": ""Sample log data"", ""session_id"": 9959}"
4639,60,search,14.0,2020-01-15 21:55:05,"{""info"": ""Sample log data"", ""session_id"": 7715}"
4640,254,click,,2022-04-23 03:24:17,"{""info"": ""Sample log data"", ""session_id"": 4853}"
4641,163,review_submission,,2024-11-01 10:44:36,"{""info"": ""Sample log data"", ""session_id"": 6148}"
4642,83,search,,2024-04-04 06:20:25,"{""info"": ""Sample log data"", ""session_id"": 6412}"
4643,880,booking,,2020-12-16 10:11:54,"{""info"": ""Sample log data"", ""session_id"": 6674}"
4644,292,click,7.0,2021-10-25 08:55:09,"{""info"": ""Sample log data"", ""session_id"": 5419}"
4645,376,booking,9.0,2020-03-29 22:00:26,"{""info"": ""Sample log data"", ""session_id"": 5646}"
4646,632,booking,1.0,2020-08-03 20:09:18,"{""info"": ""Sample log data"", ""session_id"": 1548}"
4647,979,search,,2023-05-30 00:25:09,"{""info"": ""Sample log data"", ""session_id"": 9862}"
4648,96,click,4.0,2020-09-23 10:42:20,"{""info"": ""Sample log data"", ""session_id"": 7513}"
4649,482,click,,2022-06-13 23:31:44,"{""info"": ""Sample log data"", ""session_id"": 1281}"
4650,781,click,12.0,2023-10-20 15:24:42,"{""info"": ""Sample log data"", ""session_id"": 6685}"
4651,3,booking,10.0,2023-08-30 22:29:29,"{""info"": ""Sample log data"", ""session_id"": 5556}"
4652,22,search,,2023-10-22 01:45:16,"{""info"": ""Sample log data"", ""session_id"": 2806}"
4653,59,search,,2023-02-22 01:49:19,"{""info"": ""Sample log data"", ""session_id"": 2604}"
4654,19,booking,10.0,2020-03-20 03:46:06,"{""info"": ""Sample log data"", ""session_id"": 9852}"
4655,392,booking,,2022-06-17 20:01:12,"{""info"": ""Sample log data"", ""session_id"": 5448}"
4656,363,booking,12.0,2025-01-19 08:05:46,"{""info"": ""Sample log data"", ""session_id"": 4083}"
4657,88,booking,,2023-04-11 19:47:06,"{""info"": ""Sample log data"", ""session_id"": 6443}"
4658,263,click,,2024-05-03 15:35:28,"{""info"": ""Sample log data"", ""session_id"": 2736}"
4659,813,click,,2024-05-25 21:59:34,"{""info"": ""Sample log data"", ""session_id"": 9983}"
4660,527,search,,2024-09-29 09:40:56,"{""info"": ""Sample log data"", ""session_id"": 7158}"
4661,722,click,3.0,2020-09-08 10:11:19,"{""info"": ""Sample log data"", ""session_id"": 8607}"
4662,41,click,,2024-06-19 20:50:37,"{""info"": ""Sample log data"", ""session_id"": 2977}"
4663,476,review_submission,3.0,2021-06-20 21:03:37,"{""info"": ""Sample log data"", ""session_id"": 6358}"
4664,344,search,2.0,2021-05-28 22:12:36,"{""info"": ""Sample log data"", ""session_id"": 8206}"
4665,475,review_submission,,2020-10-23 07:18:20,"{""info"": ""Sample log data"", ""session_id"": 9937}"
4666,31,review_submission,,2022-08-24 10:10:38,"{""info"": ""Sample log data"", ""session_id"": 3077}"
4667,270,review_submission,,2020-03-01 09:04:11,"{""info"": ""Sample log data"", ""session_id"": 2001}"
4668,261,click,,2023-10-10 17:25:11,"{""info"": ""Sample log data"", ""session_id"": 7738}"
4669,324,review_submission,2.0,2022-11-18 00:31:01,"{""info"": ""Sample log data"", ""session_id"": 5204}"
4670,306,booking,,2023-09-30 09:44:19,"{""info"": ""Sample log data"", ""session_id"": 6781}"
4671,90,review_submission,,2024-11-17 06:20:14,"{""info"": ""Sample log data"", ""session_id"": 1292}"
4672,994,search,,2020-03-28 03:40:21,"{""info"": ""Sample log data"", ""session_id"": 1351}"
4673,343,booking,,2022-08-25 01:19:11,"{""info"": ""Sample log data"", ""session_id"": 7926}"
4674,175,booking,3.0,2023-08-01 00:19:24,"{""info"": ""Sample log data"", ""session_id"": 6723}"
4675,253,review_submission,14.0,2024-12-13 10:02:13,"{""info"": ""Sample log data"", ""session_id"": 1788}"
4676,469,review_submission,,2024-02-19 03:44:18,"{""info"": ""Sample log data"", ""session_id"": 6842}"
4677,719,click,,2022-07-13 07:41:42,"{""info"": ""Sample log data"", ""session_id"": 3977}"
4678,15,click,,2024-02-02 20:16:19,"{""info"": ""Sample log data"", ""session_id"": 9090}"
4679,10,review_submission,6.0,2020-11-14 08:32:20,"{""info"": ""Sample log data"", ""session_id"": 3145}"
4680,285,booking,13.0,2024-01-08 22:26:31,"{""info"": ""Sample log data"", ""session_id"": 8170}"
4681,564,click,7.0,2022-10-13 21:00:04,"{""info"": ""Sample log data"", ""session_id"": 1698}"
4682,692,review_submission,12.0,2020-11-15 19:06:39,"{""info"": ""Sample log data"", ""session_id"": 3278}"
4683,150,review_submission,,2023-07-13 18:08:45,"{""info"": ""Sample log data"", ""session_id"": 3806}"
4684,212,click,6.0,2023-07-27 09:38:15,"{""info"": ""Sample log data"", ""session_id"": 1020}"
4685,87,review_submission,,2021-06-22 17:40:25,"{""info"": ""Sample log data"", ""session_id"": 7826}"
4686,352,booking,9.0,2021-09-25 20:29:03,"{""info"": ""Sample log data"", ""session_id"": 3083}"
4687,812,review_submission,2.0,2022-11-08 06:11:16,"{""info"": ""Sample log data"", ""session_id"": 5259}"
4688,961,click,,2020-01-17 21:46:33,"{""info"": ""Sample log data"", ""session_id"": 2347}"
4689,688,click,4.0,2021-02-16 00:40:31,"{""info"": ""Sample log data"", ""session_id"": 1941}"
4690,53,click,6.0,2020-05-13 20:56:42,"{""info"": ""Sample log data"", ""session_id"": 5512}"
4691,850,review_submission,,2020-02-23 01:05:10,"{""info"": ""Sample log data"", ""session_id"": 8424}"
4692,97,booking,4.0,2020-12-17 16:16:25,"{""info"": ""Sample log data"", ""session_id"": 2270}"
4693,349,review_submission,5.0,2022-10-02 20:16:08,"{""info"": ""Sample log data"", ""session_id"": 7794}"
4694,182,review_submission,6.0,2020-11-26 21:03:09,"{""info"": ""Sample log data"", ""session_id"": 9340}"
4695,265,click,,2022-06-12 19:38:50,"{""info"": ""Sample log data"", ""session_id"": 3468}"
4696,114,booking,,2022-02-26 07:48:41,"{""info"": ""Sample log data"", ""session_id"": 6961}"
4697,975,review_submission,13.0,2023-03-21 01:08:12,"{""info"": ""Sample log data"", ""session_id"": 7291}"
4698,199,click,12.0,2021-10-06 15:43:04,"{""info"": ""Sample log data"", ""session_id"": 3172}"
4699,165,search,7.0,2023-12-19 21:41:04,"{""info"": ""Sample log data"", ""session_id"": 1051}"
4700,98,click,14.0,2022-11-04 23:16:29,"{""info"": ""Sample log data"", ""session_id"": 6508}"
4701,502,booking,13.0,2021-02-19 20:09:14,"{""info"": ""Sample log data"", ""session_id"": 7024}"
4702,103,click,2.0,2021-08-28 22:34:07,"{""info"": ""Sample log data"", ""session_id"": 5757}"
4703,16,search,8.0,2025-01-16 01:06:59,"{""info"": ""Sample log data"", ""session_id"": 5982}"
4704,273,booking,,2024-01-10 22:59:11,"{""info"": ""Sample log data"", ""session_id"": 8159}"
4705,755,review_submission,,2021-04-12 17:16:37,"{""info"": ""Sample log data"", ""session_id"": 6633}"
4706,207,review_submission,8.0,2020-11-14 04:50:28,"{""info"": ""Sample log data"", ""session_id"": 8954}"
4707,126,click,1.0,2022-08-05 19:40:56,"{""info"": ""Sample log data"", ""session_id"": 7009}"
4708,707,review_submission,,2021-01-14 11:30:38,"{""info"": ""Sample log data"", ""session_id"": 8280}"
4709,349,review_submission,6.0,2021-10-08 19:48:18,"{""info"": ""Sample log data"", ""session_id"": 1095}"
4710,49,click,,2021-07-07 20:17:56,"{""info"": ""Sample log data"", ""session_id"": 3114}"
4711,237,review_submission,,2023-04-11 07:57:47,"{""info"": ""Sample log data"", ""session_id"": 6097}"
4712,234,click,11.0,2023-01-09 19:02:48,"{""info"": ""Sample log data"", ""session_id"": 2384}"
4713,831,review_submission,11.0,2020-07-22 07:28:34,"{""info"": ""Sample log data"", ""session_id"": 2082}"
4714,71,booking,3.0,2023-10-05 00:44:52,"{""info"": ""Sample log data"", ""session_id"": 1142}"
4715,859,click,12.0,2023-08-03 02:12:07,"{""info"": ""Sample log data"", ""session_id"": 8719}"
4716,440,booking,3.0,2020-12-28 07:04:25,"{""info"": ""Sample log data"", ""session_id"": 2530}"
4717,511,click,2.0,2020-08-29 16:40:16,"{""info"": ""Sample log data"", ""session_id"": 1657}"
4718,628,search,,2023-05-04 00:32:44,"{""info"": ""Sample log data"", ""session_id"": 1587}"
4719,50,booking,3.0,2022-08-25 07:11:15,"{""info"": ""Sample log data"", ""session_id"": 6577}"
4720,848,review_submission,,2022-12-12 05:22:30,"{""info"": ""Sample log data"", ""session_id"": 2457}"
4721,22,click,,2021-10-16 04:27:42,"{""info"": ""Sample log data"", ""session_id"": 8736}"
4722,703,click,,2024-07-02 11:19:29,"{""info"": ""Sample log data"", ""session_id"": 4769}"
4723,846,click,12.0,2021-06-01 08:58:30,"{""info"": ""Sample log data"", ""session_id"": 6579}"
4724,809,click,,2022-04-12 04:59:12,"{""info"": ""Sample log data"", ""session_id"": 9663}"
4725,557,search,,2023-09-15 17:03:22,"{""info"": ""Sample log data"", ""session_id"": 6847}"
4726,474,review_submission,,2022-09-03 23:36:17,"{""info"": ""Sample log data"", ""session_id"": 6109}"
4727,219,booking,10.0,2024-09-17 14:51:13,"{""info"": ""Sample log data"", ""session_id"": 2638}"
4728,263,review_submission,4.0,2021-05-31 08:04:30,"{""info"": ""Sample log data"", ""session_id"": 5840}"
4729,351,click,,2022-03-23 20:58:41,"{""info"": ""Sample log data"", ""session_id"": 2078}"
4730,972,search,7.0,2024-05-01 06:53:57,"{""info"": ""Sample log data"", ""session_id"": 5347}"
4731,696,review_submission,9.0,2024-09-29 16:43:21,"{""info"": ""Sample log data"", ""session_id"": 3590}"
4732,149,click,,2022-04-22 01:02:25,"{""info"": ""Sample log data"", ""session_id"": 5744}"
4733,286,review_submission,,2024-07-22 21:12:10,"{""info"": ""Sample log data"", ""session_id"": 5976}"
4734,538,booking,,2022-08-22 08:18:19,"{""info"": ""Sample log data"", ""session_id"": 5935}"
4735,994,booking,,2021-07-04 07:18:49,"{""info"": ""Sample log data"", ""session_id"": 2934}"
4736,645,booking,8.0,2024-12-26 23:01:11,"{""info"": ""Sample log data"", ""session_id"": 2524}"
4737,263,click,7.0,2024-01-30 05:13:06,"{""info"": ""Sample log data"", ""session_id"": 2052}"
4738,225,click,13.0,2022-04-18 07:07:17,"{""info"": ""Sample log data"", ""session_id"": 4838}"
4739,926,click,,2022-05-24 23:25:25,"{""info"": ""Sample log data"", ""session_id"": 7497}"
4740,119,click,,2022-09-29 04:35:47,"{""info"": ""Sample log data"", ""session_id"": 5324}"
4741,376,click,6.0,2021-10-08 05:31:35,"{""info"": ""Sample log data"", ""session_id"": 8233}"
4742,177,search,,2023-12-26 21:07:11,"{""info"": ""Sample log data"", ""session_id"": 8231}"
4743,654,click,,2024-10-10 22:41:44,"{""info"": ""Sample log data"", ""session_id"": 1432}"
4744,247,click,,2024-10-03 17:00:05,"{""info"": ""Sample log data"", ""session_id"": 7473}"
4745,165,search,,2022-12-03 17:14:05,"{""info"": ""Sample log data"", ""session_id"": 4475}"
4746,577,search,14.0,2024-12-13 19:36:55,"{""info"": ""Sample log data"", ""session_id"": 4117}"
4747,563,click,9.0,2024-05-03 18:41:18,"{""info"": ""Sample log data"", ""session_id"": 4453}"
4748,905,booking,,2022-01-03 22:35:54,"{""info"": ""Sample log data"", ""session_id"": 9197}"
4749,311,booking,6.0,2023-02-02 13:37:43,"{""info"": ""Sample log data"", ""session_id"": 1603}"
4750,401,search,6.0,2020-09-26 04:44:55,"{""info"": ""Sample log data"", ""session_id"": 5343}"
4751,425,click,,2023-05-13 02:11:33,"{""info"": ""Sample log data"", ""session_id"": 7667}"
4752,165,search,,2021-05-18 11:50:21,"{""info"": ""Sample log data"", ""session_id"": 8570}"
4753,897,click,5.0,2024-04-19 05:17:47,"{""info"": ""Sample log data"", ""session_id"": 3017}"
4754,982,booking,,2023-06-26 09:07:19,"{""info"": ""Sample log data"", ""session_id"": 6749}"
4755,86,booking,,2022-12-01 12:28:24,"{""info"": ""Sample log data"", ""session_id"": 4335}"
4756,666,search,,2022-03-17 12:31:39,"{""info"": ""Sample log data"", ""session_id"": 7306}"
4757,768,click,,2022-09-25 16:43:28,"{""info"": ""Sample log data"", ""session_id"": 6313}"
4758,291,booking,13.0,2020-10-04 07:36:45,"{""info"": ""Sample log data"", ""session_id"": 3049}"
4759,672,click,3.0,2024-06-07 10:09:37,"{""info"": ""Sample log data"", ""session_id"": 9237}"
4760,305,search,4.0,2021-02-02 02:59:41,"{""info"": ""Sample log data"", ""session_id"": 1879}"
4761,983,booking,10.0,2020-06-22 17:13:50,"{""info"": ""Sample log data"", ""session_id"": 9526}"
4762,633,click,1.0,2021-07-29 19:25:15,"{""info"": ""Sample log data"", ""session_id"": 3482}"
4763,730,search,,2020-08-02 15:47:53,"{""info"": ""Sample log data"", ""session_id"": 9188}"
4764,437,review_submission,,2020-05-21 18:16:02,"{""info"": ""Sample log data"", ""session_id"": 7616}"
4765,892,click,12.0,2024-09-13 04:02:58,"{""info"": ""Sample log data"", ""session_id"": 3697}"
4766,388,review_submission,,2020-07-06 13:08:57,"{""info"": ""Sample log data"", ""session_id"": 1301}"
4767,683,search,,2024-02-24 08:27:02,"{""info"": ""Sample log data"", ""session_id"": 4627}"
4768,336,booking,,2021-07-29 16:01:41,"{""info"": ""Sample log data"", ""session_id"": 6985}"
4769,682,booking,10.0,2020-12-24 02:05:42,"{""info"": ""Sample log data"", ""session_id"": 3312}"
4770,93,click,,2021-08-09 21:36:41,"{""info"": ""Sample log data"", ""session_id"": 1848}"
4771,122,click,6.0,2022-02-23 10:27:51,"{""info"": ""Sample log data"", ""session_id"": 4252}"
4772,443,booking,,2024-12-11 14:44:02,"{""info"": ""Sample log data"", ""session_id"": 4647}"
4773,477,search,,2022-10-16 20:51:03,"{""info"": ""Sample log data"", ""session_id"": 8121}"
4774,306,booking,1.0,2020-09-25 03:24:26,"{""info"": ""Sample log data"", ""session_id"": 5388}"
4775,528,click,3.0,2020-08-18 00:55:55,"{""info"": ""Sample log data"", ""session_id"": 5265}"
4776,932,booking,,2021-07-14 22:14:06,"{""info"": ""Sample log data"", ""session_id"": 1308}"
4777,912,booking,,2021-12-06 13:41:53,"{""info"": ""Sample log data"", ""session_id"": 3666}"
4778,104,review_submission,,2022-12-28 23:30:19,"{""info"": ""Sample log data"", ""session_id"": 6197}"
4779,1,click,,2023-02-15 10:26:46,"{""info"": ""Sample log data"", ""session_id"": 1225}"
4780,362,click,,2020-06-16 02:16:23,"{""info"": ""Sample log data"", ""session_id"": 8578}"
4781,163,click,,2024-12-01 11:44:49,"{""info"": ""Sample log data"", ""session_id"": 4265}"
4782,984,click,,2023-04-20 21:52:06,"{""info"": ""Sample log data"", ""session_id"": 9281}"
4783,593,search,2.0,2023-05-27 11:55:49,"{""info"": ""Sample log data"", ""session_id"": 6579}"
4784,964,click,,2022-06-04 18:20:53,"{""info"": ""Sample log data"", ""session_id"": 6105}"
4785,752,click,,2021-06-26 17:12:35,"{""info"": ""Sample log data"", ""session_id"": 4462}"
4786,765,review_submission,,2020-10-24 00:17:17,"{""info"": ""Sample log data"", ""session_id"": 8080}"
4787,849,click,,2020-02-25 11:50:26,"{""info"": ""Sample log data"", ""session_id"": 8544}"
4788,654,click,,2021-03-08 19:07:36,"{""info"": ""Sample log data"", ""session_id"": 1479}"
4789,47,booking,1.0,2022-07-01 19:29:36,"{""info"": ""Sample log data"", ""session_id"": 1076}"
4790,908,review_submission,10.0,2023-10-07 20:49:06,"{""info"": ""Sample log data"", ""session_id"": 8760}"
4791,752,search,,2024-04-26 17:36:32,"{""info"": ""Sample log data"", ""session_id"": 7052}"
4792,600,search,6.0,2023-01-19 16:34:25,"{""info"": ""Sample log data"", ""session_id"": 5345}"
4793,175,booking,,2024-06-12 00:20:21,"{""info"": ""Sample log data"", ""session_id"": 5629}"
4794,649,search,5.0,2022-08-12 17:50:31,"{""info"": ""Sample log data"", ""session_id"": 9182}"
4795,992,search,5.0,2024-05-10 10:49:57,"{""info"": ""Sample log data"", ""session_id"": 9490}"
4796,475,review_submission,,2020-08-28 20:40:27,"{""info"": ""Sample log data"", ""session_id"": 6296}"
4797,715,review_submission,10.0,2021-02-19 16:55:02,"{""info"": ""Sample log data"", ""session_id"": 2878}"
4798,958,click,8.0,2020-07-14 22:33:16,"{""info"": ""Sample log data"", ""session_id"": 7520}"
4799,568,booking,11.0,2022-08-15 09:31:39,"{""info"": ""Sample log data"", ""session_id"": 8826}"
4800,868,review_submission,12.0,2021-12-14 19:57:00,"{""info"": ""Sample log data"", ""session_id"": 1187}"
4801,800,booking,8.0,2022-08-04 21:08:49,"{""info"": ""Sample log data"", ""session_id"": 2678}"
4802,926,booking,11.0,2024-04-06 10:23:00,"{""info"": ""Sample log data"", ""session_id"": 5947}"
4803,142,review_submission,,2023-11-19 23:49:10,"{""info"": ""Sample log data"", ""session_id"": 5557}"
4804,105,review_submission,6.0,2023-10-13 08:14:02,"{""info"": ""Sample log data"", ""session_id"": 5586}"
4805,940,review_submission,,2023-10-01 09:29:20,"{""info"": ""Sample log data"", ""session_id"": 6628}"
4806,848,review_submission,,2020-11-10 19:40:01,"{""info"": ""Sample log data"", ""session_id"": 7191}"
4807,304,click,7.0,2020-12-18 17:37:29,"{""info"": ""Sample log data"", ""session_id"": 2546}"
4808,981,review_submission,,2024-12-30 18:42:06,"{""info"": ""Sample log data"", ""session_id"": 7087}"
4809,900,click,5.0,2024-03-15 11:21:05,"{""info"": ""Sample log data"", ""session_id"": 2927}"
4810,441,review_submission,,2024-08-28 10:54:35,"{""info"": ""Sample log data"", ""session_id"": 3685}"
4811,323,review_submission,11.0,2022-04-27 19:27:43,"{""info"": ""Sample log data"", ""session_id"": 4342}"
4812,178,booking,2.0,2021-01-15 18:40:07,"{""info"": ""Sample log data"", ""session_id"": 2341}"
4813,28,click,11.0,2020-12-30 04:47:04,"{""info"": ""Sample log data"", ""session_id"": 5389}"
4814,586,search,5.0,2020-06-14 08:50:37,"{""info"": ""Sample log data"", ""session_id"": 2389}"
4815,92,click,1.0,2023-11-09 12:58:29,"{""info"": ""Sample log data"", ""session_id"": 6005}"
4816,479,booking,12.0,2022-08-31 10:28:16,"{""info"": ""Sample log data"", ""session_id"": 8783}"
4817,583,review_submission,,2021-02-06 05:08:38,"{""info"": ""Sample log data"", ""session_id"": 4093}"
4818,798,search,3.0,2021-06-20 21:52:17,"{""info"": ""Sample log data"", ""session_id"": 5219}"
4819,330,click,,2020-01-28 04:22:23,"{""info"": ""Sample log data"", ""session_id"": 9338}"
4820,992,search,,2020-05-14 05:13:06,"{""info"": ""Sample log data"", ""session_id"": 3956}"
4821,473,booking,,2021-08-22 20:48:39,"{""info"": ""Sample log data"", ""session_id"": 7712}"
4822,711,booking,,2022-05-02 21:04:26,"{""info"": ""Sample log data"", ""session_id"": 3923}"
4823,694,booking,,2020-07-07 18:16:02,"{""info"": ""Sample log data"", ""session_id"": 3821}"
4824,396,search,,2022-06-26 21:39:34,"{""info"": ""Sample log data"", ""session_id"": 7528}"
4825,416,review_submission,10.0,2020-01-05 15:58:11,"{""info"": ""Sample log data"", ""session_id"": 8926}"
4826,794,click,,2021-04-08 07:33:50,"{""info"": ""Sample log data"", ""session_id"": 3155}"
4827,803,click,12.0,2024-06-13 15:06:39,"{""info"": ""Sample log data"", ""session_id"": 8170}"
4828,1000,search,,2022-01-18 05:35:48,"{""info"": ""Sample log data"", ""session_id"": 4409}"
4829,848,booking,,2022-12-24 16:07:29,"{""info"": ""Sample log data"", ""session_id"": 4777}"
4830,597,review_submission,6.0,2024-09-01 11:46:22,"{""info"": ""Sample log data"", ""session_id"": 3824}"
4831,584,search,12.0,2024-05-14 16:35:40,"{""info"": ""Sample log data"", ""session_id"": 6278}"
4832,399,search,,2022-05-15 06:38:22,"{""info"": ""Sample log data"", ""session_id"": 1031}"
4833,956,click,8.0,2023-07-28 13:53:06,"{""info"": ""Sample log data"", ""session_id"": 3160}"
4834,675,review_submission,,2022-07-08 21:10:17,"{""info"": ""Sample log data"", ""session_id"": 2782}"
4835,702,booking,,2020-06-20 14:17:33,"{""info"": ""Sample log data"", ""session_id"": 5324}"
4836,294,review_submission,6.0,2022-12-11 15:36:46,"{""info"": ""Sample log data"", ""session_id"": 4841}"
4837,918,review_submission,11.0,2023-05-30 05:38:22,"{""info"": ""Sample log data"", ""session_id"": 1293}"
4838,857,review_submission,1.0,2022-02-13 00:15:42,"{""info"": ""Sample log data"", ""session_id"": 9479}"
4839,151,search,11.0,2020-02-12 20:15:23,"{""info"": ""Sample log data"", ""session_id"": 3822}"
4840,609,review_submission,9.0,2023-08-01 18:19:16,"{""info"": ""Sample log data"", ""session_id"": 8892}"
4841,749,click,,2023-08-03 21:39:07,"{""info"": ""Sample log data"", ""session_id"": 6145}"
4842,647,booking,4.0,2021-04-03 02:14:18,"{""info"": ""Sample log data"", ""session_id"": 3445}"
4843,186,click,2.0,2024-05-16 00:13:52,"{""info"": ""Sample log data"", ""session_id"": 9971}"
4844,106,review_submission,10.0,2021-09-28 06:51:38,"{""info"": ""Sample log data"", ""session_id"": 6246}"
4845,840,click,13.0,2021-04-09 09:57:19,"{""info"": ""Sample log data"", ""session_id"": 4729}"
4846,171,review_submission,3.0,2022-08-05 12:12:36,"{""info"": ""Sample log data"", ""session_id"": 5244}"
4847,142,booking,,2020-06-28 21:22:43,"{""info"": ""Sample log data"", ""session_id"": 9450}"
4848,220,search,,2024-08-10 18:14:42,"{""info"": ""Sample log data"", ""session_id"": 3732}"
4849,687,click,4.0,2021-01-29 06:38:48,"{""info"": ""Sample log data"", ""session_id"": 3891}"
4850,515,booking,,2021-01-06 03:41:43,"{""info"": ""Sample log data"", ""session_id"": 8286}"
4851,84,search,9.0,2024-04-30 11:48:24,"{""info"": ""Sample log data"", ""session_id"": 7553}"
4852,202,click,2.0,2021-12-05 13:39:49,"{""info"": ""Sample log data"", ""session_id"": 8308}"
4853,960,booking,12.0,2020-09-07 16:27:22,"{""info"": ""Sample log data"", ""session_id"": 5259}"
4854,354,booking,,2022-03-10 13:47:53,"{""info"": ""Sample log data"", ""session_id"": 8317}"
4855,135,click,8.0,2020-06-08 07:01:22,"{""info"": ""Sample log data"", ""session_id"": 5327}"
4856,529,review_submission,,2022-02-28 22:10:56,"{""info"": ""Sample log data"", ""session_id"": 3708}"
4857,931,click,,2023-11-06 16:34:37,"{""info"": ""Sample log data"", ""session_id"": 4287}"
4858,33,click,,2024-05-19 09:24:06,"{""info"": ""Sample log data"", ""session_id"": 6975}"
4859,664,search,9.0,2023-09-22 15:43:14,"{""info"": ""Sample log data"", ""session_id"": 5404}"
4860,867,click,3.0,2020-06-11 05:16:32,"{""info"": ""Sample log data"", ""session_id"": 7556}"
4861,675,search,14.0,2020-01-07 02:49:33,"{""info"": ""Sample log data"", ""session_id"": 8448}"
4862,500,click,,2024-02-09 13:58:53,"{""info"": ""Sample log data"", ""session_id"": 6954}"
4863,978,booking,,2024-02-20 14:00:22,"{""info"": ""Sample log data"", ""session_id"": 2533}"
4864,745,booking,8.0,2021-12-04 01:03:44,"{""info"": ""Sample log data"", ""session_id"": 4811}"
4865,341,click,9.0,2024-03-29 18:29:29,"{""info"": ""Sample log data"", ""session_id"": 1610}"
4866,189,click,,2020-06-23 01:03:01,"{""info"": ""Sample log data"", ""session_id"": 6349}"
4867,448,booking,,2023-03-26 01:06:42,"{""info"": ""Sample log data"", ""session_id"": 2716}"
4868,975,click,8.0,2021-04-21 13:30:48,"{""info"": ""Sample log data"", ""session_id"": 1719}"
4869,473,review_submission,,2024-08-07 17:02:54,"{""info"": ""Sample log data"", ""session_id"": 1589}"
4870,901,booking,3.0,2022-03-25 13:42:34,"{""info"": ""Sample log data"", ""session_id"": 3176}"
4871,773,review_submission,,2020-12-25 21:47:16,"{""info"": ""Sample log data"", ""session_id"": 8370}"
4872,734,click,8.0,2020-06-17 21:54:25,"{""info"": ""Sample log data"", ""session_id"": 2292}"
4873,488,search,2.0,2023-10-18 07:40:54,"{""info"": ""Sample log data"", ""session_id"": 6262}"
4874,654,booking,,2023-11-13 14:49:30,"{""info"": ""Sample log data"", ""session_id"": 8530}"
4875,894,booking,8.0,2023-02-18 11:53:20,"{""info"": ""Sample log data"", ""session_id"": 2833}"
4876,45,review_submission,,2022-07-12 01:01:42,"{""info"": ""Sample log data"", ""session_id"": 5266}"
4877,709,search,,2021-01-21 16:47:06,"{""info"": ""Sample log data"", ""session_id"": 7530}"
4878,500,review_submission,9.0,2021-12-31 06:00:50,"{""info"": ""Sample log data"", ""session_id"": 1297}"
4879,830,click,5.0,2021-11-11 18:06:40,"{""info"": ""Sample log data"", ""session_id"": 1031}"
4880,942,search,9.0,2021-11-28 01:11:11,"{""info"": ""Sample log data"", ""session_id"": 5958}"
4881,124,review_submission,13.0,2022-09-21 15:48:28,"{""info"": ""Sample log data"", ""session_id"": 6127}"
4882,809,search,13.0,2021-08-26 02:35:36,"{""info"": ""Sample log data"", ""session_id"": 1897}"
4883,796,click,9.0,2021-08-14 11:18:44,"{""info"": ""Sample log data"", ""session_id"": 7048}"
4884,276,click,2.0,2023-10-02 05:01:13,"{""info"": ""Sample log data"", ""session_id"": 4605}"
4885,112,click,,2020-03-30 14:20:40,"{""info"": ""Sample log data"", ""session_id"": 5432}"
4886,565,search,,2023-02-07 22:53:06,"{""info"": ""Sample log data"", ""session_id"": 8577}"
4887,234,click,12.0,2024-12-17 06:29:50,"{""info"": ""Sample log data"", ""session_id"": 3181}"
4888,896,review_submission,9.0,2025-01-08 10:08:45,"{""info"": ""Sample log data"", ""session_id"": 3347}"
4889,929,click,,2021-10-16 12:16:29,"{""info"": ""Sample log data"", ""session_id"": 2542}"
4890,645,search,7.0,2020-04-07 00:33:32,"{""info"": ""Sample log data"", ""session_id"": 5529}"
4891,975,review_submission,,2024-10-11 10:24:02,"{""info"": ""Sample log data"", ""session_id"": 7795}"
4892,933,click,1.0,2024-08-13 13:18:33,"{""info"": ""Sample log data"", ""session_id"": 2041}"
4893,873,review_submission,10.0,2024-11-10 08:38:54,"{""info"": ""Sample log data"", ""session_id"": 5217}"
4894,559,review_submission,8.0,2023-12-24 01:43:15,"{""info"": ""Sample log data"", ""session_id"": 7223}"
4895,716,review_submission,,2022-04-26 19:58:23,"{""info"": ""Sample log data"", ""session_id"": 5490}"
4896,601,search,,2020-09-11 07:38:44,"{""info"": ""Sample log data"", ""session_id"": 1692}"
4897,109,booking,5.0,2023-09-30 02:58:59,"{""info"": ""Sample log data"", ""session_id"": 3871}"
4898,331,booking,8.0,2020-02-15 18:34:11,"{""info"": ""Sample log data"", ""session_id"": 2678}"
4899,517,search,,2021-02-25 04:56:55,"{""info"": ""Sample log data"", ""session_id"": 6528}"
4900,516,booking,3.0,2020-02-21 06:20:38,"{""info"": ""Sample log data"", ""session_id"": 3149}"
4901,166,review_submission,13.0,2024-02-15 04:55:20,"{""info"": ""Sample log data"", ""session_id"": 7100}"
4902,163,search,,2021-06-06 01:21:36,"{""info"": ""Sample log data"", ""session_id"": 8981}"
4903,798,click,4.0,2021-01-09 13:48:43,"{""info"": ""Sample log data"", ""session_id"": 5364}"
4904,227,booking,,2023-04-07 03:18:19,"{""info"": ""Sample log data"", ""session_id"": 4831}"
4905,556,click,,2023-09-26 07:39:32,"{""info"": ""Sample log data"", ""session_id"": 6986}"
4906,814,review_submission,,2023-10-01 08:43:04,"{""info"": ""Sample log data"", ""session_id"": 8637}"
4907,113,booking,7.0,2022-12-31 07:09:10,"{""info"": ""Sample log data"", ""session_id"": 4091}"
4908,720,booking,,2023-09-30 04:11:51,"{""info"": ""Sample log data"", ""session_id"": 5692}"
4909,919,search,,2024-07-30 05:54:59,"{""info"": ""Sample log data"", ""session_id"": 4805}"
4910,266,review_submission,,2020-10-18 13:52:17,"{""info"": ""Sample log data"", ""session_id"": 7997}"
4911,712,booking,,2021-05-06 18:47:21,"{""info"": ""Sample log data"", ""session_id"": 3061}"
4912,579,search,,2024-02-01 04:50:00,"{""info"": ""Sample log data"", ""session_id"": 4162}"
4913,399,search,6.0,2025-01-28 22:04:14,"{""info"": ""Sample log data"", ""session_id"": 1033}"
4914,937,search,2.0,2020-03-13 12:03:05,"{""info"": ""Sample log data"", ""session_id"": 1523}"
4915,494,review_submission,9.0,2020-12-29 05:39:37,"{""info"": ""Sample log data"", ""session_id"": 9493}"
4916,852,click,,2021-09-23 19:39:55,"{""info"": ""Sample log data"", ""session_id"": 8808}"
4917,655,booking,,2020-05-28 02:12:39,"{""info"": ""Sample log data"", ""session_id"": 4404}"
4918,934,click,,2020-06-24 16:41:19,"{""info"": ""Sample log data"", ""session_id"": 9441}"
4919,91,click,4.0,2021-05-14 21:19:42,"{""info"": ""Sample log data"", ""session_id"": 8778}"
4920,997,booking,,2023-02-20 22:01:05,"{""info"": ""Sample log data"", ""session_id"": 5343}"
4921,676,booking,,2022-05-29 20:44:46,"{""info"": ""Sample log data"", ""session_id"": 8900}"
4922,970,click,,2021-06-26 18:08:24,"{""info"": ""Sample log data"", ""session_id"": 5754}"
4923,290,review_submission,,2020-08-23 13:47:51,"{""info"": ""Sample log data"", ""session_id"": 8464}"
4924,320,search,,2024-09-29 19:33:44,"{""info"": ""Sample log data"", ""session_id"": 7348}"
4925,461,booking,3.0,2023-03-13 22:39:07,"{""info"": ""Sample log data"", ""session_id"": 2976}"
4926,224,review_submission,7.0,2021-08-16 15:19:54,"{""info"": ""Sample log data"", ""session_id"": 8416}"
4927,385,search,14.0,2022-09-12 08:21:10,"{""info"": ""Sample log data"", ""session_id"": 4347}"
4928,934,search,,2024-05-27 17:12:16,"{""info"": ""Sample log data"", ""session_id"": 9089}"
4929,578,search,10.0,2021-07-03 06:14:13,"{""info"": ""Sample log data"", ""session_id"": 9196}"
4930,79,click,2.0,2023-06-14 21:54:56,"{""info"": ""Sample log data"", ""session_id"": 4559}"
4931,324,search,,2024-01-25 21:21:36,"{""info"": ""Sample log data"", ""session_id"": 2228}"
4932,35,click,7.0,2021-06-13 15:08:42,"{""info"": ""Sample log data"", ""session_id"": 6318}"
4933,775,search,10.0,2021-08-19 12:11:12,"{""info"": ""Sample log data"", ""session_id"": 6192}"
4934,430,click,,2022-06-21 21:22:01,"{""info"": ""Sample log data"", ""session_id"": 4765}"
4935,499,click,13.0,2024-04-02 14:08:32,"{""info"": ""Sample log data"", ""session_id"": 5163}"
4936,29,search,14.0,2023-01-07 10:28:25,"{""info"": ""Sample log data"", ""session_id"": 3173}"
4937,60,search,5.0,2021-08-01 12:06:43,"{""info"": ""Sample log data"", ""session_id"": 1762}"
4938,577,search,9.0,2024-04-03 11:25:51,"{""info"": ""Sample log data"", ""session_id"": 2928}"
4939,158,booking,,2023-07-25 12:03:22,"{""info"": ""Sample log data"", ""session_id"": 8062}"
4940,934,review_submission,9.0,2020-03-21 19:05:01,"{""info"": ""Sample log data"", ""session_id"": 4157}"
4941,995,search,8.0,2025-01-28 00:08:13,"{""info"": ""Sample log data"", ""session_id"": 5366}"
4942,52,click,,2020-09-06 16:54:02,"{""info"": ""Sample log data"", ""session_id"": 4491}"
4943,499,review_submission,,2024-07-06 00:57:51,"{""info"": ""Sample log data"", ""session_id"": 2840}"
4944,311,search,,2024-03-16 21:02:10,"{""info"": ""Sample log data"", ""session_id"": 2632}"
4945,570,booking,,2020-07-31 03:39:43,"{""info"": ""Sample log data"", ""session_id"": 3512}"
4946,3,booking,,2022-12-24 06:22:27,"{""info"": ""Sample log data"", ""session_id"": 5091}"
4947,809,booking,,2020-05-01 19:32:22,"{""info"": ""Sample log data"", ""session_id"": 7114}"
4948,959,review_submission,,2022-12-14 01:05:17,"{""info"": ""Sample log data"", ""session_id"": 4507}"
4949,711,booking,1.0,2020-05-26 01:14:46,"{""info"": ""Sample log data"", ""session_id"": 8566}"
4950,373,click,,2024-01-12 04:22:44,"{""info"": ""Sample log data"", ""session_id"": 3696}"
4951,143,booking,,2020-05-26 23:59:41,"{""info"": ""Sample log data"", ""session_id"": 3109}"
4952,932,click,6.0,2020-12-31 12:35:25,"{""info"": ""Sample log data"", ""session_id"": 3564}"
4953,908,click,8.0,2023-03-04 07:22:25,"{""info"": ""Sample log data"", ""session_id"": 5408}"
4954,902,booking,,2022-09-05 04:54:06,"{""info"": ""Sample log data"", ""session_id"": 1194}"
4955,254,search,,2024-08-22 22:22:49,"{""info"": ""Sample log data"", ""session_id"": 3171}"
4956,339,booking,,2023-12-29 10:02:51,"{""info"": ""Sample log data"", ""session_id"": 8214}"
4957,153,click,,2023-10-04 09:49:33,"{""info"": ""Sample log data"", ""session_id"": 8945}"
4958,533,click,10.0,2023-10-10 20:37:22,"{""info"": ""Sample log data"", ""session_id"": 6232}"
4959,916,search,7.0,2024-08-15 12:19:08,"{""info"": ""Sample log data"", ""session_id"": 1073}"
4960,411,review_submission,,2024-02-09 02:32:21,"{""info"": ""Sample log data"", ""session_id"": 5897}"
4961,14,search,8.0,2023-12-21 03:01:46,"{""info"": ""Sample log data"", ""session_id"": 3231}"
4962,174,search,,2022-05-01 23:30:39,"{""info"": ""Sample log data"", ""session_id"": 9729}"
4963,16,click,7.0,2022-06-06 16:05:56,"{""info"": ""Sample log data"", ""session_id"": 6830}"
4964,311,booking,1.0,2025-01-22 21:27:42,"{""info"": ""Sample log data"", ""session_id"": 2308}"
4965,935,booking,,2020-03-01 01:19:10,"{""info"": ""Sample log data"", ""session_id"": 6323}"
4966,766,booking,,2020-08-08 09:46:12,"{""info"": ""Sample log data"", ""session_id"": 5444}"
4967,585,click,13.0,2024-07-28 17:01:23,"{""info"": ""Sample log data"", ""session_id"": 4668}"
4968,858,booking,,2020-04-15 11:09:49,"{""info"": ""Sample log data"", ""session_id"": 3191}"
4969,139,click,6.0,2020-09-11 18:57:08,"{""info"": ""Sample log data"", ""session_id"": 8988}"
4970,792,booking,,2021-08-11 09:28:24,"{""info"": ""Sample log data"", ""session_id"": 7807}"
4971,637,click,9.0,2022-12-23 18:43:47,"{""info"": ""Sample log data"", ""session_id"": 9829}"
4972,260,review_submission,,2020-01-19 13:19:03,"{""info"": ""Sample log data"", ""session_id"": 5306}"
4973,235,booking,11.0,2024-02-21 20:14:49,"{""info"": ""Sample log data"", ""session_id"": 7137}"
4974,621,click,,2021-05-13 15:44:23,"{""info"": ""Sample log data"", ""session_id"": 7915}"
4975,952,search,,2022-10-11 17:18:15,"{""info"": ""Sample log data"", ""session_id"": 7505}"
4976,206,search,,2023-10-20 08:03:16,"{""info"": ""Sample log data"", ""session_id"": 7505}"
4977,107,click,,2020-06-04 18:57:29,"{""info"": ""Sample log data"", ""session_id"": 9643}"
4978,549,review_submission,,2024-04-19 22:52:44,"{""info"": ""Sample log data"", ""session_id"": 6243}"
4979,200,review_submission,,2024-08-01 05:21:23,"{""info"": ""Sample log data"", ""session_id"": 9380}"
4980,860,search,,2024-05-18 22:46:30,"{""info"": ""Sample log data"", ""session_id"": 1706}"
4981,639,review_submission,6.0,2020-11-21 21:00:20,"{""info"": ""Sample log data"", ""session_id"": 9997}"
4982,981,review_submission,,2024-01-15 01:34:11,"{""info"": ""Sample log data"", ""session_id"": 4180}"
4983,811,click,,2023-11-07 03:35:25,"{""info"": ""Sample log data"", ""session_id"": 9337}"
4984,784,booking,,2023-12-04 10:47:57,"{""info"": ""Sample log data"", ""session_id"": 5672}"
4985,917,review_submission,,2020-03-13 12:57:21,"{""info"": ""Sample log data"", ""session_id"": 7501}"
4986,41,booking,,2024-09-11 08:42:04,"{""info"": ""Sample log data"", ""session_id"": 9315}"
4987,686,click,,2023-07-10 20:07:48,"{""info"": ""Sample log data"", ""session_id"": 5646}"
4988,771,click,,2023-02-08 13:16:34,"{""info"": ""Sample log data"", ""session_id"": 6049}"
4989,85,search,,2023-08-15 21:01:31,"{""info"": ""Sample log data"", ""session_id"": 6961}"
4990,154,review_submission,8.0,2020-09-19 08:34:45,"{""info"": ""Sample log data"", ""session_id"": 6640}"
4991,837,review_submission,,2023-05-30 17:13:01,"{""info"": ""Sample log data"", ""session_id"": 9810}"
4992,84,search,,2021-01-25 19:11:37,"{""info"": ""Sample log data"", ""session_id"": 8382}"
4993,828,click,1.0,2024-09-30 10:55:52,"{""info"": ""Sample log data"", ""session_id"": 6336}"
4994,261,review_submission,4.0,2023-08-05 06:03:55,"{""info"": ""Sample log data"", ""session_id"": 5547}"
4995,955,review_submission,,2023-06-02 10:45:57,"{""info"": ""Sample log data"", ""session_id"": 6063}"
4996,578,click,14.0,2022-01-11 18:47:22,"{""info"": ""Sample log data"", ""session_id"": 8943}"
4997,343,booking,12.0,2024-05-19 19:05:36,"{""info"": ""Sample log data"", ""session_id"": 9531}"
4998,207,click,4.0,2022-03-29 10:03:49,"{""info"": ""Sample log data"", ""session_id"": 5079}"
4999,667,click,,2024-05-07 07:01:06,"{""info"": ""Sample log data"", ""session_id"": 6319}"
5000,954,click,9.0,2020-01-25 19:21:25,"{""info"": ""Sample log data"", ""session_id"": 7452}"
5001,440,review_submission,6.0,2022-03-14 17:15:21,"{""info"": ""Sample log data"", ""session_id"": 9191}"
5002,626,review_submission,12.0,2020-04-18 15:09:14,"{""info"": ""Sample log data"", ""session_id"": 1348}"
5003,22,click,14.0,2020-01-01 08:58:11,"{""info"": ""Sample log data"", ""session_id"": 1643}"
5004,21,click,,2023-05-25 05:31:11,"{""info"": ""Sample log data"", ""session_id"": 7706}"
5005,870,search,8.0,2024-04-27 16:52:02,"{""info"": ""Sample log data"", ""session_id"": 9379}"
5006,845,review_submission,,2022-08-16 07:00:15,"{""info"": ""Sample log data"", ""session_id"": 2138}"
5007,401,click,,2023-07-10 05:11:27,"{""info"": ""Sample log data"", ""session_id"": 6663}"
5008,4,click,,2021-05-17 17:08:33,"{""info"": ""Sample log data"", ""session_id"": 6807}"
5009,64,search,3.0,2024-11-18 00:53:12,"{""info"": ""Sample log data"", ""session_id"": 2907}"
5010,371,click,6.0,2023-11-19 07:29:59,"{""info"": ""Sample log data"", ""session_id"": 6368}"
5011,600,click,8.0,2025-01-14 08:14:26,"{""info"": ""Sample log data"", ""session_id"": 8602}"
5012,886,review_submission,,2020-12-27 04:11:42,"{""info"": ""Sample log data"", ""session_id"": 7159}"
5013,172,booking,3.0,2021-10-22 12:41:32,"{""info"": ""Sample log data"", ""session_id"": 9692}"
5014,26,search,14.0,2024-01-13 22:26:10,"{""info"": ""Sample log data"", ""session_id"": 1728}"
5015,119,review_submission,,2022-08-16 12:01:54,"{""info"": ""Sample log data"", ""session_id"": 7492}"
5016,21,click,,2022-04-04 08:30:35,"{""info"": ""Sample log data"", ""session_id"": 2918}"
5017,500,booking,,2024-08-28 08:07:05,"{""info"": ""Sample log data"", ""session_id"": 4312}"
5018,98,click,4.0,2020-12-24 04:59:10,"{""info"": ""Sample log data"", ""session_id"": 6224}"
5019,875,click,,2023-03-18 06:42:25,"{""info"": ""Sample log data"", ""session_id"": 3835}"
5020,106,review_submission,5.0,2020-04-02 15:34:34,"{""info"": ""Sample log data"", ""session_id"": 4625}"
5021,464,booking,,2020-11-26 17:10:31,"{""info"": ""Sample log data"", ""session_id"": 7222}"
5022,287,review_submission,,2024-06-29 05:33:31,"{""info"": ""Sample log data"", ""session_id"": 4063}"
5023,941,click,,2021-08-21 14:49:16,"{""info"": ""Sample log data"", ""session_id"": 3140}"
5024,456,review_submission,1.0,2024-06-21 11:03:22,"{""info"": ""Sample log data"", ""session_id"": 5749}"
5025,713,review_submission,,2023-02-12 06:41:22,"{""info"": ""Sample log data"", ""session_id"": 6829}"
5026,672,search,2.0,2020-07-25 05:56:25,"{""info"": ""Sample log data"", ""session_id"": 2326}"
5027,269,booking,,2021-08-17 09:53:38,"{""info"": ""Sample log data"", ""session_id"": 6519}"
5028,591,booking,4.0,2020-09-17 22:12:29,"{""info"": ""Sample log data"", ""session_id"": 7351}"
5029,374,booking,,2020-06-29 11:07:00,"{""info"": ""Sample log data"", ""session_id"": 6517}"
5030,811,booking,,2024-12-30 00:11:46,"{""info"": ""Sample log data"", ""session_id"": 2642}"
5031,267,booking,3.0,2020-01-15 01:18:22,"{""info"": ""Sample log data"", ""session_id"": 3241}"
5032,39,click,,2020-01-06 02:37:24,"{""info"": ""Sample log data"", ""session_id"": 8406}"
5033,75,click,,2020-03-09 21:19:12,"{""info"": ""Sample log data"", ""session_id"": 5719}"
5034,966,click,2.0,2020-11-04 14:04:07,"{""info"": ""Sample log data"", ""session_id"": 1100}"
5035,35,booking,,2024-01-04 23:38:31,"{""info"": ""Sample log data"", ""session_id"": 6794}"
5036,148,search,1.0,2024-06-23 01:07:43,"{""info"": ""Sample log data"", ""session_id"": 5659}"
5037,565,review_submission,,2021-06-28 15:13:07,"{""info"": ""Sample log data"", ""session_id"": 6686}"
5038,694,booking,,2024-05-25 22:25:10,"{""info"": ""Sample log data"", ""session_id"": 7287}"
5039,833,click,3.0,2020-06-20 08:50:17,"{""info"": ""Sample log data"", ""session_id"": 6279}"
5040,827,booking,5.0,2023-11-30 03:12:09,"{""info"": ""Sample log data"", ""session_id"": 2450}"
5041,19,booking,,2024-03-26 20:26:53,"{""info"": ""Sample log data"", ""session_id"": 4519}"
5042,615,click,10.0,2023-07-02 10:54:08,"{""info"": ""Sample log data"", ""session_id"": 1539}"
5043,477,search,,2022-02-19 09:45:20,"{""info"": ""Sample log data"", ""session_id"": 9459}"
5044,662,review_submission,3.0,2022-11-05 00:03:27,"{""info"": ""Sample log data"", ""session_id"": 9592}"
5045,987,click,,2020-09-13 16:42:03,"{""info"": ""Sample log data"", ""session_id"": 8571}"
5046,898,booking,11.0,2020-06-17 23:06:09,"{""info"": ""Sample log data"", ""session_id"": 5983}"
5047,476,review_submission,1.0,2022-08-09 05:35:33,"{""info"": ""Sample log data"", ""session_id"": 9537}"
5048,201,search,,2023-04-28 23:24:44,"{""info"": ""Sample log data"", ""session_id"": 3125}"
5049,474,click,,2022-12-01 05:33:42,"{""info"": ""Sample log data"", ""session_id"": 4494}"
5050,560,click,,2021-11-02 01:33:07,"{""info"": ""Sample log data"", ""session_id"": 4837}"
5051,160,review_submission,13.0,2021-01-31 02:52:28,"{""info"": ""Sample log data"", ""session_id"": 6526}"
5052,60,review_submission,14.0,2022-08-02 17:47:48,"{""info"": ""Sample log data"", ""session_id"": 9675}"
5053,216,review_submission,4.0,2021-12-21 10:48:34,"{""info"": ""Sample log data"", ""session_id"": 1046}"
5054,74,booking,,2023-08-10 10:37:19,"{""info"": ""Sample log data"", ""session_id"": 8909}"
5055,373,search,4.0,2022-10-12 02:31:24,"{""info"": ""Sample log data"", ""session_id"": 5835}"
5056,921,search,,2021-05-29 00:54:43,"{""info"": ""Sample log data"", ""session_id"": 2010}"
5057,218,review_submission,2.0,2021-01-10 16:35:02,"{""info"": ""Sample log data"", ""session_id"": 1321}"
5058,283,booking,4.0,2020-04-21 09:28:50,"{""info"": ""Sample log data"", ""session_id"": 6956}"
5059,782,search,10.0,2024-12-09 20:45:03,"{""info"": ""Sample log data"", ""session_id"": 4955}"
5060,840,booking,,2020-03-02 07:26:56,"{""info"": ""Sample log data"", ""session_id"": 1898}"
5061,747,review_submission,,2024-06-24 11:46:54,"{""info"": ""Sample log data"", ""session_id"": 7427}"
5062,383,booking,,2021-04-28 02:21:02,"{""info"": ""Sample log data"", ""session_id"": 3666}"
5063,360,click,,2023-09-28 13:11:58,"{""info"": ""Sample log data"", ""session_id"": 7392}"
5064,536,booking,,2023-02-11 18:49:17,"{""info"": ""Sample log data"", ""session_id"": 8122}"
5065,862,booking,5.0,2024-12-11 02:05:30,"{""info"": ""Sample log data"", ""session_id"": 3873}"
5066,507,review_submission,6.0,2020-09-25 12:46:30,"{""info"": ""Sample log data"", ""session_id"": 4443}"
5067,150,booking,,2023-10-02 20:05:15,"{""info"": ""Sample log data"", ""session_id"": 6114}"
5068,625,booking,3.0,2021-06-21 18:17:37,"{""info"": ""Sample log data"", ""session_id"": 2477}"
5069,435,review_submission,,2021-06-26 17:49:31,"{""info"": ""Sample log data"", ""session_id"": 4127}"
5070,522,search,,2020-08-23 05:41:48,"{""info"": ""Sample log data"", ""session_id"": 5714}"
5071,186,search,12.0,2022-09-15 08:36:13,"{""info"": ""Sample log data"", ""session_id"": 8479}"
5072,903,review_submission,8.0,2021-01-08 11:15:34,"{""info"": ""Sample log data"", ""session_id"": 3896}"
5073,260,search,5.0,2024-05-26 07:25:34,"{""info"": ""Sample log data"", ""session_id"": 7279}"
5074,729,click,7.0,2021-12-12 14:23:18,"{""info"": ""Sample log data"", ""session_id"": 2113}"
5075,942,review_submission,,2021-09-26 01:32:58,"{""info"": ""Sample log data"", ""session_id"": 4573}"
5076,749,review_submission,,2024-02-10 00:11:01,"{""info"": ""Sample log data"", ""session_id"": 8666}"
5077,666,review_submission,4.0,2023-09-11 17:17:16,"{""info"": ""Sample log data"", ""session_id"": 6247}"
5078,1000,booking,9.0,2023-11-11 15:35:17,"{""info"": ""Sample log data"", ""session_id"": 8063}"
5079,365,booking,,2024-12-28 01:23:02,"{""info"": ""Sample log data"", ""session_id"": 2111}"
5080,354,review_submission,4.0,2022-01-30 16:52:10,"{""info"": ""Sample log data"", ""session_id"": 9054}"
5081,772,booking,9.0,2022-04-13 16:25:55,"{""info"": ""Sample log data"", ""session_id"": 6111}"
5082,653,click,10.0,2023-06-22 08:10:11,"{""info"": ""Sample log data"", ""session_id"": 9718}"
5083,479,review_submission,2.0,2023-11-30 02:59:58,"{""info"": ""Sample log data"", ""session_id"": 6132}"
5084,25,booking,7.0,2020-11-04 00:43:01,"{""info"": ""Sample log data"", ""session_id"": 6687}"
5085,971,booking,6.0,2020-05-14 17:46:37,"{""info"": ""Sample log data"", ""session_id"": 9089}"
5086,954,booking,13.0,2024-10-13 07:48:19,"{""info"": ""Sample log data"", ""session_id"": 9539}"
5087,412,review_submission,2.0,2023-03-02 11:21:14,"{""info"": ""Sample log data"", ""session_id"": 9646}"
5088,623,search,,2020-08-11 09:55:32,"{""info"": ""Sample log data"", ""session_id"": 9237}"
5089,449,click,,2020-01-25 08:42:57,"{""info"": ""Sample log data"", ""session_id"": 2297}"
5090,747,click,7.0,2020-12-29 02:54:52,"{""info"": ""Sample log data"", ""session_id"": 6834}"
5091,777,review_submission,,2021-08-01 05:55:43,"{""info"": ""Sample log data"", ""session_id"": 1987}"
5092,400,search,6.0,2020-10-26 21:16:23,"{""info"": ""Sample log data"", ""session_id"": 7615}"
5093,640,review_submission,7.0,2022-12-02 14:03:22,"{""info"": ""Sample log data"", ""session_id"": 5352}"
5094,253,booking,13.0,2023-06-13 17:05:50,"{""info"": ""Sample log data"", ""session_id"": 3054}"
5095,753,search,,2023-10-22 08:18:26,"{""info"": ""Sample log data"", ""session_id"": 2369}"
5096,596,search,12.0,2022-02-07 06:43:27,"{""info"": ""Sample log data"", ""session_id"": 3836}"
5097,509,search,,2022-02-04 14:26:27,"{""info"": ""Sample log data"", ""session_id"": 3064}"
5098,349,review_submission,6.0,2021-01-09 03:46:19,"{""info"": ""Sample log data"", ""session_id"": 3964}"
5099,246,search,13.0,2022-07-18 21:42:18,"{""info"": ""Sample log data"", ""session_id"": 9334}"
5100,628,search,,2022-02-19 16:10:35,"{""info"": ""Sample log data"", ""session_id"": 4348}"
5101,994,search,8.0,2020-09-01 06:09:08,"{""info"": ""Sample log data"", ""session_id"": 1940}"
5102,662,booking,,2021-10-12 23:48:34,"{""info"": ""Sample log data"", ""session_id"": 2092}"
5103,810,search,,2023-11-14 07:09:51,"{""info"": ""Sample log data"", ""session_id"": 1264}"
5104,668,search,,2024-07-18 18:01:36,"{""info"": ""Sample log data"", ""session_id"": 4428}"
5105,359,search,,2022-07-23 21:28:19,"{""info"": ""Sample log data"", ""session_id"": 5836}"
5106,371,click,2.0,2021-11-21 19:19:33,"{""info"": ""Sample log data"", ""session_id"": 2558}"
5107,153,booking,,2020-01-12 01:33:08,"{""info"": ""Sample log data"", ""session_id"": 9185}"
5108,198,booking,14.0,2022-01-03 02:40:43,"{""info"": ""Sample log data"", ""session_id"": 6863}"
5109,667,search,,2020-01-20 13:51:10,"{""info"": ""Sample log data"", ""session_id"": 8365}"
5110,920,review_submission,,2020-12-06 10:03:20,"{""info"": ""Sample log data"", ""session_id"": 7301}"
5111,709,click,,2021-08-19 02:54:42,"{""info"": ""Sample log data"", ""session_id"": 7701}"
5112,562,search,4.0,2022-07-07 07:55:03,"{""info"": ""Sample log data"", ""session_id"": 6456}"
5113,927,click,,2024-09-13 12:25:55,"{""info"": ""Sample log data"", ""session_id"": 1136}"
5114,798,review_submission,14.0,2020-03-11 00:46:08,"{""info"": ""Sample log data"", ""session_id"": 8219}"
5115,783,booking,,2024-05-28 11:23:19,"{""info"": ""Sample log data"", ""session_id"": 5538}"
5116,338,booking,1.0,2021-02-14 14:36:00,"{""info"": ""Sample log data"", ""session_id"": 3647}"
5117,455,review_submission,7.0,2021-02-06 17:46:30,"{""info"": ""Sample log data"", ""session_id"": 2569}"
5118,568,search,,2024-02-15 12:43:24,"{""info"": ""Sample log data"", ""session_id"": 3072}"
5119,344,click,8.0,2022-05-31 12:04:18,"{""info"": ""Sample log data"", ""session_id"": 5168}"
5120,924,booking,6.0,2025-01-03 04:20:38,"{""info"": ""Sample log data"", ""session_id"": 1626}"
5121,416,review_submission,,2021-03-22 14:01:21,"{""info"": ""Sample log data"", ""session_id"": 2070}"
5122,751,search,14.0,2020-02-16 05:25:19,"{""info"": ""Sample log data"", ""session_id"": 7813}"
5123,214,booking,5.0,2024-03-02 05:35:27,"{""info"": ""Sample log data"", ""session_id"": 2684}"
5124,20,booking,,2023-10-12 14:02:41,"{""info"": ""Sample log data"", ""session_id"": 6666}"
5125,277,click,13.0,2023-11-30 18:50:14,"{""info"": ""Sample log data"", ""session_id"": 4904}"
5126,346,click,,2024-10-22 23:47:48,"{""info"": ""Sample log data"", ""session_id"": 8475}"
5127,129,booking,,2024-06-04 04:59:34,"{""info"": ""Sample log data"", ""session_id"": 9350}"
5128,860,click,3.0,2022-10-29 23:40:34,"{""info"": ""Sample log data"", ""session_id"": 4623}"
5129,345,search,3.0,2023-10-21 15:45:43,"{""info"": ""Sample log data"", ""session_id"": 8306}"
5130,268,review_submission,11.0,2021-08-20 22:59:35,"{""info"": ""Sample log data"", ""session_id"": 4769}"
5131,531,booking,8.0,2021-11-13 15:58:30,"{""info"": ""Sample log data"", ""session_id"": 8812}"
5132,909,search,,2024-03-05 16:44:38,"{""info"": ""Sample log data"", ""session_id"": 6488}"
5133,144,click,3.0,2021-05-12 14:08:58,"{""info"": ""Sample log data"", ""session_id"": 1739}"
5134,35,booking,1.0,2021-10-29 08:23:13,"{""info"": ""Sample log data"", ""session_id"": 5607}"
5135,137,search,4.0,2024-08-20 05:44:27,"{""info"": ""Sample log data"", ""session_id"": 8840}"
5136,656,click,,2023-03-04 16:03:50,"{""info"": ""Sample log data"", ""session_id"": 4443}"
5137,368,search,13.0,2021-01-24 05:02:46,"{""info"": ""Sample log data"", ""session_id"": 2588}"
5138,322,review_submission,4.0,2023-06-05 19:50:48,"{""info"": ""Sample log data"", ""session_id"": 7186}"
5139,426,booking,11.0,2023-06-18 19:26:30,"{""info"": ""Sample log data"", ""session_id"": 6551}"
5140,520,review_submission,,2020-08-08 06:53:32,"{""info"": ""Sample log data"", ""session_id"": 8858}"
5141,556,booking,14.0,2021-11-14 01:27:07,"{""info"": ""Sample log data"", ""session_id"": 6072}"
5142,301,booking,,2022-02-08 08:36:28,"{""info"": ""Sample log data"", ""session_id"": 3647}"
5143,611,review_submission,,2021-08-12 23:12:02,"{""info"": ""Sample log data"", ""session_id"": 9054}"
5144,874,booking,,2021-04-30 04:29:09,"{""info"": ""Sample log data"", ""session_id"": 9873}"
5145,215,search,,2020-12-03 23:40:01,"{""info"": ""Sample log data"", ""session_id"": 7513}"
5146,974,review_submission,7.0,2022-01-27 15:30:32,"{""info"": ""Sample log data"", ""session_id"": 5905}"
5147,190,search,10.0,2020-10-29 14:53:51,"{""info"": ""Sample log data"", ""session_id"": 6556}"
5148,266,search,7.0,2022-07-06 13:07:41,"{""info"": ""Sample log data"", ""session_id"": 8608}"
5149,468,search,,2022-03-16 03:56:19,"{""info"": ""Sample log data"", ""session_id"": 2864}"
5150,73,booking,,2023-02-27 10:04:47,"{""info"": ""Sample log data"", ""session_id"": 5428}"
5151,506,review_submission,6.0,2021-07-17 21:34:49,"{""info"": ""Sample log data"", ""session_id"": 7947}"
5152,495,booking,10.0,2023-11-24 00:41:30,"{""info"": ""Sample log data"", ""session_id"": 6840}"
5153,823,click,6.0,2021-09-14 07:48:03,"{""info"": ""Sample log data"", ""session_id"": 9413}"
5154,255,booking,,2021-05-25 08:32:22,"{""info"": ""Sample log data"", ""session_id"": 4541}"
5155,227,booking,,2023-08-03 23:26:39,"{""info"": ""Sample log data"", ""session_id"": 6418}"
5156,112,booking,12.0,2021-04-26 03:23:25,"{""info"": ""Sample log data"", ""session_id"": 4500}"
5157,867,search,,2024-02-21 20:46:00,"{""info"": ""Sample log data"", ""session_id"": 7571}"
5158,38,booking,,2023-10-22 05:48:01,"{""info"": ""Sample log data"", ""session_id"": 7689}"
5159,758,booking,,2020-09-17 05:14:46,"{""info"": ""Sample log data"", ""session_id"": 3748}"
5160,280,click,,2022-03-13 07:52:32,"{""info"": ""Sample log data"", ""session_id"": 2599}"
5161,320,review_submission,,2024-12-11 12:00:33,"{""info"": ""Sample log data"", ""session_id"": 4353}"
5162,522,click,6.0,2020-11-09 13:16:18,"{""info"": ""Sample log data"", ""session_id"": 5690}"
5163,659,click,8.0,2022-11-18 17:37:07,"{""info"": ""Sample log data"", ""session_id"": 3614}"
5164,628,search,9.0,2020-09-18 02:51:23,"{""info"": ""Sample log data"", ""session_id"": 2315}"
5165,719,review_submission,,2023-10-22 21:36:54,"{""info"": ""Sample log data"", ""session_id"": 5324}"
5166,908,booking,,2024-06-16 13:07:57,"{""info"": ""Sample log data"", ""session_id"": 8157}"
5167,854,review_submission,4.0,2020-01-11 02:10:55,"{""info"": ""Sample log data"", ""session_id"": 8495}"
5168,65,search,,2022-02-25 20:13:01,"{""info"": ""Sample log data"", ""session_id"": 5112}"
5169,858,search,11.0,2023-05-08 18:35:39,"{""info"": ""Sample log data"", ""session_id"": 9160}"
5170,965,search,,2020-06-25 16:53:00,"{""info"": ""Sample log data"", ""session_id"": 2866}"
5171,352,click,,2022-04-13 01:24:41,"{""info"": ""Sample log data"", ""session_id"": 1343}"
5172,360,booking,2.0,2024-12-16 05:01:41,"{""info"": ""Sample log data"", ""session_id"": 5902}"
5173,736,booking,11.0,2021-01-14 12:31:27,"{""info"": ""Sample log data"", ""session_id"": 8881}"
5174,296,click,7.0,2022-08-25 19:26:08,"{""info"": ""Sample log data"", ""session_id"": 3146}"
5175,146,review_submission,5.0,2022-07-10 15:03:26,"{""info"": ""Sample log data"", ""session_id"": 6863}"
5176,84,click,14.0,2024-06-15 13:21:13,"{""info"": ""Sample log data"", ""session_id"": 6391}"
5177,873,click,,2020-04-03 01:28:46,"{""info"": ""Sample log data"", ""session_id"": 2888}"
5178,51,click,,2022-05-07 18:37:41,"{""info"": ""Sample log data"", ""session_id"": 4666}"
5179,931,search,9.0,2020-04-25 01:39:56,"{""info"": ""Sample log data"", ""session_id"": 1484}"
5180,319,click,,2020-04-23 09:45:50,"{""info"": ""Sample log data"", ""session_id"": 2974}"
5181,911,click,,2022-03-17 09:49:53,"{""info"": ""Sample log data"", ""session_id"": 8496}"
5182,923,click,7.0,2020-11-07 08:39:39,"{""info"": ""Sample log data"", ""session_id"": 6487}"
5183,54,search,,2023-09-21 02:53:45,"{""info"": ""Sample log data"", ""session_id"": 8247}"
5184,861,search,5.0,2024-12-01 05:36:44,"{""info"": ""Sample log data"", ""session_id"": 6882}"
5185,846,review_submission,10.0,2021-10-23 12:50:32,"{""info"": ""Sample log data"", ""session_id"": 6278}"
5186,286,search,,2022-04-21 12:47:23,"{""info"": ""Sample log data"", ""session_id"": 3452}"
5187,764,click,,2024-11-01 05:39:30,"{""info"": ""Sample log data"", ""session_id"": 9205}"
5188,287,review_submission,7.0,2024-07-28 15:28:26,"{""info"": ""Sample log data"", ""session_id"": 7859}"
5189,290,booking,2.0,2020-09-07 00:56:36,"{""info"": ""Sample log data"", ""session_id"": 3434}"
5190,244,booking,,2020-04-18 12:46:13,"{""info"": ""Sample log data"", ""session_id"": 6737}"
5191,617,click,,2020-05-11 13:45:34,"{""info"": ""Sample log data"", ""session_id"": 7420}"
5192,150,review_submission,3.0,2022-11-03 22:42:15,"{""info"": ""Sample log data"", ""session_id"": 3281}"
5193,401,booking,12.0,2023-03-31 10:42:04,"{""info"": ""Sample log data"", ""session_id"": 2460}"
5194,114,click,,2020-06-28 12:13:57,"{""info"": ""Sample log data"", ""session_id"": 6248}"
5195,481,search,,2021-05-17 09:10:05,"{""info"": ""Sample log data"", ""session_id"": 9305}"
5196,287,review_submission,,2022-07-28 08:58:16,"{""info"": ""Sample log data"", ""session_id"": 9253}"
5197,505,search,12.0,2024-11-01 22:37:23,"{""info"": ""Sample log data"", ""session_id"": 8055}"
5198,262,review_submission,,2023-03-12 03:47:24,"{""info"": ""Sample log data"", ""session_id"": 5580}"
5199,527,click,,2023-06-12 01:33:13,"{""info"": ""Sample log data"", ""session_id"": 1723}"
5200,126,review_submission,,2024-04-11 23:02:47,"{""info"": ""Sample log data"", ""session_id"": 6547}"
5201,568,review_submission,,2024-06-24 10:47:30,"{""info"": ""Sample log data"", ""session_id"": 6454}"
5202,237,click,,2022-11-10 04:36:52,"{""info"": ""Sample log data"", ""session_id"": 4528}"
5203,628,click,1.0,2023-04-28 23:40:28,"{""info"": ""Sample log data"", ""session_id"": 2242}"
5204,896,click,,2020-03-08 01:59:58,"{""info"": ""Sample log data"", ""session_id"": 5061}"
5205,804,review_submission,,2023-09-23 23:59:01,"{""info"": ""Sample log data"", ""session_id"": 5675}"
5206,136,click,,2024-07-20 08:55:05,"{""info"": ""Sample log data"", ""session_id"": 4271}"
5207,461,search,11.0,2023-11-05 16:04:39,"{""info"": ""Sample log data"", ""session_id"": 2303}"
5208,479,search,,2022-09-27 05:55:39,"{""info"": ""Sample log data"", ""session_id"": 9817}"
5209,902,search,,2023-06-06 20:25:43,"{""info"": ""Sample log data"", ""session_id"": 2904}"
5210,707,click,,2023-07-09 13:53:27,"{""info"": ""Sample log data"", ""session_id"": 6535}"
5211,310,booking,,2023-09-10 17:07:32,"{""info"": ""Sample log data"", ""session_id"": 7387}"
5212,227,review_submission,12.0,2023-04-29 00:06:48,"{""info"": ""Sample log data"", ""session_id"": 4195}"
5213,999,search,4.0,2021-03-12 14:57:06,"{""info"": ""Sample log data"", ""session_id"": 3883}"
5214,216,search,5.0,2020-10-27 20:50:06,"{""info"": ""Sample log data"", ""session_id"": 1928}"
5215,237,review_submission,10.0,2020-04-05 06:36:23,"{""info"": ""Sample log data"", ""session_id"": 5951}"
5216,659,review_submission,10.0,2024-03-28 10:27:07,"{""info"": ""Sample log data"", ""session_id"": 1752}"
5217,938,search,3.0,2021-09-16 03:00:20,"{""info"": ""Sample log data"", ""session_id"": 6491}"
5218,791,review_submission,14.0,2024-03-15 19:16:59,"{""info"": ""Sample log data"", ""session_id"": 8719}"
5219,726,booking,10.0,2020-09-08 01:24:48,"{""info"": ""Sample log data"", ""session_id"": 3928}"
5220,615,click,10.0,2021-04-25 20:28:18,"{""info"": ""Sample log data"", ""session_id"": 1394}"
5221,70,click,,2020-02-15 00:12:46,"{""info"": ""Sample log data"", ""session_id"": 5682}"
5222,329,review_submission,5.0,2024-09-12 00:36:38,"{""info"": ""Sample log data"", ""session_id"": 6273}"
5223,51,review_submission,,2020-08-31 04:52:49,"{""info"": ""Sample log data"", ""session_id"": 2324}"
5224,232,click,9.0,2021-09-01 21:17:53,"{""info"": ""Sample log data"", ""session_id"": 7741}"
5225,594,review_submission,,2022-01-14 05:30:11,"{""info"": ""Sample log data"", ""session_id"": 9946}"
5226,861,click,,2024-10-08 20:40:05,"{""info"": ""Sample log data"", ""session_id"": 4674}"
5227,90,click,9.0,2020-02-29 21:06:46,"{""info"": ""Sample log data"", ""session_id"": 4573}"
5228,963,click,9.0,2021-12-31 15:38:45,"{""info"": ""Sample log data"", ""session_id"": 8105}"
5229,768,review_submission,12.0,2023-06-11 00:08:16,"{""info"": ""Sample log data"", ""session_id"": 2149}"
5230,307,search,,2023-07-10 09:40:41,"{""info"": ""Sample log data"", ""session_id"": 2254}"
5231,621,booking,,2020-09-28 00:31:51,"{""info"": ""Sample log data"", ""session_id"": 6235}"
5232,549,search,9.0,2020-08-20 06:53:06,"{""info"": ""Sample log data"", ""session_id"": 1191}"
5233,408,booking,11.0,2024-12-02 08:28:50,"{""info"": ""Sample log data"", ""session_id"": 4021}"
5234,169,click,,2024-04-16 17:02:36,"{""info"": ""Sample log data"", ""session_id"": 6618}"
5235,731,click,11.0,2020-05-10 04:39:16,"{""info"": ""Sample log data"", ""session_id"": 2052}"
5236,929,search,11.0,2020-01-23 07:23:02,"{""info"": ""Sample log data"", ""session_id"": 8877}"
5237,163,click,3.0,2024-03-26 08:28:04,"{""info"": ""Sample log data"", ""session_id"": 5915}"
5238,759,review_submission,9.0,2020-04-17 13:17:09,"{""info"": ""Sample log data"", ""session_id"": 2485}"
5239,640,booking,5.0,2020-01-19 06:38:35,"{""info"": ""Sample log data"", ""session_id"": 9338}"
5240,970,click,,2022-02-16 21:04:05,"{""info"": ""Sample log data"", ""session_id"": 3481}"
5241,348,click,,2021-03-06 19:21:49,"{""info"": ""Sample log data"", ""session_id"": 5369}"
5242,613,booking,,2024-04-06 01:53:22,"{""info"": ""Sample log data"", ""session_id"": 6432}"
5243,563,booking,,2020-05-14 14:45:08,"{""info"": ""Sample log data"", ""session_id"": 3544}"
5244,221,click,9.0,2020-09-10 12:03:58,"{""info"": ""Sample log data"", ""session_id"": 1905}"
5245,618,search,,2020-07-31 20:58:05,"{""info"": ""Sample log data"", ""session_id"": 2535}"
5246,11,booking,11.0,2025-01-15 15:29:20,"{""info"": ""Sample log data"", ""session_id"": 8284}"
5247,788,click,,2020-10-08 19:32:12,"{""info"": ""Sample log data"", ""session_id"": 1461}"
5248,686,click,,2021-03-24 10:42:54,"{""info"": ""Sample log data"", ""session_id"": 6704}"
5249,48,booking,,2021-09-23 18:50:08,"{""info"": ""Sample log data"", ""session_id"": 2743}"
5250,58,review_submission,13.0,2023-08-09 16:35:32,"{""info"": ""Sample log data"", ""session_id"": 5807}"
5251,289,search,,2023-12-25 02:20:07,"{""info"": ""Sample log data"", ""session_id"": 8076}"
5252,854,review_submission,,2023-08-21 15:21:14,"{""info"": ""Sample log data"", ""session_id"": 9736}"
5253,449,click,,2021-01-24 09:50:52,"{""info"": ""Sample log data"", ""session_id"": 1325}"
5254,309,click,,2023-02-14 02:45:55,"{""info"": ""Sample log data"", ""session_id"": 9946}"
5255,644,search,1.0,2022-08-16 18:36:30,"{""info"": ""Sample log data"", ""session_id"": 2038}"
5256,49,search,9.0,2022-12-05 00:53:22,"{""info"": ""Sample log data"", ""session_id"": 3932}"
5257,217,search,,2020-10-27 08:57:55,"{""info"": ""Sample log data"", ""session_id"": 2897}"
5258,491,review_submission,9.0,2022-10-06 18:36:09,"{""info"": ""Sample log data"", ""session_id"": 2947}"
5259,328,click,13.0,2020-05-10 15:55:29,"{""info"": ""Sample log data"", ""session_id"": 6078}"
5260,624,review_submission,,2022-05-02 05:24:37,"{""info"": ""Sample log data"", ""session_id"": 7863}"
5261,578,search,6.0,2024-04-21 01:07:12,"{""info"": ""Sample log data"", ""session_id"": 5924}"
5262,659,booking,11.0,2024-01-14 22:05:19,"{""info"": ""Sample log data"", ""session_id"": 1235}"
5263,937,booking,3.0,2022-05-28 16:41:06,"{""info"": ""Sample log data"", ""session_id"": 8853}"
5264,216,search,,2024-10-02 11:00:21,"{""info"": ""Sample log data"", ""session_id"": 9897}"
5265,842,review_submission,6.0,2023-04-15 22:17:51,"{""info"": ""Sample log data"", ""session_id"": 4675}"
5266,165,click,,2022-07-07 06:34:44,"{""info"": ""Sample log data"", ""session_id"": 2894}"
5267,239,click,11.0,2022-09-26 04:15:17,"{""info"": ""Sample log data"", ""session_id"": 1892}"
5268,883,click,11.0,2020-07-04 04:48:34,"{""info"": ""Sample log data"", ""session_id"": 4535}"
5269,492,review_submission,1.0,2021-03-17 00:57:37,"{""info"": ""Sample log data"", ""session_id"": 4910}"
5270,846,click,6.0,2021-09-08 02:51:07,"{""info"": ""Sample log data"", ""session_id"": 6417}"
5271,824,search,7.0,2023-12-26 09:56:59,"{""info"": ""Sample log data"", ""session_id"": 6082}"
5272,686,search,,2024-01-10 16:23:21,"{""info"": ""Sample log data"", ""session_id"": 1873}"
5273,916,click,,2020-04-20 23:07:48,"{""info"": ""Sample log data"", ""session_id"": 5323}"
5274,99,review_submission,,2021-11-29 06:38:04,"{""info"": ""Sample log data"", ""session_id"": 6598}"
5275,860,booking,,2024-12-22 05:19:03,"{""info"": ""Sample log data"", ""session_id"": 2839}"
5276,733,click,,2022-12-10 20:58:04,"{""info"": ""Sample log data"", ""session_id"": 6167}"
5277,464,booking,,2022-07-05 19:49:38,"{""info"": ""Sample log data"", ""session_id"": 4811}"
5278,201,click,,2020-02-19 22:23:27,"{""info"": ""Sample log data"", ""session_id"": 4555}"
5279,923,search,,2024-08-28 02:19:43,"{""info"": ""Sample log data"", ""session_id"": 2332}"
5280,513,search,,2022-01-03 20:29:19,"{""info"": ""Sample log data"", ""session_id"": 6622}"
5281,4,review_submission,3.0,2023-01-25 13:47:35,"{""info"": ""Sample log data"", ""session_id"": 9771}"
5282,680,search,,2020-07-14 18:24:05,"{""info"": ""Sample log data"", ""session_id"": 5120}"
5283,793,click,8.0,2022-01-10 02:05:04,"{""info"": ""Sample log data"", ""session_id"": 4501}"
5284,69,click,14.0,2024-07-05 18:35:59,"{""info"": ""Sample log data"", ""session_id"": 7242}"
5285,759,booking,,2024-09-09 04:21:07,"{""info"": ""Sample log data"", ""session_id"": 6587}"
5286,889,search,14.0,2021-02-28 22:20:59,"{""info"": ""Sample log data"", ""session_id"": 1159}"
5287,654,search,6.0,2024-08-17 02:25:27,"{""info"": ""Sample log data"", ""session_id"": 5867}"
5288,774,review_submission,14.0,2023-10-29 19:46:56,"{""info"": ""Sample log data"", ""session_id"": 7055}"
5289,67,click,14.0,2022-05-19 21:18:28,"{""info"": ""Sample log data"", ""session_id"": 7491}"
5290,334,search,9.0,2023-02-22 15:42:55,"{""info"": ""Sample log data"", ""session_id"": 2628}"
5291,262,review_submission,2.0,2020-05-18 12:31:04,"{""info"": ""Sample log data"", ""session_id"": 2873}"
5292,748,booking,,2025-01-05 20:24:45,"{""info"": ""Sample log data"", ""session_id"": 9297}"
5293,952,click,5.0,2020-01-18 05:06:52,"{""info"": ""Sample log data"", ""session_id"": 8368}"
5294,842,review_submission,13.0,2023-08-01 11:55:43,"{""info"": ""Sample log data"", ""session_id"": 1981}"
5295,103,search,9.0,2020-12-07 01:51:30,"{""info"": ""Sample log data"", ""session_id"": 8230}"
5296,825,click,,2021-09-22 10:14:42,"{""info"": ""Sample log data"", ""session_id"": 3868}"
5297,98,booking,6.0,2022-01-18 23:07:42,"{""info"": ""Sample log data"", ""session_id"": 8605}"
5298,885,booking,4.0,2024-03-15 18:40:41,"{""info"": ""Sample log data"", ""session_id"": 6363}"
5299,135,review_submission,2.0,2021-05-07 15:18:40,"{""info"": ""Sample log data"", ""session_id"": 5184}"
5300,24,search,1.0,2022-08-29 19:02:34,"{""info"": ""Sample log data"", ""session_id"": 4232}"
5301,506,booking,14.0,2024-07-14 02:29:00,"{""info"": ""Sample log data"", ""session_id"": 4735}"
5302,352,search,11.0,2021-07-28 21:42:39,"{""info"": ""Sample log data"", ""session_id"": 3381}"
5303,575,review_submission,,2020-02-09 17:04:30,"{""info"": ""Sample log data"", ""session_id"": 9692}"
5304,606,review_submission,,2024-05-24 15:30:33,"{""info"": ""Sample log data"", ""session_id"": 5279}"
5305,891,click,,2020-09-08 20:59:03,"{""info"": ""Sample log data"", ""session_id"": 1623}"
5306,725,click,,2022-08-23 14:19:43,"{""info"": ""Sample log data"", ""session_id"": 3969}"
5307,114,booking,10.0,2024-07-12 08:36:20,"{""info"": ""Sample log data"", ""session_id"": 9364}"
5308,305,search,7.0,2022-05-15 01:41:52,"{""info"": ""Sample log data"", ""session_id"": 5676}"
5309,503,review_submission,11.0,2024-02-15 14:10:39,"{""info"": ""Sample log data"", ""session_id"": 7816}"
5310,627,click,10.0,2020-01-18 18:51:18,"{""info"": ""Sample log data"", ""session_id"": 6667}"
5311,378,search,,2023-12-16 15:38:24,"{""info"": ""Sample log data"", ""session_id"": 1091}"
5312,810,booking,,2021-08-09 09:35:33,"{""info"": ""Sample log data"", ""session_id"": 4785}"
5313,12,booking,,2022-04-26 11:25:09,"{""info"": ""Sample log data"", ""session_id"": 2828}"
5314,371,click,,2024-05-23 16:56:50,"{""info"": ""Sample log data"", ""session_id"": 8707}"
5315,300,booking,4.0,2024-03-10 01:46:33,"{""info"": ""Sample log data"", ""session_id"": 4379}"
5316,115,booking,11.0,2021-03-19 14:23:20,"{""info"": ""Sample log data"", ""session_id"": 1345}"
5317,233,search,1.0,2020-01-24 01:17:33,"{""info"": ""Sample log data"", ""session_id"": 4638}"
5318,622,search,2.0,2022-07-20 00:38:41,"{""info"": ""Sample log data"", ""session_id"": 1204}"
5319,504,booking,,2024-07-28 05:17:21,"{""info"": ""Sample log data"", ""session_id"": 8158}"
5320,173,search,,2021-10-29 20:32:19,"{""info"": ""Sample log data"", ""session_id"": 5134}"
5321,519,booking,,2021-12-28 20:58:59,"{""info"": ""Sample log data"", ""session_id"": 1972}"
5322,342,click,,2024-01-27 11:20:35,"{""info"": ""Sample log data"", ""session_id"": 6515}"
5323,914,booking,1.0,2021-12-13 02:11:16,"{""info"": ""Sample log data"", ""session_id"": 3383}"
5324,541,search,7.0,2021-12-24 21:08:50,"{""info"": ""Sample log data"", ""session_id"": 8490}"
5325,669,search,,2024-05-20 07:05:09,"{""info"": ""Sample log data"", ""session_id"": 9771}"
5326,878,search,8.0,2021-03-21 22:10:49,"{""info"": ""Sample log data"", ""session_id"": 8938}"
5327,125,booking,7.0,2022-12-19 08:21:08,"{""info"": ""Sample log data"", ""session_id"": 6623}"
5328,302,click,,2023-09-12 20:28:42,"{""info"": ""Sample log data"", ""session_id"": 9515}"
5329,837,review_submission,,2021-07-04 13:59:41,"{""info"": ""Sample log data"", ""session_id"": 1861}"
5330,215,click,4.0,2021-04-26 06:58:02,"{""info"": ""Sample log data"", ""session_id"": 3077}"
5331,494,search,,2022-01-12 18:02:43,"{""info"": ""Sample log data"", ""session_id"": 3303}"
5332,489,booking,1.0,2023-03-25 20:29:47,"{""info"": ""Sample log data"", ""session_id"": 6776}"
5333,352,booking,10.0,2022-03-25 23:00:57,"{""info"": ""Sample log data"", ""session_id"": 7008}"
5334,574,search,3.0,2022-02-09 01:16:30,"{""info"": ""Sample log data"", ""session_id"": 2977}"
5335,30,search,,2022-05-18 01:41:41,"{""info"": ""Sample log data"", ""session_id"": 9787}"
5336,748,search,,2020-10-15 15:59:17,"{""info"": ""Sample log data"", ""session_id"": 5147}"
5337,242,click,8.0,2024-02-25 09:29:43,"{""info"": ""Sample log data"", ""session_id"": 5367}"
5338,926,search,,2022-05-20 03:56:05,"{""info"": ""Sample log data"", ""session_id"": 9148}"
5339,94,search,12.0,2021-03-24 03:48:09,"{""info"": ""Sample log data"", ""session_id"": 5852}"
5340,778,search,7.0,2020-08-10 17:46:31,"{""info"": ""Sample log data"", ""session_id"": 5669}"
5341,993,review_submission,2.0,2021-11-03 23:32:49,"{""info"": ""Sample log data"", ""session_id"": 6752}"
5342,267,review_submission,4.0,2024-01-06 17:30:24,"{""info"": ""Sample log data"", ""session_id"": 1963}"
5343,173,booking,,2023-04-28 23:33:17,"{""info"": ""Sample log data"", ""session_id"": 4129}"
5344,298,search,5.0,2023-01-03 06:46:19,"{""info"": ""Sample log data"", ""session_id"": 8591}"
5345,466,search,9.0,2023-10-30 09:22:47,"{""info"": ""Sample log data"", ""session_id"": 5124}"
5346,579,click,3.0,2023-08-25 04:05:58,"{""info"": ""Sample log data"", ""session_id"": 7784}"
5347,370,click,,2020-11-22 11:21:51,"{""info"": ""Sample log data"", ""session_id"": 5243}"
5348,109,search,9.0,2023-10-23 06:00:28,"{""info"": ""Sample log data"", ""session_id"": 5556}"
5349,325,review_submission,,2023-07-02 10:51:11,"{""info"": ""Sample log data"", ""session_id"": 6717}"
5350,878,click,6.0,2024-02-24 16:07:16,"{""info"": ""Sample log data"", ""session_id"": 8035}"
5351,892,click,,2021-12-17 07:21:43,"{""info"": ""Sample log data"", ""session_id"": 7807}"
5352,296,click,6.0,2024-03-19 07:43:26,"{""info"": ""Sample log data"", ""session_id"": 2838}"
5353,186,search,,2022-01-27 23:26:44,"{""info"": ""Sample log data"", ""session_id"": 1868}"
5354,512,search,11.0,2022-10-18 01:19:56,"{""info"": ""Sample log data"", ""session_id"": 9690}"
5355,212,search,5.0,2024-08-02 13:11:27,"{""info"": ""Sample log data"", ""session_id"": 7431}"
5356,223,click,4.0,2020-06-03 09:39:38,"{""info"": ""Sample log data"", ""session_id"": 3901}"
5357,414,booking,,2024-03-24 15:27:08,"{""info"": ""Sample log data"", ""session_id"": 5609}"
5358,489,booking,,2021-09-13 15:35:30,"{""info"": ""Sample log data"", ""session_id"": 7484}"
5359,403,review_submission,,2021-03-22 13:12:18,"{""info"": ""Sample log data"", ""session_id"": 2628}"
5360,410,search,9.0,2022-07-14 11:58:38,"{""info"": ""Sample log data"", ""session_id"": 1756}"
5361,171,review_submission,,2020-01-12 17:51:00,"{""info"": ""Sample log data"", ""session_id"": 4470}"
5362,784,click,,2022-05-18 18:43:50,"{""info"": ""Sample log data"", ""session_id"": 8789}"
5363,825,click,6.0,2022-11-09 19:20:36,"{""info"": ""Sample log data"", ""session_id"": 7382}"
5364,168,search,,2022-06-23 06:43:10,"{""info"": ""Sample log data"", ""session_id"": 3450}"
5365,722,review_submission,,2023-11-13 06:28:54,"{""info"": ""Sample log data"", ""session_id"": 2328}"
5366,978,click,,2020-07-10 02:42:17,"{""info"": ""Sample log data"", ""session_id"": 2471}"
5367,214,review_submission,2.0,2023-07-05 05:29:37,"{""info"": ""Sample log data"", ""session_id"": 7347}"
5368,450,click,3.0,2021-01-08 21:20:03,"{""info"": ""Sample log data"", ""session_id"": 8497}"
5369,665,review_submission,,2020-07-27 04:01:14,"{""info"": ""Sample log data"", ""session_id"": 5890}"
5370,272,review_submission,8.0,2020-03-15 22:33:57,"{""info"": ""Sample log data"", ""session_id"": 5588}"
5371,350,click,,2023-04-18 07:56:58,"{""info"": ""Sample log data"", ""session_id"": 8477}"
5372,613,search,,2021-03-03 14:57:17,"{""info"": ""Sample log data"", ""session_id"": 8539}"
5373,409,click,,2022-01-30 05:13:20,"{""info"": ""Sample log data"", ""session_id"": 7707}"
5374,675,search,,2021-11-16 22:52:57,"{""info"": ""Sample log data"", ""session_id"": 1632}"
5375,40,review_submission,10.0,2021-10-07 14:16:32,"{""info"": ""Sample log data"", ""session_id"": 4541}"
5376,655,search,,2021-09-27 12:35:55,"{""info"": ""Sample log data"", ""session_id"": 6979}"
5377,885,review_submission,4.0,2020-08-18 16:44:08,"{""info"": ""Sample log data"", ""session_id"": 2776}"
5378,516,review_submission,9.0,2023-04-08 03:43:13,"{""info"": ""Sample log data"", ""session_id"": 3326}"
5379,393,review_submission,8.0,2022-10-17 04:10:44,"{""info"": ""Sample log data"", ""session_id"": 2919}"
5380,951,search,,2021-10-21 06:45:32,"{""info"": ""Sample log data"", ""session_id"": 5896}"
5381,308,review_submission,,2020-01-07 04:36:07,"{""info"": ""Sample log data"", ""session_id"": 1603}"
5382,636,booking,,2023-11-19 16:33:33,"{""info"": ""Sample log data"", ""session_id"": 3681}"
5383,600,click,,2020-11-04 03:03:36,"{""info"": ""Sample log data"", ""session_id"": 7356}"
5384,876,review_submission,14.0,2020-05-06 01:21:15,"{""info"": ""Sample log data"", ""session_id"": 9923}"
5385,456,click,,2024-08-03 17:40:46,"{""info"": ""Sample log data"", ""session_id"": 7279}"
5386,238,review_submission,,2023-11-08 05:15:40,"{""info"": ""Sample log data"", ""session_id"": 8007}"
5387,237,review_submission,7.0,2023-03-02 05:26:21,"{""info"": ""Sample log data"", ""session_id"": 3098}"
5388,487,click,7.0,2020-02-27 09:05:24,"{""info"": ""Sample log data"", ""session_id"": 8419}"
5389,370,booking,,2020-01-29 02:47:19,"{""info"": ""Sample log data"", ""session_id"": 5517}"
5390,117,click,9.0,2024-04-04 00:30:28,"{""info"": ""Sample log data"", ""session_id"": 1833}"
5391,101,search,,2021-04-08 12:36:19,"{""info"": ""Sample log data"", ""session_id"": 9913}"
5392,662,click,,2025-01-29 13:42:09,"{""info"": ""Sample log data"", ""session_id"": 1196}"
5393,510,review_submission,,2021-01-19 01:59:30,"{""info"": ""Sample log data"", ""session_id"": 9462}"
5394,179,booking,7.0,2023-07-10 21:36:06,"{""info"": ""Sample log data"", ""session_id"": 7986}"
5395,268,search,3.0,2021-02-11 07:49:00,"{""info"": ""Sample log data"", ""session_id"": 1428}"
5396,149,click,,2022-07-02 23:52:38,"{""info"": ""Sample log data"", ""session_id"": 7355}"
5397,444,search,,2022-10-09 01:48:14,"{""info"": ""Sample log data"", ""session_id"": 2515}"
5398,485,booking,,2023-05-21 12:30:57,"{""info"": ""Sample log data"", ""session_id"": 7704}"
5399,188,review_submission,,2020-06-12 00:56:24,"{""info"": ""Sample log data"", ""session_id"": 5894}"
5400,929,click,9.0,2021-09-04 10:48:16,"{""info"": ""Sample log data"", ""session_id"": 3876}"
5401,203,booking,1.0,2021-08-04 17:49:05,"{""info"": ""Sample log data"", ""session_id"": 7477}"
5402,912,search,,2022-03-02 17:57:08,"{""info"": ""Sample log data"", ""session_id"": 6985}"
5403,459,review_submission,5.0,2023-10-12 04:54:16,"{""info"": ""Sample log data"", ""session_id"": 4435}"
5404,859,booking,,2020-06-20 18:08:49,"{""info"": ""Sample log data"", ""session_id"": 8487}"
5405,27,booking,,2021-04-24 13:13:39,"{""info"": ""Sample log data"", ""session_id"": 1787}"
5406,771,click,,2023-04-21 17:37:02,"{""info"": ""Sample log data"", ""session_id"": 6363}"
5407,826,click,,2023-11-28 00:45:56,"{""info"": ""Sample log data"", ""session_id"": 5115}"
5408,924,review_submission,2.0,2023-08-27 03:29:37,"{""info"": ""Sample log data"", ""session_id"": 7713}"
5409,554,search,8.0,2020-12-21 17:44:57,"{""info"": ""Sample log data"", ""session_id"": 1753}"
5410,30,search,,2023-12-30 20:00:53,"{""info"": ""Sample log data"", ""session_id"": 7581}"
5411,393,search,1.0,2021-05-12 13:50:07,"{""info"": ""Sample log data"", ""session_id"": 1224}"
5412,26,click,,2022-08-14 18:50:23,"{""info"": ""Sample log data"", ""session_id"": 3142}"
5413,223,click,3.0,2022-12-03 17:02:56,"{""info"": ""Sample log data"", ""session_id"": 6235}"
5414,186,click,,2020-11-11 03:20:20,"{""info"": ""Sample log data"", ""session_id"": 3706}"
5415,267,booking,,2021-07-31 16:40:23,"{""info"": ""Sample log data"", ""session_id"": 2779}"
5416,152,search,,2022-03-12 00:49:27,"{""info"": ""Sample log data"", ""session_id"": 1431}"
5417,591,booking,2.0,2021-08-10 19:21:03,"{""info"": ""Sample log data"", ""session_id"": 7598}"
5418,342,booking,6.0,2022-10-20 05:33:54,"{""info"": ""Sample log data"", ""session_id"": 6130}"
5419,100,review_submission,,2022-09-19 15:31:57,"{""info"": ""Sample log data"", ""session_id"": 7811}"
5420,734,click,,2022-10-02 07:42:29,"{""info"": ""Sample log data"", ""session_id"": 1427}"
5421,849,click,7.0,2024-05-07 08:26:11,"{""info"": ""Sample log data"", ""session_id"": 8898}"
5422,380,review_submission,3.0,2021-08-18 06:29:59,"{""info"": ""Sample log data"", ""session_id"": 2627}"
5423,294,click,14.0,2023-06-13 08:12:05,"{""info"": ""Sample log data"", ""session_id"": 2657}"
5424,307,click,13.0,2024-05-04 03:13:20,"{""info"": ""Sample log data"", ""session_id"": 9198}"
5425,970,booking,,2023-11-07 19:12:24,"{""info"": ""Sample log data"", ""session_id"": 1640}"
5426,615,search,7.0,2024-09-11 00:11:19,"{""info"": ""Sample log data"", ""session_id"": 3106}"
5427,229,review_submission,2.0,2022-03-12 02:57:40,"{""info"": ""Sample log data"", ""session_id"": 5969}"
5428,593,search,8.0,2020-11-20 19:09:37,"{""info"": ""Sample log data"", ""session_id"": 4662}"
5429,676,review_submission,,2024-08-06 00:42:24,"{""info"": ""Sample log data"", ""session_id"": 1884}"
5430,898,review_submission,,2024-05-18 06:20:37,"{""info"": ""Sample log data"", ""session_id"": 6146}"
5431,552,search,4.0,2021-03-17 22:06:24,"{""info"": ""Sample log data"", ""session_id"": 8546}"
5432,816,review_submission,10.0,2022-11-10 23:43:54,"{""info"": ""Sample log data"", ""session_id"": 4130}"
5433,985,review_submission,6.0,2024-04-24 09:25:31,"{""info"": ""Sample log data"", ""session_id"": 6584}"
5434,218,booking,,2020-06-16 05:59:26,"{""info"": ""Sample log data"", ""session_id"": 4766}"
5435,583,review_submission,,2021-09-22 21:34:50,"{""info"": ""Sample log data"", ""session_id"": 4801}"
5436,966,search,14.0,2022-02-24 09:08:58,"{""info"": ""Sample log data"", ""session_id"": 2481}"
5437,263,click,,2022-08-28 15:44:42,"{""info"": ""Sample log data"", ""session_id"": 5928}"
5438,127,search,,2021-02-18 03:47:05,"{""info"": ""Sample log data"", ""session_id"": 4362}"
5439,834,click,1.0,2024-09-09 17:36:48,"{""info"": ""Sample log data"", ""session_id"": 7336}"
5440,374,review_submission,3.0,2021-11-24 10:54:37,"{""info"": ""Sample log data"", ""session_id"": 5252}"
5441,576,review_submission,9.0,2021-12-12 13:35:46,"{""info"": ""Sample log data"", ""session_id"": 5888}"
5442,880,click,2.0,2022-06-03 14:39:54,"{""info"": ""Sample log data"", ""session_id"": 8175}"
5443,661,booking,,2022-09-05 04:33:56,"{""info"": ""Sample log data"", ""session_id"": 8968}"
5444,225,click,,2020-09-19 19:16:45,"{""info"": ""Sample log data"", ""session_id"": 5101}"
5445,112,booking,7.0,2023-11-18 23:24:11,"{""info"": ""Sample log data"", ""session_id"": 4111}"
5446,886,search,,2021-12-03 13:23:50,"{""info"": ""Sample log data"", ""session_id"": 3451}"
5447,119,review_submission,10.0,2022-02-24 01:48:38,"{""info"": ""Sample log data"", ""session_id"": 8761}"
5448,830,review_submission,,2022-04-30 21:46:37,"{""info"": ""Sample log data"", ""session_id"": 1794}"
5449,234,booking,11.0,2020-04-26 07:00:18,"{""info"": ""Sample log data"", ""session_id"": 1640}"
5450,788,booking,,2021-01-19 14:02:03,"{""info"": ""Sample log data"", ""session_id"": 8355}"
5451,160,review_submission,,2020-06-22 06:39:32,"{""info"": ""Sample log data"", ""session_id"": 7406}"
5452,579,review_submission,,2022-03-27 05:07:48,"{""info"": ""Sample log data"", ""session_id"": 2915}"
5453,233,click,7.0,2020-01-18 08:38:23,"{""info"": ""Sample log data"", ""session_id"": 2684}"
5454,824,booking,1.0,2021-02-12 12:48:56,"{""info"": ""Sample log data"", ""session_id"": 9263}"
5455,207,search,10.0,2021-03-25 05:13:21,"{""info"": ""Sample log data"", ""session_id"": 2237}"
5456,784,click,,2020-04-04 20:39:11,"{""info"": ""Sample log data"", ""session_id"": 5145}"
5457,684,booking,13.0,2021-11-03 21:15:37,"{""info"": ""Sample log data"", ""session_id"": 9425}"
5458,420,search,8.0,2022-07-17 02:46:54,"{""info"": ""Sample log data"", ""session_id"": 4176}"
5459,36,review_submission,,2021-08-06 06:15:44,"{""info"": ""Sample log data"", ""session_id"": 5495}"
5460,344,search,,2020-12-28 23:50:47,"{""info"": ""Sample log data"", ""session_id"": 8235}"
5461,691,click,,2022-11-01 01:53:46,"{""info"": ""Sample log data"", ""session_id"": 9892}"
5462,393,review_submission,10.0,2021-01-06 03:52:35,"{""info"": ""Sample log data"", ""session_id"": 7216}"
5463,926,search,11.0,2024-01-09 01:57:49,"{""info"": ""Sample log data"", ""session_id"": 9406}"
5464,436,click,,2024-07-19 13:06:54,"{""info"": ""Sample log data"", ""session_id"": 8227}"
5465,835,review_submission,,2023-05-02 23:26:05,"{""info"": ""Sample log data"", ""session_id"": 2566}"
5466,137,search,,2022-09-14 19:51:38,"{""info"": ""Sample log data"", ""session_id"": 3587}"
5467,905,search,2.0,2025-01-27 20:33:36,"{""info"": ""Sample log data"", ""session_id"": 6424}"
5468,218,search,7.0,2022-11-04 06:45:22,"{""info"": ""Sample log data"", ""session_id"": 7264}"
5469,829,review_submission,,2023-10-10 07:42:45,"{""info"": ""Sample log data"", ""session_id"": 2713}"
5470,217,booking,2.0,2021-02-09 05:09:06,"{""info"": ""Sample log data"", ""session_id"": 3415}"
5471,648,search,,2021-06-07 16:05:40,"{""info"": ""Sample log data"", ""session_id"": 4480}"
5472,565,booking,11.0,2022-02-26 14:43:14,"{""info"": ""Sample log data"", ""session_id"": 8388}"
5473,635,review_submission,,2022-06-20 00:27:58,"{""info"": ""Sample log data"", ""session_id"": 6823}"
5474,45,booking,,2024-08-07 00:05:22,"{""info"": ""Sample log data"", ""session_id"": 9481}"
5475,907,booking,10.0,2023-04-17 07:55:32,"{""info"": ""Sample log data"", ""session_id"": 1824}"
5476,314,click,,2024-05-19 04:22:08,"{""info"": ""Sample log data"", ""session_id"": 9652}"
5477,553,booking,,2022-05-19 18:50:49,"{""info"": ""Sample log data"", ""session_id"": 1018}"
5478,406,search,,2024-12-06 07:50:59,"{""info"": ""Sample log data"", ""session_id"": 1572}"
5479,585,booking,,2020-05-30 14:11:51,"{""info"": ""Sample log data"", ""session_id"": 6658}"
5480,696,click,2.0,2021-08-05 00:02:20,"{""info"": ""Sample log data"", ""session_id"": 1014}"
5481,815,review_submission,,2021-08-25 17:17:58,"{""info"": ""Sample log data"", ""session_id"": 1836}"
5482,546,search,6.0,2020-03-03 02:30:38,"{""info"": ""Sample log data"", ""session_id"": 3667}"
5483,993,click,4.0,2023-04-18 13:12:44,"{""info"": ""Sample log data"", ""session_id"": 8617}"
5484,460,search,6.0,2024-10-19 09:47:47,"{""info"": ""Sample log data"", ""session_id"": 9080}"
5485,593,click,6.0,2024-08-07 00:57:42,"{""info"": ""Sample log data"", ""session_id"": 6039}"
5486,104,click,,2024-12-31 15:55:07,"{""info"": ""Sample log data"", ""session_id"": 2703}"
5487,807,click,,2021-11-15 14:42:06,"{""info"": ""Sample log data"", ""session_id"": 5072}"
5488,144,booking,,2020-02-23 23:46:02,"{""info"": ""Sample log data"", ""session_id"": 5977}"
5489,777,search,7.0,2024-02-19 15:20:14,"{""info"": ""Sample log data"", ""session_id"": 5509}"
5490,182,click,2.0,2020-12-14 05:16:38,"{""info"": ""Sample log data"", ""session_id"": 2446}"
5491,763,booking,,2022-08-21 06:07:39,"{""info"": ""Sample log data"", ""session_id"": 9425}"
5492,771,booking,1.0,2022-07-16 21:57:39,"{""info"": ""Sample log data"", ""session_id"": 7678}"
5493,715,search,1.0,2023-04-23 04:28:20,"{""info"": ""Sample log data"", ""session_id"": 9749}"
5494,96,search,8.0,2022-02-05 18:50:46,"{""info"": ""Sample log data"", ""session_id"": 8897}"
5495,497,review_submission,4.0,2022-11-06 08:41:12,"{""info"": ""Sample log data"", ""session_id"": 2561}"
5496,723,booking,,2020-02-02 08:07:48,"{""info"": ""Sample log data"", ""session_id"": 8321}"
5497,195,review_submission,3.0,2022-08-13 20:30:15,"{""info"": ""Sample log data"", ""session_id"": 1650}"
5498,250,click,,2020-01-29 02:00:38,"{""info"": ""Sample log data"", ""session_id"": 5649}"
5499,311,search,2.0,2020-08-22 00:16:24,"{""info"": ""Sample log data"", ""session_id"": 8290}"
5500,570,booking,7.0,2022-08-22 07:35:05,"{""info"": ""Sample log data"", ""session_id"": 4276}"
5501,410,search,,2023-02-06 22:16:10,"{""info"": ""Sample log data"", ""session_id"": 1534}"
5502,87,click,10.0,2022-02-19 15:26:47,"{""info"": ""Sample log data"", ""session_id"": 4912}"
5503,85,click,,2024-07-23 17:44:47,"{""info"": ""Sample log data"", ""session_id"": 7960}"
5504,439,review_submission,,2023-04-06 04:54:44,"{""info"": ""Sample log data"", ""session_id"": 5808}"
5505,409,click,7.0,2021-10-02 22:23:58,"{""info"": ""Sample log data"", ""session_id"": 3469}"
5506,36,booking,9.0,2023-06-16 18:49:44,"{""info"": ""Sample log data"", ""session_id"": 9313}"
5507,860,booking,4.0,2024-12-14 06:06:27,"{""info"": ""Sample log data"", ""session_id"": 1027}"
5508,705,review_submission,14.0,2020-07-27 21:54:17,"{""info"": ""Sample log data"", ""session_id"": 5985}"
5509,390,search,,2020-06-25 14:38:04,"{""info"": ""Sample log data"", ""session_id"": 3680}"
5510,488,click,10.0,2022-04-08 02:27:52,"{""info"": ""Sample log data"", ""session_id"": 7388}"
5511,473,click,,2023-04-20 20:04:54,"{""info"": ""Sample log data"", ""session_id"": 5590}"
5512,162,booking,13.0,2024-04-27 19:45:59,"{""info"": ""Sample log data"", ""session_id"": 9474}"
5513,752,click,4.0,2022-04-02 17:29:33,"{""info"": ""Sample log data"", ""session_id"": 4250}"
5514,640,review_submission,,2022-08-06 02:10:36,"{""info"": ""Sample log data"", ""session_id"": 8336}"
5515,695,review_submission,4.0,2022-02-13 00:05:31,"{""info"": ""Sample log data"", ""session_id"": 9062}"
5516,161,booking,14.0,2021-05-29 19:02:14,"{""info"": ""Sample log data"", ""session_id"": 2421}"
5517,253,click,,2020-01-17 12:23:19,"{""info"": ""Sample log data"", ""session_id"": 7445}"
5518,74,review_submission,,2023-06-09 19:13:09,"{""info"": ""Sample log data"", ""session_id"": 1329}"
5519,367,review_submission,10.0,2023-10-23 06:40:20,"{""info"": ""Sample log data"", ""session_id"": 5133}"
5520,946,booking,,2023-06-17 11:11:29,"{""info"": ""Sample log data"", ""session_id"": 6874}"
5521,683,click,7.0,2023-08-27 08:45:55,"{""info"": ""Sample log data"", ""session_id"": 2552}"
5522,205,booking,4.0,2021-04-30 02:54:06,"{""info"": ""Sample log data"", ""session_id"": 6553}"
5523,574,search,,2023-05-02 16:15:54,"{""info"": ""Sample log data"", ""session_id"": 3772}"
5524,86,review_submission,,2023-09-16 01:30:05,"{""info"": ""Sample log data"", ""session_id"": 1778}"
5525,307,booking,,2021-04-02 03:22:53,"{""info"": ""Sample log data"", ""session_id"": 5363}"
5526,112,booking,,2022-09-05 23:38:56,"{""info"": ""Sample log data"", ""session_id"": 7147}"
5527,159,review_submission,,2020-06-19 06:31:36,"{""info"": ""Sample log data"", ""session_id"": 5200}"
5528,414,booking,4.0,2020-03-25 02:27:26,"{""info"": ""Sample log data"", ""session_id"": 8187}"
5529,165,booking,,2023-04-17 06:07:53,"{""info"": ""Sample log data"", ""session_id"": 1167}"
5530,985,booking,13.0,2020-08-10 23:38:42,"{""info"": ""Sample log data"", ""session_id"": 4568}"
5531,632,review_submission,13.0,2023-12-07 00:33:23,"{""info"": ""Sample log data"", ""session_id"": 5651}"
5532,490,review_submission,7.0,2024-03-11 14:09:36,"{""info"": ""Sample log data"", ""session_id"": 8739}"
5533,746,review_submission,13.0,2022-08-06 00:02:49,"{""info"": ""Sample log data"", ""session_id"": 3887}"
5534,917,booking,,2024-05-03 08:49:55,"{""info"": ""Sample log data"", ""session_id"": 6110}"
5535,802,search,,2023-07-04 17:35:08,"{""info"": ""Sample log data"", ""session_id"": 2736}"
5536,137,click,7.0,2021-05-10 10:24:56,"{""info"": ""Sample log data"", ""session_id"": 5580}"
5537,855,review_submission,,2024-04-18 00:19:17,"{""info"": ""Sample log data"", ""session_id"": 2200}"
5538,597,booking,12.0,2023-06-18 16:05:27,"{""info"": ""Sample log data"", ""session_id"": 2995}"
5539,182,review_submission,,2020-10-07 10:14:00,"{""info"": ""Sample log data"", ""session_id"": 1175}"
5540,302,search,,2024-01-07 01:53:55,"{""info"": ""Sample log data"", ""session_id"": 4074}"
5541,147,booking,,2024-04-12 17:41:38,"{""info"": ""Sample log data"", ""session_id"": 5360}"
5542,534,search,,2021-05-11 05:18:11,"{""info"": ""Sample log data"", ""session_id"": 5520}"
5543,472,search,,2023-05-01 18:28:34,"{""info"": ""Sample log data"", ""session_id"": 4182}"
5544,645,review_submission,6.0,2021-07-20 13:36:47,"{""info"": ""Sample log data"", ""session_id"": 1419}"
5545,345,booking,,2021-02-04 02:42:48,"{""info"": ""Sample log data"", ""session_id"": 9230}"
5546,27,review_submission,,2022-07-19 03:43:57,"{""info"": ""Sample log data"", ""session_id"": 8611}"
5547,785,review_submission,1.0,2023-07-29 22:03:29,"{""info"": ""Sample log data"", ""session_id"": 7149}"
5548,142,search,12.0,2022-01-13 18:50:10,"{""info"": ""Sample log data"", ""session_id"": 4163}"
5549,390,click,8.0,2023-05-27 20:04:30,"{""info"": ""Sample log data"", ""session_id"": 7081}"
5550,787,click,11.0,2021-10-09 12:56:45,"{""info"": ""Sample log data"", ""session_id"": 8736}"
5551,554,booking,7.0,2021-09-18 13:14:15,"{""info"": ""Sample log data"", ""session_id"": 6370}"
5552,302,click,6.0,2021-05-20 10:27:21,"{""info"": ""Sample log data"", ""session_id"": 1313}"
5553,319,booking,,2021-11-11 14:04:07,"{""info"": ""Sample log data"", ""session_id"": 6800}"
5554,860,booking,,2020-05-29 05:01:45,"{""info"": ""Sample log data"", ""session_id"": 6563}"
5555,871,search,,2022-09-08 19:53:43,"{""info"": ""Sample log data"", ""session_id"": 2436}"
5556,765,search,,2023-03-30 11:31:24,"{""info"": ""Sample log data"", ""session_id"": 7675}"
5557,13,booking,9.0,2024-12-02 20:16:02,"{""info"": ""Sample log data"", ""session_id"": 6172}"
5558,583,click,,2021-10-17 23:55:29,"{""info"": ""Sample log data"", ""session_id"": 9255}"
5559,88,booking,9.0,2021-05-21 15:45:18,"{""info"": ""Sample log data"", ""session_id"": 3543}"
5560,970,booking,,2020-06-23 05:45:40,"{""info"": ""Sample log data"", ""session_id"": 3761}"
5561,114,search,,2023-06-04 03:24:07,"{""info"": ""Sample log data"", ""session_id"": 1709}"
5562,165,click,9.0,2022-03-10 10:16:34,"{""info"": ""Sample log data"", ""session_id"": 9288}"
5563,621,review_submission,,2025-01-05 10:36:23,"{""info"": ""Sample log data"", ""session_id"": 2548}"
5564,847,review_submission,9.0,2023-02-10 15:00:25,"{""info"": ""Sample log data"", ""session_id"": 5229}"
5565,692,click,7.0,2020-08-02 04:47:24,"{""info"": ""Sample log data"", ""session_id"": 6176}"
5566,248,click,,2023-04-22 09:40:36,"{""info"": ""Sample log data"", ""session_id"": 6007}"
5567,292,click,,2022-05-26 01:48:08,"{""info"": ""Sample log data"", ""session_id"": 4747}"
5568,54,click,5.0,2023-08-29 15:20:30,"{""info"": ""Sample log data"", ""session_id"": 8629}"
5569,561,booking,,2023-05-14 11:42:55,"{""info"": ""Sample log data"", ""session_id"": 8114}"
5570,750,search,,2022-12-23 19:23:06,"{""info"": ""Sample log data"", ""session_id"": 7536}"
5571,576,search,7.0,2025-01-26 11:56:20,"{""info"": ""Sample log data"", ""session_id"": 7273}"
5572,315,search,,2024-05-07 20:07:05,"{""info"": ""Sample log data"", ""session_id"": 9083}"
5573,870,review_submission,7.0,2020-08-24 13:22:12,"{""info"": ""Sample log data"", ""session_id"": 8716}"
5574,955,click,,2020-10-25 01:01:01,"{""info"": ""Sample log data"", ""session_id"": 5657}"
5575,767,review_submission,4.0,2023-11-06 18:54:48,"{""info"": ""Sample log data"", ""session_id"": 5790}"
5576,944,search,,2024-03-27 06:59:31,"{""info"": ""Sample log data"", ""session_id"": 3192}"
5577,968,review_submission,4.0,2020-12-13 10:27:30,"{""info"": ""Sample log data"", ""session_id"": 8001}"
5578,640,booking,,2021-04-18 19:13:13,"{""info"": ""Sample log data"", ""session_id"": 2731}"
5579,487,booking,,2023-05-01 13:03:33,"{""info"": ""Sample log data"", ""session_id"": 6149}"
5580,570,booking,,2024-10-12 04:34:55,"{""info"": ""Sample log data"", ""session_id"": 5847}"
5581,847,booking,14.0,2024-09-27 22:24:42,"{""info"": ""Sample log data"", ""session_id"": 1369}"
5582,684,review_submission,,2020-11-26 10:03:12,"{""info"": ""Sample log data"", ""session_id"": 5975}"
5583,383,review_submission,,2022-12-14 21:45:20,"{""info"": ""Sample log data"", ""session_id"": 8446}"
5584,202,search,,2023-11-05 06:41:45,"{""info"": ""Sample log data"", ""session_id"": 8681}"
5585,659,click,9.0,2022-12-04 01:22:03,"{""info"": ""Sample log data"", ""session_id"": 7953}"
5586,86,click,11.0,2021-01-23 17:26:11,"{""info"": ""Sample log data"", ""session_id"": 4713}"
5587,878,click,,2023-06-05 03:55:45,"{""info"": ""Sample log data"", ""session_id"": 4532}"
5588,610,search,,2024-03-31 10:29:41,"{""info"": ""Sample log data"", ""session_id"": 4377}"
5589,996,review_submission,,2023-04-06 03:05:01,"{""info"": ""Sample log data"", ""session_id"": 7004}"
5590,598,review_submission,,2020-12-05 19:03:05,"{""info"": ""Sample log data"", ""session_id"": 9736}"
5591,810,search,,2023-01-12 07:02:52,"{""info"": ""Sample log data"", ""session_id"": 4718}"
5592,273,search,,2020-11-30 15:56:38,"{""info"": ""Sample log data"", ""session_id"": 8228}"
5593,791,booking,2.0,2024-02-17 05:06:47,"{""info"": ""Sample log data"", ""session_id"": 6178}"
5594,430,click,,2022-05-17 20:55:18,"{""info"": ""Sample log data"", ""session_id"": 1957}"
5595,423,search,3.0,2020-04-18 05:45:12,"{""info"": ""Sample log data"", ""session_id"": 2659}"
5596,908,review_submission,14.0,2023-09-08 05:24:04,"{""info"": ""Sample log data"", ""session_id"": 7804}"
5597,636,review_submission,8.0,2023-11-14 10:34:18,"{""info"": ""Sample log data"", ""session_id"": 9262}"
5598,714,click,4.0,2021-07-06 04:54:54,"{""info"": ""Sample log data"", ""session_id"": 7214}"
5599,945,click,8.0,2020-07-21 08:30:49,"{""info"": ""Sample log data"", ""session_id"": 7767}"
5600,816,click,5.0,2023-07-30 04:17:43,"{""info"": ""Sample log data"", ""session_id"": 9194}"
5601,969,search,13.0,2020-05-23 09:16:19,"{""info"": ""Sample log data"", ""session_id"": 1732}"
5602,441,review_submission,,2021-05-05 17:44:20,"{""info"": ""Sample log data"", ""session_id"": 7915}"
5603,470,search,,2024-12-22 03:26:49,"{""info"": ""Sample log data"", ""session_id"": 2413}"
5604,654,booking,,2020-02-16 04:32:07,"{""info"": ""Sample log data"", ""session_id"": 2194}"
5605,162,click,,2023-01-13 10:38:52,"{""info"": ""Sample log data"", ""session_id"": 5795}"
5606,81,review_submission,,2020-03-25 16:19:18,"{""info"": ""Sample log data"", ""session_id"": 8986}"
5607,703,search,6.0,2020-01-04 14:13:35,"{""info"": ""Sample log data"", ""session_id"": 8070}"
5608,656,review_submission,6.0,2024-08-31 14:17:28,"{""info"": ""Sample log data"", ""session_id"": 6433}"
5609,927,click,1.0,2022-03-19 21:07:46,"{""info"": ""Sample log data"", ""session_id"": 6370}"
5610,384,review_submission,,2024-07-16 23:28:13,"{""info"": ""Sample log data"", ""session_id"": 6498}"
5611,634,click,3.0,2021-01-26 10:52:32,"{""info"": ""Sample log data"", ""session_id"": 1856}"
5612,19,review_submission,,2024-01-26 02:04:48,"{""info"": ""Sample log data"", ""session_id"": 8401}"
5613,314,search,,2021-02-25 01:42:12,"{""info"": ""Sample log data"", ""session_id"": 1920}"
5614,85,search,,2021-03-23 03:45:30,"{""info"": ""Sample log data"", ""session_id"": 1020}"
5615,735,review_submission,,2021-06-21 10:04:34,"{""info"": ""Sample log data"", ""session_id"": 2108}"
5616,947,review_submission,,2023-08-26 00:43:53,"{""info"": ""Sample log data"", ""session_id"": 7844}"
5617,538,review_submission,11.0,2024-09-29 18:05:50,"{""info"": ""Sample log data"", ""session_id"": 2980}"
5618,819,review_submission,,2021-03-16 02:50:22,"{""info"": ""Sample log data"", ""session_id"": 3037}"
5619,83,review_submission,8.0,2021-04-01 05:01:52,"{""info"": ""Sample log data"", ""session_id"": 4853}"
5620,42,booking,,2024-04-25 13:41:16,"{""info"": ""Sample log data"", ""session_id"": 4702}"
5621,904,review_submission,,2024-08-02 19:17:34,"{""info"": ""Sample log data"", ""session_id"": 1037}"
5622,766,search,,2023-01-17 03:49:47,"{""info"": ""Sample log data"", ""session_id"": 9942}"
5623,836,search,14.0,2023-08-03 20:48:11,"{""info"": ""Sample log data"", ""session_id"": 7679}"
5624,720,click,3.0,2020-04-29 16:44:47,"{""info"": ""Sample log data"", ""session_id"": 9899}"
5625,386,search,11.0,2021-03-09 00:30:00,"{""info"": ""Sample log data"", ""session_id"": 2646}"
5626,244,search,,2020-03-17 02:23:56,"{""info"": ""Sample log data"", ""session_id"": 7241}"
5627,851,click,,2024-02-15 10:13:57,"{""info"": ""Sample log data"", ""session_id"": 4181}"
5628,915,booking,9.0,2022-04-06 17:53:51,"{""info"": ""Sample log data"", ""session_id"": 7496}"
5629,7,click,,2022-07-27 05:54:23,"{""info"": ""Sample log data"", ""session_id"": 1253}"
5630,759,review_submission,,2021-10-07 02:12:56,"{""info"": ""Sample log data"", ""session_id"": 6091}"
5631,320,booking,13.0,2023-12-22 05:14:43,"{""info"": ""Sample log data"", ""session_id"": 7045}"
5632,386,review_submission,,2020-10-04 13:33:37,"{""info"": ""Sample log data"", ""session_id"": 7527}"
5633,191,search,4.0,2022-01-02 16:37:59,"{""info"": ""Sample log data"", ""session_id"": 3958}"
5634,636,booking,1.0,2024-12-29 13:49:35,"{""info"": ""Sample log data"", ""session_id"": 8918}"
5635,830,review_submission,2.0,2021-08-26 17:25:29,"{""info"": ""Sample log data"", ""session_id"": 3205}"
5636,823,search,,2024-04-09 12:50:39,"{""info"": ""Sample log data"", ""session_id"": 1075}"
5637,997,review_submission,,2024-01-18 19:50:21,"{""info"": ""Sample log data"", ""session_id"": 1555}"
5638,894,booking,11.0,2020-12-21 16:46:14,"{""info"": ""Sample log data"", ""session_id"": 4676}"
5639,866,click,11.0,2020-02-27 13:41:44,"{""info"": ""Sample log data"", ""session_id"": 5433}"
5640,350,search,,2021-08-02 19:41:50,"{""info"": ""Sample log data"", ""session_id"": 2350}"
5641,616,click,,2021-02-05 01:55:35,"{""info"": ""Sample log data"", ""session_id"": 1542}"
5642,90,booking,10.0,2022-12-22 19:08:47,"{""info"": ""Sample log data"", ""session_id"": 3622}"
5643,490,click,2.0,2024-09-04 08:33:36,"{""info"": ""Sample log data"", ""session_id"": 8184}"
5644,899,review_submission,,2024-03-06 08:29:11,"{""info"": ""Sample log data"", ""session_id"": 4042}"
5645,191,booking,2.0,2024-05-05 11:01:57,"{""info"": ""Sample log data"", ""session_id"": 7382}"
5646,947,booking,12.0,2022-02-10 16:20:08,"{""info"": ""Sample log data"", ""session_id"": 9459}"
5647,320,search,1.0,2024-10-27 12:38:54,"{""info"": ""Sample log data"", ""session_id"": 6798}"
5648,825,click,3.0,2022-04-02 01:17:34,"{""info"": ""Sample log data"", ""session_id"": 3918}"
5649,708,booking,,2020-03-26 01:24:03,"{""info"": ""Sample log data"", ""session_id"": 7553}"
5650,443,search,,2024-11-17 06:18:27,"{""info"": ""Sample log data"", ""session_id"": 3896}"
5651,711,click,3.0,2025-01-09 23:30:55,"{""info"": ""Sample log data"", ""session_id"": 9039}"
5652,847,review_submission,,2024-08-05 21:56:04,"{""info"": ""Sample log data"", ""session_id"": 7334}"
5653,68,click,12.0,2022-12-18 16:03:15,"{""info"": ""Sample log data"", ""session_id"": 6528}"
5654,706,search,5.0,2021-07-02 10:49:32,"{""info"": ""Sample log data"", ""session_id"": 2218}"
5655,815,search,,2021-06-13 14:29:24,"{""info"": ""Sample log data"", ""session_id"": 5576}"
5656,359,review_submission,12.0,2022-12-04 23:44:43,"{""info"": ""Sample log data"", ""session_id"": 2262}"
5657,525,click,1.0,2024-09-12 06:21:39,"{""info"": ""Sample log data"", ""session_id"": 7781}"
5658,117,review_submission,9.0,2024-06-23 02:17:57,"{""info"": ""Sample log data"", ""session_id"": 9100}"
5659,941,search,,2021-11-26 19:40:47,"{""info"": ""Sample log data"", ""session_id"": 9491}"
5660,736,booking,8.0,2021-04-09 15:38:34,"{""info"": ""Sample log data"", ""session_id"": 5344}"
5661,159,search,,2023-12-13 10:52:45,"{""info"": ""Sample log data"", ""session_id"": 1969}"
5662,765,click,,2024-11-01 22:12:36,"{""info"": ""Sample log data"", ""session_id"": 7128}"
5663,595,click,,2020-03-20 22:59:35,"{""info"": ""Sample log data"", ""session_id"": 9069}"
5664,746,click,,2024-11-22 06:36:39,"{""info"": ""Sample log data"", ""session_id"": 3574}"
5665,616,search,,2023-08-30 09:37:10,"{""info"": ""Sample log data"", ""session_id"": 9815}"
5666,775,search,14.0,2023-09-21 07:32:02,"{""info"": ""Sample log data"", ""session_id"": 3349}"
5667,937,search,11.0,2024-01-31 16:31:07,"{""info"": ""Sample log data"", ""session_id"": 1838}"
5668,186,review_submission,12.0,2023-04-04 16:08:11,"{""info"": ""Sample log data"", ""session_id"": 9014}"
5669,95,review_submission,,2021-07-16 00:17:37,"{""info"": ""Sample log data"", ""session_id"": 9151}"
5670,55,click,,2020-09-03 06:07:32,"{""info"": ""Sample log data"", ""session_id"": 1620}"
5671,805,click,7.0,2020-10-30 00:03:33,"{""info"": ""Sample log data"", ""session_id"": 1271}"
5672,548,click,1.0,2021-08-02 21:17:01,"{""info"": ""Sample log data"", ""session_id"": 1306}"
5673,783,search,5.0,2021-01-14 08:54:49,"{""info"": ""Sample log data"", ""session_id"": 4895}"
5674,549,booking,14.0,2022-10-20 19:05:26,"{""info"": ""Sample log data"", ""session_id"": 5061}"
5675,93,search,12.0,2021-12-14 21:47:19,"{""info"": ""Sample log data"", ""session_id"": 1879}"
5676,494,click,2.0,2025-01-01 05:38:25,"{""info"": ""Sample log data"", ""session_id"": 8580}"
5677,147,review_submission,14.0,2024-07-01 22:53:48,"{""info"": ""Sample log data"", ""session_id"": 8379}"
5678,953,review_submission,2.0,2020-05-06 21:22:31,"{""info"": ""Sample log data"", ""session_id"": 5958}"
5679,145,click,,2023-05-25 00:22:57,"{""info"": ""Sample log data"", ""session_id"": 9262}"
5680,919,search,12.0,2020-02-13 15:33:27,"{""info"": ""Sample log data"", ""session_id"": 8932}"
5681,833,review_submission,,2022-05-25 06:37:30,"{""info"": ""Sample log data"", ""session_id"": 3576}"
5682,736,review_submission,8.0,2023-12-08 00:17:04,"{""info"": ""Sample log data"", ""session_id"": 9681}"
5683,802,booking,,2022-02-02 20:37:31,"{""info"": ""Sample log data"", ""session_id"": 2075}"
5684,193,booking,,2020-07-30 14:05:50,"{""info"": ""Sample log data"", ""session_id"": 4699}"
5685,126,review_submission,,2022-02-16 13:07:51,"{""info"": ""Sample log data"", ""session_id"": 9800}"
5686,689,booking,13.0,2024-12-14 12:14:22,"{""info"": ""Sample log data"", ""session_id"": 6875}"
5687,259,booking,3.0,2021-09-29 11:19:25,"{""info"": ""Sample log data"", ""session_id"": 5263}"
5688,262,search,,2024-09-24 16:53:31,"{""info"": ""Sample log data"", ""session_id"": 9294}"
5689,977,booking,,2020-07-16 11:43:54,"{""info"": ""Sample log data"", ""session_id"": 1152}"
5690,539,click,11.0,2023-10-10 14:32:45,"{""info"": ""Sample log data"", ""session_id"": 2572}"
5691,2,review_submission,,2022-01-26 04:40:04,"{""info"": ""Sample log data"", ""session_id"": 2313}"
5692,348,review_submission,,2020-02-04 12:51:41,"{""info"": ""Sample log data"", ""session_id"": 8349}"
5693,697,click,,2022-02-18 11:51:12,"{""info"": ""Sample log data"", ""session_id"": 9182}"
5694,885,review_submission,,2022-01-03 18:51:05,"{""info"": ""Sample log data"", ""session_id"": 9379}"
5695,777,search,,2023-09-13 02:33:39,"{""info"": ""Sample log data"", ""session_id"": 9796}"
5696,231,booking,4.0,2022-05-05 12:55:34,"{""info"": ""Sample log data"", ""session_id"": 8726}"
5697,537,search,13.0,2020-02-05 21:46:53,"{""info"": ""Sample log data"", ""session_id"": 2939}"
5698,813,review_submission,3.0,2024-06-04 05:51:20,"{""info"": ""Sample log data"", ""session_id"": 8869}"
5699,262,booking,7.0,2020-10-06 15:53:55,"{""info"": ""Sample log data"", ""session_id"": 7865}"
5700,574,search,,2020-08-15 15:49:12,"{""info"": ""Sample log data"", ""session_id"": 7362}"
5701,295,search,12.0,2024-03-13 05:43:35,"{""info"": ""Sample log data"", ""session_id"": 1772}"
5702,648,booking,,2020-12-26 08:58:13,"{""info"": ""Sample log data"", ""session_id"": 7172}"
5703,296,click,4.0,2023-03-27 20:21:05,"{""info"": ""Sample log data"", ""session_id"": 7975}"
5704,67,search,,2022-04-24 01:29:16,"{""info"": ""Sample log data"", ""session_id"": 9480}"
5705,982,booking,,2021-05-16 11:42:31,"{""info"": ""Sample log data"", ""session_id"": 5403}"
5706,879,review_submission,,2021-01-05 19:02:19,"{""info"": ""Sample log data"", ""session_id"": 4571}"
5707,64,review_submission,,2024-02-23 22:48:17,"{""info"": ""Sample log data"", ""session_id"": 4256}"
5708,705,search,,2022-12-31 19:10:09,"{""info"": ""Sample log data"", ""session_id"": 4155}"
5709,349,click,,2021-10-09 17:55:32,"{""info"": ""Sample log data"", ""session_id"": 6397}"
5710,683,booking,2.0,2021-08-15 17:03:48,"{""info"": ""Sample log data"", ""session_id"": 4709}"
5711,71,review_submission,,2022-04-13 21:41:17,"{""info"": ""Sample log data"", ""session_id"": 4217}"
5712,137,click,,2023-07-14 06:44:25,"{""info"": ""Sample log data"", ""session_id"": 4594}"
5713,360,booking,,2024-03-21 21:24:43,"{""info"": ""Sample log data"", ""session_id"": 9462}"
5714,812,click,,2024-01-11 07:45:44,"{""info"": ""Sample log data"", ""session_id"": 8895}"
5715,816,click,13.0,2022-08-14 23:31:27,"{""info"": ""Sample log data"", ""session_id"": 4768}"
5716,947,review_submission,14.0,2024-04-08 18:45:49,"{""info"": ""Sample log data"", ""session_id"": 9401}"
5717,562,booking,,2020-12-11 07:25:33,"{""info"": ""Sample log data"", ""session_id"": 7159}"
5718,742,review_submission,,2022-05-25 16:56:32,"{""info"": ""Sample log data"", ""session_id"": 6820}"
5719,369,click,13.0,2024-06-06 13:03:26,"{""info"": ""Sample log data"", ""session_id"": 5273}"
5720,19,click,,2023-09-06 00:26:55,"{""info"": ""Sample log data"", ""session_id"": 7577}"
5721,307,booking,,2022-08-09 09:22:55,"{""info"": ""Sample log data"", ""session_id"": 1007}"
5722,428,review_submission,,2021-04-09 11:02:00,"{""info"": ""Sample log data"", ""session_id"": 6571}"
5723,222,click,9.0,2023-05-18 02:00:48,"{""info"": ""Sample log data"", ""session_id"": 4804}"
5724,6,search,2.0,2024-08-07 12:37:20,"{""info"": ""Sample log data"", ""session_id"": 9017}"
5725,180,search,11.0,2024-10-29 20:11:53,"{""info"": ""Sample log data"", ""session_id"": 9905}"
5726,745,click,12.0,2021-05-25 20:12:24,"{""info"": ""Sample log data"", ""session_id"": 1586}"
5727,712,search,,2023-08-22 21:52:13,"{""info"": ""Sample log data"", ""session_id"": 6594}"
5728,459,click,11.0,2024-07-26 03:26:03,"{""info"": ""Sample log data"", ""session_id"": 8025}"
5729,684,search,7.0,2020-08-24 19:22:00,"{""info"": ""Sample log data"", ""session_id"": 9930}"
5730,842,review_submission,2.0,2022-01-27 19:22:22,"{""info"": ""Sample log data"", ""session_id"": 8064}"
5731,694,booking,,2025-01-15 05:35:01,"{""info"": ""Sample log data"", ""session_id"": 6449}"
5732,969,search,,2020-08-22 00:29:46,"{""info"": ""Sample log data"", ""session_id"": 9389}"
5733,839,booking,,2024-03-14 18:39:18,"{""info"": ""Sample log data"", ""session_id"": 8992}"
5734,248,booking,1.0,2021-01-10 18:16:03,"{""info"": ""Sample log data"", ""session_id"": 9398}"
5735,804,booking,,2022-06-30 04:24:09,"{""info"": ""Sample log data"", ""session_id"": 2047}"
5736,398,click,3.0,2024-06-23 09:39:17,"{""info"": ""Sample log data"", ""session_id"": 6124}"
5737,364,review_submission,14.0,2021-12-16 02:09:22,"{""info"": ""Sample log data"", ""session_id"": 7920}"
5738,418,search,14.0,2021-11-24 01:04:39,"{""info"": ""Sample log data"", ""session_id"": 6498}"
5739,151,search,8.0,2020-11-24 03:17:24,"{""info"": ""Sample log data"", ""session_id"": 2929}"
5740,874,click,9.0,2022-02-09 03:02:59,"{""info"": ""Sample log data"", ""session_id"": 1448}"
5741,833,booking,2.0,2021-04-26 15:56:06,"{""info"": ""Sample log data"", ""session_id"": 8428}"
5742,88,search,6.0,2022-04-04 02:14:51,"{""info"": ""Sample log data"", ""session_id"": 8532}"
5743,889,review_submission,11.0,2022-10-31 01:19:00,"{""info"": ""Sample log data"", ""session_id"": 7176}"
5744,144,click,4.0,2025-01-09 09:16:30,"{""info"": ""Sample log data"", ""session_id"": 5187}"
5745,470,review_submission,,2022-04-06 04:14:48,"{""info"": ""Sample log data"", ""session_id"": 4235}"
5746,268,review_submission,,2022-10-06 06:49:37,"{""info"": ""Sample log data"", ""session_id"": 9290}"
5747,160,booking,,2021-10-01 10:16:20,"{""info"": ""Sample log data"", ""session_id"": 8812}"
5748,213,click,4.0,2020-05-09 23:26:02,"{""info"": ""Sample log data"", ""session_id"": 4649}"
5749,747,search,,2020-11-03 21:01:05,"{""info"": ""Sample log data"", ""session_id"": 7244}"
5750,684,review_submission,13.0,2022-01-01 21:15:46,"{""info"": ""Sample log data"", ""session_id"": 5660}"
5751,668,click,6.0,2020-05-25 03:28:55,"{""info"": ""Sample log data"", ""session_id"": 2980}"
5752,931,click,11.0,2025-01-16 07:20:50,"{""info"": ""Sample log data"", ""session_id"": 5720}"
5753,13,search,2.0,2021-02-26 17:10:11,"{""info"": ""Sample log data"", ""session_id"": 6635}"
5754,138,search,8.0,2024-07-21 08:58:40,"{""info"": ""Sample log data"", ""session_id"": 9110}"
5755,752,booking,,2023-04-15 13:30:00,"{""info"": ""Sample log data"", ""session_id"": 6700}"
5756,427,review_submission,11.0,2023-10-31 21:56:57,"{""info"": ""Sample log data"", ""session_id"": 1727}"
5757,506,search,,2022-01-02 07:05:09,"{""info"": ""Sample log data"", ""session_id"": 8779}"
5758,200,review_submission,,2020-09-08 21:19:37,"{""info"": ""Sample log data"", ""session_id"": 5181}"
5759,242,booking,,2022-12-28 03:31:04,"{""info"": ""Sample log data"", ""session_id"": 5304}"
5760,439,click,3.0,2024-07-21 12:13:23,"{""info"": ""Sample log data"", ""session_id"": 5923}"
5761,470,review_submission,7.0,2020-06-24 04:56:09,"{""info"": ""Sample log data"", ""session_id"": 8978}"
5762,315,search,10.0,2021-04-23 21:01:24,"{""info"": ""Sample log data"", ""session_id"": 7235}"
5763,111,click,6.0,2023-02-19 19:09:32,"{""info"": ""Sample log data"", ""session_id"": 2658}"
5764,305,search,,2022-07-12 13:52:19,"{""info"": ""Sample log data"", ""session_id"": 1929}"
5765,60,booking,,2022-11-07 06:54:58,"{""info"": ""Sample log data"", ""session_id"": 8122}"
5766,8,booking,,2022-04-21 11:20:00,"{""info"": ""Sample log data"", ""session_id"": 5458}"
5767,612,booking,,2023-12-07 13:48:41,"{""info"": ""Sample log data"", ""session_id"": 6907}"
5768,378,review_submission,13.0,2021-05-13 11:16:02,"{""info"": ""Sample log data"", ""session_id"": 5029}"
5769,299,search,1.0,2022-10-15 14:44:59,"{""info"": ""Sample log data"", ""session_id"": 3187}"
5770,184,search,5.0,2020-10-05 02:20:35,"{""info"": ""Sample log data"", ""session_id"": 6854}"
5771,27,review_submission,7.0,2025-01-18 04:12:59,"{""info"": ""Sample log data"", ""session_id"": 5428}"
5772,175,search,2.0,2020-12-05 08:30:01,"{""info"": ""Sample log data"", ""session_id"": 8520}"
5773,140,click,,2021-11-22 04:48:47,"{""info"": ""Sample log data"", ""session_id"": 5190}"
5774,179,click,1.0,2022-07-12 02:36:52,"{""info"": ""Sample log data"", ""session_id"": 2386}"
5775,690,booking,,2024-05-09 22:46:49,"{""info"": ""Sample log data"", ""session_id"": 8776}"
5776,217,booking,2.0,2023-10-17 09:06:36,"{""info"": ""Sample log data"", ""session_id"": 3442}"
5777,213,search,,2021-12-02 19:58:57,"{""info"": ""Sample log data"", ""session_id"": 6167}"
5778,505,search,11.0,2023-04-27 07:00:54,"{""info"": ""Sample log data"", ""session_id"": 2125}"
5779,514,review_submission,,2024-11-30 09:40:08,"{""info"": ""Sample log data"", ""session_id"": 9148}"
5780,527,booking,,2021-05-21 14:29:25,"{""info"": ""Sample log data"", ""session_id"": 6258}"
5781,547,booking,14.0,2022-09-16 04:15:08,"{""info"": ""Sample log data"", ""session_id"": 6302}"
5782,651,booking,,2022-04-19 15:32:10,"{""info"": ""Sample log data"", ""session_id"": 2726}"
5783,993,booking,,2020-06-16 21:22:54,"{""info"": ""Sample log data"", ""session_id"": 5733}"
5784,246,review_submission,,2022-01-01 00:00:12,"{""info"": ""Sample log data"", ""session_id"": 1037}"
5785,554,booking,,2020-04-11 05:16:51,"{""info"": ""Sample log data"", ""session_id"": 7982}"
5786,872,booking,11.0,2022-07-16 03:07:32,"{""info"": ""Sample log data"", ""session_id"": 5919}"
5787,756,click,6.0,2024-10-30 00:33:09,"{""info"": ""Sample log data"", ""session_id"": 7253}"
5788,593,click,,2022-10-28 08:35:10,"{""info"": ""Sample log data"", ""session_id"": 8959}"
5789,588,search,,2023-01-09 10:28:12,"{""info"": ""Sample log data"", ""session_id"": 1274}"
5790,542,search,,2021-09-19 20:06:04,"{""info"": ""Sample log data"", ""session_id"": 6566}"
5791,534,booking,,2022-12-14 17:43:53,"{""info"": ""Sample log data"", ""session_id"": 1110}"
5792,643,booking,12.0,2023-04-23 11:41:42,"{""info"": ""Sample log data"", ""session_id"": 6635}"
5793,245,review_submission,,2024-01-13 00:21:43,"{""info"": ""Sample log data"", ""session_id"": 7732}"
5794,743,search,,2023-05-16 12:32:58,"{""info"": ""Sample log data"", ""session_id"": 9984}"
5795,242,booking,,2020-10-30 18:18:13,"{""info"": ""Sample log data"", ""session_id"": 9615}"
5796,243,booking,5.0,2021-07-20 06:04:48,"{""info"": ""Sample log data"", ""session_id"": 8500}"
5797,372,booking,,2020-06-13 07:36:16,"{""info"": ""Sample log data"", ""session_id"": 3039}"
5798,934,booking,,2020-03-04 21:42:28,"{""info"": ""Sample log data"", ""session_id"": 4936}"
5799,645,click,7.0,2023-03-29 03:20:38,"{""info"": ""Sample log data"", ""session_id"": 9911}"
5800,231,booking,1.0,2020-11-14 19:45:38,"{""info"": ""Sample log data"", ""session_id"": 3018}"
5801,30,booking,,2024-11-07 17:50:30,"{""info"": ""Sample log data"", ""session_id"": 9512}"
5802,43,booking,7.0,2023-05-11 00:54:42,"{""info"": ""Sample log data"", ""session_id"": 6889}"
5803,193,booking,11.0,2020-03-04 23:42:27,"{""info"": ""Sample log data"", ""session_id"": 7930}"
5804,421,review_submission,,2021-01-21 03:22:14,"{""info"": ""Sample log data"", ""session_id"": 7803}"
5805,385,search,,2024-03-11 14:54:57,"{""info"": ""Sample log data"", ""session_id"": 8366}"
5806,987,click,14.0,2022-03-21 17:32:45,"{""info"": ""Sample log data"", ""session_id"": 6878}"
5807,345,booking,,2021-08-01 09:53:46,"{""info"": ""Sample log data"", ""session_id"": 4637}"
5808,198,search,10.0,2020-08-17 08:31:03,"{""info"": ""Sample log data"", ""session_id"": 3548}"
5809,703,search,12.0,2024-09-21 07:14:16,"{""info"": ""Sample log data"", ""session_id"": 3037}"
5810,121,search,,2024-01-04 05:44:00,"{""info"": ""Sample log data"", ""session_id"": 4132}"
5811,951,search,,2024-03-31 18:56:31,"{""info"": ""Sample log data"", ""session_id"": 9462}"
5812,97,review_submission,,2020-02-03 17:39:59,"{""info"": ""Sample log data"", ""session_id"": 7820}"
5813,883,review_submission,,2021-09-13 03:53:11,"{""info"": ""Sample log data"", ""session_id"": 4215}"
5814,961,search,,2020-04-10 21:48:01,"{""info"": ""Sample log data"", ""session_id"": 9895}"
5815,219,click,9.0,2021-07-13 00:25:15,"{""info"": ""Sample log data"", ""session_id"": 9034}"
5816,144,booking,10.0,2020-12-01 19:10:11,"{""info"": ""Sample log data"", ""session_id"": 5414}"
5817,56,booking,5.0,2025-01-25 11:26:29,"{""info"": ""Sample log data"", ""session_id"": 4771}"
5818,287,review_submission,,2024-01-26 12:05:59,"{""info"": ""Sample log data"", ""session_id"": 5017}"
5819,528,booking,,2021-10-28 23:10:40,"{""info"": ""Sample log data"", ""session_id"": 8981}"
5820,183,booking,12.0,2020-10-07 17:58:08,"{""info"": ""Sample log data"", ""session_id"": 6509}"
5821,790,click,,2024-06-07 07:54:37,"{""info"": ""Sample log data"", ""session_id"": 5609}"
5822,585,review_submission,3.0,2020-04-19 14:13:39,"{""info"": ""Sample log data"", ""session_id"": 4350}"
5823,187,click,1.0,2020-02-03 21:36:50,"{""info"": ""Sample log data"", ""session_id"": 2829}"
5824,935,click,,2020-07-07 02:16:34,"{""info"": ""Sample log data"", ""session_id"": 2810}"
5825,503,click,,2022-10-01 09:51:02,"{""info"": ""Sample log data"", ""session_id"": 6967}"
5826,373,booking,,2020-10-22 15:27:36,"{""info"": ""Sample log data"", ""session_id"": 9911}"
5827,95,review_submission,,2020-10-11 20:33:06,"{""info"": ""Sample log data"", ""session_id"": 5929}"
5828,164,review_submission,,2021-03-06 11:03:12,"{""info"": ""Sample log data"", ""session_id"": 5847}"
5829,314,click,,2024-01-23 11:13:03,"{""info"": ""Sample log data"", ""session_id"": 1050}"
5830,848,booking,11.0,2020-09-26 17:55:08,"{""info"": ""Sample log data"", ""session_id"": 1260}"
5831,514,search,1.0,2023-05-06 02:20:21,"{""info"": ""Sample log data"", ""session_id"": 5514}"
5832,633,search,,2025-01-04 01:02:19,"{""info"": ""Sample log data"", ""session_id"": 8808}"
5833,265,booking,,2021-03-09 21:32:48,"{""info"": ""Sample log data"", ""session_id"": 7092}"
5834,154,review_submission,6.0,2020-10-07 07:43:17,"{""info"": ""Sample log data"", ""session_id"": 8260}"
5835,501,search,,2021-12-18 08:48:31,"{""info"": ""Sample log data"", ""session_id"": 8238}"
5836,180,booking,,2023-04-10 20:21:38,"{""info"": ""Sample log data"", ""session_id"": 4669}"
5837,916,click,8.0,2022-03-10 12:59:22,"{""info"": ""Sample log data"", ""session_id"": 4137}"
5838,869,booking,9.0,2020-07-07 01:08:28,"{""info"": ""Sample log data"", ""session_id"": 1413}"
5839,779,search,1.0,2022-02-18 01:32:22,"{""info"": ""Sample log data"", ""session_id"": 3899}"
5840,23,search,13.0,2023-10-27 18:00:16,"{""info"": ""Sample log data"", ""session_id"": 8572}"
5841,385,search,,2021-02-16 18:01:57,"{""info"": ""Sample log data"", ""session_id"": 7115}"
5842,686,booking,,2024-08-17 06:32:37,"{""info"": ""Sample log data"", ""session_id"": 8738}"
5843,303,booking,2.0,2021-02-05 19:37:26,"{""info"": ""Sample log data"", ""session_id"": 9240}"
5844,319,booking,3.0,2024-02-12 22:28:49,"{""info"": ""Sample log data"", ""session_id"": 3874}"
5845,809,review_submission,5.0,2020-08-29 16:19:26,"{""info"": ""Sample log data"", ""session_id"": 5197}"
5846,57,booking,,2024-09-26 14:47:47,"{""info"": ""Sample log data"", ""session_id"": 2413}"
5847,208,review_submission,8.0,2023-09-18 16:18:30,"{""info"": ""Sample log data"", ""session_id"": 2148}"
5848,646,review_submission,,2025-01-01 09:51:41,"{""info"": ""Sample log data"", ""session_id"": 9252}"
5849,644,search,11.0,2023-04-07 12:44:18,"{""info"": ""Sample log data"", ""session_id"": 4858}"
5850,707,click,,2020-09-26 01:51:16,"{""info"": ""Sample log data"", ""session_id"": 6021}"
5851,359,booking,,2022-01-13 07:50:45,"{""info"": ""Sample log data"", ""session_id"": 4457}"
5852,201,search,,2020-05-24 06:50:02,"{""info"": ""Sample log data"", ""session_id"": 4633}"
5853,876,click,,2021-06-11 23:25:47,"{""info"": ""Sample log data"", ""session_id"": 9956}"
5854,369,click,8.0,2022-06-26 17:38:49,"{""info"": ""Sample log data"", ""session_id"": 8304}"
5855,643,click,,2022-08-08 03:57:14,"{""info"": ""Sample log data"", ""session_id"": 7387}"
5856,901,click,,2023-04-04 18:11:42,"{""info"": ""Sample log data"", ""session_id"": 5274}"
5857,493,booking,,2022-11-16 21:55:26,"{""info"": ""Sample log data"", ""session_id"": 2986}"
5858,256,search,2.0,2020-08-06 12:49:57,"{""info"": ""Sample log data"", ""session_id"": 7100}"
5859,131,click,12.0,2024-07-08 04:37:11,"{""info"": ""Sample log data"", ""session_id"": 2528}"
5860,360,booking,9.0,2021-05-24 08:55:20,"{""info"": ""Sample log data"", ""session_id"": 4201}"
5861,436,review_submission,7.0,2024-04-27 23:21:13,"{""info"": ""Sample log data"", ""session_id"": 3835}"
5862,238,click,,2020-11-10 04:05:26,"{""info"": ""Sample log data"", ""session_id"": 2171}"
5863,253,booking,12.0,2021-06-20 10:12:46,"{""info"": ""Sample log data"", ""session_id"": 6286}"
5864,738,booking,,2023-01-28 10:37:31,"{""info"": ""Sample log data"", ""session_id"": 8366}"
5865,20,click,,2023-06-03 08:52:21,"{""info"": ""Sample log data"", ""session_id"": 9943}"
5866,675,search,1.0,2021-10-28 17:11:32,"{""info"": ""Sample log data"", ""session_id"": 3594}"
5867,285,review_submission,,2021-08-07 03:51:43,"{""info"": ""Sample log data"", ""session_id"": 1928}"
5868,524,search,5.0,2022-05-11 20:20:58,"{""info"": ""Sample log data"", ""session_id"": 3957}"
5869,972,click,,2023-09-23 12:53:29,"{""info"": ""Sample log data"", ""session_id"": 5517}"
5870,726,booking,,2023-03-08 06:51:05,"{""info"": ""Sample log data"", ""session_id"": 3006}"
5871,962,review_submission,13.0,2021-08-25 01:27:32,"{""info"": ""Sample log data"", ""session_id"": 1082}"
5872,69,review_submission,,2024-04-26 14:18:43,"{""info"": ""Sample log data"", ""session_id"": 8463}"
5873,402,booking,8.0,2023-02-28 09:49:25,"{""info"": ""Sample log data"", ""session_id"": 2205}"
5874,431,review_submission,,2022-11-09 04:17:20,"{""info"": ""Sample log data"", ""session_id"": 2523}"
5875,810,review_submission,,2022-02-17 10:35:26,"{""info"": ""Sample log data"", ""session_id"": 3525}"
5876,79,click,7.0,2020-12-19 08:12:18,"{""info"": ""Sample log data"", ""session_id"": 8867}"
5877,890,search,,2021-05-12 13:07:41,"{""info"": ""Sample log data"", ""session_id"": 3843}"
5878,836,click,,2022-10-24 06:03:06,"{""info"": ""Sample log data"", ""session_id"": 4283}"
5879,969,search,,2022-09-13 01:26:23,"{""info"": ""Sample log data"", ""session_id"": 2332}"
5880,394,booking,,2020-11-01 23:29:08,"{""info"": ""Sample log data"", ""session_id"": 9965}"
5881,678,search,,2022-04-12 21:47:16,"{""info"": ""Sample log data"", ""session_id"": 1171}"
5882,29,booking,12.0,2024-05-27 12:36:32,"{""info"": ""Sample log data"", ""session_id"": 1222}"
5883,681,booking,13.0,2020-02-29 01:21:57,"{""info"": ""Sample log data"", ""session_id"": 8638}"
5884,780,review_submission,12.0,2025-01-10 19:03:36,"{""info"": ""Sample log data"", ""session_id"": 1611}"
5885,882,review_submission,,2022-10-19 14:35:08,"{""info"": ""Sample log data"", ""session_id"": 2306}"
5886,232,search,,2020-03-09 11:11:36,"{""info"": ""Sample log data"", ""session_id"": 9575}"
5887,471,search,,2022-03-21 15:56:31,"{""info"": ""Sample log data"", ""session_id"": 2972}"
5888,433,review_submission,,2022-09-22 21:58:40,"{""info"": ""Sample log data"", ""session_id"": 8103}"
5889,484,search,,2023-08-30 05:51:51,"{""info"": ""Sample log data"", ""session_id"": 9065}"
5890,832,booking,,2024-09-06 01:56:58,"{""info"": ""Sample log data"", ""session_id"": 3914}"
5891,24,click,,2021-03-29 11:07:00,"{""info"": ""Sample log data"", ""session_id"": 9452}"
5892,375,review_submission,,2020-07-06 12:25:00,"{""info"": ""Sample log data"", ""session_id"": 2081}"
5893,891,booking,5.0,2023-02-16 09:43:31,"{""info"": ""Sample log data"", ""session_id"": 1296}"
5894,409,booking,2.0,2024-08-14 17:10:35,"{""info"": ""Sample log data"", ""session_id"": 2493}"
5895,83,review_submission,,2024-07-20 11:05:13,"{""info"": ""Sample log data"", ""session_id"": 9026}"
5896,205,booking,9.0,2024-10-04 07:02:44,"{""info"": ""Sample log data"", ""session_id"": 6249}"
5897,120,booking,,2023-07-01 22:28:42,"{""info"": ""Sample log data"", ""session_id"": 8418}"
5898,384,review_submission,11.0,2023-03-28 14:50:42,"{""info"": ""Sample log data"", ""session_id"": 6184}"
5899,298,search,3.0,2020-10-18 14:40:46,"{""info"": ""Sample log data"", ""session_id"": 4289}"
5900,780,booking,,2024-10-06 10:13:49,"{""info"": ""Sample log data"", ""session_id"": 4217}"
5901,628,review_submission,,2023-12-06 01:07:29,"{""info"": ""Sample log data"", ""session_id"": 2557}"
5902,989,click,,2023-12-12 12:57:32,"{""info"": ""Sample log data"", ""session_id"": 1358}"
5903,47,search,,2022-12-16 02:02:52,"{""info"": ""Sample log data"", ""session_id"": 2076}"
5904,641,click,,2020-07-11 16:25:11,"{""info"": ""Sample log data"", ""session_id"": 3853}"
5905,227,review_submission,13.0,2020-05-17 10:48:41,"{""info"": ""Sample log data"", ""session_id"": 4326}"
5906,551,search,,2023-05-04 08:08:09,"{""info"": ""Sample log data"", ""session_id"": 1841}"
5907,282,search,,2021-07-25 13:46:57,"{""info"": ""Sample log data"", ""session_id"": 7922}"
5908,148,click,,2024-10-30 05:01:54,"{""info"": ""Sample log data"", ""session_id"": 6848}"
5909,208,review_submission,7.0,2021-01-04 00:44:31,"{""info"": ""Sample log data"", ""session_id"": 1090}"
5910,742,booking,4.0,2023-10-14 04:49:16,"{""info"": ""Sample log data"", ""session_id"": 3120}"
5911,450,click,13.0,2023-09-05 16:49:41,"{""info"": ""Sample log data"", ""session_id"": 7502}"
5912,475,booking,5.0,2023-02-04 08:05:09,"{""info"": ""Sample log data"", ""session_id"": 9155}"
5913,220,search,,2022-10-02 13:02:52,"{""info"": ""Sample log data"", ""session_id"": 4960}"
5914,484,booking,6.0,2024-04-22 23:43:06,"{""info"": ""Sample log data"", ""session_id"": 9462}"
5915,209,search,,2024-10-08 02:37:01,"{""info"": ""Sample log data"", ""session_id"": 3273}"
5916,578,booking,9.0,2023-10-05 15:54:42,"{""info"": ""Sample log data"", ""session_id"": 1845}"
5917,285,review_submission,8.0,2024-12-18 21:49:16,"{""info"": ""Sample log data"", ""session_id"": 5891}"
5918,139,review_submission,12.0,2024-12-20 11:28:08,"{""info"": ""Sample log data"", ""session_id"": 2151}"
5919,440,click,8.0,2020-04-20 23:06:09,"{""info"": ""Sample log data"", ""session_id"": 5413}"
5920,774,review_submission,3.0,2021-06-01 14:39:30,"{""info"": ""Sample log data"", ""session_id"": 9694}"
5921,960,click,,2024-10-13 15:12:27,"{""info"": ""Sample log data"", ""session_id"": 8998}"
5922,3,review_submission,8.0,2020-08-02 15:52:23,"{""info"": ""Sample log data"", ""session_id"": 6177}"
5923,684,click,,2021-06-21 03:32:05,"{""info"": ""Sample log data"", ""session_id"": 5382}"
5924,291,click,2.0,2021-01-27 11:56:54,"{""info"": ""Sample log data"", ""session_id"": 4557}"
5925,831,click,2.0,2021-10-29 08:38:02,"{""info"": ""Sample log data"", ""session_id"": 7618}"
5926,484,booking,14.0,2020-04-20 09:48:39,"{""info"": ""Sample log data"", ""session_id"": 4020}"
5927,748,booking,,2021-04-01 17:45:04,"{""info"": ""Sample log data"", ""session_id"": 9141}"
5928,25,click,2.0,2024-08-20 17:26:32,"{""info"": ""Sample log data"", ""session_id"": 1993}"
5929,243,booking,4.0,2023-11-20 14:53:08,"{""info"": ""Sample log data"", ""session_id"": 2714}"
5930,310,click,,2022-08-12 09:19:58,"{""info"": ""Sample log data"", ""session_id"": 6656}"
5931,26,click,,2024-08-19 01:18:47,"{""info"": ""Sample log data"", ""session_id"": 7497}"
5932,531,booking,9.0,2025-01-22 07:57:39,"{""info"": ""Sample log data"", ""session_id"": 9081}"
5933,287,booking,,2022-03-13 10:24:18,"{""info"": ""Sample log data"", ""session_id"": 9958}"
5934,902,click,3.0,2021-06-15 05:47:26,"{""info"": ""Sample log data"", ""session_id"": 9802}"
5935,409,booking,,2020-01-26 20:20:04,"{""info"": ""Sample log data"", ""session_id"": 5960}"
5936,418,booking,8.0,2024-02-17 01:54:31,"{""info"": ""Sample log data"", ""session_id"": 5795}"
5937,143,review_submission,,2020-06-15 00:49:14,"{""info"": ""Sample log data"", ""session_id"": 7672}"
5938,446,search,,2022-12-07 17:48:30,"{""info"": ""Sample log data"", ""session_id"": 1417}"
5939,86,search,7.0,2020-11-08 07:22:53,"{""info"": ""Sample log data"", ""session_id"": 3571}"
5940,820,booking,12.0,2024-09-18 23:03:08,"{""info"": ""Sample log data"", ""session_id"": 2721}"
5941,104,review_submission,,2023-05-19 03:12:03,"{""info"": ""Sample log data"", ""session_id"": 3926}"
5942,758,search,,2021-05-21 09:17:58,"{""info"": ""Sample log data"", ""session_id"": 7696}"
5943,752,click,,2024-10-08 23:30:15,"{""info"": ""Sample log data"", ""session_id"": 5444}"
5944,481,click,12.0,2021-05-01 03:30:26,"{""info"": ""Sample log data"", ""session_id"": 1772}"
5945,389,click,,2020-07-29 12:51:22,"{""info"": ""Sample log data"", ""session_id"": 1569}"
5946,941,click,,2021-10-27 23:49:09,"{""info"": ""Sample log data"", ""session_id"": 3982}"
5947,600,booking,,2020-01-14 03:05:58,"{""info"": ""Sample log data"", ""session_id"": 6636}"
5948,817,review_submission,,2022-06-05 16:08:33,"{""info"": ""Sample log data"", ""session_id"": 3425}"
5949,973,review_submission,12.0,2024-03-07 05:16:07,"{""info"": ""Sample log data"", ""session_id"": 3832}"
5950,786,booking,,2021-03-03 05:14:53,"{""info"": ""Sample log data"", ""session_id"": 9062}"
5951,692,click,,2020-04-25 04:58:16,"{""info"": ""Sample log data"", ""session_id"": 8112}"
5952,937,search,,2023-04-24 12:31:08,"{""info"": ""Sample log data"", ""session_id"": 3328}"
5953,18,click,,2022-06-13 20:24:16,"{""info"": ""Sample log data"", ""session_id"": 6797}"
5954,487,search,10.0,2023-09-17 15:58:07,"{""info"": ""Sample log data"", ""session_id"": 8813}"
5955,205,booking,12.0,2020-08-18 00:11:37,"{""info"": ""Sample log data"", ""session_id"": 5165}"
5956,149,search,,2020-03-17 20:29:36,"{""info"": ""Sample log data"", ""session_id"": 8594}"
5957,672,search,14.0,2023-09-18 22:58:49,"{""info"": ""Sample log data"", ""session_id"": 7232}"
5958,842,booking,10.0,2025-01-16 08:57:04,"{""info"": ""Sample log data"", ""session_id"": 1163}"
5959,507,search,4.0,2024-10-17 09:58:32,"{""info"": ""Sample log data"", ""session_id"": 5783}"
5960,178,review_submission,2.0,2022-04-03 07:44:46,"{""info"": ""Sample log data"", ""session_id"": 3342}"
5961,305,review_submission,,2022-07-12 17:39:42,"{""info"": ""Sample log data"", ""session_id"": 3190}"
5962,132,click,,2020-10-29 04:44:03,"{""info"": ""Sample log data"", ""session_id"": 7900}"
5963,742,booking,1.0,2022-05-20 11:04:38,"{""info"": ""Sample log data"", ""session_id"": 9208}"
5964,928,booking,14.0,2022-03-29 23:50:29,"{""info"": ""Sample log data"", ""session_id"": 2920}"
5965,273,click,,2023-02-04 02:41:23,"{""info"": ""Sample log data"", ""session_id"": 8027}"
5966,316,review_submission,7.0,2024-02-03 16:35:22,"{""info"": ""Sample log data"", ""session_id"": 2302}"
5967,834,search,14.0,2021-03-09 06:50:50,"{""info"": ""Sample log data"", ""session_id"": 1731}"
5968,395,click,,2024-03-15 01:48:08,"{""info"": ""Sample log data"", ""session_id"": 6844}"
5969,652,review_submission,,2025-01-30 17:36:51,"{""info"": ""Sample log data"", ""session_id"": 8660}"
5970,324,review_submission,,2023-07-24 11:25:09,"{""info"": ""Sample log data"", ""session_id"": 5592}"
5971,388,review_submission,,2023-05-17 16:36:48,"{""info"": ""Sample log data"", ""session_id"": 8228}"
5972,824,booking,10.0,2021-11-13 17:03:24,"{""info"": ""Sample log data"", ""session_id"": 5959}"
5973,720,search,,2020-02-07 14:12:37,"{""info"": ""Sample log data"", ""session_id"": 4481}"
5974,171,booking,13.0,2021-05-16 11:21:38,"{""info"": ""Sample log data"", ""session_id"": 2812}"
5975,434,booking,,2021-09-12 03:23:19,"{""info"": ""Sample log data"", ""session_id"": 3224}"
5976,894,booking,,2021-02-17 20:33:05,"{""info"": ""Sample log data"", ""session_id"": 2965}"
5977,314,review_submission,2.0,2020-02-20 17:04:16,"{""info"": ""Sample log data"", ""session_id"": 5653}"
5978,586,click,6.0,2020-06-12 23:28:16,"{""info"": ""Sample log data"", ""session_id"": 6478}"
5979,864,search,13.0,2023-08-05 13:31:45,"{""info"": ""Sample log data"", ""session_id"": 6992}"
5980,78,booking,7.0,2022-09-29 12:58:54,"{""info"": ""Sample log data"", ""session_id"": 2402}"
5981,550,click,,2023-01-03 01:18:12,"{""info"": ""Sample log data"", ""session_id"": 4350}"
5982,635,review_submission,10.0,2020-04-22 23:40:31,"{""info"": ""Sample log data"", ""session_id"": 6256}"
5983,470,click,,2020-10-10 11:12:27,"{""info"": ""Sample log data"", ""session_id"": 1278}"
5984,556,search,,2020-04-21 11:34:41,"{""info"": ""Sample log data"", ""session_id"": 6437}"
5985,61,click,,2023-03-03 00:43:00,"{""info"": ""Sample log data"", ""session_id"": 2839}"
5986,215,review_submission,5.0,2021-01-25 19:17:01,"{""info"": ""Sample log data"", ""session_id"": 5887}"
5987,180,click,12.0,2024-10-08 18:35:40,"{""info"": ""Sample log data"", ""session_id"": 6449}"
5988,600,booking,1.0,2020-11-05 12:55:22,"{""info"": ""Sample log data"", ""session_id"": 3374}"
5989,812,search,,2024-11-16 08:28:51,"{""info"": ""Sample log data"", ""session_id"": 6845}"
5990,589,booking,10.0,2022-04-12 14:48:56,"{""info"": ""Sample log data"", ""session_id"": 2148}"
5991,623,review_submission,,2023-05-01 02:32:27,"{""info"": ""Sample log data"", ""session_id"": 6538}"
5992,331,click,7.0,2021-01-01 20:48:11,"{""info"": ""Sample log data"", ""session_id"": 9943}"
5993,89,search,,2020-01-01 21:29:02,"{""info"": ""Sample log data"", ""session_id"": 4352}"
5994,133,search,11.0,2021-04-14 14:42:39,"{""info"": ""Sample log data"", ""session_id"": 6818}"
5995,206,click,7.0,2022-06-10 12:09:46,"{""info"": ""Sample log data"", ""session_id"": 5382}"
5996,999,search,8.0,2020-08-07 08:03:21,"{""info"": ""Sample log data"", ""session_id"": 7855}"
5997,347,search,5.0,2020-07-15 08:25:21,"{""info"": ""Sample log data"", ""session_id"": 2630}"
5998,886,booking,,2021-07-06 05:02:59,"{""info"": ""Sample log data"", ""session_id"": 7215}"
5999,119,search,8.0,2024-01-25 18:10:14,"{""info"": ""Sample log data"", ""session_id"": 1237}"
6000,178,search,6.0,2024-08-20 10:39:04,"{""info"": ""Sample log data"", ""session_id"": 5217}"
6001,359,search,14.0,2023-01-31 07:41:13,"{""info"": ""Sample log data"", ""session_id"": 6337}"
6002,643,review_submission,8.0,2020-09-30 10:15:34,"{""info"": ""Sample log data"", ""session_id"": 4257}"
6003,681,search,3.0,2021-09-22 09:47:09,"{""info"": ""Sample log data"", ""session_id"": 2220}"
6004,994,click,5.0,2022-03-03 17:09:08,"{""info"": ""Sample log data"", ""session_id"": 7245}"
6005,389,review_submission,3.0,2021-09-17 12:08:55,"{""info"": ""Sample log data"", ""session_id"": 7179}"
6006,997,click,,2021-12-06 05:44:40,"{""info"": ""Sample log data"", ""session_id"": 5521}"
6007,978,booking,,2020-01-07 20:55:50,"{""info"": ""Sample log data"", ""session_id"": 2259}"
6008,860,booking,7.0,2021-02-11 09:03:39,"{""info"": ""Sample log data"", ""session_id"": 1153}"
6009,352,booking,,2022-03-11 21:58:19,"{""info"": ""Sample log data"", ""session_id"": 8401}"
6010,382,click,10.0,2023-08-15 11:30:51,"{""info"": ""Sample log data"", ""session_id"": 2010}"
6011,29,review_submission,5.0,2021-09-19 20:04:28,"{""info"": ""Sample log data"", ""session_id"": 4094}"
6012,379,click,4.0,2023-08-24 16:57:04,"{""info"": ""Sample log data"", ""session_id"": 5510}"
6013,65,review_submission,6.0,2024-04-06 20:04:03,"{""info"": ""Sample log data"", ""session_id"": 1481}"
6014,690,search,,2023-04-15 21:09:53,"{""info"": ""Sample log data"", ""session_id"": 7021}"
6015,549,click,,2022-03-21 14:51:50,"{""info"": ""Sample log data"", ""session_id"": 9366}"
6016,756,click,,2024-10-01 10:42:52,"{""info"": ""Sample log data"", ""session_id"": 7155}"
6017,91,click,,2024-06-07 06:04:40,"{""info"": ""Sample log data"", ""session_id"": 8970}"
6018,625,search,6.0,2024-01-29 02:34:43,"{""info"": ""Sample log data"", ""session_id"": 4370}"
6019,43,search,8.0,2024-10-23 07:48:17,"{""info"": ""Sample log data"", ""session_id"": 5098}"
6020,979,booking,7.0,2023-04-16 14:24:46,"{""info"": ""Sample log data"", ""session_id"": 7980}"
6021,414,review_submission,4.0,2021-10-25 23:36:11,"{""info"": ""Sample log data"", ""session_id"": 7625}"
6022,767,click,,2022-02-06 12:45:04,"{""info"": ""Sample log data"", ""session_id"": 4346}"
6023,558,review_submission,,2024-02-29 11:21:40,"{""info"": ""Sample log data"", ""session_id"": 1378}"
6024,121,search,3.0,2022-06-11 17:51:30,"{""info"": ""Sample log data"", ""session_id"": 4225}"
6025,869,booking,10.0,2021-12-07 07:41:18,"{""info"": ""Sample log data"", ""session_id"": 5252}"
6026,166,review_submission,3.0,2024-07-12 17:04:23,"{""info"": ""Sample log data"", ""session_id"": 9375}"
6027,124,booking,,2023-04-01 15:12:29,"{""info"": ""Sample log data"", ""session_id"": 1225}"
6028,301,search,,2022-05-24 21:18:43,"{""info"": ""Sample log data"", ""session_id"": 5997}"
6029,472,review_submission,,2022-05-21 17:37:53,"{""info"": ""Sample log data"", ""session_id"": 9895}"
6030,81,click,,2024-04-01 02:10:01,"{""info"": ""Sample log data"", ""session_id"": 9560}"
6031,1000,click,10.0,2022-04-13 01:48:12,"{""info"": ""Sample log data"", ""session_id"": 5652}"
6032,952,click,,2020-05-17 23:41:29,"{""info"": ""Sample log data"", ""session_id"": 7650}"
6033,560,booking,4.0,2025-01-08 17:58:36,"{""info"": ""Sample log data"", ""session_id"": 4652}"
6034,683,review_submission,,2021-03-26 09:39:16,"{""info"": ""Sample log data"", ""session_id"": 7918}"
6035,202,click,4.0,2021-03-02 15:10:49,"{""info"": ""Sample log data"", ""session_id"": 5844}"
6036,482,review_submission,,2022-03-07 16:41:43,"{""info"": ""Sample log data"", ""session_id"": 6896}"
6037,430,search,14.0,2021-01-13 09:12:10,"{""info"": ""Sample log data"", ""session_id"": 9888}"
6038,422,review_submission,6.0,2024-01-15 04:54:55,"{""info"": ""Sample log data"", ""session_id"": 6088}"
6039,949,search,14.0,2023-07-04 19:20:20,"{""info"": ""Sample log data"", ""session_id"": 5830}"
6040,330,booking,9.0,2023-12-02 01:16:44,"{""info"": ""Sample log data"", ""session_id"": 9117}"
6041,128,booking,10.0,2021-01-12 22:41:55,"{""info"": ""Sample log data"", ""session_id"": 5313}"
6042,114,click,,2022-08-21 19:19:12,"{""info"": ""Sample log data"", ""session_id"": 8297}"
6043,483,click,10.0,2021-01-05 20:22:36,"{""info"": ""Sample log data"", ""session_id"": 9886}"
6044,515,booking,,2020-05-14 17:54:28,"{""info"": ""Sample log data"", ""session_id"": 2904}"
6045,817,booking,8.0,2024-09-25 06:26:39,"{""info"": ""Sample log data"", ""session_id"": 3897}"
6046,992,click,,2020-12-08 14:01:12,"{""info"": ""Sample log data"", ""session_id"": 8729}"
6047,665,click,6.0,2024-05-22 14:29:38,"{""info"": ""Sample log data"", ""session_id"": 5234}"
6048,705,booking,12.0,2023-10-05 18:38:00,"{""info"": ""Sample log data"", ""session_id"": 2921}"
6049,655,search,,2022-10-09 18:02:24,"{""info"": ""Sample log data"", ""session_id"": 2499}"
6050,1000,click,,2020-12-26 01:15:31,"{""info"": ""Sample log data"", ""session_id"": 3640}"
6051,112,review_submission,,2023-10-10 02:45:37,"{""info"": ""Sample log data"", ""session_id"": 7131}"
6052,981,review_submission,13.0,2023-05-01 11:03:58,"{""info"": ""Sample log data"", ""session_id"": 6601}"
6053,128,click,,2020-03-14 07:38:55,"{""info"": ""Sample log data"", ""session_id"": 5965}"
6054,470,search,12.0,2021-08-22 03:37:52,"{""info"": ""Sample log data"", ""session_id"": 8424}"
6055,782,search,11.0,2023-02-01 02:21:13,"{""info"": ""Sample log data"", ""session_id"": 1370}"
6056,386,click,2.0,2020-01-23 22:50:05,"{""info"": ""Sample log data"", ""session_id"": 4588}"
6057,878,booking,9.0,2022-01-16 09:30:57,"{""info"": ""Sample log data"", ""session_id"": 8283}"
6058,635,booking,,2021-07-19 12:54:57,"{""info"": ""Sample log data"", ""session_id"": 5324}"
6059,384,click,5.0,2023-02-11 04:51:47,"{""info"": ""Sample log data"", ""session_id"": 6933}"
6060,519,review_submission,3.0,2023-02-02 14:31:54,"{""info"": ""Sample log data"", ""session_id"": 2038}"
6061,810,booking,,2021-05-01 09:59:35,"{""info"": ""Sample log data"", ""session_id"": 3777}"
6062,615,click,,2024-02-08 09:10:42,"{""info"": ""Sample log data"", ""session_id"": 1545}"
6063,187,booking,,2023-01-08 08:44:37,"{""info"": ""Sample log data"", ""session_id"": 6237}"
6064,936,booking,,2021-02-26 16:49:08,"{""info"": ""Sample log data"", ""session_id"": 3584}"
6065,862,search,,2024-04-08 15:07:07,"{""info"": ""Sample log data"", ""session_id"": 8408}"
6066,956,click,14.0,2021-07-31 07:19:03,"{""info"": ""Sample log data"", ""session_id"": 9257}"
6067,673,review_submission,8.0,2022-02-10 23:12:44,"{""info"": ""Sample log data"", ""session_id"": 6997}"
6068,693,click,8.0,2023-08-24 04:00:52,"{""info"": ""Sample log data"", ""session_id"": 4530}"
6069,150,click,1.0,2020-08-18 18:25:08,"{""info"": ""Sample log data"", ""session_id"": 8216}"
6070,88,booking,,2023-08-29 11:53:38,"{""info"": ""Sample log data"", ""session_id"": 4095}"
6071,136,booking,11.0,2023-05-05 23:02:32,"{""info"": ""Sample log data"", ""session_id"": 7782}"
6072,130,search,,2024-01-08 18:52:56,"{""info"": ""Sample log data"", ""session_id"": 5422}"
6073,816,review_submission,,2022-05-28 05:00:26,"{""info"": ""Sample log data"", ""session_id"": 9050}"
6074,53,click,11.0,2021-10-22 12:05:43,"{""info"": ""Sample log data"", ""session_id"": 7780}"
6075,403,click,,2020-06-16 11:19:35,"{""info"": ""Sample log data"", ""session_id"": 3088}"
6076,396,review_submission,14.0,2023-11-18 22:06:25,"{""info"": ""Sample log data"", ""session_id"": 6465}"
6077,958,booking,,2021-12-04 08:06:51,"{""info"": ""Sample log data"", ""session_id"": 2093}"
6078,545,review_submission,,2021-07-20 23:46:54,"{""info"": ""Sample log data"", ""session_id"": 4053}"
6079,520,review_submission,7.0,2023-10-18 00:57:40,"{""info"": ""Sample log data"", ""session_id"": 3570}"
6080,474,booking,7.0,2020-02-02 10:52:45,"{""info"": ""Sample log data"", ""session_id"": 5028}"
6081,899,booking,2.0,2023-03-06 23:55:11,"{""info"": ""Sample log data"", ""session_id"": 3827}"
6082,824,review_submission,1.0,2023-03-04 22:15:50,"{""info"": ""Sample log data"", ""session_id"": 2453}"
6083,489,search,,2024-10-23 17:44:45,"{""info"": ""Sample log data"", ""session_id"": 8289}"
6084,265,booking,1.0,2024-01-21 04:23:12,"{""info"": ""Sample log data"", ""session_id"": 1814}"
6085,438,booking,,2020-06-05 10:53:54,"{""info"": ""Sample log data"", ""session_id"": 8745}"
6086,676,search,11.0,2022-09-22 07:11:27,"{""info"": ""Sample log data"", ""session_id"": 4747}"
6087,820,booking,7.0,2020-10-28 06:12:31,"{""info"": ""Sample log data"", ""session_id"": 6322}"
6088,867,booking,,2021-07-20 15:24:53,"{""info"": ""Sample log data"", ""session_id"": 5263}"
6089,645,search,13.0,2023-09-26 18:19:27,"{""info"": ""Sample log data"", ""session_id"": 4022}"
6090,56,search,6.0,2020-12-21 19:20:45,"{""info"": ""Sample log data"", ""session_id"": 4753}"
6091,947,search,9.0,2025-01-21 02:06:32,"{""info"": ""Sample log data"", ""session_id"": 6746}"
6092,196,search,,2022-10-01 09:52:21,"{""info"": ""Sample log data"", ""session_id"": 3021}"
6093,361,click,3.0,2022-03-27 18:51:31,"{""info"": ""Sample log data"", ""session_id"": 6364}"
6094,812,search,,2020-03-31 13:49:54,"{""info"": ""Sample log data"", ""session_id"": 8868}"
6095,804,search,12.0,2024-02-25 21:38:58,"{""info"": ""Sample log data"", ""session_id"": 7281}"
6096,393,review_submission,1.0,2023-04-08 04:16:08,"{""info"": ""Sample log data"", ""session_id"": 1163}"
6097,439,search,6.0,2023-07-28 04:49:02,"{""info"": ""Sample log data"", ""session_id"": 5747}"
6098,29,booking,2.0,2024-08-05 22:42:18,"{""info"": ""Sample log data"", ""session_id"": 4753}"
6099,183,booking,1.0,2022-07-02 04:06:33,"{""info"": ""Sample log data"", ""session_id"": 5594}"
6100,42,review_submission,10.0,2022-04-29 11:25:41,"{""info"": ""Sample log data"", ""session_id"": 4311}"
6101,935,click,6.0,2020-11-10 14:14:14,"{""info"": ""Sample log data"", ""session_id"": 8446}"
6102,195,click,,2023-09-08 01:14:55,"{""info"": ""Sample log data"", ""session_id"": 2788}"
6103,360,booking,3.0,2022-06-20 22:45:32,"{""info"": ""Sample log data"", ""session_id"": 2314}"
6104,69,click,5.0,2022-06-30 23:39:29,"{""info"": ""Sample log data"", ""session_id"": 2703}"
6105,142,review_submission,12.0,2023-04-10 03:22:29,"{""info"": ""Sample log data"", ""session_id"": 7060}"
6106,553,click,6.0,2024-01-05 14:07:06,"{""info"": ""Sample log data"", ""session_id"": 4929}"
6107,550,click,,2024-04-04 07:34:29,"{""info"": ""Sample log data"", ""session_id"": 9948}"
6108,332,review_submission,,2022-04-13 19:36:47,"{""info"": ""Sample log data"", ""session_id"": 6325}"
6109,774,review_submission,,2023-09-26 03:54:17,"{""info"": ""Sample log data"", ""session_id"": 1846}"
6110,984,click,,2024-03-07 11:47:53,"{""info"": ""Sample log data"", ""session_id"": 8027}"
6111,339,search,3.0,2025-01-20 15:59:19,"{""info"": ""Sample log data"", ""session_id"": 5143}"
6112,892,booking,,2021-11-07 06:22:51,"{""info"": ""Sample log data"", ""session_id"": 1081}"
6113,475,booking,,2024-04-09 08:08:49,"{""info"": ""Sample log data"", ""session_id"": 5296}"
6114,257,search,12.0,2021-12-27 13:58:59,"{""info"": ""Sample log data"", ""session_id"": 1956}"
6115,492,review_submission,,2023-04-14 19:02:54,"{""info"": ""Sample log data"", ""session_id"": 6404}"
6116,943,search,11.0,2024-09-23 22:13:37,"{""info"": ""Sample log data"", ""session_id"": 7912}"
6117,14,search,2.0,2023-10-13 06:01:00,"{""info"": ""Sample log data"", ""session_id"": 7694}"
6118,856,search,1.0,2024-08-25 22:40:47,"{""info"": ""Sample log data"", ""session_id"": 9842}"
6119,100,click,8.0,2020-12-15 15:29:11,"{""info"": ""Sample log data"", ""session_id"": 2815}"
6120,46,booking,8.0,2024-04-29 07:14:03,"{""info"": ""Sample log data"", ""session_id"": 5385}"
6121,284,booking,,2021-12-16 12:33:08,"{""info"": ""Sample log data"", ""session_id"": 3197}"
6122,358,review_submission,8.0,2020-10-04 17:13:40,"{""info"": ""Sample log data"", ""session_id"": 2053}"
6123,577,booking,2.0,2020-01-24 12:38:36,"{""info"": ""Sample log data"", ""session_id"": 5465}"
6124,371,click,,2024-06-20 04:02:22,"{""info"": ""Sample log data"", ""session_id"": 3175}"
6125,73,review_submission,,2020-10-01 23:38:32,"{""info"": ""Sample log data"", ""session_id"": 5915}"
6126,825,review_submission,3.0,2020-01-01 11:45:54,"{""info"": ""Sample log data"", ""session_id"": 1112}"
6127,546,review_submission,,2022-07-16 00:30:03,"{""info"": ""Sample log data"", ""session_id"": 2749}"
6128,316,click,,2021-05-29 09:15:36,"{""info"": ""Sample log data"", ""session_id"": 3623}"
6129,184,booking,,2024-12-05 07:29:22,"{""info"": ""Sample log data"", ""session_id"": 4111}"
6130,81,booking,10.0,2023-01-07 23:45:08,"{""info"": ""Sample log data"", ""session_id"": 5707}"
6131,550,search,12.0,2024-03-09 08:52:35,"{""info"": ""Sample log data"", ""session_id"": 4290}"
6132,147,review_submission,7.0,2025-01-09 18:08:50,"{""info"": ""Sample log data"", ""session_id"": 1668}"
6133,243,review_submission,,2022-02-06 14:52:15,"{""info"": ""Sample log data"", ""session_id"": 2448}"
6134,100,search,13.0,2022-09-18 04:18:25,"{""info"": ""Sample log data"", ""session_id"": 4165}"
6135,802,review_submission,,2024-12-08 15:26:17,"{""info"": ""Sample log data"", ""session_id"": 4592}"
6136,214,booking,,2020-12-21 03:49:44,"{""info"": ""Sample log data"", ""session_id"": 6684}"
6137,684,search,,2024-11-20 05:27:56,"{""info"": ""Sample log data"", ""session_id"": 5490}"
6138,41,search,,2023-09-02 21:00:12,"{""info"": ""Sample log data"", ""session_id"": 8749}"
6139,138,click,,2024-06-08 22:54:33,"{""info"": ""Sample log data"", ""session_id"": 9788}"
6140,997,search,2.0,2020-10-26 01:27:47,"{""info"": ""Sample log data"", ""session_id"": 1769}"
6141,450,review_submission,14.0,2022-10-04 03:14:14,"{""info"": ""Sample log data"", ""session_id"": 6955}"
6142,914,booking,,2020-05-20 01:12:36,"{""info"": ""Sample log data"", ""session_id"": 5124}"
6143,148,booking,,2023-12-26 12:39:16,"{""info"": ""Sample log data"", ""session_id"": 7656}"
6144,608,review_submission,8.0,2021-02-10 22:33:26,"{""info"": ""Sample log data"", ""session_id"": 7115}"
6145,910,booking,,2023-04-02 03:01:08,"{""info"": ""Sample log data"", ""session_id"": 1493}"
6146,922,review_submission,13.0,2021-06-30 20:38:17,"{""info"": ""Sample log data"", ""session_id"": 9975}"
6147,650,review_submission,,2021-01-29 18:44:10,"{""info"": ""Sample log data"", ""session_id"": 4429}"
6148,564,search,,2020-12-28 19:18:29,"{""info"": ""Sample log data"", ""session_id"": 3553}"
6149,119,review_submission,,2021-07-12 21:08:01,"{""info"": ""Sample log data"", ""session_id"": 7298}"
6150,689,review_submission,9.0,2024-01-23 19:10:28,"{""info"": ""Sample log data"", ""session_id"": 4749}"
6151,272,click,9.0,2022-04-05 00:29:50,"{""info"": ""Sample log data"", ""session_id"": 3787}"
6152,407,booking,,2022-06-21 20:24:13,"{""info"": ""Sample log data"", ""session_id"": 7457}"
6153,844,search,,2024-04-21 16:06:47,"{""info"": ""Sample log data"", ""session_id"": 9635}"
6154,589,booking,9.0,2021-03-28 05:18:38,"{""info"": ""Sample log data"", ""session_id"": 2152}"
6155,639,search,11.0,2021-08-09 00:14:09,"{""info"": ""Sample log data"", ""session_id"": 1517}"
6156,944,booking,5.0,2020-10-22 00:04:46,"{""info"": ""Sample log data"", ""session_id"": 8837}"
6157,620,booking,,2024-07-10 20:11:02,"{""info"": ""Sample log data"", ""session_id"": 6674}"
6158,427,booking,,2020-02-13 22:30:32,"{""info"": ""Sample log data"", ""session_id"": 5640}"
6159,320,review_submission,,2020-03-18 00:45:36,"{""info"": ""Sample log data"", ""session_id"": 6066}"
6160,702,booking,,2021-11-01 05:53:15,"{""info"": ""Sample log data"", ""session_id"": 2502}"
6161,435,review_submission,,2020-10-22 19:55:10,"{""info"": ""Sample log data"", ""session_id"": 8977}"
6162,57,search,1.0,2021-11-11 05:28:23,"{""info"": ""Sample log data"", ""session_id"": 8219}"
6163,601,search,,2022-04-05 16:35:30,"{""info"": ""Sample log data"", ""session_id"": 3048}"
6164,120,click,12.0,2023-08-15 13:28:15,"{""info"": ""Sample log data"", ""session_id"": 7466}"
6165,22,booking,14.0,2024-07-21 07:11:51,"{""info"": ""Sample log data"", ""session_id"": 6340}"
6166,429,search,13.0,2024-10-03 06:17:52,"{""info"": ""Sample log data"", ""session_id"": 2585}"
6167,643,review_submission,1.0,2023-09-25 17:34:28,"{""info"": ""Sample log data"", ""session_id"": 3305}"
6168,283,click,,2022-10-20 17:42:16,"{""info"": ""Sample log data"", ""session_id"": 4849}"
6169,19,review_submission,,2021-03-29 05:58:30,"{""info"": ""Sample log data"", ""session_id"": 3482}"
6170,389,review_submission,,2023-10-14 13:06:57,"{""info"": ""Sample log data"", ""session_id"": 4697}"
6171,286,booking,,2020-07-11 18:16:38,"{""info"": ""Sample log data"", ""session_id"": 2463}"
6172,755,booking,12.0,2020-05-19 05:04:52,"{""info"": ""Sample log data"", ""session_id"": 9670}"
6173,381,booking,,2024-11-22 11:07:53,"{""info"": ""Sample log data"", ""session_id"": 2104}"
6174,729,booking,,2022-12-23 21:00:08,"{""info"": ""Sample log data"", ""session_id"": 2106}"
6175,448,review_submission,13.0,2020-12-09 06:20:04,"{""info"": ""Sample log data"", ""session_id"": 3342}"
6176,452,search,,2021-03-16 10:31:48,"{""info"": ""Sample log data"", ""session_id"": 7648}"
6177,95,review_submission,,2024-01-01 06:34:32,"{""info"": ""Sample log data"", ""session_id"": 1985}"
6178,682,review_submission,9.0,2024-01-14 10:18:09,"{""info"": ""Sample log data"", ""session_id"": 3298}"
6179,904,search,,2022-03-04 02:36:45,"{""info"": ""Sample log data"", ""session_id"": 9868}"
6180,668,booking,,2020-08-31 01:12:12,"{""info"": ""Sample log data"", ""session_id"": 5037}"
6181,225,click,,2024-09-17 00:31:10,"{""info"": ""Sample log data"", ""session_id"": 2500}"
6182,718,review_submission,,2024-09-18 09:40:07,"{""info"": ""Sample log data"", ""session_id"": 2475}"
6183,234,search,14.0,2022-08-01 13:39:10,"{""info"": ""Sample log data"", ""session_id"": 4961}"
6184,906,review_submission,,2023-04-29 15:51:10,"{""info"": ""Sample log data"", ""session_id"": 2885}"
6185,685,booking,4.0,2020-01-24 18:07:12,"{""info"": ""Sample log data"", ""session_id"": 6629}"
6186,570,search,,2023-03-26 06:32:10,"{""info"": ""Sample log data"", ""session_id"": 3708}"
6187,941,booking,,2023-08-24 09:20:27,"{""info"": ""Sample log data"", ""session_id"": 7192}"
6188,95,search,14.0,2020-04-18 12:11:37,"{""info"": ""Sample log data"", ""session_id"": 8123}"
6189,993,search,,2024-04-25 08:05:10,"{""info"": ""Sample log data"", ""session_id"": 2115}"
6190,812,review_submission,2.0,2021-04-06 10:05:54,"{""info"": ""Sample log data"", ""session_id"": 9879}"
6191,442,booking,,2023-04-10 20:57:39,"{""info"": ""Sample log data"", ""session_id"": 2848}"
6192,307,booking,1.0,2024-09-15 10:17:58,"{""info"": ""Sample log data"", ""session_id"": 2175}"
6193,575,review_submission,,2020-06-25 20:25:03,"{""info"": ""Sample log data"", ""session_id"": 4722}"
6194,835,review_submission,5.0,2023-04-10 11:23:44,"{""info"": ""Sample log data"", ""session_id"": 2225}"
6195,182,booking,,2021-05-30 22:18:01,"{""info"": ""Sample log data"", ""session_id"": 7343}"
6196,897,search,9.0,2021-02-09 05:44:07,"{""info"": ""Sample log data"", ""session_id"": 6104}"
6197,65,booking,14.0,2020-07-26 10:12:41,"{""info"": ""Sample log data"", ""session_id"": 3548}"
6198,83,click,13.0,2024-08-24 08:14:47,"{""info"": ""Sample log data"", ""session_id"": 8449}"
6199,212,search,,2020-04-30 21:56:22,"{""info"": ""Sample log data"", ""session_id"": 4848}"
6200,666,click,,2023-01-19 08:57:25,"{""info"": ""Sample log data"", ""session_id"": 8554}"
6201,233,review_submission,,2023-02-15 18:38:38,"{""info"": ""Sample log data"", ""session_id"": 8137}"
6202,973,booking,11.0,2020-03-08 05:16:53,"{""info"": ""Sample log data"", ""session_id"": 6046}"
6203,379,click,,2021-01-27 16:26:26,"{""info"": ""Sample log data"", ""session_id"": 6529}"
6204,624,booking,12.0,2021-08-22 17:56:58,"{""info"": ""Sample log data"", ""session_id"": 9114}"
6205,395,booking,,2020-09-04 08:23:44,"{""info"": ""Sample log data"", ""session_id"": 4167}"
6206,243,search,,2022-09-19 03:45:48,"{""info"": ""Sample log data"", ""session_id"": 6914}"
6207,160,click,,2022-10-02 19:11:32,"{""info"": ""Sample log data"", ""session_id"": 5757}"
6208,982,booking,13.0,2021-06-09 06:43:24,"{""info"": ""Sample log data"", ""session_id"": 9347}"
6209,350,search,5.0,2021-12-31 06:47:07,"{""info"": ""Sample log data"", ""session_id"": 7423}"
6210,755,click,,2022-09-06 14:18:32,"{""info"": ""Sample log data"", ""session_id"": 9649}"
6211,793,review_submission,14.0,2021-12-31 17:21:43,"{""info"": ""Sample log data"", ""session_id"": 4458}"
6212,753,click,11.0,2020-02-03 12:35:11,"{""info"": ""Sample log data"", ""session_id"": 6698}"
6213,438,search,13.0,2020-12-01 04:56:24,"{""info"": ""Sample log data"", ""session_id"": 2276}"
6214,127,click,8.0,2021-10-03 23:49:46,"{""info"": ""Sample log data"", ""session_id"": 7888}"
6215,481,search,9.0,2021-01-22 10:44:51,"{""info"": ""Sample log data"", ""session_id"": 4461}"
6216,760,booking,12.0,2021-04-16 17:38:31,"{""info"": ""Sample log data"", ""session_id"": 2251}"
6217,834,search,2.0,2024-05-23 21:25:54,"{""info"": ""Sample log data"", ""session_id"": 1490}"
6218,968,click,11.0,2024-04-25 08:23:47,"{""info"": ""Sample log data"", ""session_id"": 8898}"
6219,599,click,4.0,2020-05-25 02:51:46,"{""info"": ""Sample log data"", ""session_id"": 2035}"
6220,193,search,,2020-03-06 06:11:24,"{""info"": ""Sample log data"", ""session_id"": 3649}"
6221,19,click,,2024-04-22 12:43:18,"{""info"": ""Sample log data"", ""session_id"": 2937}"
6222,559,search,5.0,2021-09-25 13:59:04,"{""info"": ""Sample log data"", ""session_id"": 6206}"
6223,945,review_submission,3.0,2023-02-21 05:45:13,"{""info"": ""Sample log data"", ""session_id"": 9281}"
6224,736,search,,2024-02-18 21:07:17,"{""info"": ""Sample log data"", ""session_id"": 8137}"
6225,513,search,,2024-09-24 22:18:21,"{""info"": ""Sample log data"", ""session_id"": 9109}"
6226,583,search,,2022-05-31 10:45:08,"{""info"": ""Sample log data"", ""session_id"": 7860}"
6227,268,booking,3.0,2022-12-05 22:41:17,"{""info"": ""Sample log data"", ""session_id"": 9677}"
6228,740,review_submission,,2020-03-28 18:49:20,"{""info"": ""Sample log data"", ""session_id"": 4043}"
6229,703,review_submission,1.0,2024-11-27 02:15:51,"{""info"": ""Sample log data"", ""session_id"": 1662}"
6230,827,review_submission,,2021-03-26 04:39:48,"{""info"": ""Sample log data"", ""session_id"": 3505}"
6231,949,booking,9.0,2020-10-08 14:29:30,"{""info"": ""Sample log data"", ""session_id"": 5934}"
6232,475,review_submission,9.0,2023-06-01 22:07:16,"{""info"": ""Sample log data"", ""session_id"": 4116}"
6233,663,search,,2023-01-14 10:08:15,"{""info"": ""Sample log data"", ""session_id"": 9347}"
6234,385,review_submission,11.0,2022-04-28 15:48:15,"{""info"": ""Sample log data"", ""session_id"": 1885}"
6235,799,click,,2024-07-31 22:00:14,"{""info"": ""Sample log data"", ""session_id"": 5131}"
6236,909,booking,,2022-01-20 20:21:07,"{""info"": ""Sample log data"", ""session_id"": 7903}"
6237,466,click,11.0,2023-07-18 07:26:41,"{""info"": ""Sample log data"", ""session_id"": 4113}"
6238,224,booking,,2020-06-29 20:08:43,"{""info"": ""Sample log data"", ""session_id"": 9303}"
6239,686,search,,2023-01-21 12:04:24,"{""info"": ""Sample log data"", ""session_id"": 7189}"
6240,418,search,,2022-08-08 10:06:12,"{""info"": ""Sample log data"", ""session_id"": 7945}"
6241,399,booking,,2024-12-23 11:47:30,"{""info"": ""Sample log data"", ""session_id"": 1960}"
6242,538,booking,8.0,2020-06-01 15:52:31,"{""info"": ""Sample log data"", ""session_id"": 8919}"
6243,45,review_submission,2.0,2022-03-08 23:04:02,"{""info"": ""Sample log data"", ""session_id"": 1232}"
6244,962,click,3.0,2022-11-20 11:11:01,"{""info"": ""Sample log data"", ""session_id"": 7845}"
6245,12,review_submission,,2022-12-29 08:33:42,"{""info"": ""Sample log data"", ""session_id"": 3844}"
6246,183,booking,,2022-06-15 23:15:53,"{""info"": ""Sample log data"", ""session_id"": 4513}"
6247,446,search,,2024-07-17 08:00:08,"{""info"": ""Sample log data"", ""session_id"": 9423}"
6248,832,booking,,2020-07-25 01:11:16,"{""info"": ""Sample log data"", ""session_id"": 9734}"
6249,112,review_submission,,2023-09-27 21:13:33,"{""info"": ""Sample log data"", ""session_id"": 6180}"
6250,452,review_submission,9.0,2023-09-05 00:19:31,"{""info"": ""Sample log data"", ""session_id"": 4499}"
6251,815,review_submission,10.0,2020-04-22 18:52:46,"{""info"": ""Sample log data"", ""session_id"": 9310}"
6252,595,review_submission,4.0,2021-11-16 20:25:22,"{""info"": ""Sample log data"", ""session_id"": 7946}"
6253,364,search,,2022-05-04 07:11:02,"{""info"": ""Sample log data"", ""session_id"": 7943}"
6254,449,booking,4.0,2022-07-13 03:00:17,"{""info"": ""Sample log data"", ""session_id"": 1106}"
6255,581,review_submission,,2022-11-16 00:26:50,"{""info"": ""Sample log data"", ""session_id"": 6525}"
6256,809,search,2.0,2021-10-03 21:10:42,"{""info"": ""Sample log data"", ""session_id"": 4189}"
6257,836,booking,14.0,2020-10-04 05:34:02,"{""info"": ""Sample log data"", ""session_id"": 8699}"
6258,743,click,,2022-06-16 00:53:36,"{""info"": ""Sample log data"", ""session_id"": 7920}"
6259,713,click,,2021-12-29 05:23:18,"{""info"": ""Sample log data"", ""session_id"": 5216}"
6260,21,click,7.0,2020-05-30 22:52:59,"{""info"": ""Sample log data"", ""session_id"": 3004}"
6261,340,booking,14.0,2023-03-30 01:52:09,"{""info"": ""Sample log data"", ""session_id"": 4400}"
6262,925,click,4.0,2020-05-22 20:52:57,"{""info"": ""Sample log data"", ""session_id"": 8289}"
6263,720,booking,,2024-05-17 00:07:43,"{""info"": ""Sample log data"", ""session_id"": 9978}"
6264,289,review_submission,3.0,2023-03-01 01:54:43,"{""info"": ""Sample log data"", ""session_id"": 5757}"
6265,138,search,12.0,2020-10-07 12:45:22,"{""info"": ""Sample log data"", ""session_id"": 9494}"
6266,430,review_submission,14.0,2023-12-30 22:40:48,"{""info"": ""Sample log data"", ""session_id"": 3698}"
6267,409,click,,2020-05-23 13:12:41,"{""info"": ""Sample log data"", ""session_id"": 2303}"
6268,800,search,,2023-09-28 11:29:57,"{""info"": ""Sample log data"", ""session_id"": 5196}"
6269,111,search,14.0,2023-12-10 00:25:22,"{""info"": ""Sample log data"", ""session_id"": 2303}"
6270,663,booking,13.0,2021-08-24 09:07:14,"{""info"": ""Sample log data"", ""session_id"": 2802}"
6271,605,booking,9.0,2024-07-30 13:41:04,"{""info"": ""Sample log data"", ""session_id"": 3297}"
6272,479,review_submission,12.0,2022-04-19 03:46:51,"{""info"": ""Sample log data"", ""session_id"": 4439}"
6273,815,booking,7.0,2023-02-27 01:10:54,"{""info"": ""Sample log data"", ""session_id"": 8318}"
6274,752,search,,2024-07-27 13:17:05,"{""info"": ""Sample log data"", ""session_id"": 4226}"
6275,325,booking,8.0,2023-12-20 19:04:17,"{""info"": ""Sample log data"", ""session_id"": 5678}"
6276,341,review_submission,,2023-10-21 06:08:19,"{""info"": ""Sample log data"", ""session_id"": 4031}"
6277,460,booking,,2025-01-24 01:00:50,"{""info"": ""Sample log data"", ""session_id"": 4311}"
6278,127,search,8.0,2021-02-01 19:57:46,"{""info"": ""Sample log data"", ""session_id"": 5059}"
6279,195,review_submission,8.0,2021-03-26 13:23:40,"{""info"": ""Sample log data"", ""session_id"": 2760}"
6280,340,booking,5.0,2021-11-12 17:34:24,"{""info"": ""Sample log data"", ""session_id"": 8191}"
6281,252,review_submission,8.0,2022-04-22 06:32:56,"{""info"": ""Sample log data"", ""session_id"": 2687}"
6282,257,booking,,2020-09-17 08:04:44,"{""info"": ""Sample log data"", ""session_id"": 4548}"
6283,405,booking,4.0,2022-01-26 16:10:58,"{""info"": ""Sample log data"", ""session_id"": 7027}"
6284,578,search,7.0,2021-01-31 10:15:57,"{""info"": ""Sample log data"", ""session_id"": 9286}"
6285,469,review_submission,,2022-03-18 21:33:29,"{""info"": ""Sample log data"", ""session_id"": 9208}"
6286,293,search,14.0,2022-05-28 10:46:11,"{""info"": ""Sample log data"", ""session_id"": 3456}"
6287,70,search,,2025-01-09 01:33:52,"{""info"": ""Sample log data"", ""session_id"": 9516}"
6288,531,booking,,2020-01-15 04:21:39,"{""info"": ""Sample log data"", ""session_id"": 2131}"
6289,696,review_submission,,2023-04-27 22:25:28,"{""info"": ""Sample log data"", ""session_id"": 8245}"
6290,587,click,14.0,2024-03-12 23:43:57,"{""info"": ""Sample log data"", ""session_id"": 9806}"
6291,690,click,7.0,2024-03-14 12:35:39,"{""info"": ""Sample log data"", ""session_id"": 9504}"
6292,612,search,,2024-07-15 15:26:00,"{""info"": ""Sample log data"", ""session_id"": 3997}"
6293,833,search,8.0,2022-01-25 22:48:31,"{""info"": ""Sample log data"", ""session_id"": 9525}"
6294,73,search,2.0,2023-06-08 14:36:58,"{""info"": ""Sample log data"", ""session_id"": 3134}"
6295,288,search,9.0,2020-09-10 23:01:08,"{""info"": ""Sample log data"", ""session_id"": 6477}"
6296,810,click,,2022-03-21 02:56:58,"{""info"": ""Sample log data"", ""session_id"": 7475}"
6297,494,booking,,2022-09-25 14:52:06,"{""info"": ""Sample log data"", ""session_id"": 7736}"
6298,708,click,12.0,2021-03-25 02:14:17,"{""info"": ""Sample log data"", ""session_id"": 6389}"
6299,24,booking,,2023-12-19 00:05:43,"{""info"": ""Sample log data"", ""session_id"": 9558}"
6300,886,booking,9.0,2023-03-09 00:03:25,"{""info"": ""Sample log data"", ""session_id"": 6426}"
6301,269,review_submission,5.0,2020-01-23 22:14:39,"{""info"": ""Sample log data"", ""session_id"": 1466}"
6302,131,click,,2021-11-17 05:56:41,"{""info"": ""Sample log data"", ""session_id"": 8418}"
6303,887,search,5.0,2022-06-02 05:16:55,"{""info"": ""Sample log data"", ""session_id"": 4154}"
6304,693,search,13.0,2022-02-03 00:47:43,"{""info"": ""Sample log data"", ""session_id"": 8557}"
6305,887,click,,2021-05-02 12:13:57,"{""info"": ""Sample log data"", ""session_id"": 9772}"
6306,566,booking,14.0,2024-11-11 09:37:08,"{""info"": ""Sample log data"", ""session_id"": 7603}"
6307,622,review_submission,,2021-11-23 11:35:02,"{""info"": ""Sample log data"", ""session_id"": 9665}"
6308,704,booking,,2022-09-05 03:57:43,"{""info"": ""Sample log data"", ""session_id"": 2787}"
6309,181,click,,2021-03-02 02:01:33,"{""info"": ""Sample log data"", ""session_id"": 2406}"
6310,845,booking,13.0,2022-10-22 03:48:47,"{""info"": ""Sample log data"", ""session_id"": 7295}"
6311,6,click,3.0,2022-04-15 23:40:25,"{""info"": ""Sample log data"", ""session_id"": 9126}"
6312,668,search,4.0,2020-09-18 05:12:45,"{""info"": ""Sample log data"", ""session_id"": 4879}"
6313,801,click,8.0,2020-07-04 01:37:10,"{""info"": ""Sample log data"", ""session_id"": 7362}"
6314,551,booking,,2022-05-12 23:12:09,"{""info"": ""Sample log data"", ""session_id"": 3431}"
6315,587,click,,2022-10-11 18:20:30,"{""info"": ""Sample log data"", ""session_id"": 7000}"
6316,41,review_submission,11.0,2021-06-28 12:30:50,"{""info"": ""Sample log data"", ""session_id"": 1120}"
6317,39,click,11.0,2022-07-20 10:43:45,"{""info"": ""Sample log data"", ""session_id"": 5380}"
6318,698,search,4.0,2023-04-06 11:41:53,"{""info"": ""Sample log data"", ""session_id"": 2655}"
6319,1,booking,,2020-06-19 01:28:41,"{""info"": ""Sample log data"", ""session_id"": 5577}"
6320,125,click,,2020-01-06 15:32:20,"{""info"": ""Sample log data"", ""session_id"": 7260}"
6321,281,search,6.0,2021-01-19 20:37:44,"{""info"": ""Sample log data"", ""session_id"": 9343}"
6322,140,click,,2020-12-16 02:49:23,"{""info"": ""Sample log data"", ""session_id"": 4675}"
6323,687,click,,2020-07-10 19:11:18,"{""info"": ""Sample log data"", ""session_id"": 2276}"
6324,27,click,4.0,2021-08-27 21:55:25,"{""info"": ""Sample log data"", ""session_id"": 3589}"
6325,739,search,4.0,2024-08-05 11:36:53,"{""info"": ""Sample log data"", ""session_id"": 6155}"
6326,949,search,5.0,2024-03-17 15:08:35,"{""info"": ""Sample log data"", ""session_id"": 4824}"
6327,325,search,3.0,2020-11-06 07:11:02,"{""info"": ""Sample log data"", ""session_id"": 5403}"
6328,801,search,7.0,2020-06-11 19:44:14,"{""info"": ""Sample log data"", ""session_id"": 2382}"
6329,615,booking,4.0,2020-10-12 07:29:36,"{""info"": ""Sample log data"", ""session_id"": 1001}"
6330,337,review_submission,,2021-07-10 10:32:42,"{""info"": ""Sample log data"", ""session_id"": 9850}"
6331,91,booking,11.0,2022-10-02 14:33:26,"{""info"": ""Sample log data"", ""session_id"": 2975}"
6332,729,booking,12.0,2024-11-09 02:01:13,"{""info"": ""Sample log data"", ""session_id"": 8673}"
6333,967,search,,2022-01-20 11:35:52,"{""info"": ""Sample log data"", ""session_id"": 1353}"
6334,681,search,10.0,2020-12-01 14:55:54,"{""info"": ""Sample log data"", ""session_id"": 6698}"
6335,283,click,12.0,2023-09-13 12:35:13,"{""info"": ""Sample log data"", ""session_id"": 8305}"
6336,54,search,,2020-12-06 18:47:44,"{""info"": ""Sample log data"", ""session_id"": 1020}"
6337,962,booking,11.0,2020-03-26 01:27:28,"{""info"": ""Sample log data"", ""session_id"": 7658}"
6338,269,booking,7.0,2020-04-02 05:45:19,"{""info"": ""Sample log data"", ""session_id"": 1419}"
6339,631,click,11.0,2024-03-17 05:49:24,"{""info"": ""Sample log data"", ""session_id"": 4120}"
6340,444,booking,3.0,2023-11-16 12:51:09,"{""info"": ""Sample log data"", ""session_id"": 3143}"
6341,383,click,,2023-03-22 16:31:52,"{""info"": ""Sample log data"", ""session_id"": 6747}"
6342,422,review_submission,10.0,2023-08-15 09:53:30,"{""info"": ""Sample log data"", ""session_id"": 8285}"
6343,969,search,,2022-08-23 08:10:23,"{""info"": ""Sample log data"", ""session_id"": 5440}"
6344,723,search,2.0,2020-03-08 12:45:15,"{""info"": ""Sample log data"", ""session_id"": 6704}"
6345,591,review_submission,,2021-09-20 00:45:26,"{""info"": ""Sample log data"", ""session_id"": 5064}"
6346,665,click,,2020-05-15 04:15:00,"{""info"": ""Sample log data"", ""session_id"": 8506}"
6347,684,click,,2024-09-23 21:20:37,"{""info"": ""Sample log data"", ""session_id"": 7968}"
6348,888,review_submission,,2020-12-25 20:55:52,"{""info"": ""Sample log data"", ""session_id"": 3997}"
6349,965,search,12.0,2021-03-14 00:07:25,"{""info"": ""Sample log data"", ""session_id"": 9898}"
6350,719,booking,5.0,2022-04-12 23:17:15,"{""info"": ""Sample log data"", ""session_id"": 1229}"
6351,145,review_submission,13.0,2023-08-24 12:11:44,"{""info"": ""Sample log data"", ""session_id"": 7392}"
6352,805,booking,6.0,2020-11-07 13:15:16,"{""info"": ""Sample log data"", ""session_id"": 6230}"
6353,816,review_submission,12.0,2021-05-30 15:06:48,"{""info"": ""Sample log data"", ""session_id"": 6610}"
6354,817,booking,9.0,2020-02-25 12:37:15,"{""info"": ""Sample log data"", ""session_id"": 7676}"
6355,14,booking,6.0,2023-09-25 12:45:26,"{""info"": ""Sample log data"", ""session_id"": 9999}"
6356,67,booking,8.0,2022-11-27 00:14:06,"{""info"": ""Sample log data"", ""session_id"": 8119}"
6357,309,review_submission,11.0,2024-02-11 22:05:57,"{""info"": ""Sample log data"", ""session_id"": 3385}"
6358,596,search,,2024-10-16 09:42:40,"{""info"": ""Sample log data"", ""session_id"": 9408}"
6359,98,booking,14.0,2021-11-23 06:24:46,"{""info"": ""Sample log data"", ""session_id"": 5433}"
6360,978,booking,4.0,2024-08-18 11:43:10,"{""info"": ""Sample log data"", ""session_id"": 5878}"
6361,838,click,1.0,2023-07-21 02:47:26,"{""info"": ""Sample log data"", ""session_id"": 8433}"
6362,518,click,4.0,2020-06-05 13:13:19,"{""info"": ""Sample log data"", ""session_id"": 3888}"
6363,932,search,,2021-04-19 14:00:48,"{""info"": ""Sample log data"", ""session_id"": 1709}"
6364,659,booking,,2022-11-16 04:44:08,"{""info"": ""Sample log data"", ""session_id"": 9578}"
6365,10,click,,2020-06-09 22:24:15,"{""info"": ""Sample log data"", ""session_id"": 6581}"
6366,551,booking,,2023-02-06 18:24:44,"{""info"": ""Sample log data"", ""session_id"": 2293}"
6367,598,review_submission,,2022-01-27 03:15:38,"{""info"": ""Sample log data"", ""session_id"": 6663}"
6368,966,search,,2022-07-23 12:34:49,"{""info"": ""Sample log data"", ""session_id"": 3295}"
6369,774,search,,2022-05-19 23:48:14,"{""info"": ""Sample log data"", ""session_id"": 6245}"
6370,375,booking,10.0,2021-07-21 05:56:00,"{""info"": ""Sample log data"", ""session_id"": 9622}"
6371,216,search,14.0,2023-11-07 13:42:24,"{""info"": ""Sample log data"", ""session_id"": 5667}"
6372,952,booking,5.0,2021-07-24 20:56:36,"{""info"": ""Sample log data"", ""session_id"": 9415}"
6373,243,click,,2024-04-05 08:30:23,"{""info"": ""Sample log data"", ""session_id"": 8521}"
6374,895,booking,,2023-06-28 20:42:54,"{""info"": ""Sample log data"", ""session_id"": 4597}"
6375,4,booking,,2022-11-25 16:47:57,"{""info"": ""Sample log data"", ""session_id"": 1380}"
6376,582,booking,,2022-06-04 15:30:25,"{""info"": ""Sample log data"", ""session_id"": 2100}"
6377,903,review_submission,4.0,2024-04-21 20:06:21,"{""info"": ""Sample log data"", ""session_id"": 2040}"
6378,14,booking,12.0,2022-12-16 09:21:29,"{""info"": ""Sample log data"", ""session_id"": 2675}"
6379,169,search,,2023-03-30 04:03:28,"{""info"": ""Sample log data"", ""session_id"": 3608}"
6380,251,search,,2023-03-14 04:49:36,"{""info"": ""Sample log data"", ""session_id"": 7048}"
6381,849,booking,7.0,2023-08-16 11:48:57,"{""info"": ""Sample log data"", ""session_id"": 4646}"
6382,1,search,,2021-08-23 17:44:27,"{""info"": ""Sample log data"", ""session_id"": 4317}"
6383,328,search,,2023-05-16 16:17:35,"{""info"": ""Sample log data"", ""session_id"": 5838}"
6384,14,review_submission,,2022-10-20 18:32:21,"{""info"": ""Sample log data"", ""session_id"": 7608}"
6385,581,booking,14.0,2022-04-02 04:45:47,"{""info"": ""Sample log data"", ""session_id"": 7388}"
6386,1000,review_submission,,2021-03-28 04:26:02,"{""info"": ""Sample log data"", ""session_id"": 9264}"
6387,200,review_submission,13.0,2023-02-19 00:53:00,"{""info"": ""Sample log data"", ""session_id"": 8775}"
6388,892,review_submission,5.0,2023-05-06 02:19:16,"{""info"": ""Sample log data"", ""session_id"": 3007}"
6389,827,review_submission,,2023-07-16 23:56:20,"{""info"": ""Sample log data"", ""session_id"": 7443}"
6390,770,booking,,2022-08-20 22:42:54,"{""info"": ""Sample log data"", ""session_id"": 1223}"
6391,407,click,,2023-01-15 22:02:01,"{""info"": ""Sample log data"", ""session_id"": 6575}"
6392,521,review_submission,,2020-12-25 18:34:03,"{""info"": ""Sample log data"", ""session_id"": 2380}"
6393,58,review_submission,,2023-11-28 20:54:07,"{""info"": ""Sample log data"", ""session_id"": 7392}"
6394,614,click,10.0,2022-05-22 02:33:02,"{""info"": ""Sample log data"", ""session_id"": 7662}"
6395,952,click,,2022-05-30 10:33:02,"{""info"": ""Sample log data"", ""session_id"": 4290}"
6396,434,click,,2020-09-16 10:19:24,"{""info"": ""Sample log data"", ""session_id"": 6646}"
6397,426,click,12.0,2024-03-22 23:52:12,"{""info"": ""Sample log data"", ""session_id"": 5660}"
6398,455,review_submission,,2020-08-03 00:19:35,"{""info"": ""Sample log data"", ""session_id"": 9187}"
6399,755,click,4.0,2023-07-12 10:59:27,"{""info"": ""Sample log data"", ""session_id"": 1914}"
6400,119,search,,2024-01-24 16:15:08,"{""info"": ""Sample log data"", ""session_id"": 7276}"
6401,792,search,6.0,2022-05-28 11:49:13,"{""info"": ""Sample log data"", ""session_id"": 6485}"
6402,38,click,6.0,2023-08-23 09:13:26,"{""info"": ""Sample log data"", ""session_id"": 6939}"
6403,943,booking,10.0,2023-05-05 06:29:41,"{""info"": ""Sample log data"", ""session_id"": 2787}"
6404,524,booking,,2024-09-17 21:56:38,"{""info"": ""Sample log data"", ""session_id"": 9093}"
6405,386,search,,2023-11-04 17:19:50,"{""info"": ""Sample log data"", ""session_id"": 7410}"
6406,314,review_submission,13.0,2021-09-24 21:55:56,"{""info"": ""Sample log data"", ""session_id"": 7157}"
6407,898,click,11.0,2022-05-29 13:46:00,"{""info"": ""Sample log data"", ""session_id"": 3134}"
6408,551,review_submission,7.0,2021-03-22 06:56:26,"{""info"": ""Sample log data"", ""session_id"": 9180}"
6409,101,click,,2021-11-26 00:58:40,"{""info"": ""Sample log data"", ""session_id"": 7719}"
6410,397,booking,,2023-11-20 23:54:22,"{""info"": ""Sample log data"", ""session_id"": 4795}"
6411,622,search,7.0,2024-02-26 23:13:46,"{""info"": ""Sample log data"", ""session_id"": 3601}"
6412,510,review_submission,13.0,2021-08-29 16:19:49,"{""info"": ""Sample log data"", ""session_id"": 7775}"
6413,383,review_submission,7.0,2022-03-15 04:46:11,"{""info"": ""Sample log data"", ""session_id"": 8529}"
6414,716,review_submission,,2023-12-29 23:06:03,"{""info"": ""Sample log data"", ""session_id"": 2936}"
6415,427,booking,1.0,2021-05-05 06:03:17,"{""info"": ""Sample log data"", ""session_id"": 7470}"
6416,113,click,14.0,2022-03-04 11:55:07,"{""info"": ""Sample log data"", ""session_id"": 5180}"
6417,835,booking,,2021-06-25 12:20:18,"{""info"": ""Sample log data"", ""session_id"": 5369}"
6418,706,booking,10.0,2023-11-15 21:20:12,"{""info"": ""Sample log data"", ""session_id"": 8053}"
6419,278,click,7.0,2022-07-24 23:03:38,"{""info"": ""Sample log data"", ""session_id"": 9606}"
6420,652,search,,2024-01-26 02:14:16,"{""info"": ""Sample log data"", ""session_id"": 9402}"
6421,827,search,9.0,2021-09-24 16:37:07,"{""info"": ""Sample log data"", ""session_id"": 9509}"
6422,654,search,8.0,2021-11-17 21:46:52,"{""info"": ""Sample log data"", ""session_id"": 4915}"
6423,767,search,,2023-07-21 20:09:37,"{""info"": ""Sample log data"", ""session_id"": 8918}"
6424,10,booking,4.0,2020-05-05 03:23:38,"{""info"": ""Sample log data"", ""session_id"": 9729}"
6425,800,booking,2.0,2024-08-14 07:35:49,"{""info"": ""Sample log data"", ""session_id"": 7315}"
6426,59,review_submission,,2021-07-21 19:14:43,"{""info"": ""Sample log data"", ""session_id"": 6039}"
6427,633,booking,7.0,2020-07-16 08:11:31,"{""info"": ""Sample log data"", ""session_id"": 1703}"
6428,863,click,,2023-01-18 17:58:56,"{""info"": ""Sample log data"", ""session_id"": 9649}"
6429,395,click,9.0,2022-03-14 07:49:09,"{""info"": ""Sample log data"", ""session_id"": 1900}"
6430,827,booking,,2020-10-30 10:43:19,"{""info"": ""Sample log data"", ""session_id"": 7368}"
6431,77,review_submission,7.0,2021-09-17 03:15:04,"{""info"": ""Sample log data"", ""session_id"": 1058}"
6432,407,click,,2024-06-22 18:14:12,"{""info"": ""Sample log data"", ""session_id"": 6725}"
6433,199,review_submission,2.0,2022-06-22 07:31:48,"{""info"": ""Sample log data"", ""session_id"": 9436}"
6434,806,search,9.0,2022-09-04 01:30:07,"{""info"": ""Sample log data"", ""session_id"": 8839}"
6435,917,booking,,2023-01-24 03:49:33,"{""info"": ""Sample log data"", ""session_id"": 9682}"
6436,726,booking,13.0,2021-06-09 21:05:10,"{""info"": ""Sample log data"", ""session_id"": 5916}"
6437,782,click,,2020-07-26 01:32:45,"{""info"": ""Sample log data"", ""session_id"": 4530}"
6438,552,click,8.0,2022-11-17 03:23:20,"{""info"": ""Sample log data"", ""session_id"": 5608}"
6439,775,booking,,2022-11-11 22:37:44,"{""info"": ""Sample log data"", ""session_id"": 9870}"
6440,928,search,,2021-09-20 08:30:39,"{""info"": ""Sample log data"", ""session_id"": 2018}"
6441,985,search,,2021-02-14 19:40:39,"{""info"": ""Sample log data"", ""session_id"": 7484}"
6442,77,booking,,2023-10-15 05:21:46,"{""info"": ""Sample log data"", ""session_id"": 9480}"
6443,175,booking,,2023-08-12 04:29:48,"{""info"": ""Sample log data"", ""session_id"": 4740}"
6444,445,click,,2020-12-09 08:12:53,"{""info"": ""Sample log data"", ""session_id"": 3265}"
6445,530,search,7.0,2023-09-22 09:17:28,"{""info"": ""Sample log data"", ""session_id"": 8134}"
6446,235,search,8.0,2021-09-03 09:23:54,"{""info"": ""Sample log data"", ""session_id"": 4254}"
6447,894,booking,7.0,2023-05-10 13:51:39,"{""info"": ""Sample log data"", ""session_id"": 6462}"
6448,459,search,12.0,2020-12-21 17:00:03,"{""info"": ""Sample log data"", ""session_id"": 6394}"
6449,693,search,14.0,2022-04-20 07:39:28,"{""info"": ""Sample log data"", ""session_id"": 4346}"
6450,123,review_submission,3.0,2021-09-16 23:31:58,"{""info"": ""Sample log data"", ""session_id"": 6271}"
6451,415,click,2.0,2022-03-24 15:24:50,"{""info"": ""Sample log data"", ""session_id"": 4184}"
6452,246,booking,8.0,2021-06-21 13:38:36,"{""info"": ""Sample log data"", ""session_id"": 1271}"
6453,911,booking,,2021-02-04 02:06:23,"{""info"": ""Sample log data"", ""session_id"": 2128}"
6454,225,review_submission,,2024-04-15 13:17:12,"{""info"": ""Sample log data"", ""session_id"": 4063}"
6455,544,review_submission,13.0,2024-05-07 02:05:23,"{""info"": ""Sample log data"", ""session_id"": 8357}"
6456,35,click,,2023-06-01 01:04:11,"{""info"": ""Sample log data"", ""session_id"": 6073}"
6457,818,booking,13.0,2021-01-05 07:41:23,"{""info"": ""Sample log data"", ""session_id"": 1820}"
6458,482,review_submission,11.0,2024-01-23 22:22:35,"{""info"": ""Sample log data"", ""session_id"": 1486}"
6459,16,review_submission,,2023-12-15 07:08:04,"{""info"": ""Sample log data"", ""session_id"": 6013}"
6460,271,click,,2024-12-25 23:14:13,"{""info"": ""Sample log data"", ""session_id"": 4700}"
6461,285,booking,,2020-08-08 14:49:28,"{""info"": ""Sample log data"", ""session_id"": 7659}"
6462,718,search,,2023-08-15 14:32:33,"{""info"": ""Sample log data"", ""session_id"": 4386}"
6463,252,review_submission,,2020-09-08 23:25:56,"{""info"": ""Sample log data"", ""session_id"": 1283}"
6464,769,search,14.0,2021-05-23 09:15:47,"{""info"": ""Sample log data"", ""session_id"": 4490}"
6465,72,click,4.0,2021-12-09 09:17:19,"{""info"": ""Sample log data"", ""session_id"": 7538}"
6466,509,click,,2023-10-02 16:19:15,"{""info"": ""Sample log data"", ""session_id"": 4748}"
6467,41,search,7.0,2021-09-06 07:33:05,"{""info"": ""Sample log data"", ""session_id"": 6613}"
6468,30,click,,2021-02-01 11:29:55,"{""info"": ""Sample log data"", ""session_id"": 1718}"
6469,410,click,,2024-06-26 02:42:44,"{""info"": ""Sample log data"", ""session_id"": 1144}"
6470,282,click,,2020-11-05 18:04:43,"{""info"": ""Sample log data"", ""session_id"": 2257}"
6471,676,review_submission,9.0,2024-12-21 16:02:06,"{""info"": ""Sample log data"", ""session_id"": 3621}"
6472,75,search,5.0,2023-03-18 18:06:36,"{""info"": ""Sample log data"", ""session_id"": 9119}"
6473,564,booking,,2021-12-27 02:42:36,"{""info"": ""Sample log data"", ""session_id"": 4179}"
6474,997,booking,,2024-02-07 23:46:38,"{""info"": ""Sample log data"", ""session_id"": 8020}"
6475,955,review_submission,9.0,2021-10-07 09:59:13,"{""info"": ""Sample log data"", ""session_id"": 1892}"
6476,27,review_submission,,2020-02-15 10:09:56,"{""info"": ""Sample log data"", ""session_id"": 4933}"
6477,923,review_submission,,2022-06-21 23:20:18,"{""info"": ""Sample log data"", ""session_id"": 8086}"
6478,870,booking,,2020-02-22 09:11:40,"{""info"": ""Sample log data"", ""session_id"": 9598}"
6479,531,click,,2020-04-05 03:08:18,"{""info"": ""Sample log data"", ""session_id"": 5628}"
6480,273,booking,,2022-02-27 06:37:38,"{""info"": ""Sample log data"", ""session_id"": 3683}"
6481,572,click,,2022-02-28 03:48:36,"{""info"": ""Sample log data"", ""session_id"": 3817}"
6482,100,search,,2021-12-26 04:01:50,"{""info"": ""Sample log data"", ""session_id"": 9911}"
6483,46,booking,,2023-11-15 09:27:18,"{""info"": ""Sample log data"", ""session_id"": 5325}"
6484,763,click,1.0,2024-06-06 19:18:45,"{""info"": ""Sample log data"", ""session_id"": 7972}"
6485,843,search,9.0,2023-12-27 07:30:48,"{""info"": ""Sample log data"", ""session_id"": 7022}"
6486,810,click,10.0,2025-01-06 21:05:18,"{""info"": ""Sample log data"", ""session_id"": 6909}"
6487,785,review_submission,,2020-01-28 18:35:48,"{""info"": ""Sample log data"", ""session_id"": 1472}"
6488,883,booking,,2020-05-03 17:29:29,"{""info"": ""Sample log data"", ""session_id"": 9434}"
6489,246,review_submission,,2022-06-25 05:41:52,"{""info"": ""Sample log data"", ""session_id"": 9610}"
6490,899,booking,11.0,2021-11-02 17:52:11,"{""info"": ""Sample log data"", ""session_id"": 9419}"
6491,661,search,,2021-11-05 11:58:14,"{""info"": ""Sample log data"", ""session_id"": 7733}"
6492,237,booking,8.0,2023-04-18 03:44:45,"{""info"": ""Sample log data"", ""session_id"": 9116}"
6493,515,search,,2024-09-17 12:18:38,"{""info"": ""Sample log data"", ""session_id"": 2012}"
6494,353,booking,,2021-02-11 10:05:20,"{""info"": ""Sample log data"", ""session_id"": 3810}"
6495,380,click,5.0,2022-06-10 16:33:06,"{""info"": ""Sample log data"", ""session_id"": 9951}"
6496,7,review_submission,,2024-11-11 13:27:28,"{""info"": ""Sample log data"", ""session_id"": 3832}"
6497,100,click,2.0,2022-12-12 17:52:56,"{""info"": ""Sample log data"", ""session_id"": 9540}"
6498,911,review_submission,,2022-03-09 10:09:16,"{""info"": ""Sample log data"", ""session_id"": 7224}"
6499,68,booking,14.0,2023-04-08 13:55:56,"{""info"": ""Sample log data"", ""session_id"": 6280}"
6500,751,review_submission,,2020-11-18 05:43:47,"{""info"": ""Sample log data"", ""session_id"": 9175}"
6501,922,review_submission,,2021-01-02 18:43:44,"{""info"": ""Sample log data"", ""session_id"": 1490}"
6502,335,review_submission,7.0,2021-02-06 23:14:33,"{""info"": ""Sample log data"", ""session_id"": 7743}"
6503,927,click,,2023-08-06 18:56:34,"{""info"": ""Sample log data"", ""session_id"": 4573}"
6504,955,search,,2024-03-11 10:08:24,"{""info"": ""Sample log data"", ""session_id"": 9893}"
6505,755,review_submission,6.0,2022-11-07 11:33:05,"{""info"": ""Sample log data"", ""session_id"": 8873}"
6506,565,review_submission,,2023-11-30 21:19:43,"{""info"": ""Sample log data"", ""session_id"": 4497}"
6507,437,search,4.0,2020-10-26 16:24:01,"{""info"": ""Sample log data"", ""session_id"": 2822}"
6508,654,click,,2024-10-11 04:59:11,"{""info"": ""Sample log data"", ""session_id"": 8036}"
6509,85,booking,,2024-11-30 16:52:34,"{""info"": ""Sample log data"", ""session_id"": 9309}"
6510,879,booking,5.0,2024-08-19 16:19:11,"{""info"": ""Sample log data"", ""session_id"": 6702}"
6511,68,review_submission,9.0,2021-05-07 23:50:58,"{""info"": ""Sample log data"", ""session_id"": 8878}"
6512,760,review_submission,3.0,2024-05-06 18:23:29,"{""info"": ""Sample log data"", ""session_id"": 3355}"
6513,938,click,8.0,2020-03-26 20:32:56,"{""info"": ""Sample log data"", ""session_id"": 7122}"
6514,607,review_submission,1.0,2021-09-05 02:03:48,"{""info"": ""Sample log data"", ""session_id"": 4700}"
6515,707,search,,2022-02-01 17:43:52,"{""info"": ""Sample log data"", ""session_id"": 3495}"
6516,947,review_submission,13.0,2021-02-04 11:11:39,"{""info"": ""Sample log data"", ""session_id"": 5467}"
6517,195,review_submission,6.0,2020-11-14 19:52:10,"{""info"": ""Sample log data"", ""session_id"": 7979}"
6518,138,booking,,2023-10-18 09:06:26,"{""info"": ""Sample log data"", ""session_id"": 2059}"
6519,516,booking,2.0,2022-04-13 21:50:21,"{""info"": ""Sample log data"", ""session_id"": 8237}"
6520,453,review_submission,14.0,2023-04-07 12:49:13,"{""info"": ""Sample log data"", ""session_id"": 4318}"
6521,120,booking,10.0,2024-06-14 19:15:58,"{""info"": ""Sample log data"", ""session_id"": 1826}"
6522,609,review_submission,,2024-05-08 00:02:20,"{""info"": ""Sample log data"", ""session_id"": 7462}"
6523,902,search,2.0,2024-10-24 12:12:54,"{""info"": ""Sample log data"", ""session_id"": 3699}"
6524,572,click,,2022-04-14 04:17:56,"{""info"": ""Sample log data"", ""session_id"": 1600}"
6525,858,click,7.0,2024-05-12 08:25:59,"{""info"": ""Sample log data"", ""session_id"": 4681}"
6526,341,review_submission,5.0,2023-03-10 03:53:16,"{""info"": ""Sample log data"", ""session_id"": 6003}"
6527,63,booking,,2021-05-09 11:09:30,"{""info"": ""Sample log data"", ""session_id"": 1023}"
6528,307,booking,,2021-07-10 17:12:29,"{""info"": ""Sample log data"", ""session_id"": 9252}"
6529,508,review_submission,,2023-09-08 18:33:39,"{""info"": ""Sample log data"", ""session_id"": 8393}"
6530,324,click,,2023-06-24 17:02:52,"{""info"": ""Sample log data"", ""session_id"": 9470}"
6531,79,booking,6.0,2025-01-12 07:27:01,"{""info"": ""Sample log data"", ""session_id"": 3131}"
6532,689,booking,14.0,2021-09-13 01:43:41,"{""info"": ""Sample log data"", ""session_id"": 4322}"
6533,501,click,4.0,2023-05-13 00:35:50,"{""info"": ""Sample log data"", ""session_id"": 5964}"
6534,860,search,9.0,2022-07-18 15:25:07,"{""info"": ""Sample log data"", ""session_id"": 6081}"
6535,294,search,13.0,2020-03-15 05:51:50,"{""info"": ""Sample log data"", ""session_id"": 9534}"
6536,304,click,,2021-12-26 21:09:17,"{""info"": ""Sample log data"", ""session_id"": 6841}"
6537,625,search,10.0,2020-10-16 03:54:10,"{""info"": ""Sample log data"", ""session_id"": 6171}"
6538,488,review_submission,,2022-05-07 17:21:42,"{""info"": ""Sample log data"", ""session_id"": 9696}"
6539,847,click,,2020-09-03 08:20:07,"{""info"": ""Sample log data"", ""session_id"": 3748}"
6540,13,booking,,2020-03-26 00:26:52,"{""info"": ""Sample log data"", ""session_id"": 1583}"
6541,124,search,7.0,2022-06-07 11:28:06,"{""info"": ""Sample log data"", ""session_id"": 7991}"
6542,771,booking,3.0,2021-01-26 15:02:08,"{""info"": ""Sample log data"", ""session_id"": 3480}"
6543,362,review_submission,,2022-06-21 07:55:52,"{""info"": ""Sample log data"", ""session_id"": 4586}"
6544,473,review_submission,13.0,2021-04-30 10:12:26,"{""info"": ""Sample log data"", ""session_id"": 1623}"
6545,435,review_submission,,2023-02-14 11:42:24,"{""info"": ""Sample log data"", ""session_id"": 7792}"
6546,903,review_submission,,2020-06-16 09:11:52,"{""info"": ""Sample log data"", ""session_id"": 4107}"
6547,451,search,8.0,2020-07-27 12:13:42,"{""info"": ""Sample log data"", ""session_id"": 1836}"
6548,580,booking,,2024-02-11 10:17:25,"{""info"": ""Sample log data"", ""session_id"": 6788}"
6549,240,click,,2024-09-22 06:54:13,"{""info"": ""Sample log data"", ""session_id"": 5176}"
6550,705,click,8.0,2020-11-15 11:09:10,"{""info"": ""Sample log data"", ""session_id"": 8791}"
6551,663,search,,2023-06-07 13:06:47,"{""info"": ""Sample log data"", ""session_id"": 2751}"
6552,705,search,,2024-08-24 20:58:23,"{""info"": ""Sample log data"", ""session_id"": 2325}"
6553,514,review_submission,,2024-04-17 15:12:00,"{""info"": ""Sample log data"", ""session_id"": 2448}"
6554,369,search,,2021-03-07 21:02:01,"{""info"": ""Sample log data"", ""session_id"": 4864}"
6555,617,click,,2020-06-26 04:29:58,"{""info"": ""Sample log data"", ""session_id"": 9248}"
6556,664,review_submission,,2024-01-21 10:19:59,"{""info"": ""Sample log data"", ""session_id"": 2294}"
6557,353,review_submission,14.0,2020-11-25 19:05:42,"{""info"": ""Sample log data"", ""session_id"": 1156}"
6558,976,search,14.0,2022-03-13 16:37:40,"{""info"": ""Sample log data"", ""session_id"": 8981}"
6559,724,search,,2020-05-18 10:34:03,"{""info"": ""Sample log data"", ""session_id"": 8114}"
6560,672,booking,,2025-01-12 09:39:02,"{""info"": ""Sample log data"", ""session_id"": 1629}"
6561,830,search,,2020-01-13 20:15:27,"{""info"": ""Sample log data"", ""session_id"": 9878}"
6562,956,review_submission,,2023-08-07 06:43:47,"{""info"": ""Sample log data"", ""session_id"": 4362}"
6563,604,search,1.0,2023-11-29 19:35:09,"{""info"": ""Sample log data"", ""session_id"": 5807}"
6564,178,click,8.0,2023-10-18 01:35:16,"{""info"": ""Sample log data"", ""session_id"": 7939}"
6565,142,click,,2024-01-05 13:03:29,"{""info"": ""Sample log data"", ""session_id"": 1067}"
6566,96,click,7.0,2023-02-24 04:14:10,"{""info"": ""Sample log data"", ""session_id"": 7666}"
6567,926,click,10.0,2023-06-05 21:47:35,"{""info"": ""Sample log data"", ""session_id"": 7352}"
6568,603,click,,2021-02-20 09:41:40,"{""info"": ""Sample log data"", ""session_id"": 1855}"
6569,97,click,5.0,2020-11-12 01:20:10,"{""info"": ""Sample log data"", ""session_id"": 5120}"
6570,733,review_submission,7.0,2020-04-06 17:27:03,"{""info"": ""Sample log data"", ""session_id"": 3412}"
6571,722,review_submission,3.0,2020-09-08 20:32:37,"{""info"": ""Sample log data"", ""session_id"": 1292}"
6572,207,search,,2024-06-05 19:28:05,"{""info"": ""Sample log data"", ""session_id"": 9900}"
6573,338,click,6.0,2021-08-19 02:00:44,"{""info"": ""Sample log data"", ""session_id"": 6720}"
6574,949,click,,2022-02-14 13:30:48,"{""info"": ""Sample log data"", ""session_id"": 9157}"
6575,931,booking,8.0,2022-07-11 19:03:04,"{""info"": ""Sample log data"", ""session_id"": 6427}"
6576,702,search,,2024-07-16 09:34:52,"{""info"": ""Sample log data"", ""session_id"": 2848}"
6577,742,click,4.0,2024-03-07 06:44:10,"{""info"": ""Sample log data"", ""session_id"": 3434}"
6578,203,click,9.0,2021-11-30 05:12:08,"{""info"": ""Sample log data"", ""session_id"": 3999}"
6579,721,review_submission,,2020-10-14 22:22:22,"{""info"": ""Sample log data"", ""session_id"": 4332}"
6580,903,review_submission,,2022-09-17 18:41:36,"{""info"": ""Sample log data"", ""session_id"": 5679}"
6581,826,booking,,2022-07-12 17:17:40,"{""info"": ""Sample log data"", ""session_id"": 8967}"
6582,331,booking,4.0,2022-07-05 09:47:17,"{""info"": ""Sample log data"", ""session_id"": 2847}"
6583,944,click,7.0,2024-01-21 09:41:04,"{""info"": ""Sample log data"", ""session_id"": 1560}"
6584,816,click,,2024-12-19 00:30:59,"{""info"": ""Sample log data"", ""session_id"": 2921}"
6585,285,search,,2020-10-31 15:20:34,"{""info"": ""Sample log data"", ""session_id"": 8732}"
6586,838,review_submission,,2024-03-20 05:13:42,"{""info"": ""Sample log data"", ""session_id"": 6837}"
6587,758,click,,2020-02-02 00:49:38,"{""info"": ""Sample log data"", ""session_id"": 1008}"
6588,283,booking,,2022-11-28 01:11:50,"{""info"": ""Sample log data"", ""session_id"": 9160}"
6589,622,booking,,2023-02-22 17:26:58,"{""info"": ""Sample log data"", ""session_id"": 4772}"
6590,478,click,8.0,2021-05-31 07:16:01,"{""info"": ""Sample log data"", ""session_id"": 7496}"
6591,870,booking,,2021-04-02 10:20:13,"{""info"": ""Sample log data"", ""session_id"": 5189}"
6592,320,booking,,2021-01-09 02:00:05,"{""info"": ""Sample log data"", ""session_id"": 3677}"
6593,940,click,,2020-08-15 03:52:03,"{""info"": ""Sample log data"", ""session_id"": 5753}"
6594,665,click,7.0,2020-05-24 12:05:41,"{""info"": ""Sample log data"", ""session_id"": 1985}"
6595,594,search,13.0,2022-12-10 17:49:28,"{""info"": ""Sample log data"", ""session_id"": 9371}"
6596,383,click,,2020-06-07 18:45:15,"{""info"": ""Sample log data"", ""session_id"": 3202}"
6597,616,review_submission,,2022-01-03 11:24:15,"{""info"": ""Sample log data"", ""session_id"": 9316}"
6598,804,review_submission,,2022-03-18 17:17:33,"{""info"": ""Sample log data"", ""session_id"": 1575}"
6599,79,click,,2022-04-17 08:34:20,"{""info"": ""Sample log data"", ""session_id"": 7422}"
6600,854,review_submission,9.0,2023-08-24 04:25:03,"{""info"": ""Sample log data"", ""session_id"": 4647}"
6601,927,review_submission,7.0,2022-03-27 19:21:35,"{""info"": ""Sample log data"", ""session_id"": 7515}"
6602,71,search,6.0,2020-12-12 23:30:25,"{""info"": ""Sample log data"", ""session_id"": 9941}"
6603,930,search,,2024-02-13 21:39:34,"{""info"": ""Sample log data"", ""session_id"": 5669}"
6604,27,booking,,2020-11-17 06:35:25,"{""info"": ""Sample log data"", ""session_id"": 6463}"
6605,600,booking,10.0,2023-06-25 03:53:14,"{""info"": ""Sample log data"", ""session_id"": 1994}"
6606,249,booking,7.0,2023-12-04 05:07:12,"{""info"": ""Sample log data"", ""session_id"": 1174}"
6607,913,review_submission,2.0,2023-01-29 16:12:55,"{""info"": ""Sample log data"", ""session_id"": 1648}"
6608,60,search,8.0,2023-02-02 20:03:41,"{""info"": ""Sample log data"", ""session_id"": 5008}"
6609,452,click,9.0,2023-12-03 23:29:06,"{""info"": ""Sample log data"", ""session_id"": 8912}"
6610,765,booking,,2024-01-10 22:09:52,"{""info"": ""Sample log data"", ""session_id"": 8232}"
6611,373,click,2.0,2023-01-31 08:54:12,"{""info"": ""Sample log data"", ""session_id"": 5758}"
6612,331,search,,2021-10-28 14:44:20,"{""info"": ""Sample log data"", ""session_id"": 4997}"
6613,707,click,9.0,2023-04-13 11:11:03,"{""info"": ""Sample log data"", ""session_id"": 8566}"
6614,990,search,,2022-02-22 09:23:23,"{""info"": ""Sample log data"", ""session_id"": 2721}"
6615,871,review_submission,9.0,2024-09-11 15:07:33,"{""info"": ""Sample log data"", ""session_id"": 9047}"
6616,748,booking,8.0,2024-12-30 14:21:35,"{""info"": ""Sample log data"", ""session_id"": 9878}"
6617,560,review_submission,14.0,2021-08-23 19:22:11,"{""info"": ""Sample log data"", ""session_id"": 1851}"
6618,704,review_submission,,2024-01-10 16:33:30,"{""info"": ""Sample log data"", ""session_id"": 9998}"
6619,417,search,,2024-09-17 22:47:20,"{""info"": ""Sample log data"", ""session_id"": 5131}"
6620,103,click,14.0,2020-04-25 00:00:57,"{""info"": ""Sample log data"", ""session_id"": 4347}"
6621,955,click,3.0,2023-06-20 23:39:12,"{""info"": ""Sample log data"", ""session_id"": 5789}"
6622,412,click,,2023-08-23 07:22:47,"{""info"": ""Sample log data"", ""session_id"": 8997}"
6623,177,click,7.0,2025-01-13 22:03:50,"{""info"": ""Sample log data"", ""session_id"": 6000}"
6624,731,search,12.0,2021-07-18 02:54:47,"{""info"": ""Sample log data"", ""session_id"": 9243}"
6625,719,click,,2021-09-17 06:02:02,"{""info"": ""Sample log data"", ""session_id"": 9371}"
6626,704,search,,2022-08-27 09:44:06,"{""info"": ""Sample log data"", ""session_id"": 3517}"
6627,854,search,4.0,2022-12-12 11:57:00,"{""info"": ""Sample log data"", ""session_id"": 2758}"
6628,644,click,,2022-09-06 23:06:33,"{""info"": ""Sample log data"", ""session_id"": 9621}"
6629,88,review_submission,8.0,2024-12-11 20:40:44,"{""info"": ""Sample log data"", ""session_id"": 4023}"
6630,354,review_submission,9.0,2023-08-11 00:11:18,"{""info"": ""Sample log data"", ""session_id"": 4835}"
6631,426,search,3.0,2020-02-23 21:44:46,"{""info"": ""Sample log data"", ""session_id"": 6331}"
6632,708,click,,2021-03-05 23:09:56,"{""info"": ""Sample log data"", ""session_id"": 7973}"
6633,50,search,2.0,2024-08-02 23:48:37,"{""info"": ""Sample log data"", ""session_id"": 2752}"
6634,910,click,4.0,2024-01-31 19:25:59,"{""info"": ""Sample log data"", ""session_id"": 4480}"
6635,538,search,14.0,2021-03-16 11:15:07,"{""info"": ""Sample log data"", ""session_id"": 3727}"
6636,90,click,5.0,2023-07-14 07:56:45,"{""info"": ""Sample log data"", ""session_id"": 6737}"
6637,967,click,14.0,2020-07-05 23:26:14,"{""info"": ""Sample log data"", ""session_id"": 2268}"
6638,33,review_submission,,2022-10-30 07:17:01,"{""info"": ""Sample log data"", ""session_id"": 3924}"
6639,930,search,,2020-06-08 03:54:27,"{""info"": ""Sample log data"", ""session_id"": 1564}"
6640,604,search,,2020-12-28 17:22:36,"{""info"": ""Sample log data"", ""session_id"": 6268}"
6641,517,search,,2021-01-18 08:03:31,"{""info"": ""Sample log data"", ""session_id"": 2364}"
6642,995,search,,2020-03-13 05:37:55,"{""info"": ""Sample log data"", ""session_id"": 5960}"
6643,110,click,14.0,2022-12-03 10:58:02,"{""info"": ""Sample log data"", ""session_id"": 1976}"
6644,860,search,2.0,2024-04-13 19:47:00,"{""info"": ""Sample log data"", ""session_id"": 8464}"
6645,797,booking,1.0,2023-05-13 02:10:06,"{""info"": ""Sample log data"", ""session_id"": 8659}"
6646,822,search,4.0,2025-01-04 00:59:10,"{""info"": ""Sample log data"", ""session_id"": 8946}"
6647,253,search,8.0,2022-06-02 03:11:25,"{""info"": ""Sample log data"", ""session_id"": 4942}"
6648,505,search,10.0,2020-04-07 21:55:57,"{""info"": ""Sample log data"", ""session_id"": 5519}"
6649,379,search,5.0,2022-03-05 19:22:21,"{""info"": ""Sample log data"", ""session_id"": 7249}"
6650,722,search,,2022-09-15 04:25:06,"{""info"": ""Sample log data"", ""session_id"": 7709}"
6651,66,search,,2024-09-22 00:10:35,"{""info"": ""Sample log data"", ""session_id"": 4725}"
6652,813,booking,9.0,2022-11-20 04:51:25,"{""info"": ""Sample log data"", ""session_id"": 2071}"
6653,837,click,,2021-12-08 20:44:25,"{""info"": ""Sample log data"", ""session_id"": 7832}"
6654,763,click,,2020-06-22 20:51:57,"{""info"": ""Sample log data"", ""session_id"": 6799}"
6655,188,click,11.0,2022-08-14 12:13:44,"{""info"": ""Sample log data"", ""session_id"": 8806}"
6656,346,search,13.0,2024-02-12 19:37:48,"{""info"": ""Sample log data"", ""session_id"": 4166}"
6657,365,review_submission,,2022-04-19 07:08:43,"{""info"": ""Sample log data"", ""session_id"": 1574}"
6658,646,booking,,2024-04-21 01:40:24,"{""info"": ""Sample log data"", ""session_id"": 2197}"
6659,103,booking,,2024-01-16 06:22:49,"{""info"": ""Sample log data"", ""session_id"": 2390}"
6660,483,search,,2023-01-26 02:34:45,"{""info"": ""Sample log data"", ""session_id"": 8739}"
6661,437,review_submission,,2020-08-09 13:50:56,"{""info"": ""Sample log data"", ""session_id"": 1955}"
6662,872,review_submission,2.0,2022-06-04 15:36:55,"{""info"": ""Sample log data"", ""session_id"": 3826}"
6663,797,search,4.0,2024-01-08 20:16:53,"{""info"": ""Sample log data"", ""session_id"": 4387}"
6664,944,booking,,2024-07-01 08:00:42,"{""info"": ""Sample log data"", ""session_id"": 3358}"
6665,880,search,,2024-07-24 10:04:32,"{""info"": ""Sample log data"", ""session_id"": 1346}"
6666,10,review_submission,,2020-12-27 17:55:01,"{""info"": ""Sample log data"", ""session_id"": 8026}"
6667,620,search,,2022-02-01 08:20:33,"{""info"": ""Sample log data"", ""session_id"": 5269}"
6668,732,review_submission,,2020-07-07 19:21:03,"{""info"": ""Sample log data"", ""session_id"": 8188}"
6669,305,search,,2022-08-07 16:16:02,"{""info"": ""Sample log data"", ""session_id"": 4882}"
6670,782,booking,,2021-06-06 09:41:18,"{""info"": ""Sample log data"", ""session_id"": 7551}"
6671,409,click,7.0,2025-01-28 09:45:28,"{""info"": ""Sample log data"", ""session_id"": 6633}"
6672,99,search,12.0,2024-07-17 21:28:05,"{""info"": ""Sample log data"", ""session_id"": 4821}"
6673,194,booking,,2020-09-03 19:35:47,"{""info"": ""Sample log data"", ""session_id"": 6224}"
6674,938,booking,3.0,2023-12-06 20:27:34,"{""info"": ""Sample log data"", ""session_id"": 8555}"
6675,483,review_submission,2.0,2023-02-22 00:40:37,"{""info"": ""Sample log data"", ""session_id"": 9739}"
6676,633,review_submission,,2020-03-13 11:23:29,"{""info"": ""Sample log data"", ""session_id"": 1957}"
6677,83,click,2.0,2022-01-23 10:11:41,"{""info"": ""Sample log data"", ""session_id"": 9070}"
6678,514,review_submission,,2023-12-03 22:44:40,"{""info"": ""Sample log data"", ""session_id"": 9593}"
6679,657,click,10.0,2020-06-30 13:06:27,"{""info"": ""Sample log data"", ""session_id"": 1942}"
6680,945,review_submission,8.0,2022-09-19 19:22:07,"{""info"": ""Sample log data"", ""session_id"": 5895}"
6681,50,search,10.0,2023-07-12 06:07:44,"{""info"": ""Sample log data"", ""session_id"": 4063}"
6682,649,booking,,2023-06-22 13:19:37,"{""info"": ""Sample log data"", ""session_id"": 7294}"
6683,683,review_submission,,2020-01-06 19:10:49,"{""info"": ""Sample log data"", ""session_id"": 7820}"
6684,530,search,13.0,2023-02-02 23:07:44,"{""info"": ""Sample log data"", ""session_id"": 7056}"
6685,752,click,,2021-09-05 22:51:13,"{""info"": ""Sample log data"", ""session_id"": 8537}"
6686,654,booking,,2020-02-04 08:20:37,"{""info"": ""Sample log data"", ""session_id"": 5310}"
6687,905,search,10.0,2021-06-22 14:29:19,"{""info"": ""Sample log data"", ""session_id"": 5394}"
6688,842,search,7.0,2024-03-20 10:49:48,"{""info"": ""Sample log data"", ""session_id"": 8336}"
6689,140,click,,2021-12-12 17:46:53,"{""info"": ""Sample log data"", ""session_id"": 1527}"
6690,582,search,6.0,2021-08-27 21:21:45,"{""info"": ""Sample log data"", ""session_id"": 1918}"
6691,119,click,6.0,2024-06-24 21:24:46,"{""info"": ""Sample log data"", ""session_id"": 8004}"
6692,289,review_submission,,2024-06-29 03:58:50,"{""info"": ""Sample log data"", ""session_id"": 7106}"
6693,759,booking,1.0,2021-09-26 07:02:59,"{""info"": ""Sample log data"", ""session_id"": 2349}"
6694,255,review_submission,,2022-04-21 00:13:43,"{""info"": ""Sample log data"", ""session_id"": 9003}"
6695,124,booking,,2020-06-09 20:49:16,"{""info"": ""Sample log data"", ""session_id"": 4575}"
6696,841,review_submission,,2020-04-06 08:46:29,"{""info"": ""Sample log data"", ""session_id"": 1174}"
6697,496,booking,9.0,2024-05-05 12:25:43,"{""info"": ""Sample log data"", ""session_id"": 3440}"
6698,447,click,14.0,2020-09-11 09:41:02,"{""info"": ""Sample log data"", ""session_id"": 3344}"
6699,36,click,12.0,2022-09-17 04:37:16,"{""info"": ""Sample log data"", ""session_id"": 3347}"
6700,415,click,,2023-08-15 02:35:22,"{""info"": ""Sample log data"", ""session_id"": 8730}"
6701,587,booking,,2022-08-30 13:41:11,"{""info"": ""Sample log data"", ""session_id"": 8576}"
6702,107,review_submission,,2021-03-13 02:24:25,"{""info"": ""Sample log data"", ""session_id"": 7019}"
6703,17,search,,2022-01-30 05:30:32,"{""info"": ""Sample log data"", ""session_id"": 7943}"
6704,351,review_submission,,2025-01-05 07:51:00,"{""info"": ""Sample log data"", ""session_id"": 3424}"
6705,873,click,,2020-12-02 18:05:08,"{""info"": ""Sample log data"", ""session_id"": 2803}"
6706,9,search,,2024-05-11 11:36:38,"{""info"": ""Sample log data"", ""session_id"": 4243}"
6707,81,click,,2020-08-08 09:13:33,"{""info"": ""Sample log data"", ""session_id"": 1963}"
6708,606,click,,2023-08-14 08:04:12,"{""info"": ""Sample log data"", ""session_id"": 2809}"
6709,496,review_submission,6.0,2024-06-21 16:14:49,"{""info"": ""Sample log data"", ""session_id"": 9357}"
6710,908,click,,2023-03-19 10:54:41,"{""info"": ""Sample log data"", ""session_id"": 1352}"
6711,432,search,,2020-08-28 09:13:21,"{""info"": ""Sample log data"", ""session_id"": 3166}"
6712,975,booking,6.0,2023-11-01 10:00:34,"{""info"": ""Sample log data"", ""session_id"": 6639}"
6713,554,booking,10.0,2020-12-28 13:41:19,"{""info"": ""Sample log data"", ""session_id"": 8842}"
6714,980,click,,2022-04-06 13:19:21,"{""info"": ""Sample log data"", ""session_id"": 1955}"
6715,803,click,,2022-08-11 10:34:12,"{""info"": ""Sample log data"", ""session_id"": 4393}"
6716,282,search,,2022-08-29 19:10:23,"{""info"": ""Sample log data"", ""session_id"": 2391}"
6717,58,review_submission,8.0,2024-02-26 18:06:46,"{""info"": ""Sample log data"", ""session_id"": 6141}"
6718,850,review_submission,7.0,2022-08-31 20:19:22,"{""info"": ""Sample log data"", ""session_id"": 9025}"
6719,596,search,14.0,2024-04-25 21:51:26,"{""info"": ""Sample log data"", ""session_id"": 2122}"
6720,552,review_submission,13.0,2021-05-16 19:50:53,"{""info"": ""Sample log data"", ""session_id"": 1999}"
6721,10,review_submission,12.0,2024-09-15 19:19:21,"{""info"": ""Sample log data"", ""session_id"": 7435}"
6722,337,booking,,2020-01-11 09:09:15,"{""info"": ""Sample log data"", ""session_id"": 2729}"
6723,126,click,7.0,2024-06-19 05:37:52,"{""info"": ""Sample log data"", ""session_id"": 8520}"
6724,664,click,,2024-11-12 10:25:09,"{""info"": ""Sample log data"", ""session_id"": 8291}"
6725,418,search,10.0,2022-08-22 01:10:09,"{""info"": ""Sample log data"", ""session_id"": 9764}"
6726,507,review_submission,,2020-05-15 13:14:22,"{""info"": ""Sample log data"", ""session_id"": 2583}"
6727,228,search,,2021-02-12 23:16:30,"{""info"": ""Sample log data"", ""session_id"": 5277}"
6728,373,click,2.0,2022-09-02 15:53:07,"{""info"": ""Sample log data"", ""session_id"": 9068}"
6729,109,click,,2022-11-08 16:28:59,"{""info"": ""Sample log data"", ""session_id"": 3202}"
6730,185,review_submission,2.0,2023-06-04 09:17:32,"{""info"": ""Sample log data"", ""session_id"": 9685}"
6731,267,review_submission,,2023-01-15 05:11:20,"{""info"": ""Sample log data"", ""session_id"": 7839}"
6732,375,booking,,2021-07-24 11:42:48,"{""info"": ""Sample log data"", ""session_id"": 2374}"
6733,661,search,,2022-04-09 15:05:05,"{""info"": ""Sample log data"", ""session_id"": 8393}"
6734,199,review_submission,,2023-07-13 09:23:56,"{""info"": ""Sample log data"", ""session_id"": 9121}"
6735,1000,search,3.0,2021-05-17 16:44:55,"{""info"": ""Sample log data"", ""session_id"": 5905}"
6736,623,review_submission,,2020-08-20 07:26:26,"{""info"": ""Sample log data"", ""session_id"": 6267}"
6737,361,review_submission,14.0,2021-01-11 13:52:47,"{""info"": ""Sample log data"", ""session_id"": 5063}"
6738,981,search,12.0,2022-02-08 02:59:42,"{""info"": ""Sample log data"", ""session_id"": 7201}"
6739,539,click,13.0,2021-06-08 12:10:44,"{""info"": ""Sample log data"", ""session_id"": 9219}"
6740,164,review_submission,,2021-07-02 04:53:32,"{""info"": ""Sample log data"", ""session_id"": 3927}"
6741,793,search,8.0,2020-08-26 11:02:32,"{""info"": ""Sample log data"", ""session_id"": 4528}"
6742,970,booking,1.0,2021-08-09 22:11:22,"{""info"": ""Sample log data"", ""session_id"": 7664}"
6743,423,booking,,2021-03-13 08:10:01,"{""info"": ""Sample log data"", ""session_id"": 9103}"
6744,574,click,,2024-02-04 07:52:15,"{""info"": ""Sample log data"", ""session_id"": 5573}"
6745,304,review_submission,4.0,2022-06-19 15:12:22,"{""info"": ""Sample log data"", ""session_id"": 6435}"
6746,463,search,,2023-02-09 20:33:37,"{""info"": ""Sample log data"", ""session_id"": 5444}"
6747,580,review_submission,,2024-01-17 16:39:38,"{""info"": ""Sample log data"", ""session_id"": 3577}"
6748,468,review_submission,,2020-08-02 11:28:41,"{""info"": ""Sample log data"", ""session_id"": 3851}"
6749,922,search,,2020-12-08 21:54:27,"{""info"": ""Sample log data"", ""session_id"": 8963}"
6750,93,review_submission,,2022-04-24 02:29:24,"{""info"": ""Sample log data"", ""session_id"": 6078}"
6751,190,click,,2021-10-24 08:23:25,"{""info"": ""Sample log data"", ""session_id"": 3844}"
6752,279,review_submission,1.0,2022-08-22 00:01:52,"{""info"": ""Sample log data"", ""session_id"": 3745}"
6753,599,booking,,2023-12-29 09:34:39,"{""info"": ""Sample log data"", ""session_id"": 2890}"
6754,170,search,,2021-12-21 15:37:38,"{""info"": ""Sample log data"", ""session_id"": 2444}"
6755,393,search,9.0,2023-03-28 14:42:07,"{""info"": ""Sample log data"", ""session_id"": 3969}"
6756,277,click,,2023-09-22 08:46:25,"{""info"": ""Sample log data"", ""session_id"": 7418}"
6757,711,review_submission,6.0,2021-01-30 02:01:28,"{""info"": ""Sample log data"", ""session_id"": 9788}"
6758,228,search,,2022-11-24 01:15:14,"{""info"": ""Sample log data"", ""session_id"": 1839}"
6759,372,booking,,2024-05-12 00:14:08,"{""info"": ""Sample log data"", ""session_id"": 4004}"
6760,283,review_submission,,2020-12-24 04:26:47,"{""info"": ""Sample log data"", ""session_id"": 2093}"
6761,889,search,14.0,2022-04-17 15:23:25,"{""info"": ""Sample log data"", ""session_id"": 7575}"
6762,463,search,12.0,2023-08-06 03:10:40,"{""info"": ""Sample log data"", ""session_id"": 2754}"
6763,770,review_submission,10.0,2024-08-04 08:51:49,"{""info"": ""Sample log data"", ""session_id"": 5346}"
6764,503,click,9.0,2020-04-01 01:53:52,"{""info"": ""Sample log data"", ""session_id"": 7493}"
6765,252,review_submission,14.0,2023-09-26 15:16:45,"{""info"": ""Sample log data"", ""session_id"": 3753}"
6766,73,booking,1.0,2021-03-01 06:10:51,"{""info"": ""Sample log data"", ""session_id"": 7443}"
6767,67,review_submission,,2020-05-22 23:23:46,"{""info"": ""Sample log data"", ""session_id"": 6630}"
6768,289,review_submission,,2020-03-04 00:23:06,"{""info"": ""Sample log data"", ""session_id"": 2833}"
6769,488,booking,,2020-07-09 05:35:10,"{""info"": ""Sample log data"", ""session_id"": 1128}"
6770,74,review_submission,,2020-03-17 08:35:56,"{""info"": ""Sample log data"", ""session_id"": 5798}"
6771,607,click,,2024-08-30 04:31:19,"{""info"": ""Sample log data"", ""session_id"": 2886}"
6772,296,search,,2024-02-17 09:39:27,"{""info"": ""Sample log data"", ""session_id"": 1391}"
6773,78,booking,4.0,2024-06-06 06:23:28,"{""info"": ""Sample log data"", ""session_id"": 9108}"
6774,612,click,11.0,2024-12-26 08:43:51,"{""info"": ""Sample log data"", ""session_id"": 3759}"
6775,609,search,3.0,2024-04-09 07:57:14,"{""info"": ""Sample log data"", ""session_id"": 3027}"
6776,752,search,,2022-05-13 15:13:35,"{""info"": ""Sample log data"", ""session_id"": 1741}"
6777,57,review_submission,5.0,2021-03-21 12:05:37,"{""info"": ""Sample log data"", ""session_id"": 7335}"
6778,169,booking,4.0,2021-11-25 23:11:01,"{""info"": ""Sample log data"", ""session_id"": 8968}"
6779,394,search,12.0,2022-09-19 12:40:11,"{""info"": ""Sample log data"", ""session_id"": 7177}"
6780,486,click,,2022-04-29 13:02:57,"{""info"": ""Sample log data"", ""session_id"": 3384}"
6781,293,review_submission,3.0,2021-05-03 12:29:56,"{""info"": ""Sample log data"", ""session_id"": 7943}"
6782,294,review_submission,3.0,2022-01-31 02:20:46,"{""info"": ""Sample log data"", ""session_id"": 4592}"
6783,313,click,,2020-05-16 16:42:54,"{""info"": ""Sample log data"", ""session_id"": 4552}"
6784,185,click,,2022-10-23 06:14:32,"{""info"": ""Sample log data"", ""session_id"": 7151}"
6785,103,review_submission,,2024-06-27 09:57:09,"{""info"": ""Sample log data"", ""session_id"": 4508}"
6786,313,booking,11.0,2023-11-18 21:48:44,"{""info"": ""Sample log data"", ""session_id"": 4587}"
6787,26,search,12.0,2024-11-19 07:22:52,"{""info"": ""Sample log data"", ""session_id"": 3348}"
6788,296,click,5.0,2021-06-13 22:00:14,"{""info"": ""Sample log data"", ""session_id"": 8165}"
6789,232,booking,,2023-02-25 02:38:13,"{""info"": ""Sample log data"", ""session_id"": 3636}"
6790,141,click,3.0,2021-11-15 16:16:04,"{""info"": ""Sample log data"", ""session_id"": 9029}"
6791,787,booking,10.0,2020-03-23 11:48:18,"{""info"": ""Sample log data"", ""session_id"": 3886}"
6792,626,click,,2023-09-25 09:20:35,"{""info"": ""Sample log data"", ""session_id"": 9742}"
6793,377,search,,2022-12-03 14:36:20,"{""info"": ""Sample log data"", ""session_id"": 5417}"
6794,789,booking,,2022-08-08 10:44:01,"{""info"": ""Sample log data"", ""session_id"": 3308}"
6795,804,review_submission,,2021-04-01 04:14:56,"{""info"": ""Sample log data"", ""session_id"": 8018}"
6796,576,click,3.0,2021-09-26 10:06:30,"{""info"": ""Sample log data"", ""session_id"": 5157}"
6797,546,click,,2023-01-01 17:00:16,"{""info"": ""Sample log data"", ""session_id"": 7093}"
6798,707,review_submission,11.0,2024-03-10 09:39:31,"{""info"": ""Sample log data"", ""session_id"": 9869}"
6799,349,search,4.0,2020-08-25 04:41:25,"{""info"": ""Sample log data"", ""session_id"": 2754}"
6800,886,review_submission,6.0,2020-12-19 17:56:12,"{""info"": ""Sample log data"", ""session_id"": 3377}"
6801,881,review_submission,,2023-03-30 10:31:17,"{""info"": ""Sample log data"", ""session_id"": 7196}"
6802,456,booking,,2020-04-18 11:58:29,"{""info"": ""Sample log data"", ""session_id"": 6805}"
6803,490,search,,2020-10-17 19:51:57,"{""info"": ""Sample log data"", ""session_id"": 6925}"
6804,638,search,11.0,2021-12-15 13:33:39,"{""info"": ""Sample log data"", ""session_id"": 4711}"
6805,238,booking,7.0,2023-03-01 12:42:49,"{""info"": ""Sample log data"", ""session_id"": 6517}"
6806,18,search,,2024-09-08 00:45:23,"{""info"": ""Sample log data"", ""session_id"": 5998}"
6807,116,search,12.0,2022-03-19 23:14:07,"{""info"": ""Sample log data"", ""session_id"": 2362}"
6808,80,click,8.0,2021-03-07 10:57:31,"{""info"": ""Sample log data"", ""session_id"": 1387}"
6809,958,click,3.0,2020-09-14 22:33:10,"{""info"": ""Sample log data"", ""session_id"": 8456}"
6810,234,click,14.0,2023-08-29 06:23:06,"{""info"": ""Sample log data"", ""session_id"": 1644}"
6811,985,review_submission,,2024-09-24 07:36:37,"{""info"": ""Sample log data"", ""session_id"": 7780}"
6812,432,click,,2020-02-21 05:49:27,"{""info"": ""Sample log data"", ""session_id"": 7769}"
6813,827,booking,,2021-12-10 11:01:19,"{""info"": ""Sample log data"", ""session_id"": 9349}"
6814,876,review_submission,,2024-10-08 01:32:52,"{""info"": ""Sample log data"", ""session_id"": 2615}"
6815,590,click,,2024-11-18 20:01:01,"{""info"": ""Sample log data"", ""session_id"": 2325}"
6816,89,search,,2024-12-12 18:06:59,"{""info"": ""Sample log data"", ""session_id"": 4401}"
6817,539,click,6.0,2024-11-01 12:44:24,"{""info"": ""Sample log data"", ""session_id"": 5011}"
6818,150,review_submission,6.0,2021-02-03 05:42:25,"{""info"": ""Sample log data"", ""session_id"": 7366}"
6819,622,booking,,2021-08-16 18:45:45,"{""info"": ""Sample log data"", ""session_id"": 3056}"
6820,57,search,14.0,2020-02-10 15:04:26,"{""info"": ""Sample log data"", ""session_id"": 7493}"
6821,857,booking,13.0,2021-09-18 05:31:01,"{""info"": ""Sample log data"", ""session_id"": 3812}"
6822,243,review_submission,14.0,2020-10-30 15:57:01,"{""info"": ""Sample log data"", ""session_id"": 7181}"
6823,390,booking,11.0,2020-08-17 14:33:10,"{""info"": ""Sample log data"", ""session_id"": 6553}"
6824,96,review_submission,,2023-07-06 15:57:07,"{""info"": ""Sample log data"", ""session_id"": 6459}"
6825,620,click,,2023-03-10 15:46:03,"{""info"": ""Sample log data"", ""session_id"": 8739}"
6826,575,click,7.0,2020-06-09 21:05:30,"{""info"": ""Sample log data"", ""session_id"": 9635}"
6827,16,search,,2020-01-10 15:39:54,"{""info"": ""Sample log data"", ""session_id"": 4262}"
6828,192,click,7.0,2020-02-09 19:57:14,"{""info"": ""Sample log data"", ""session_id"": 9654}"
6829,517,booking,14.0,2024-10-15 19:38:27,"{""info"": ""Sample log data"", ""session_id"": 2324}"
6830,207,booking,,2022-01-31 17:14:15,"{""info"": ""Sample log data"", ""session_id"": 2928}"
6831,903,search,6.0,2024-10-12 15:16:13,"{""info"": ""Sample log data"", ""session_id"": 9482}"
6832,542,click,2.0,2020-01-26 08:02:29,"{""info"": ""Sample log data"", ""session_id"": 6095}"
6833,895,booking,3.0,2022-01-10 00:39:52,"{""info"": ""Sample log data"", ""session_id"": 7896}"
6834,128,review_submission,1.0,2020-03-05 19:31:46,"{""info"": ""Sample log data"", ""session_id"": 9061}"
6835,152,click,12.0,2020-08-01 01:04:34,"{""info"": ""Sample log data"", ""session_id"": 3071}"
6836,867,search,1.0,2023-01-29 08:41:27,"{""info"": ""Sample log data"", ""session_id"": 2631}"
6837,6,review_submission,,2024-05-18 05:59:25,"{""info"": ""Sample log data"", ""session_id"": 5955}"
6838,577,review_submission,11.0,2022-05-24 14:45:04,"{""info"": ""Sample log data"", ""session_id"": 3530}"
6839,717,search,,2023-11-23 13:00:30,"{""info"": ""Sample log data"", ""session_id"": 7641}"
6840,865,review_submission,11.0,2020-11-14 15:17:00,"{""info"": ""Sample log data"", ""session_id"": 1543}"
6841,52,booking,6.0,2020-08-26 08:49:57,"{""info"": ""Sample log data"", ""session_id"": 5562}"
6842,143,click,,2022-10-13 01:11:40,"{""info"": ""Sample log data"", ""session_id"": 4905}"
6843,169,review_submission,,2024-02-05 06:20:38,"{""info"": ""Sample log data"", ""session_id"": 3926}"
6844,660,booking,,2023-03-20 11:10:01,"{""info"": ""Sample log data"", ""session_id"": 3497}"
6845,201,click,14.0,2023-11-25 00:25:10,"{""info"": ""Sample log data"", ""session_id"": 7102}"
6846,41,booking,,2024-05-17 18:42:57,"{""info"": ""Sample log data"", ""session_id"": 4639}"
6847,86,review_submission,,2024-12-10 09:48:27,"{""info"": ""Sample log data"", ""session_id"": 4508}"
6848,426,search,13.0,2023-05-22 06:33:37,"{""info"": ""Sample log data"", ""session_id"": 2338}"
6849,447,review_submission,,2021-11-25 08:51:45,"{""info"": ""Sample log data"", ""session_id"": 1507}"
6850,949,review_submission,,2021-05-20 06:52:15,"{""info"": ""Sample log data"", ""session_id"": 3490}"
6851,861,booking,,2024-08-21 00:42:40,"{""info"": ""Sample log data"", ""session_id"": 5281}"
6852,544,click,7.0,2021-01-04 13:12:50,"{""info"": ""Sample log data"", ""session_id"": 8273}"
6853,845,search,2.0,2024-05-13 21:11:34,"{""info"": ""Sample log data"", ""session_id"": 9933}"
6854,105,search,,2023-10-04 04:01:49,"{""info"": ""Sample log data"", ""session_id"": 9513}"
6855,130,click,11.0,2021-12-22 00:32:52,"{""info"": ""Sample log data"", ""session_id"": 6516}"
6856,543,review_submission,3.0,2022-04-29 22:38:46,"{""info"": ""Sample log data"", ""session_id"": 3320}"
6857,673,click,,2021-02-11 09:32:42,"{""info"": ""Sample log data"", ""session_id"": 3362}"
6858,428,booking,2.0,2021-01-12 20:04:27,"{""info"": ""Sample log data"", ""session_id"": 5235}"
6859,652,booking,13.0,2021-08-20 11:08:54,"{""info"": ""Sample log data"", ""session_id"": 1088}"
6860,372,review_submission,,2022-11-14 11:38:29,"{""info"": ""Sample log data"", ""session_id"": 8175}"
6861,463,review_submission,,2020-12-01 15:20:15,"{""info"": ""Sample log data"", ""session_id"": 3479}"
6862,366,search,,2022-01-09 17:54:13,"{""info"": ""Sample log data"", ""session_id"": 5944}"
6863,177,search,,2021-12-29 13:53:34,"{""info"": ""Sample log data"", ""session_id"": 9790}"
6864,853,click,12.0,2022-02-12 09:39:05,"{""info"": ""Sample log data"", ""session_id"": 2642}"
6865,446,review_submission,,2023-09-03 23:49:58,"{""info"": ""Sample log data"", ""session_id"": 9471}"
6866,11,click,,2024-09-19 16:38:41,"{""info"": ""Sample log data"", ""session_id"": 8790}"
6867,299,booking,2.0,2023-10-15 19:51:47,"{""info"": ""Sample log data"", ""session_id"": 7949}"
6868,680,review_submission,2.0,2022-05-20 22:56:08,"{""info"": ""Sample log data"", ""session_id"": 9054}"
6869,980,review_submission,,2024-12-24 18:54:44,"{""info"": ""Sample log data"", ""session_id"": 8473}"
6870,388,review_submission,,2024-10-17 00:57:02,"{""info"": ""Sample log data"", ""session_id"": 3582}"
6871,942,review_submission,6.0,2021-07-22 12:06:23,"{""info"": ""Sample log data"", ""session_id"": 3622}"
6872,485,review_submission,,2023-06-29 15:44:51,"{""info"": ""Sample log data"", ""session_id"": 5550}"
6873,733,click,,2022-08-31 19:07:39,"{""info"": ""Sample log data"", ""session_id"": 8664}"
6874,389,click,,2023-11-05 20:40:00,"{""info"": ""Sample log data"", ""session_id"": 3807}"
6875,42,search,2.0,2024-03-03 12:15:29,"{""info"": ""Sample log data"", ""session_id"": 7330}"
6876,524,click,6.0,2024-06-10 12:39:37,"{""info"": ""Sample log data"", ""session_id"": 2267}"
6877,241,review_submission,,2021-06-21 01:33:08,"{""info"": ""Sample log data"", ""session_id"": 1757}"
6878,972,booking,,2021-12-07 04:25:55,"{""info"": ""Sample log data"", ""session_id"": 6129}"
6879,163,search,,2020-07-10 22:49:38,"{""info"": ""Sample log data"", ""session_id"": 6528}"
6880,830,review_submission,,2024-03-17 19:16:51,"{""info"": ""Sample log data"", ""session_id"": 8447}"
6881,587,click,1.0,2021-03-26 13:40:44,"{""info"": ""Sample log data"", ""session_id"": 1802}"
6882,197,search,5.0,2021-09-15 18:38:58,"{""info"": ""Sample log data"", ""session_id"": 1798}"
6883,943,review_submission,8.0,2020-03-27 19:45:01,"{""info"": ""Sample log data"", ""session_id"": 2508}"
6884,134,search,,2021-08-29 03:18:06,"{""info"": ""Sample log data"", ""session_id"": 3957}"
6885,253,booking,,2023-02-25 02:16:53,"{""info"": ""Sample log data"", ""session_id"": 6546}"
6886,11,review_submission,14.0,2024-02-17 11:49:32,"{""info"": ""Sample log data"", ""session_id"": 3011}"
6887,571,search,,2021-09-12 23:41:27,"{""info"": ""Sample log data"", ""session_id"": 2160}"
6888,611,booking,,2024-08-14 20:41:27,"{""info"": ""Sample log data"", ""session_id"": 1882}"
6889,443,review_submission,,2022-04-21 17:35:03,"{""info"": ""Sample log data"", ""session_id"": 8092}"
6890,144,search,,2022-09-29 05:03:55,"{""info"": ""Sample log data"", ""session_id"": 2028}"
6891,409,booking,2.0,2023-05-31 16:29:07,"{""info"": ""Sample log data"", ""session_id"": 6230}"
6892,891,booking,8.0,2024-02-08 00:06:41,"{""info"": ""Sample log data"", ""session_id"": 1609}"
6893,280,click,13.0,2022-07-31 12:20:43,"{""info"": ""Sample log data"", ""session_id"": 2954}"
6894,373,click,,2023-09-24 09:23:54,"{""info"": ""Sample log data"", ""session_id"": 9660}"
6895,505,search,13.0,2020-01-20 09:03:48,"{""info"": ""Sample log data"", ""session_id"": 9678}"
6896,350,booking,6.0,2023-06-18 00:23:31,"{""info"": ""Sample log data"", ""session_id"": 4361}"
6897,826,booking,,2023-05-23 00:15:29,"{""info"": ""Sample log data"", ""session_id"": 4935}"
6898,685,click,9.0,2021-08-01 11:11:37,"{""info"": ""Sample log data"", ""session_id"": 4181}"
6899,909,booking,,2021-08-24 11:36:45,"{""info"": ""Sample log data"", ""session_id"": 4508}"
6900,441,search,7.0,2020-01-18 17:37:40,"{""info"": ""Sample log data"", ""session_id"": 4384}"
6901,506,review_submission,1.0,2020-05-01 05:24:34,"{""info"": ""Sample log data"", ""session_id"": 9160}"
6902,33,review_submission,,2022-01-07 07:38:59,"{""info"": ""Sample log data"", ""session_id"": 7481}"
6903,430,search,4.0,2023-09-11 12:51:12,"{""info"": ""Sample log data"", ""session_id"": 8245}"
6904,446,search,8.0,2022-04-14 09:12:05,"{""info"": ""Sample log data"", ""session_id"": 7299}"
6905,660,review_submission,1.0,2022-11-11 21:59:31,"{""info"": ""Sample log data"", ""session_id"": 6492}"
6906,606,click,12.0,2024-12-19 04:15:30,"{""info"": ""Sample log data"", ""session_id"": 5563}"
6907,588,click,,2020-07-28 18:41:04,"{""info"": ""Sample log data"", ""session_id"": 7369}"
6908,88,booking,10.0,2021-08-03 03:59:38,"{""info"": ""Sample log data"", ""session_id"": 8187}"
6909,625,click,7.0,2021-03-09 02:20:39,"{""info"": ""Sample log data"", ""session_id"": 6315}"
6910,345,booking,,2020-11-29 08:59:55,"{""info"": ""Sample log data"", ""session_id"": 5274}"
6911,737,booking,11.0,2024-06-07 18:02:30,"{""info"": ""Sample log data"", ""session_id"": 1625}"
6912,445,review_submission,1.0,2023-07-15 04:15:38,"{""info"": ""Sample log data"", ""session_id"": 4816}"
6913,273,search,10.0,2023-03-28 17:57:06,"{""info"": ""Sample log data"", ""session_id"": 2280}"
6914,933,review_submission,10.0,2021-01-18 04:24:31,"{""info"": ""Sample log data"", ""session_id"": 5020}"
6915,952,click,,2021-09-15 15:30:00,"{""info"": ""Sample log data"", ""session_id"": 5775}"
6916,331,click,9.0,2022-04-15 01:13:16,"{""info"": ""Sample log data"", ""session_id"": 4597}"
6917,194,click,,2022-03-11 19:25:29,"{""info"": ""Sample log data"", ""session_id"": 5544}"
6918,274,booking,13.0,2023-06-13 00:09:22,"{""info"": ""Sample log data"", ""session_id"": 5947}"
6919,600,booking,7.0,2022-10-17 00:04:13,"{""info"": ""Sample log data"", ""session_id"": 3590}"
6920,651,review_submission,9.0,2022-10-15 14:35:34,"{""info"": ""Sample log data"", ""session_id"": 2790}"
6921,371,review_submission,,2020-02-26 14:14:16,"{""info"": ""Sample log data"", ""session_id"": 8974}"
6922,708,booking,10.0,2023-09-25 12:31:17,"{""info"": ""Sample log data"", ""session_id"": 1478}"
6923,434,search,11.0,2021-03-08 09:24:06,"{""info"": ""Sample log data"", ""session_id"": 6635}"
6924,451,search,7.0,2021-04-27 12:48:44,"{""info"": ""Sample log data"", ""session_id"": 9699}"
6925,740,click,,2024-09-04 18:50:19,"{""info"": ""Sample log data"", ""session_id"": 8174}"
6926,69,booking,8.0,2023-06-27 00:30:21,"{""info"": ""Sample log data"", ""session_id"": 8998}"
6927,358,review_submission,,2020-04-12 06:40:59,"{""info"": ""Sample log data"", ""session_id"": 1299}"
6928,794,search,3.0,2024-11-03 10:32:57,"{""info"": ""Sample log data"", ""session_id"": 8386}"
6929,636,review_submission,,2022-07-31 17:24:11,"{""info"": ""Sample log data"", ""session_id"": 8289}"
6930,8,booking,,2020-03-30 05:06:04,"{""info"": ""Sample log data"", ""session_id"": 2344}"
6931,414,booking,7.0,2021-03-16 06:27:45,"{""info"": ""Sample log data"", ""session_id"": 6085}"
6932,447,review_submission,,2023-07-04 17:26:10,"{""info"": ""Sample log data"", ""session_id"": 6682}"
6933,66,click,,2020-07-25 11:34:38,"{""info"": ""Sample log data"", ""session_id"": 7913}"
6934,812,click,9.0,2021-06-27 18:38:17,"{""info"": ""Sample log data"", ""session_id"": 7258}"
6935,929,search,,2021-07-10 06:36:36,"{""info"": ""Sample log data"", ""session_id"": 3492}"
6936,833,booking,,2023-04-09 16:34:34,"{""info"": ""Sample log data"", ""session_id"": 8973}"
6937,534,booking,2.0,2023-08-04 20:33:26,"{""info"": ""Sample log data"", ""session_id"": 9643}"
6938,76,booking,13.0,2022-05-04 07:30:11,"{""info"": ""Sample log data"", ""session_id"": 5367}"
6939,752,review_submission,,2024-09-05 10:01:30,"{""info"": ""Sample log data"", ""session_id"": 1639}"
6940,839,search,12.0,2023-10-30 15:40:29,"{""info"": ""Sample log data"", ""session_id"": 3245}"
6941,626,search,8.0,2022-04-08 08:31:55,"{""info"": ""Sample log data"", ""session_id"": 3037}"
6942,109,click,2.0,2020-05-06 08:46:49,"{""info"": ""Sample log data"", ""session_id"": 6679}"
6943,535,booking,2.0,2023-04-29 04:43:32,"{""info"": ""Sample log data"", ""session_id"": 3759}"
6944,385,click,2.0,2022-07-25 11:06:37,"{""info"": ""Sample log data"", ""session_id"": 5181}"
6945,435,search,8.0,2024-05-06 03:08:48,"{""info"": ""Sample log data"", ""session_id"": 3623}"
6946,639,booking,3.0,2025-01-05 15:20:53,"{""info"": ""Sample log data"", ""session_id"": 4869}"
6947,558,booking,3.0,2021-05-31 03:06:00,"{""info"": ""Sample log data"", ""session_id"": 4575}"
6948,125,search,5.0,2021-11-29 08:38:37,"{""info"": ""Sample log data"", ""session_id"": 2299}"
6949,82,booking,,2024-02-10 00:57:35,"{""info"": ""Sample log data"", ""session_id"": 8407}"
6950,646,search,5.0,2020-08-30 20:02:58,"{""info"": ""Sample log data"", ""session_id"": 3849}"
6951,18,review_submission,11.0,2022-09-03 00:06:22,"{""info"": ""Sample log data"", ""session_id"": 4768}"
6952,597,booking,,2022-01-29 15:00:47,"{""info"": ""Sample log data"", ""session_id"": 3734}"
6953,927,booking,6.0,2021-02-08 04:00:01,"{""info"": ""Sample log data"", ""session_id"": 4424}"
6954,549,review_submission,,2021-09-19 04:23:43,"{""info"": ""Sample log data"", ""session_id"": 2256}"
6955,4,review_submission,5.0,2022-03-27 08:52:13,"{""info"": ""Sample log data"", ""session_id"": 9642}"
6956,462,review_submission,,2021-07-08 20:42:45,"{""info"": ""Sample log data"", ""session_id"": 8239}"
6957,223,search,1.0,2020-06-11 01:19:49,"{""info"": ""Sample log data"", ""session_id"": 2660}"
6958,546,review_submission,,2024-08-17 12:29:40,"{""info"": ""Sample log data"", ""session_id"": 4229}"
6959,152,click,,2020-06-22 16:43:09,"{""info"": ""Sample log data"", ""session_id"": 2304}"
6960,118,review_submission,3.0,2020-09-29 19:15:07,"{""info"": ""Sample log data"", ""session_id"": 7807}"
6961,554,search,8.0,2021-06-17 16:35:05,"{""info"": ""Sample log data"", ""session_id"": 9496}"
6962,108,review_submission,6.0,2023-11-13 11:09:17,"{""info"": ""Sample log data"", ""session_id"": 9040}"
6963,154,search,9.0,2023-08-31 14:29:05,"{""info"": ""Sample log data"", ""session_id"": 7868}"
6964,929,booking,11.0,2022-11-04 09:59:40,"{""info"": ""Sample log data"", ""session_id"": 7974}"
6965,371,booking,,2020-03-12 10:27:36,"{""info"": ""Sample log data"", ""session_id"": 1822}"
6966,818,click,,2020-09-13 15:53:59,"{""info"": ""Sample log data"", ""session_id"": 7750}"
6967,71,review_submission,,2023-10-14 12:40:49,"{""info"": ""Sample log data"", ""session_id"": 6202}"
6968,240,booking,5.0,2020-10-17 19:37:49,"{""info"": ""Sample log data"", ""session_id"": 8008}"
6969,97,search,,2025-01-08 15:19:56,"{""info"": ""Sample log data"", ""session_id"": 9473}"
6970,114,booking,13.0,2020-12-24 22:10:01,"{""info"": ""Sample log data"", ""session_id"": 9307}"
6971,379,click,10.0,2020-06-09 03:34:11,"{""info"": ""Sample log data"", ""session_id"": 1408}"
6972,901,booking,,2021-03-25 20:10:51,"{""info"": ""Sample log data"", ""session_id"": 3568}"
6973,927,booking,,2023-05-30 22:02:36,"{""info"": ""Sample log data"", ""session_id"": 2670}"
6974,418,review_submission,13.0,2020-12-27 21:54:05,"{""info"": ""Sample log data"", ""session_id"": 9773}"
6975,382,review_submission,1.0,2020-10-17 14:47:58,"{""info"": ""Sample log data"", ""session_id"": 1333}"
6976,868,click,,2021-12-18 10:12:44,"{""info"": ""Sample log data"", ""session_id"": 8259}"
6977,565,review_submission,,2023-01-20 10:41:02,"{""info"": ""Sample log data"", ""session_id"": 8755}"
6978,913,search,,2022-10-26 11:44:33,"{""info"": ""Sample log data"", ""session_id"": 8905}"
6979,170,search,,2020-08-02 23:12:51,"{""info"": ""Sample log data"", ""session_id"": 4762}"
6980,560,review_submission,,2020-08-11 02:31:08,"{""info"": ""Sample log data"", ""session_id"": 8601}"
6981,394,review_submission,11.0,2024-01-23 10:57:01,"{""info"": ""Sample log data"", ""session_id"": 3435}"
6982,817,review_submission,,2025-01-05 03:43:30,"{""info"": ""Sample log data"", ""session_id"": 1465}"
6983,408,click,6.0,2021-01-10 20:20:56,"{""info"": ""Sample log data"", ""session_id"": 3563}"
6984,791,search,,2020-08-18 19:27:28,"{""info"": ""Sample log data"", ""session_id"": 1762}"
6985,32,search,3.0,2022-04-29 07:21:00,"{""info"": ""Sample log data"", ""session_id"": 9565}"
6986,949,review_submission,2.0,2020-09-15 22:06:34,"{""info"": ""Sample log data"", ""session_id"": 2588}"
6987,1,click,6.0,2023-11-13 08:42:44,"{""info"": ""Sample log data"", ""session_id"": 8621}"
6988,889,search,1.0,2021-05-31 00:03:06,"{""info"": ""Sample log data"", ""session_id"": 1948}"
6989,960,booking,,2024-12-08 02:58:51,"{""info"": ""Sample log data"", ""session_id"": 4761}"
6990,524,review_submission,,2023-03-16 02:24:18,"{""info"": ""Sample log data"", ""session_id"": 4699}"
6991,535,booking,6.0,2022-10-08 23:55:22,"{""info"": ""Sample log data"", ""session_id"": 5515}"
6992,883,review_submission,9.0,2023-07-20 15:35:23,"{""info"": ""Sample log data"", ""session_id"": 7295}"
6993,178,click,14.0,2020-01-29 02:54:41,"{""info"": ""Sample log data"", ""session_id"": 4120}"
6994,889,review_submission,,2021-09-02 23:09:07,"{""info"": ""Sample log data"", ""session_id"": 8627}"
6995,799,booking,8.0,2024-05-28 18:38:39,"{""info"": ""Sample log data"", ""session_id"": 2142}"
6996,340,search,12.0,2023-11-15 20:34:04,"{""info"": ""Sample log data"", ""session_id"": 9110}"
6997,900,click,,2024-06-23 13:36:24,"{""info"": ""Sample log data"", ""session_id"": 4032}"
6998,421,search,,2023-05-16 23:01:28,"{""info"": ""Sample log data"", ""session_id"": 5329}"
6999,924,booking,,2022-12-25 02:03:46,"{""info"": ""Sample log data"", ""session_id"": 4639}"
7000,69,search,1.0,2023-06-28 11:37:42,"{""info"": ""Sample log data"", ""session_id"": 8010}"
7001,978,review_submission,5.0,2024-01-13 21:40:15,"{""info"": ""Sample log data"", ""session_id"": 6228}"
7002,456,search,5.0,2021-06-30 14:06:31,"{""info"": ""Sample log data"", ""session_id"": 7109}"
7003,359,click,10.0,2023-06-13 16:13:28,"{""info"": ""Sample log data"", ""session_id"": 6654}"
7004,208,review_submission,,2022-05-06 05:42:01,"{""info"": ""Sample log data"", ""session_id"": 8396}"
7005,258,search,,2024-09-08 21:08:57,"{""info"": ""Sample log data"", ""session_id"": 7764}"
7006,839,review_submission,,2024-11-29 16:05:18,"{""info"": ""Sample log data"", ""session_id"": 3813}"
7007,456,click,,2022-10-25 06:58:39,"{""info"": ""Sample log data"", ""session_id"": 3772}"
7008,893,click,14.0,2022-05-02 11:24:44,"{""info"": ""Sample log data"", ""session_id"": 1478}"
7009,833,click,4.0,2024-06-08 02:01:52,"{""info"": ""Sample log data"", ""session_id"": 2196}"
7010,140,click,,2021-08-27 11:38:10,"{""info"": ""Sample log data"", ""session_id"": 8209}"
7011,108,booking,1.0,2020-05-28 06:53:45,"{""info"": ""Sample log data"", ""session_id"": 3433}"
7012,859,click,,2020-12-26 20:13:32,"{""info"": ""Sample log data"", ""session_id"": 6056}"
7013,679,click,11.0,2020-07-10 18:35:41,"{""info"": ""Sample log data"", ""session_id"": 5958}"
7014,42,search,,2022-03-19 11:37:14,"{""info"": ""Sample log data"", ""session_id"": 2599}"
7015,581,click,9.0,2021-03-12 11:28:52,"{""info"": ""Sample log data"", ""session_id"": 5845}"
7016,580,booking,14.0,2020-12-13 09:46:53,"{""info"": ""Sample log data"", ""session_id"": 1099}"
7017,605,review_submission,,2020-04-05 20:06:39,"{""info"": ""Sample log data"", ""session_id"": 3902}"
7018,909,booking,10.0,2020-08-15 15:05:25,"{""info"": ""Sample log data"", ""session_id"": 7784}"
7019,592,click,,2023-11-21 14:11:23,"{""info"": ""Sample log data"", ""session_id"": 8421}"
7020,475,review_submission,,2022-04-28 00:25:08,"{""info"": ""Sample log data"", ""session_id"": 7377}"
7021,452,click,,2021-04-01 09:39:33,"{""info"": ""Sample log data"", ""session_id"": 2932}"
7022,958,review_submission,14.0,2020-08-15 16:59:52,"{""info"": ""Sample log data"", ""session_id"": 3233}"
7023,496,search,12.0,2023-06-10 08:28:31,"{""info"": ""Sample log data"", ""session_id"": 9404}"
7024,667,booking,,2022-06-21 19:49:04,"{""info"": ""Sample log data"", ""session_id"": 3911}"
7025,546,review_submission,,2023-02-10 08:19:15,"{""info"": ""Sample log data"", ""session_id"": 8242}"
7026,956,review_submission,,2024-05-12 14:11:56,"{""info"": ""Sample log data"", ""session_id"": 8520}"
7027,198,search,2.0,2021-10-30 06:13:40,"{""info"": ""Sample log data"", ""session_id"": 6993}"
7028,296,click,,2023-12-30 13:43:32,"{""info"": ""Sample log data"", ""session_id"": 5491}"
7029,328,review_submission,,2022-08-28 06:24:16,"{""info"": ""Sample log data"", ""session_id"": 4676}"
7030,123,click,3.0,2023-03-06 12:59:50,"{""info"": ""Sample log data"", ""session_id"": 7327}"
7031,80,click,7.0,2021-11-12 07:22:39,"{""info"": ""Sample log data"", ""session_id"": 4859}"
7032,678,click,10.0,2022-06-25 15:18:36,"{""info"": ""Sample log data"", ""session_id"": 8054}"
7033,4,booking,,2022-07-12 23:25:41,"{""info"": ""Sample log data"", ""session_id"": 1549}"
7034,482,click,5.0,2020-12-03 18:27:30,"{""info"": ""Sample log data"", ""session_id"": 9417}"
7035,490,review_submission,,2020-03-09 20:52:32,"{""info"": ""Sample log data"", ""session_id"": 9859}"
7036,818,booking,9.0,2022-09-17 02:44:37,"{""info"": ""Sample log data"", ""session_id"": 3616}"
7037,502,review_submission,12.0,2020-08-12 17:28:46,"{""info"": ""Sample log data"", ""session_id"": 6880}"
7038,753,click,,2020-02-13 17:17:25,"{""info"": ""Sample log data"", ""session_id"": 8631}"
7039,650,click,,2020-09-14 07:26:46,"{""info"": ""Sample log data"", ""session_id"": 4913}"
7040,192,search,5.0,2023-05-20 17:55:18,"{""info"": ""Sample log data"", ""session_id"": 5094}"
7041,794,click,14.0,2021-08-25 14:58:51,"{""info"": ""Sample log data"", ""session_id"": 7345}"
7042,177,search,,2024-10-15 04:01:58,"{""info"": ""Sample log data"", ""session_id"": 2303}"
7043,819,search,13.0,2021-10-21 01:43:23,"{""info"": ""Sample log data"", ""session_id"": 1431}"
7044,487,click,,2020-10-06 19:09:19,"{""info"": ""Sample log data"", ""session_id"": 7634}"
7045,469,search,,2025-01-06 13:46:02,"{""info"": ""Sample log data"", ""session_id"": 8071}"
7046,806,review_submission,9.0,2023-03-28 23:35:57,"{""info"": ""Sample log data"", ""session_id"": 3837}"
7047,411,review_submission,8.0,2022-04-21 11:21:26,"{""info"": ""Sample log data"", ""session_id"": 2050}"
7048,444,click,,2024-12-08 19:12:17,"{""info"": ""Sample log data"", ""session_id"": 9077}"
7049,43,search,8.0,2021-05-17 01:26:16,"{""info"": ""Sample log data"", ""session_id"": 2818}"
7050,830,click,8.0,2021-03-12 19:02:07,"{""info"": ""Sample log data"", ""session_id"": 2395}"
7051,832,booking,,2020-02-29 03:43:45,"{""info"": ""Sample log data"", ""session_id"": 7604}"
7052,773,click,8.0,2020-12-05 10:37:56,"{""info"": ""Sample log data"", ""session_id"": 8025}"
7053,487,click,,2024-10-29 00:16:19,"{""info"": ""Sample log data"", ""session_id"": 3453}"
7054,568,booking,,2024-02-25 19:42:47,"{""info"": ""Sample log data"", ""session_id"": 9512}"
7055,425,search,,2024-04-03 02:54:56,"{""info"": ""Sample log data"", ""session_id"": 5583}"
7056,10,booking,,2020-12-16 21:16:26,"{""info"": ""Sample log data"", ""session_id"": 3097}"
7057,18,review_submission,2.0,2023-03-18 23:59:09,"{""info"": ""Sample log data"", ""session_id"": 9394}"
7058,837,review_submission,,2020-02-09 05:53:39,"{""info"": ""Sample log data"", ""session_id"": 2743}"
7059,277,booking,,2024-02-12 20:36:48,"{""info"": ""Sample log data"", ""session_id"": 2658}"
7060,930,booking,9.0,2024-03-10 14:28:41,"{""info"": ""Sample log data"", ""session_id"": 2607}"
7061,996,click,,2025-01-25 10:40:59,"{""info"": ""Sample log data"", ""session_id"": 9290}"
7062,240,click,12.0,2025-01-09 16:08:41,"{""info"": ""Sample log data"", ""session_id"": 9052}"
7063,909,click,,2022-04-06 07:03:20,"{""info"": ""Sample log data"", ""session_id"": 3601}"
7064,121,booking,2.0,2021-02-19 03:54:22,"{""info"": ""Sample log data"", ""session_id"": 7403}"
7065,69,search,10.0,2021-02-23 12:21:15,"{""info"": ""Sample log data"", ""session_id"": 9641}"
7066,729,click,,2022-09-06 11:34:39,"{""info"": ""Sample log data"", ""session_id"": 7185}"
7067,675,booking,4.0,2024-03-05 04:02:48,"{""info"": ""Sample log data"", ""session_id"": 8010}"
7068,733,review_submission,4.0,2023-08-02 17:26:02,"{""info"": ""Sample log data"", ""session_id"": 6031}"
7069,166,review_submission,,2023-10-30 15:42:22,"{""info"": ""Sample log data"", ""session_id"": 8251}"
7070,217,search,,2021-02-17 02:19:43,"{""info"": ""Sample log data"", ""session_id"": 4311}"
7071,349,click,,2022-01-13 15:33:15,"{""info"": ""Sample log data"", ""session_id"": 5630}"
7072,39,review_submission,,2021-03-16 13:07:32,"{""info"": ""Sample log data"", ""session_id"": 8950}"
7073,411,review_submission,,2024-06-30 01:07:43,"{""info"": ""Sample log data"", ""session_id"": 6039}"
7074,535,review_submission,,2023-04-07 17:18:01,"{""info"": ""Sample log data"", ""session_id"": 5111}"
7075,994,search,4.0,2020-03-13 11:11:47,"{""info"": ""Sample log data"", ""session_id"": 7567}"
7076,412,review_submission,13.0,2021-04-21 20:14:03,"{""info"": ""Sample log data"", ""session_id"": 9126}"
7077,147,booking,6.0,2021-09-20 12:33:19,"{""info"": ""Sample log data"", ""session_id"": 6811}"
7078,892,review_submission,1.0,2020-08-24 15:04:27,"{""info"": ""Sample log data"", ""session_id"": 5267}"
7079,815,search,7.0,2020-06-30 21:33:41,"{""info"": ""Sample log data"", ""session_id"": 8030}"
7080,642,booking,,2020-01-04 22:37:47,"{""info"": ""Sample log data"", ""session_id"": 4342}"
7081,657,review_submission,14.0,2021-04-02 04:15:19,"{""info"": ""Sample log data"", ""session_id"": 8044}"
7082,176,click,,2020-03-08 07:23:12,"{""info"": ""Sample log data"", ""session_id"": 6494}"
7083,756,booking,4.0,2021-07-28 06:54:16,"{""info"": ""Sample log data"", ""session_id"": 7870}"
7084,11,click,,2023-04-23 19:40:34,"{""info"": ""Sample log data"", ""session_id"": 3987}"
7085,291,search,7.0,2023-11-05 01:55:37,"{""info"": ""Sample log data"", ""session_id"": 6502}"
7086,610,booking,,2024-06-20 03:24:07,"{""info"": ""Sample log data"", ""session_id"": 8918}"
7087,869,search,13.0,2021-10-25 18:51:10,"{""info"": ""Sample log data"", ""session_id"": 1298}"
7088,483,search,,2023-03-17 03:21:12,"{""info"": ""Sample log data"", ""session_id"": 6009}"
7089,43,search,,2022-08-07 03:22:08,"{""info"": ""Sample log data"", ""session_id"": 2736}"
7090,382,review_submission,,2021-02-11 07:51:09,"{""info"": ""Sample log data"", ""session_id"": 5700}"
7091,743,search,,2022-04-28 20:01:25,"{""info"": ""Sample log data"", ""session_id"": 2631}"
7092,324,booking,,2022-10-28 10:45:25,"{""info"": ""Sample log data"", ""session_id"": 9058}"
7093,996,review_submission,,2024-11-30 18:51:23,"{""info"": ""Sample log data"", ""session_id"": 7163}"
7094,642,click,14.0,2020-10-24 19:23:13,"{""info"": ""Sample log data"", ""session_id"": 5983}"
7095,569,search,,2022-08-22 22:23:23,"{""info"": ""Sample log data"", ""session_id"": 3722}"
7096,869,booking,12.0,2022-05-28 06:22:37,"{""info"": ""Sample log data"", ""session_id"": 4203}"
7097,411,booking,,2020-09-03 04:31:00,"{""info"": ""Sample log data"", ""session_id"": 2222}"
7098,730,review_submission,1.0,2021-07-04 03:22:53,"{""info"": ""Sample log data"", ""session_id"": 3260}"
7099,156,review_submission,,2023-08-04 01:26:50,"{""info"": ""Sample log data"", ""session_id"": 9076}"
7100,898,click,,2021-02-21 14:50:06,"{""info"": ""Sample log data"", ""session_id"": 5953}"
7101,235,booking,12.0,2023-12-11 05:45:12,"{""info"": ""Sample log data"", ""session_id"": 9899}"
7102,674,search,,2024-06-12 13:14:07,"{""info"": ""Sample log data"", ""session_id"": 1695}"
7103,551,review_submission,,2020-11-17 01:51:39,"{""info"": ""Sample log data"", ""session_id"": 5895}"
7104,418,click,11.0,2020-08-27 01:29:46,"{""info"": ""Sample log data"", ""session_id"": 4642}"
7105,838,review_submission,,2023-01-30 21:01:07,"{""info"": ""Sample log data"", ""session_id"": 8846}"
7106,282,search,3.0,2024-04-28 05:23:19,"{""info"": ""Sample log data"", ""session_id"": 8756}"
7107,439,review_submission,,2022-04-09 14:45:11,"{""info"": ""Sample log data"", ""session_id"": 6051}"
7108,950,review_submission,13.0,2024-08-01 00:45:28,"{""info"": ""Sample log data"", ""session_id"": 7341}"
7109,579,booking,11.0,2021-12-07 17:17:48,"{""info"": ""Sample log data"", ""session_id"": 1849}"
7110,261,search,9.0,2024-04-25 18:23:25,"{""info"": ""Sample log data"", ""session_id"": 7681}"
7111,144,click,,2024-02-05 08:05:00,"{""info"": ""Sample log data"", ""session_id"": 2654}"
7112,289,click,8.0,2024-12-27 18:30:21,"{""info"": ""Sample log data"", ""session_id"": 4570}"
7113,947,search,10.0,2021-07-21 16:24:47,"{""info"": ""Sample log data"", ""session_id"": 2046}"
7114,155,booking,,2021-12-12 23:55:00,"{""info"": ""Sample log data"", ""session_id"": 6489}"
7115,220,click,,2021-01-05 14:10:13,"{""info"": ""Sample log data"", ""session_id"": 3696}"
7116,884,review_submission,,2021-07-06 11:43:59,"{""info"": ""Sample log data"", ""session_id"": 1742}"
7117,436,booking,,2020-05-15 00:12:17,"{""info"": ""Sample log data"", ""session_id"": 1057}"
7118,726,click,,2022-08-01 17:02:41,"{""info"": ""Sample log data"", ""session_id"": 2124}"
7119,72,search,12.0,2021-02-12 22:32:06,"{""info"": ""Sample log data"", ""session_id"": 1472}"
7120,93,booking,1.0,2023-03-13 15:52:14,"{""info"": ""Sample log data"", ""session_id"": 2473}"
7121,883,booking,,2021-04-15 00:19:34,"{""info"": ""Sample log data"", ""session_id"": 8597}"
7122,950,review_submission,11.0,2022-04-28 01:27:18,"{""info"": ""Sample log data"", ""session_id"": 2058}"
7123,915,search,,2021-02-27 18:20:56,"{""info"": ""Sample log data"", ""session_id"": 9543}"
7124,549,review_submission,,2023-09-03 12:29:19,"{""info"": ""Sample log data"", ""session_id"": 9306}"
7125,964,search,13.0,2022-02-22 16:00:16,"{""info"": ""Sample log data"", ""session_id"": 6248}"
7126,160,review_submission,,2020-12-05 12:26:08,"{""info"": ""Sample log data"", ""session_id"": 9223}"
7127,982,booking,,2023-04-09 13:37:51,"{""info"": ""Sample log data"", ""session_id"": 5530}"
7128,97,click,8.0,2024-10-03 16:47:48,"{""info"": ""Sample log data"", ""session_id"": 2758}"
7129,109,click,3.0,2020-08-29 08:49:56,"{""info"": ""Sample log data"", ""session_id"": 5963}"
7130,269,review_submission,,2023-08-07 23:58:39,"{""info"": ""Sample log data"", ""session_id"": 9260}"
7131,34,click,,2023-02-16 00:41:57,"{""info"": ""Sample log data"", ""session_id"": 5389}"
7132,943,booking,,2022-10-19 22:17:48,"{""info"": ""Sample log data"", ""session_id"": 4018}"
7133,878,review_submission,,2020-04-28 03:39:22,"{""info"": ""Sample log data"", ""session_id"": 1930}"
7134,355,review_submission,,2022-05-31 14:08:42,"{""info"": ""Sample log data"", ""session_id"": 4159}"
7135,901,click,10.0,2024-08-08 10:20:58,"{""info"": ""Sample log data"", ""session_id"": 2443}"
7136,724,search,7.0,2025-01-23 20:00:59,"{""info"": ""Sample log data"", ""session_id"": 7733}"
7137,183,click,,2023-09-09 06:04:05,"{""info"": ""Sample log data"", ""session_id"": 2498}"
7138,200,review_submission,,2020-11-13 17:52:35,"{""info"": ""Sample log data"", ""session_id"": 1138}"
7139,925,search,,2022-03-12 06:33:46,"{""info"": ""Sample log data"", ""session_id"": 3430}"
7140,128,click,,2024-05-11 12:50:23,"{""info"": ""Sample log data"", ""session_id"": 7329}"
7141,38,search,,2023-12-21 04:49:34,"{""info"": ""Sample log data"", ""session_id"": 6372}"
7142,458,search,,2022-10-24 00:41:41,"{""info"": ""Sample log data"", ""session_id"": 7319}"
7143,142,click,,2024-03-23 06:49:13,"{""info"": ""Sample log data"", ""session_id"": 7816}"
7144,317,review_submission,14.0,2022-05-26 03:58:01,"{""info"": ""Sample log data"", ""session_id"": 6524}"
7145,468,booking,10.0,2024-12-05 14:46:40,"{""info"": ""Sample log data"", ""session_id"": 6509}"
7146,123,search,,2025-01-27 06:06:16,"{""info"": ""Sample log data"", ""session_id"": 2001}"
7147,367,review_submission,1.0,2021-02-02 04:17:47,"{""info"": ""Sample log data"", ""session_id"": 7385}"
7148,860,review_submission,13.0,2022-11-22 14:59:43,"{""info"": ""Sample log data"", ""session_id"": 2592}"
7149,57,click,,2022-02-09 17:47:58,"{""info"": ""Sample log data"", ""session_id"": 1412}"
7150,522,review_submission,13.0,2022-01-11 21:49:32,"{""info"": ""Sample log data"", ""session_id"": 4717}"
7151,1,click,,2024-02-12 21:20:14,"{""info"": ""Sample log data"", ""session_id"": 8871}"
7152,429,review_submission,,2020-01-17 11:08:19,"{""info"": ""Sample log data"", ""session_id"": 7961}"
7153,962,booking,2.0,2024-04-27 04:14:02,"{""info"": ""Sample log data"", ""session_id"": 1875}"
7154,638,search,,2021-04-29 20:51:43,"{""info"": ""Sample log data"", ""session_id"": 8108}"
7155,508,click,,2024-06-25 21:51:48,"{""info"": ""Sample log data"", ""session_id"": 6549}"
7156,360,search,,2020-04-21 12:21:19,"{""info"": ""Sample log data"", ""session_id"": 4320}"
7157,265,click,5.0,2023-09-26 04:37:14,"{""info"": ""Sample log data"", ""session_id"": 2256}"
7158,680,search,1.0,2022-11-30 20:22:32,"{""info"": ""Sample log data"", ""session_id"": 9066}"
7159,988,search,6.0,2021-11-12 06:08:31,"{""info"": ""Sample log data"", ""session_id"": 6047}"
7160,858,booking,,2022-06-02 12:28:39,"{""info"": ""Sample log data"", ""session_id"": 9039}"
7161,384,search,7.0,2023-06-03 17:06:49,"{""info"": ""Sample log data"", ""session_id"": 6523}"
7162,214,click,,2021-09-28 22:54:14,"{""info"": ""Sample log data"", ""session_id"": 7157}"
7163,958,click,5.0,2020-07-17 06:53:04,"{""info"": ""Sample log data"", ""session_id"": 6961}"
7164,141,booking,,2020-11-10 21:45:08,"{""info"": ""Sample log data"", ""session_id"": 7542}"
7165,363,search,,2021-10-19 01:37:51,"{""info"": ""Sample log data"", ""session_id"": 4726}"
7166,852,search,,2020-07-08 11:12:51,"{""info"": ""Sample log data"", ""session_id"": 7620}"
7167,584,review_submission,6.0,2022-05-07 07:31:09,"{""info"": ""Sample log data"", ""session_id"": 9376}"
7168,145,review_submission,14.0,2023-11-18 00:33:09,"{""info"": ""Sample log data"", ""session_id"": 3314}"
7169,348,review_submission,13.0,2022-02-08 15:02:46,"{""info"": ""Sample log data"", ""session_id"": 1604}"
7170,64,click,11.0,2022-05-15 05:57:45,"{""info"": ""Sample log data"", ""session_id"": 2189}"
7171,94,review_submission,8.0,2023-02-16 05:45:37,"{""info"": ""Sample log data"", ""session_id"": 6766}"
7172,721,click,,2022-01-22 06:47:54,"{""info"": ""Sample log data"", ""session_id"": 2845}"
7173,725,review_submission,,2021-05-02 00:28:32,"{""info"": ""Sample log data"", ""session_id"": 2081}"
7174,107,booking,3.0,2024-12-07 19:27:38,"{""info"": ""Sample log data"", ""session_id"": 3604}"
7175,839,review_submission,12.0,2023-07-28 08:38:38,"{""info"": ""Sample log data"", ""session_id"": 1117}"
7176,592,review_submission,,2021-08-13 21:13:26,"{""info"": ""Sample log data"", ""session_id"": 7076}"
7177,373,search,4.0,2020-03-14 01:50:40,"{""info"": ""Sample log data"", ""session_id"": 4941}"
7178,646,review_submission,,2021-08-27 06:21:40,"{""info"": ""Sample log data"", ""session_id"": 6454}"
7179,610,booking,2.0,2021-11-30 18:35:55,"{""info"": ""Sample log data"", ""session_id"": 1156}"
7180,688,review_submission,,2023-03-22 23:08:50,"{""info"": ""Sample log data"", ""session_id"": 8361}"
7181,309,booking,,2024-02-29 16:41:30,"{""info"": ""Sample log data"", ""session_id"": 1590}"
7182,623,review_submission,5.0,2021-02-28 17:10:10,"{""info"": ""Sample log data"", ""session_id"": 7015}"
7183,424,click,,2020-07-30 00:48:14,"{""info"": ""Sample log data"", ""session_id"": 8121}"
7184,30,click,2.0,2020-07-16 16:20:44,"{""info"": ""Sample log data"", ""session_id"": 2330}"
7185,308,booking,3.0,2024-08-08 01:32:21,"{""info"": ""Sample log data"", ""session_id"": 2291}"
7186,320,booking,,2020-06-25 04:25:32,"{""info"": ""Sample log data"", ""session_id"": 5011}"
7187,142,review_submission,,2020-11-14 21:31:53,"{""info"": ""Sample log data"", ""session_id"": 6613}"
7188,261,review_submission,5.0,2021-04-27 06:03:47,"{""info"": ""Sample log data"", ""session_id"": 6963}"
7189,379,click,14.0,2024-03-31 11:47:09,"{""info"": ""Sample log data"", ""session_id"": 2212}"
7190,923,click,11.0,2024-01-01 04:42:07,"{""info"": ""Sample log data"", ""session_id"": 5958}"
7191,282,search,11.0,2022-07-01 04:03:23,"{""info"": ""Sample log data"", ""session_id"": 9487}"
7192,395,click,,2024-04-28 01:41:05,"{""info"": ""Sample log data"", ""session_id"": 4098}"
7193,135,booking,6.0,2024-06-05 23:42:59,"{""info"": ""Sample log data"", ""session_id"": 2890}"
7194,776,click,13.0,2023-09-10 11:30:53,"{""info"": ""Sample log data"", ""session_id"": 8108}"
7195,827,search,,2020-02-07 03:43:41,"{""info"": ""Sample log data"", ""session_id"": 1448}"
7196,756,click,,2024-08-10 22:36:10,"{""info"": ""Sample log data"", ""session_id"": 8357}"
7197,43,search,8.0,2020-08-24 14:46:44,"{""info"": ""Sample log data"", ""session_id"": 7022}"
7198,711,search,,2023-12-19 04:34:22,"{""info"": ""Sample log data"", ""session_id"": 5637}"
7199,266,search,1.0,2022-09-14 04:18:50,"{""info"": ""Sample log data"", ""session_id"": 5154}"
7200,704,click,11.0,2021-05-17 15:01:20,"{""info"": ""Sample log data"", ""session_id"": 3081}"
7201,168,review_submission,5.0,2021-11-19 15:45:28,"{""info"": ""Sample log data"", ""session_id"": 3548}"
7202,453,click,,2023-01-20 08:44:45,"{""info"": ""Sample log data"", ""session_id"": 1560}"
7203,901,click,9.0,2022-08-04 10:07:23,"{""info"": ""Sample log data"", ""session_id"": 8886}"
7204,435,booking,,2021-07-23 11:52:44,"{""info"": ""Sample log data"", ""session_id"": 4073}"
7205,155,booking,,2024-01-16 21:34:03,"{""info"": ""Sample log data"", ""session_id"": 5849}"
7206,795,click,,2023-10-05 13:14:24,"{""info"": ""Sample log data"", ""session_id"": 2034}"
7207,390,booking,,2022-01-19 16:57:31,"{""info"": ""Sample log data"", ""session_id"": 6635}"
7208,125,booking,,2023-06-11 00:17:47,"{""info"": ""Sample log data"", ""session_id"": 3201}"
7209,400,search,,2021-12-11 19:09:11,"{""info"": ""Sample log data"", ""session_id"": 9245}"
7210,973,booking,,2024-08-09 05:59:56,"{""info"": ""Sample log data"", ""session_id"": 9194}"
7211,347,search,12.0,2021-11-13 16:22:02,"{""info"": ""Sample log data"", ""session_id"": 5387}"
7212,484,review_submission,,2022-04-29 18:03:15,"{""info"": ""Sample log data"", ""session_id"": 6724}"
7213,805,booking,4.0,2021-01-19 05:47:29,"{""info"": ""Sample log data"", ""session_id"": 2151}"
7214,229,search,13.0,2021-03-26 03:44:13,"{""info"": ""Sample log data"", ""session_id"": 2343}"
7215,921,click,,2020-11-10 10:00:22,"{""info"": ""Sample log data"", ""session_id"": 8412}"
7216,430,click,6.0,2024-11-20 09:35:50,"{""info"": ""Sample log data"", ""session_id"": 8464}"
7217,212,search,11.0,2021-04-04 20:00:42,"{""info"": ""Sample log data"", ""session_id"": 9475}"
7218,652,click,4.0,2021-03-21 18:46:10,"{""info"": ""Sample log data"", ""session_id"": 8160}"
7219,334,click,11.0,2020-01-06 06:57:49,"{""info"": ""Sample log data"", ""session_id"": 1905}"
7220,925,review_submission,,2020-08-22 15:34:16,"{""info"": ""Sample log data"", ""session_id"": 1156}"
7221,365,booking,,2020-04-25 06:30:06,"{""info"": ""Sample log data"", ""session_id"": 5488}"
7222,803,click,14.0,2020-06-26 21:36:21,"{""info"": ""Sample log data"", ""session_id"": 9876}"
7223,955,review_submission,,2022-10-24 14:32:02,"{""info"": ""Sample log data"", ""session_id"": 9504}"
7224,978,search,6.0,2022-02-09 21:48:12,"{""info"": ""Sample log data"", ""session_id"": 7193}"
7225,160,click,4.0,2021-10-17 00:35:55,"{""info"": ""Sample log data"", ""session_id"": 7307}"
7226,283,review_submission,,2022-04-11 02:50:53,"{""info"": ""Sample log data"", ""session_id"": 6093}"
7227,442,booking,12.0,2020-02-16 23:05:03,"{""info"": ""Sample log data"", ""session_id"": 6942}"
7228,308,booking,,2021-10-21 19:13:16,"{""info"": ""Sample log data"", ""session_id"": 3462}"
7229,378,review_submission,10.0,2023-06-23 22:19:27,"{""info"": ""Sample log data"", ""session_id"": 4026}"
7230,678,search,,2024-01-20 20:41:14,"{""info"": ""Sample log data"", ""session_id"": 3713}"
7231,426,click,6.0,2021-10-14 11:36:42,"{""info"": ""Sample log data"", ""session_id"": 3119}"
7232,41,review_submission,7.0,2023-11-05 15:46:24,"{""info"": ""Sample log data"", ""session_id"": 3184}"
7233,349,search,8.0,2020-08-03 11:58:32,"{""info"": ""Sample log data"", ""session_id"": 3216}"
7234,792,search,,2020-05-22 02:47:35,"{""info"": ""Sample log data"", ""session_id"": 8792}"
7235,375,click,3.0,2024-01-28 03:07:16,"{""info"": ""Sample log data"", ""session_id"": 3081}"
7236,696,booking,,2025-01-15 12:34:17,"{""info"": ""Sample log data"", ""session_id"": 4667}"
7237,904,search,,2024-04-18 04:11:32,"{""info"": ""Sample log data"", ""session_id"": 8712}"
7238,518,review_submission,,2020-06-14 00:34:00,"{""info"": ""Sample log data"", ""session_id"": 6754}"
7239,239,review_submission,,2023-09-26 14:05:41,"{""info"": ""Sample log data"", ""session_id"": 8464}"
7240,931,search,11.0,2024-02-02 17:34:15,"{""info"": ""Sample log data"", ""session_id"": 4109}"
7241,453,review_submission,8.0,2024-09-21 17:42:14,"{""info"": ""Sample log data"", ""session_id"": 1641}"
7242,208,review_submission,8.0,2024-11-21 13:46:24,"{""info"": ""Sample log data"", ""session_id"": 5110}"
7243,701,review_submission,,2020-04-12 14:21:04,"{""info"": ""Sample log data"", ""session_id"": 2445}"
7244,191,click,,2024-06-23 03:08:52,"{""info"": ""Sample log data"", ""session_id"": 3386}"
7245,981,click,,2023-12-03 04:14:01,"{""info"": ""Sample log data"", ""session_id"": 1599}"
7246,947,click,5.0,2023-09-12 14:46:37,"{""info"": ""Sample log data"", ""session_id"": 3486}"
7247,386,click,,2021-12-20 11:17:43,"{""info"": ""Sample log data"", ""session_id"": 7495}"
7248,320,booking,,2024-07-31 23:29:14,"{""info"": ""Sample log data"", ""session_id"": 8760}"
7249,814,review_submission,,2022-11-18 11:36:52,"{""info"": ""Sample log data"", ""session_id"": 5515}"
7250,125,click,7.0,2024-08-10 03:19:48,"{""info"": ""Sample log data"", ""session_id"": 9615}"
7251,944,search,10.0,2021-05-31 08:22:14,"{""info"": ""Sample log data"", ""session_id"": 1322}"
7252,450,review_submission,,2024-06-24 15:32:27,"{""info"": ""Sample log data"", ""session_id"": 2065}"
7253,488,booking,,2021-02-06 14:11:50,"{""info"": ""Sample log data"", ""session_id"": 6499}"
7254,855,click,10.0,2021-07-20 22:40:19,"{""info"": ""Sample log data"", ""session_id"": 6755}"
7255,330,click,6.0,2020-03-26 13:51:37,"{""info"": ""Sample log data"", ""session_id"": 4153}"
7256,53,review_submission,,2023-06-26 15:07:20,"{""info"": ""Sample log data"", ""session_id"": 1830}"
7257,679,click,,2020-06-23 07:28:57,"{""info"": ""Sample log data"", ""session_id"": 4259}"
7258,985,click,3.0,2022-11-18 09:55:47,"{""info"": ""Sample log data"", ""session_id"": 9206}"
7259,792,click,,2021-10-08 22:02:37,"{""info"": ""Sample log data"", ""session_id"": 1650}"
7260,202,click,,2024-06-18 09:41:01,"{""info"": ""Sample log data"", ""session_id"": 8031}"
7261,477,booking,,2020-03-11 02:09:17,"{""info"": ""Sample log data"", ""session_id"": 5783}"
7262,516,click,,2021-03-03 00:01:24,"{""info"": ""Sample log data"", ""session_id"": 9987}"
7263,703,search,,2020-01-20 22:28:42,"{""info"": ""Sample log data"", ""session_id"": 8100}"
7264,960,search,,2023-12-14 20:22:53,"{""info"": ""Sample log data"", ""session_id"": 2066}"
7265,548,search,,2022-12-09 02:09:14,"{""info"": ""Sample log data"", ""session_id"": 2179}"
7266,867,click,2.0,2022-05-05 23:18:47,"{""info"": ""Sample log data"", ""session_id"": 3676}"
7267,579,review_submission,8.0,2020-02-18 12:06:08,"{""info"": ""Sample log data"", ""session_id"": 8319}"
7268,259,review_submission,,2021-09-26 19:16:36,"{""info"": ""Sample log data"", ""session_id"": 9824}"
7269,999,review_submission,,2020-08-25 20:42:05,"{""info"": ""Sample log data"", ""session_id"": 1996}"
7270,920,review_submission,9.0,2021-06-17 17:55:00,"{""info"": ""Sample log data"", ""session_id"": 8396}"
7271,468,booking,10.0,2024-01-03 21:58:01,"{""info"": ""Sample log data"", ""session_id"": 7955}"
7272,334,booking,9.0,2021-11-15 04:29:55,"{""info"": ""Sample log data"", ""session_id"": 2066}"
7273,420,click,8.0,2022-07-01 18:16:04,"{""info"": ""Sample log data"", ""session_id"": 2650}"
7274,292,search,,2023-07-16 22:15:08,"{""info"": ""Sample log data"", ""session_id"": 3094}"
7275,244,click,4.0,2020-12-07 08:35:27,"{""info"": ""Sample log data"", ""session_id"": 7576}"
7276,511,click,10.0,2020-04-18 03:02:04,"{""info"": ""Sample log data"", ""session_id"": 4844}"
7277,464,click,,2024-03-06 12:16:15,"{""info"": ""Sample log data"", ""session_id"": 1967}"
7278,757,booking,,2020-09-25 05:02:31,"{""info"": ""Sample log data"", ""session_id"": 4204}"
7279,54,review_submission,,2023-02-14 15:22:48,"{""info"": ""Sample log data"", ""session_id"": 3410}"
7280,961,search,11.0,2021-09-07 05:46:41,"{""info"": ""Sample log data"", ""session_id"": 6746}"
7281,629,click,11.0,2023-02-12 22:48:23,"{""info"": ""Sample log data"", ""session_id"": 8834}"
7282,663,search,14.0,2024-12-11 10:10:33,"{""info"": ""Sample log data"", ""session_id"": 3153}"
7283,847,click,7.0,2020-01-07 18:43:49,"{""info"": ""Sample log data"", ""session_id"": 4371}"
7284,56,review_submission,9.0,2024-03-24 01:26:03,"{""info"": ""Sample log data"", ""session_id"": 2085}"
7285,861,review_submission,,2021-04-03 11:17:28,"{""info"": ""Sample log data"", ""session_id"": 5512}"
7286,799,review_submission,2.0,2023-01-01 10:36:56,"{""info"": ""Sample log data"", ""session_id"": 9002}"
7287,625,search,14.0,2021-08-09 15:08:16,"{""info"": ""Sample log data"", ""session_id"": 4111}"
7288,801,search,,2020-03-31 03:16:31,"{""info"": ""Sample log data"", ""session_id"": 4263}"
7289,53,click,,2023-06-05 02:16:49,"{""info"": ""Sample log data"", ""session_id"": 4941}"
7290,915,search,,2020-03-07 20:12:51,"{""info"": ""Sample log data"", ""session_id"": 3786}"
7291,745,search,6.0,2020-06-03 23:18:03,"{""info"": ""Sample log data"", ""session_id"": 9337}"
7292,826,search,,2020-06-20 20:03:23,"{""info"": ""Sample log data"", ""session_id"": 3630}"
7293,471,review_submission,,2024-02-27 17:11:17,"{""info"": ""Sample log data"", ""session_id"": 9943}"
7294,966,search,3.0,2022-02-01 09:22:28,"{""info"": ""Sample log data"", ""session_id"": 3163}"
7295,225,booking,,2021-03-03 07:17:58,"{""info"": ""Sample log data"", ""session_id"": 3391}"
7296,777,click,11.0,2024-01-23 10:13:13,"{""info"": ""Sample log data"", ""session_id"": 9181}"
7297,530,search,7.0,2020-12-13 07:00:44,"{""info"": ""Sample log data"", ""session_id"": 5493}"
7298,977,click,,2023-02-02 01:15:06,"{""info"": ""Sample log data"", ""session_id"": 8074}"
7299,347,review_submission,14.0,2024-01-24 07:47:15,"{""info"": ""Sample log data"", ""session_id"": 7948}"
7300,155,search,,2021-01-09 23:20:03,"{""info"": ""Sample log data"", ""session_id"": 7695}"
7301,224,booking,1.0,2020-07-18 08:36:48,"{""info"": ""Sample log data"", ""session_id"": 5649}"
7302,192,search,,2021-01-08 16:16:26,"{""info"": ""Sample log data"", ""session_id"": 2999}"
7303,873,booking,2.0,2023-04-25 20:14:06,"{""info"": ""Sample log data"", ""session_id"": 5638}"
7304,330,booking,9.0,2020-01-21 07:25:13,"{""info"": ""Sample log data"", ""session_id"": 1406}"
7305,700,booking,13.0,2021-01-29 20:52:41,"{""info"": ""Sample log data"", ""session_id"": 5430}"
7306,260,booking,,2020-10-27 19:46:02,"{""info"": ""Sample log data"", ""session_id"": 6034}"
7307,834,review_submission,6.0,2023-12-14 20:37:28,"{""info"": ""Sample log data"", ""session_id"": 1040}"
7308,640,click,,2024-05-29 01:27:40,"{""info"": ""Sample log data"", ""session_id"": 4842}"
7309,824,click,11.0,2021-06-10 15:43:44,"{""info"": ""Sample log data"", ""session_id"": 4995}"
7310,729,review_submission,,2020-03-17 05:09:52,"{""info"": ""Sample log data"", ""session_id"": 7072}"
7311,209,booking,,2020-07-25 03:46:26,"{""info"": ""Sample log data"", ""session_id"": 9130}"
7312,62,search,,2024-04-04 06:57:48,"{""info"": ""Sample log data"", ""session_id"": 9741}"
7313,875,search,11.0,2021-01-10 04:02:41,"{""info"": ""Sample log data"", ""session_id"": 7117}"
7314,384,booking,,2024-10-03 08:32:39,"{""info"": ""Sample log data"", ""session_id"": 5091}"
7315,882,search,,2021-01-17 19:17:14,"{""info"": ""Sample log data"", ""session_id"": 4343}"
7316,14,search,7.0,2024-09-22 15:50:05,"{""info"": ""Sample log data"", ""session_id"": 9565}"
7317,981,search,5.0,2020-11-17 20:31:43,"{""info"": ""Sample log data"", ""session_id"": 3971}"
7318,909,search,11.0,2023-04-11 04:37:46,"{""info"": ""Sample log data"", ""session_id"": 3008}"
7319,52,search,7.0,2020-05-30 18:25:07,"{""info"": ""Sample log data"", ""session_id"": 3241}"
7320,743,review_submission,,2023-07-23 22:17:46,"{""info"": ""Sample log data"", ""session_id"": 8694}"
7321,450,search,,2024-11-10 05:05:38,"{""info"": ""Sample log data"", ""session_id"": 4184}"
7322,108,review_submission,13.0,2025-01-19 09:39:48,"{""info"": ""Sample log data"", ""session_id"": 4524}"
7323,713,booking,9.0,2023-02-12 11:35:07,"{""info"": ""Sample log data"", ""session_id"": 6951}"
7324,453,booking,10.0,2024-08-10 09:28:41,"{""info"": ""Sample log data"", ""session_id"": 6597}"
7325,451,booking,8.0,2024-03-05 14:12:47,"{""info"": ""Sample log data"", ""session_id"": 8250}"
7326,110,booking,,2022-06-25 13:43:45,"{""info"": ""Sample log data"", ""session_id"": 9546}"
7327,590,review_submission,5.0,2021-04-19 01:35:57,"{""info"": ""Sample log data"", ""session_id"": 3474}"
7328,731,booking,,2024-12-29 11:48:02,"{""info"": ""Sample log data"", ""session_id"": 7330}"
7329,239,search,13.0,2022-10-07 15:20:10,"{""info"": ""Sample log data"", ""session_id"": 9732}"
7330,610,review_submission,1.0,2021-05-10 14:26:26,"{""info"": ""Sample log data"", ""session_id"": 7356}"
7331,208,booking,4.0,2021-04-10 03:52:14,"{""info"": ""Sample log data"", ""session_id"": 8056}"
7332,162,search,,2024-05-10 23:47:29,"{""info"": ""Sample log data"", ""session_id"": 3212}"
7333,258,search,,2021-03-27 10:23:23,"{""info"": ""Sample log data"", ""session_id"": 2151}"
7334,462,click,9.0,2020-06-06 14:25:56,"{""info"": ""Sample log data"", ""session_id"": 2105}"
7335,675,review_submission,4.0,2021-07-21 19:52:25,"{""info"": ""Sample log data"", ""session_id"": 5664}"
7336,809,review_submission,,2021-05-19 14:30:19,"{""info"": ""Sample log data"", ""session_id"": 6596}"
7337,571,review_submission,,2021-12-27 22:00:33,"{""info"": ""Sample log data"", ""session_id"": 1989}"
7338,195,search,,2024-11-02 16:57:21,"{""info"": ""Sample log data"", ""session_id"": 8300}"
7339,797,click,14.0,2024-08-03 01:07:10,"{""info"": ""Sample log data"", ""session_id"": 9356}"
7340,379,booking,,2022-01-21 05:54:39,"{""info"": ""Sample log data"", ""session_id"": 5736}"
7341,235,search,10.0,2024-09-01 14:18:10,"{""info"": ""Sample log data"", ""session_id"": 6810}"
7342,643,review_submission,12.0,2022-05-07 23:14:42,"{""info"": ""Sample log data"", ""session_id"": 7463}"
7343,634,review_submission,,2022-11-21 10:29:09,"{""info"": ""Sample log data"", ""session_id"": 8761}"
7344,63,search,,2021-04-16 20:41:38,"{""info"": ""Sample log data"", ""session_id"": 3182}"
7345,969,review_submission,,2023-03-08 19:14:36,"{""info"": ""Sample log data"", ""session_id"": 8792}"
7346,467,click,1.0,2022-09-24 18:09:45,"{""info"": ""Sample log data"", ""session_id"": 4839}"
7347,425,search,,2022-04-29 09:48:06,"{""info"": ""Sample log data"", ""session_id"": 4615}"
7348,321,click,14.0,2020-04-08 19:19:20,"{""info"": ""Sample log data"", ""session_id"": 2676}"
7349,553,review_submission,,2023-11-04 18:40:41,"{""info"": ""Sample log data"", ""session_id"": 2296}"
7350,168,booking,,2020-08-27 08:31:10,"{""info"": ""Sample log data"", ""session_id"": 2136}"
7351,380,click,11.0,2020-11-30 13:40:02,"{""info"": ""Sample log data"", ""session_id"": 3452}"
7352,720,review_submission,12.0,2023-10-13 08:05:45,"{""info"": ""Sample log data"", ""session_id"": 4168}"
7353,917,review_submission,7.0,2020-06-09 11:53:42,"{""info"": ""Sample log data"", ""session_id"": 7708}"
7354,662,click,8.0,2022-03-14 04:43:07,"{""info"": ""Sample log data"", ""session_id"": 5563}"
7355,466,search,,2024-01-02 00:58:25,"{""info"": ""Sample log data"", ""session_id"": 5259}"
7356,374,search,8.0,2023-09-03 09:57:39,"{""info"": ""Sample log data"", ""session_id"": 3378}"
7357,239,click,6.0,2023-09-13 11:58:45,"{""info"": ""Sample log data"", ""session_id"": 6689}"
7358,691,booking,,2022-11-18 18:11:21,"{""info"": ""Sample log data"", ""session_id"": 8274}"
7359,418,search,2.0,2020-01-25 02:06:49,"{""info"": ""Sample log data"", ""session_id"": 1594}"
7360,892,booking,,2022-09-10 10:13:03,"{""info"": ""Sample log data"", ""session_id"": 6667}"
7361,959,click,,2020-03-04 09:42:47,"{""info"": ""Sample log data"", ""session_id"": 8899}"
7362,818,booking,4.0,2024-07-07 03:50:54,"{""info"": ""Sample log data"", ""session_id"": 8514}"
7363,162,review_submission,14.0,2024-01-17 01:05:28,"{""info"": ""Sample log data"", ""session_id"": 6922}"
7364,621,click,,2021-07-01 03:29:45,"{""info"": ""Sample log data"", ""session_id"": 5686}"
7365,172,click,,2022-02-17 17:10:44,"{""info"": ""Sample log data"", ""session_id"": 3121}"
7366,253,click,9.0,2020-10-28 07:16:28,"{""info"": ""Sample log data"", ""session_id"": 8724}"
7367,65,search,7.0,2024-02-21 09:29:24,"{""info"": ""Sample log data"", ""session_id"": 9603}"
7368,963,search,12.0,2024-08-21 19:42:33,"{""info"": ""Sample log data"", ""session_id"": 8064}"
7369,535,click,9.0,2024-12-19 21:58:21,"{""info"": ""Sample log data"", ""session_id"": 6628}"
7370,788,booking,,2022-11-01 05:10:55,"{""info"": ""Sample log data"", ""session_id"": 9178}"
7371,712,search,,2020-06-21 03:39:21,"{""info"": ""Sample log data"", ""session_id"": 4573}"
7372,777,booking,13.0,2023-02-17 16:06:51,"{""info"": ""Sample log data"", ""session_id"": 9680}"
7373,476,search,5.0,2024-10-28 20:07:19,"{""info"": ""Sample log data"", ""session_id"": 4252}"
7374,831,search,,2021-11-11 22:14:35,"{""info"": ""Sample log data"", ""session_id"": 3127}"
7375,239,click,6.0,2024-10-27 13:34:37,"{""info"": ""Sample log data"", ""session_id"": 6384}"
7376,54,review_submission,3.0,2022-02-04 13:08:46,"{""info"": ""Sample log data"", ""session_id"": 5992}"
7377,280,search,,2024-10-26 03:12:16,"{""info"": ""Sample log data"", ""session_id"": 5003}"
7378,967,click,4.0,2021-10-14 13:40:48,"{""info"": ""Sample log data"", ""session_id"": 8303}"
7379,696,review_submission,4.0,2022-10-11 07:19:05,"{""info"": ""Sample log data"", ""session_id"": 9591}"
7380,61,booking,14.0,2024-12-25 03:17:37,"{""info"": ""Sample log data"", ""session_id"": 9698}"
7381,617,booking,10.0,2022-05-29 15:47:50,"{""info"": ""Sample log data"", ""session_id"": 9478}"
7382,550,search,,2020-07-26 19:34:51,"{""info"": ""Sample log data"", ""session_id"": 6734}"
7383,351,review_submission,,2023-06-07 05:17:05,"{""info"": ""Sample log data"", ""session_id"": 5931}"
7384,137,click,8.0,2020-06-11 12:51:41,"{""info"": ""Sample log data"", ""session_id"": 1609}"
7385,426,click,,2023-12-10 03:23:38,"{""info"": ""Sample log data"", ""session_id"": 1625}"
7386,285,review_submission,,2021-03-12 14:44:45,"{""info"": ""Sample log data"", ""session_id"": 9690}"
7387,935,search,5.0,2021-03-13 18:30:46,"{""info"": ""Sample log data"", ""session_id"": 5776}"
7388,926,booking,,2021-10-28 08:48:34,"{""info"": ""Sample log data"", ""session_id"": 4204}"
7389,651,review_submission,8.0,2024-05-04 11:31:21,"{""info"": ""Sample log data"", ""session_id"": 1310}"
7390,953,booking,,2020-05-06 13:43:29,"{""info"": ""Sample log data"", ""session_id"": 2859}"
7391,250,search,,2023-08-28 11:37:56,"{""info"": ""Sample log data"", ""session_id"": 1179}"
7392,939,booking,10.0,2024-12-26 11:02:59,"{""info"": ""Sample log data"", ""session_id"": 2607}"
7393,756,review_submission,,2020-03-07 07:37:06,"{""info"": ""Sample log data"", ""session_id"": 6435}"
7394,467,review_submission,4.0,2020-03-04 13:18:18,"{""info"": ""Sample log data"", ""session_id"": 9260}"
7395,54,click,8.0,2021-12-09 13:48:50,"{""info"": ""Sample log data"", ""session_id"": 7916}"
7396,171,click,,2024-02-19 11:10:05,"{""info"": ""Sample log data"", ""session_id"": 9525}"
7397,290,search,10.0,2022-02-13 06:23:38,"{""info"": ""Sample log data"", ""session_id"": 3435}"
7398,132,click,2.0,2021-11-15 21:37:08,"{""info"": ""Sample log data"", ""session_id"": 9304}"
7399,521,review_submission,10.0,2024-09-19 23:05:39,"{""info"": ""Sample log data"", ""session_id"": 7632}"
7400,444,search,8.0,2022-08-16 12:01:26,"{""info"": ""Sample log data"", ""session_id"": 2307}"
7401,708,booking,8.0,2022-02-24 06:23:30,"{""info"": ""Sample log data"", ""session_id"": 2453}"
7402,947,review_submission,,2024-04-26 01:11:32,"{""info"": ""Sample log data"", ""session_id"": 5192}"
7403,359,click,,2024-10-26 05:23:53,"{""info"": ""Sample log data"", ""session_id"": 9332}"
7404,677,search,11.0,2022-12-21 05:09:52,"{""info"": ""Sample log data"", ""session_id"": 4270}"
7405,748,booking,,2021-11-20 17:13:18,"{""info"": ""Sample log data"", ""session_id"": 5815}"
7406,509,booking,10.0,2021-10-21 03:23:20,"{""info"": ""Sample log data"", ""session_id"": 1681}"
7407,704,search,13.0,2024-01-03 17:02:57,"{""info"": ""Sample log data"", ""session_id"": 4806}"
7408,277,booking,,2020-08-10 05:15:34,"{""info"": ""Sample log data"", ""session_id"": 4676}"
7409,604,search,,2021-06-07 11:51:21,"{""info"": ""Sample log data"", ""session_id"": 7360}"
7410,466,booking,,2022-02-12 17:43:23,"{""info"": ""Sample log data"", ""session_id"": 4688}"
7411,630,review_submission,,2024-11-17 20:02:34,"{""info"": ""Sample log data"", ""session_id"": 2281}"
7412,452,search,11.0,2024-02-02 23:54:28,"{""info"": ""Sample log data"", ""session_id"": 2612}"
7413,325,click,14.0,2023-11-07 02:05:00,"{""info"": ""Sample log data"", ""session_id"": 4845}"
7414,494,click,12.0,2023-07-09 00:22:58,"{""info"": ""Sample log data"", ""session_id"": 4269}"
7415,924,review_submission,,2020-12-08 10:44:30,"{""info"": ""Sample log data"", ""session_id"": 7231}"
7416,576,search,4.0,2022-11-19 21:58:25,"{""info"": ""Sample log data"", ""session_id"": 9610}"
7417,107,review_submission,9.0,2020-03-31 15:17:47,"{""info"": ""Sample log data"", ""session_id"": 6880}"
7418,158,booking,,2020-02-08 15:45:25,"{""info"": ""Sample log data"", ""session_id"": 4079}"
7419,322,review_submission,11.0,2023-02-12 11:18:13,"{""info"": ""Sample log data"", ""session_id"": 6090}"
7420,183,search,13.0,2021-09-13 16:45:10,"{""info"": ""Sample log data"", ""session_id"": 6539}"
7421,485,review_submission,,2022-03-24 11:42:55,"{""info"": ""Sample log data"", ""session_id"": 5862}"
7422,24,search,,2024-12-20 08:47:34,"{""info"": ""Sample log data"", ""session_id"": 8989}"
7423,620,booking,4.0,2022-11-25 07:10:48,"{""info"": ""Sample log data"", ""session_id"": 3808}"
7424,167,review_submission,12.0,2020-12-08 09:40:00,"{""info"": ""Sample log data"", ""session_id"": 1212}"
7425,695,review_submission,,2022-12-26 12:31:49,"{""info"": ""Sample log data"", ""session_id"": 6586}"
7426,960,search,,2022-01-05 09:00:57,"{""info"": ""Sample log data"", ""session_id"": 1158}"
7427,184,search,,2024-07-27 10:26:01,"{""info"": ""Sample log data"", ""session_id"": 7637}"
7428,810,booking,11.0,2021-08-09 06:43:01,"{""info"": ""Sample log data"", ""session_id"": 3563}"
7429,52,booking,3.0,2022-06-17 00:59:19,"{""info"": ""Sample log data"", ""session_id"": 3616}"
7430,152,booking,8.0,2022-03-23 19:00:59,"{""info"": ""Sample log data"", ""session_id"": 3564}"
7431,535,booking,,2020-05-30 22:07:07,"{""info"": ""Sample log data"", ""session_id"": 2233}"
7432,206,review_submission,8.0,2022-07-07 17:12:56,"{""info"": ""Sample log data"", ""session_id"": 6508}"
7433,21,click,3.0,2020-03-09 07:46:00,"{""info"": ""Sample log data"", ""session_id"": 9648}"
7434,325,review_submission,6.0,2020-07-20 15:11:24,"{""info"": ""Sample log data"", ""session_id"": 4705}"
7435,164,review_submission,,2022-05-09 18:45:04,"{""info"": ""Sample log data"", ""session_id"": 7144}"
7436,314,click,2.0,2021-01-26 05:28:25,"{""info"": ""Sample log data"", ""session_id"": 2901}"
7437,757,click,,2023-09-15 15:29:02,"{""info"": ""Sample log data"", ""session_id"": 6595}"
7438,941,click,,2024-03-11 12:27:06,"{""info"": ""Sample log data"", ""session_id"": 2868}"
7439,660,review_submission,,2021-02-26 13:26:20,"{""info"": ""Sample log data"", ""session_id"": 1210}"
7440,534,click,,2021-08-19 07:41:56,"{""info"": ""Sample log data"", ""session_id"": 5108}"
7441,570,click,,2024-06-02 11:21:26,"{""info"": ""Sample log data"", ""session_id"": 1270}"
7442,505,booking,,2024-04-11 02:46:09,"{""info"": ""Sample log data"", ""session_id"": 1144}"
7443,123,review_submission,6.0,2020-10-23 03:18:00,"{""info"": ""Sample log data"", ""session_id"": 8636}"
7444,490,booking,,2022-12-16 12:36:32,"{""info"": ""Sample log data"", ""session_id"": 1530}"
7445,226,search,7.0,2023-01-16 06:41:49,"{""info"": ""Sample log data"", ""session_id"": 8499}"
7446,196,review_submission,,2020-02-13 13:06:22,"{""info"": ""Sample log data"", ""session_id"": 7837}"
7447,574,search,2.0,2020-03-21 14:25:45,"{""info"": ""Sample log data"", ""session_id"": 1309}"
7448,216,search,14.0,2025-01-24 17:09:50,"{""info"": ""Sample log data"", ""session_id"": 8546}"
7449,747,search,,2023-10-08 12:31:11,"{""info"": ""Sample log data"", ""session_id"": 7650}"
7450,347,booking,,2020-04-27 04:39:30,"{""info"": ""Sample log data"", ""session_id"": 9852}"
7451,570,booking,1.0,2024-03-04 03:24:26,"{""info"": ""Sample log data"", ""session_id"": 3663}"
7452,70,click,,2020-10-12 10:26:56,"{""info"": ""Sample log data"", ""session_id"": 1279}"
7453,533,booking,9.0,2024-12-26 03:09:48,"{""info"": ""Sample log data"", ""session_id"": 7680}"
7454,18,booking,7.0,2020-06-22 04:30:19,"{""info"": ""Sample log data"", ""session_id"": 9181}"
7455,238,booking,4.0,2021-06-05 19:18:47,"{""info"": ""Sample log data"", ""session_id"": 2633}"
7456,376,review_submission,,2021-09-10 14:24:59,"{""info"": ""Sample log data"", ""session_id"": 8965}"
7457,431,click,,2021-02-02 20:22:39,"{""info"": ""Sample log data"", ""session_id"": 4997}"
7458,520,search,,2024-01-10 11:02:58,"{""info"": ""Sample log data"", ""session_id"": 6031}"
7459,937,click,12.0,2023-01-11 23:28:59,"{""info"": ""Sample log data"", ""session_id"": 6331}"
7460,827,review_submission,,2022-01-09 00:06:51,"{""info"": ""Sample log data"", ""session_id"": 9670}"
7461,235,booking,,2022-12-06 05:12:10,"{""info"": ""Sample log data"", ""session_id"": 5136}"
7462,74,click,13.0,2024-01-04 17:51:51,"{""info"": ""Sample log data"", ""session_id"": 5491}"
7463,893,booking,4.0,2024-11-09 08:37:43,"{""info"": ""Sample log data"", ""session_id"": 8945}"
7464,583,click,12.0,2021-07-31 03:38:14,"{""info"": ""Sample log data"", ""session_id"": 3240}"
7465,959,click,2.0,2021-12-30 22:46:10,"{""info"": ""Sample log data"", ""session_id"": 8419}"
7466,915,search,11.0,2021-04-29 23:56:05,"{""info"": ""Sample log data"", ""session_id"": 3260}"
7467,538,review_submission,13.0,2021-07-16 06:46:28,"{""info"": ""Sample log data"", ""session_id"": 8107}"
7468,32,search,,2021-03-07 16:23:33,"{""info"": ""Sample log data"", ""session_id"": 2001}"
7469,434,search,,2020-12-05 09:49:49,"{""info"": ""Sample log data"", ""session_id"": 1396}"
7470,829,review_submission,,2024-01-12 11:10:36,"{""info"": ""Sample log data"", ""session_id"": 8569}"
7471,346,click,3.0,2024-09-02 17:24:37,"{""info"": ""Sample log data"", ""session_id"": 7436}"
7472,197,review_submission,8.0,2023-06-06 09:55:13,"{""info"": ""Sample log data"", ""session_id"": 5841}"
7473,149,search,,2024-01-04 07:17:31,"{""info"": ""Sample log data"", ""session_id"": 3628}"
7474,880,click,9.0,2022-04-09 06:20:17,"{""info"": ""Sample log data"", ""session_id"": 4661}"
7475,406,search,,2021-08-04 14:31:05,"{""info"": ""Sample log data"", ""session_id"": 4472}"
7476,568,search,,2020-10-02 23:45:27,"{""info"": ""Sample log data"", ""session_id"": 2353}"
7477,536,search,10.0,2024-01-14 08:43:22,"{""info"": ""Sample log data"", ""session_id"": 5905}"
7478,327,booking,12.0,2023-10-28 10:36:16,"{""info"": ""Sample log data"", ""session_id"": 6243}"
7479,654,click,8.0,2020-03-15 23:42:51,"{""info"": ""Sample log data"", ""session_id"": 5118}"
7480,952,search,1.0,2021-09-14 22:19:03,"{""info"": ""Sample log data"", ""session_id"": 4591}"
7481,867,review_submission,13.0,2024-10-10 12:03:18,"{""info"": ""Sample log data"", ""session_id"": 7196}"
7482,294,search,,2021-01-26 03:54:23,"{""info"": ""Sample log data"", ""session_id"": 9040}"
7483,483,search,4.0,2020-08-08 16:33:38,"{""info"": ""Sample log data"", ""session_id"": 4669}"
7484,974,review_submission,,2024-12-12 23:20:57,"{""info"": ""Sample log data"", ""session_id"": 1338}"
7485,825,click,,2023-10-31 13:13:48,"{""info"": ""Sample log data"", ""session_id"": 2235}"
7486,434,review_submission,3.0,2020-08-11 22:13:15,"{""info"": ""Sample log data"", ""session_id"": 1492}"
7487,78,search,,2022-12-31 07:22:08,"{""info"": ""Sample log data"", ""session_id"": 5449}"
7488,12,booking,,2022-03-17 00:06:02,"{""info"": ""Sample log data"", ""session_id"": 5693}"
7489,529,review_submission,14.0,2021-11-16 03:44:02,"{""info"": ""Sample log data"", ""session_id"": 2406}"
7490,712,review_submission,,2022-04-11 16:49:08,"{""info"": ""Sample log data"", ""session_id"": 8922}"
7491,298,search,,2021-07-21 06:13:19,"{""info"": ""Sample log data"", ""session_id"": 4993}"
7492,146,booking,4.0,2024-02-11 04:46:03,"{""info"": ""Sample log data"", ""session_id"": 5070}"
7493,407,click,4.0,2022-10-24 18:00:02,"{""info"": ""Sample log data"", ""session_id"": 8285}"
7494,411,click,13.0,2023-12-06 14:44:32,"{""info"": ""Sample log data"", ""session_id"": 3729}"
7495,396,review_submission,14.0,2021-01-14 13:28:52,"{""info"": ""Sample log data"", ""session_id"": 9734}"
7496,735,booking,,2021-06-22 02:47:22,"{""info"": ""Sample log data"", ""session_id"": 2659}"
7497,963,review_submission,,2021-11-19 19:35:13,"{""info"": ""Sample log data"", ""session_id"": 6867}"
7498,951,review_submission,,2024-07-27 12:42:05,"{""info"": ""Sample log data"", ""session_id"": 9060}"
7499,289,click,,2021-09-25 08:05:59,"{""info"": ""Sample log data"", ""session_id"": 5785}"
7500,600,search,10.0,2022-02-28 00:42:01,"{""info"": ""Sample log data"", ""session_id"": 3335}"
7501,396,click,7.0,2022-08-12 02:30:45,"{""info"": ""Sample log data"", ""session_id"": 5172}"
7502,307,click,,2020-12-12 10:04:56,"{""info"": ""Sample log data"", ""session_id"": 1298}"
7503,868,booking,,2024-07-04 00:01:18,"{""info"": ""Sample log data"", ""session_id"": 7387}"
7504,12,search,10.0,2023-11-09 21:19:32,"{""info"": ""Sample log data"", ""session_id"": 9033}"
7505,804,click,,2024-03-31 02:10:27,"{""info"": ""Sample log data"", ""session_id"": 6193}"
7506,658,review_submission,7.0,2024-03-06 16:29:36,"{""info"": ""Sample log data"", ""session_id"": 4189}"
7507,318,booking,,2021-01-21 09:47:55,"{""info"": ""Sample log data"", ""session_id"": 1381}"
7508,476,search,8.0,2023-06-22 09:33:13,"{""info"": ""Sample log data"", ""session_id"": 6761}"
7509,332,search,,2022-07-31 11:50:57,"{""info"": ""Sample log data"", ""session_id"": 8804}"
7510,138,click,4.0,2022-03-23 06:02:50,"{""info"": ""Sample log data"", ""session_id"": 7752}"
7511,698,booking,13.0,2020-05-23 07:19:46,"{""info"": ""Sample log data"", ""session_id"": 3485}"
7512,14,review_submission,,2024-02-23 06:43:42,"{""info"": ""Sample log data"", ""session_id"": 8054}"
7513,981,review_submission,,2022-12-20 11:21:01,"{""info"": ""Sample log data"", ""session_id"": 9555}"
7514,83,click,5.0,2022-07-09 12:01:03,"{""info"": ""Sample log data"", ""session_id"": 5440}"
7515,475,review_submission,,2021-06-07 02:58:41,"{""info"": ""Sample log data"", ""session_id"": 4799}"
7516,407,review_submission,7.0,2023-10-19 02:18:25,"{""info"": ""Sample log data"", ""session_id"": 8003}"
7517,123,click,,2023-01-03 05:42:32,"{""info"": ""Sample log data"", ""session_id"": 9087}"
7518,509,review_submission,,2020-06-26 03:48:07,"{""info"": ""Sample log data"", ""session_id"": 5137}"
7519,635,booking,13.0,2023-05-14 23:32:56,"{""info"": ""Sample log data"", ""session_id"": 3730}"
7520,358,search,12.0,2020-09-26 20:05:26,"{""info"": ""Sample log data"", ""session_id"": 6684}"
7521,677,booking,,2021-07-05 09:37:24,"{""info"": ""Sample log data"", ""session_id"": 3306}"
7522,467,search,11.0,2023-06-13 02:27:38,"{""info"": ""Sample log data"", ""session_id"": 3355}"
7523,265,search,,2023-09-08 17:17:02,"{""info"": ""Sample log data"", ""session_id"": 8886}"
7524,481,click,4.0,2024-12-16 13:50:39,"{""info"": ""Sample log data"", ""session_id"": 6565}"
7525,807,search,,2024-10-07 02:27:06,"{""info"": ""Sample log data"", ""session_id"": 7330}"
7526,985,click,,2021-09-18 19:39:02,"{""info"": ""Sample log data"", ""session_id"": 2772}"
7527,271,search,,2020-04-15 18:41:29,"{""info"": ""Sample log data"", ""session_id"": 4161}"
7528,706,review_submission,,2020-09-09 20:13:04,"{""info"": ""Sample log data"", ""session_id"": 5911}"
7529,838,search,3.0,2020-07-26 18:52:09,"{""info"": ""Sample log data"", ""session_id"": 2212}"
7530,785,search,,2024-02-20 08:38:22,"{""info"": ""Sample log data"", ""session_id"": 4770}"
7531,896,review_submission,,2021-06-27 09:40:06,"{""info"": ""Sample log data"", ""session_id"": 4858}"
7532,466,booking,,2021-01-14 03:21:20,"{""info"": ""Sample log data"", ""session_id"": 2893}"
7533,343,booking,,2024-12-19 19:25:52,"{""info"": ""Sample log data"", ""session_id"": 8826}"
7534,787,click,,2020-01-31 04:26:33,"{""info"": ""Sample log data"", ""session_id"": 1052}"
7535,532,search,2.0,2023-01-12 12:37:18,"{""info"": ""Sample log data"", ""session_id"": 3313}"
7536,94,click,5.0,2024-01-26 18:12:36,"{""info"": ""Sample log data"", ""session_id"": 7932}"
7537,741,review_submission,,2020-11-11 02:35:16,"{""info"": ""Sample log data"", ""session_id"": 9711}"
7538,399,review_submission,,2021-09-18 10:22:56,"{""info"": ""Sample log data"", ""session_id"": 4989}"
7539,530,click,8.0,2021-09-26 00:16:35,"{""info"": ""Sample log data"", ""session_id"": 3012}"
7540,47,review_submission,,2023-09-22 14:54:07,"{""info"": ""Sample log data"", ""session_id"": 7552}"
7541,26,click,2.0,2023-12-30 03:49:32,"{""info"": ""Sample log data"", ""session_id"": 8267}"
7542,469,click,,2022-02-04 22:02:44,"{""info"": ""Sample log data"", ""session_id"": 4863}"
7543,592,review_submission,5.0,2022-04-19 03:26:59,"{""info"": ""Sample log data"", ""session_id"": 6059}"
7544,93,click,,2024-01-30 20:50:25,"{""info"": ""Sample log data"", ""session_id"": 9780}"
7545,566,search,,2021-03-09 23:13:54,"{""info"": ""Sample log data"", ""session_id"": 1935}"
7546,629,click,6.0,2023-02-05 19:44:54,"{""info"": ""Sample log data"", ""session_id"": 2176}"
7547,159,search,,2023-01-18 06:18:18,"{""info"": ""Sample log data"", ""session_id"": 6580}"
7548,320,review_submission,8.0,2020-02-02 13:43:45,"{""info"": ""Sample log data"", ""session_id"": 5689}"
7549,487,booking,,2020-05-14 14:49:55,"{""info"": ""Sample log data"", ""session_id"": 2624}"
7550,136,search,,2020-04-11 00:56:06,"{""info"": ""Sample log data"", ""session_id"": 4139}"
7551,281,search,,2021-09-01 10:18:30,"{""info"": ""Sample log data"", ""session_id"": 9828}"
7552,429,search,1.0,2020-01-28 14:58:16,"{""info"": ""Sample log data"", ""session_id"": 9681}"
7553,205,search,,2021-08-25 11:13:52,"{""info"": ""Sample log data"", ""session_id"": 6621}"
7554,771,click,,2024-09-25 02:36:09,"{""info"": ""Sample log data"", ""session_id"": 1358}"
7555,47,booking,7.0,2024-04-29 19:31:42,"{""info"": ""Sample log data"", ""session_id"": 9729}"
7556,418,click,,2020-09-22 19:53:33,"{""info"": ""Sample log data"", ""session_id"": 7300}"
7557,144,booking,13.0,2022-03-23 15:43:20,"{""info"": ""Sample log data"", ""session_id"": 5306}"
7558,450,booking,7.0,2023-01-22 13:52:11,"{""info"": ""Sample log data"", ""session_id"": 9119}"
7559,594,click,4.0,2020-07-14 20:55:25,"{""info"": ""Sample log data"", ""session_id"": 9885}"
7560,203,booking,,2024-08-01 19:55:29,"{""info"": ""Sample log data"", ""session_id"": 6640}"
7561,202,click,,2023-03-11 14:30:36,"{""info"": ""Sample log data"", ""session_id"": 3064}"
7562,717,booking,,2020-09-14 00:37:28,"{""info"": ""Sample log data"", ""session_id"": 8632}"
7563,926,review_submission,4.0,2024-08-16 20:15:02,"{""info"": ""Sample log data"", ""session_id"": 3941}"
7564,475,review_submission,,2023-07-05 05:53:25,"{""info"": ""Sample log data"", ""session_id"": 9397}"
7565,481,review_submission,,2021-09-20 14:34:34,"{""info"": ""Sample log data"", ""session_id"": 8621}"
7566,705,booking,7.0,2024-05-27 18:15:41,"{""info"": ""Sample log data"", ""session_id"": 6281}"
7567,757,review_submission,,2021-03-20 10:34:37,"{""info"": ""Sample log data"", ""session_id"": 2940}"
7568,960,review_submission,14.0,2022-08-02 20:24:12,"{""info"": ""Sample log data"", ""session_id"": 9613}"
7569,488,review_submission,,2024-06-07 18:39:33,"{""info"": ""Sample log data"", ""session_id"": 1390}"
7570,128,search,6.0,2020-10-15 08:14:03,"{""info"": ""Sample log data"", ""session_id"": 9284}"
7571,292,click,,2022-08-03 18:35:16,"{""info"": ""Sample log data"", ""session_id"": 3026}"
7572,759,search,3.0,2020-06-05 21:18:37,"{""info"": ""Sample log data"", ""session_id"": 6991}"
7573,548,click,,2024-01-20 11:28:39,"{""info"": ""Sample log data"", ""session_id"": 9572}"
7574,22,click,6.0,2023-03-15 10:27:05,"{""info"": ""Sample log data"", ""session_id"": 3835}"
7575,744,review_submission,4.0,2023-10-04 21:53:11,"{""info"": ""Sample log data"", ""session_id"": 7495}"
7576,995,search,,2020-04-21 22:00:45,"{""info"": ""Sample log data"", ""session_id"": 7519}"
7577,149,booking,1.0,2024-01-04 12:38:57,"{""info"": ""Sample log data"", ""session_id"": 3748}"
7578,893,review_submission,2.0,2024-07-31 17:07:22,"{""info"": ""Sample log data"", ""session_id"": 2001}"
7579,624,booking,7.0,2023-03-15 01:21:15,"{""info"": ""Sample log data"", ""session_id"": 4891}"
7580,743,click,4.0,2021-08-25 21:53:46,"{""info"": ""Sample log data"", ""session_id"": 8065}"
7581,503,click,,2022-03-05 01:28:25,"{""info"": ""Sample log data"", ""session_id"": 1781}"
7582,84,review_submission,4.0,2020-08-04 15:30:03,"{""info"": ""Sample log data"", ""session_id"": 2470}"
7583,789,click,1.0,2023-12-13 04:03:08,"{""info"": ""Sample log data"", ""session_id"": 3771}"
7584,183,search,7.0,2020-07-27 22:06:42,"{""info"": ""Sample log data"", ""session_id"": 9003}"
7585,303,search,10.0,2024-08-28 16:53:19,"{""info"": ""Sample log data"", ""session_id"": 3100}"
7586,677,review_submission,4.0,2022-05-17 07:55:20,"{""info"": ""Sample log data"", ""session_id"": 1257}"
7587,621,booking,,2022-01-29 08:32:21,"{""info"": ""Sample log data"", ""session_id"": 6246}"
7588,298,review_submission,10.0,2022-02-14 11:23:44,"{""info"": ""Sample log data"", ""session_id"": 3283}"
7589,393,review_submission,,2021-04-18 00:19:46,"{""info"": ""Sample log data"", ""session_id"": 7957}"
7590,913,review_submission,14.0,2025-01-09 23:08:39,"{""info"": ""Sample log data"", ""session_id"": 1281}"
7591,890,review_submission,5.0,2023-04-11 19:06:56,"{""info"": ""Sample log data"", ""session_id"": 7932}"
7592,209,click,9.0,2021-06-25 19:57:39,"{""info"": ""Sample log data"", ""session_id"": 3426}"
7593,541,search,1.0,2021-11-22 07:25:22,"{""info"": ""Sample log data"", ""session_id"": 8740}"
7594,57,review_submission,1.0,2020-08-09 14:25:49,"{""info"": ""Sample log data"", ""session_id"": 5682}"
7595,68,review_submission,11.0,2022-02-12 08:16:58,"{""info"": ""Sample log data"", ""session_id"": 7382}"
7596,116,click,4.0,2021-09-19 02:25:10,"{""info"": ""Sample log data"", ""session_id"": 9968}"
7597,94,booking,,2024-12-16 15:34:07,"{""info"": ""Sample log data"", ""session_id"": 8237}"
7598,360,search,,2021-05-05 03:58:11,"{""info"": ""Sample log data"", ""session_id"": 4951}"
7599,792,booking,,2021-04-14 01:14:57,"{""info"": ""Sample log data"", ""session_id"": 6702}"
7600,22,review_submission,8.0,2021-11-28 23:00:55,"{""info"": ""Sample log data"", ""session_id"": 3321}"
7601,137,click,8.0,2024-12-05 00:29:08,"{""info"": ""Sample log data"", ""session_id"": 1264}"
7602,906,click,2.0,2022-08-18 04:07:50,"{""info"": ""Sample log data"", ""session_id"": 7414}"
7603,320,booking,4.0,2020-09-16 15:36:29,"{""info"": ""Sample log data"", ""session_id"": 6390}"
7604,693,click,,2024-10-07 10:14:47,"{""info"": ""Sample log data"", ""session_id"": 4677}"
7605,860,click,12.0,2023-08-09 01:24:46,"{""info"": ""Sample log data"", ""session_id"": 6911}"
7606,41,search,2.0,2024-06-27 20:43:59,"{""info"": ""Sample log data"", ""session_id"": 2156}"
7607,518,booking,11.0,2023-04-18 21:49:28,"{""info"": ""Sample log data"", ""session_id"": 5909}"
7608,342,search,4.0,2020-06-26 19:55:12,"{""info"": ""Sample log data"", ""session_id"": 7348}"
7609,477,search,11.0,2022-06-01 09:32:45,"{""info"": ""Sample log data"", ""session_id"": 7690}"
7610,573,search,7.0,2023-04-07 20:04:16,"{""info"": ""Sample log data"", ""session_id"": 6681}"
7611,406,search,3.0,2024-03-11 13:12:11,"{""info"": ""Sample log data"", ""session_id"": 6096}"
7612,484,click,,2021-07-12 19:36:19,"{""info"": ""Sample log data"", ""session_id"": 4470}"
7613,312,search,,2024-03-21 11:54:40,"{""info"": ""Sample log data"", ""session_id"": 3443}"
7614,493,booking,11.0,2024-08-29 18:14:27,"{""info"": ""Sample log data"", ""session_id"": 7843}"
7615,399,review_submission,12.0,2023-10-13 13:15:04,"{""info"": ""Sample log data"", ""session_id"": 4410}"
7616,845,booking,11.0,2020-11-13 13:33:18,"{""info"": ""Sample log data"", ""session_id"": 9804}"
7617,924,search,12.0,2020-12-03 13:54:15,"{""info"": ""Sample log data"", ""session_id"": 7511}"
7618,944,click,14.0,2024-03-28 11:26:04,"{""info"": ""Sample log data"", ""session_id"": 7090}"
7619,251,booking,3.0,2022-10-20 14:40:00,"{""info"": ""Sample log data"", ""session_id"": 7730}"
7620,416,search,8.0,2023-01-18 14:18:56,"{""info"": ""Sample log data"", ""session_id"": 3815}"
7621,406,review_submission,,2022-12-31 07:54:39,"{""info"": ""Sample log data"", ""session_id"": 3891}"
7622,637,search,6.0,2020-04-29 02:59:27,"{""info"": ""Sample log data"", ""session_id"": 4187}"
7623,407,search,1.0,2022-04-14 22:58:40,"{""info"": ""Sample log data"", ""session_id"": 8124}"
7624,962,search,,2020-12-04 16:17:46,"{""info"": ""Sample log data"", ""session_id"": 1035}"
7625,964,search,,2020-01-11 03:48:21,"{""info"": ""Sample log data"", ""session_id"": 1761}"
7626,640,review_submission,,2022-04-23 09:27:14,"{""info"": ""Sample log data"", ""session_id"": 7856}"
7627,147,review_submission,,2023-11-16 09:53:10,"{""info"": ""Sample log data"", ""session_id"": 6750}"
7628,820,click,14.0,2023-01-27 10:33:26,"{""info"": ""Sample log data"", ""session_id"": 5008}"
7629,945,booking,,2020-08-31 06:45:43,"{""info"": ""Sample log data"", ""session_id"": 7049}"
7630,863,review_submission,12.0,2021-12-31 00:39:03,"{""info"": ""Sample log data"", ""session_id"": 9124}"
7631,267,click,,2022-05-29 11:46:46,"{""info"": ""Sample log data"", ""session_id"": 3443}"
7632,666,booking,9.0,2024-12-10 12:38:28,"{""info"": ""Sample log data"", ""session_id"": 6175}"
7633,630,review_submission,,2023-08-24 13:41:05,"{""info"": ""Sample log data"", ""session_id"": 6341}"
7634,92,booking,,2023-03-22 11:19:14,"{""info"": ""Sample log data"", ""session_id"": 4461}"
7635,935,search,,2020-04-01 22:21:23,"{""info"": ""Sample log data"", ""session_id"": 4337}"
7636,190,booking,,2024-09-29 18:49:50,"{""info"": ""Sample log data"", ""session_id"": 5963}"
7637,108,review_submission,,2021-12-04 20:50:49,"{""info"": ""Sample log data"", ""session_id"": 6837}"
7638,137,click,9.0,2024-07-02 11:53:02,"{""info"": ""Sample log data"", ""session_id"": 3632}"
7639,882,click,,2021-08-21 07:59:55,"{""info"": ""Sample log data"", ""session_id"": 1624}"
7640,679,click,6.0,2020-05-03 04:19:44,"{""info"": ""Sample log data"", ""session_id"": 1189}"
7641,669,click,13.0,2022-06-19 15:09:41,"{""info"": ""Sample log data"", ""session_id"": 3649}"
7642,687,review_submission,10.0,2024-08-11 18:05:06,"{""info"": ""Sample log data"", ""session_id"": 8837}"
7643,557,click,6.0,2022-03-23 08:39:12,"{""info"": ""Sample log data"", ""session_id"": 7179}"
7644,508,search,,2024-04-15 22:34:58,"{""info"": ""Sample log data"", ""session_id"": 6392}"
7645,666,search,,2020-08-07 16:22:58,"{""info"": ""Sample log data"", ""session_id"": 7277}"
7646,69,click,2.0,2021-01-11 06:44:10,"{""info"": ""Sample log data"", ""session_id"": 8525}"
7647,949,search,7.0,2023-05-03 21:49:56,"{""info"": ""Sample log data"", ""session_id"": 7920}"
7648,960,review_submission,,2022-04-14 07:45:31,"{""info"": ""Sample log data"", ""session_id"": 3293}"
7649,165,click,14.0,2024-07-05 02:47:58,"{""info"": ""Sample log data"", ""session_id"": 5707}"
7650,312,booking,7.0,2020-10-10 05:52:17,"{""info"": ""Sample log data"", ""session_id"": 8544}"
7651,582,booking,,2023-11-25 01:02:25,"{""info"": ""Sample log data"", ""session_id"": 2103}"
7652,697,search,8.0,2022-07-04 03:08:57,"{""info"": ""Sample log data"", ""session_id"": 5195}"
7653,660,booking,11.0,2023-02-03 01:19:57,"{""info"": ""Sample log data"", ""session_id"": 4152}"
7654,396,search,,2020-08-11 13:04:36,"{""info"": ""Sample log data"", ""session_id"": 9875}"
7655,903,click,2.0,2021-04-14 12:53:23,"{""info"": ""Sample log data"", ""session_id"": 2551}"
7656,859,search,,2024-01-10 07:12:52,"{""info"": ""Sample log data"", ""session_id"": 1650}"
7657,309,search,,2020-12-02 21:14:47,"{""info"": ""Sample log data"", ""session_id"": 1183}"
7658,60,review_submission,,2020-07-11 07:53:20,"{""info"": ""Sample log data"", ""session_id"": 8640}"
7659,963,review_submission,,2020-08-07 23:01:15,"{""info"": ""Sample log data"", ""session_id"": 7896}"
7660,899,booking,12.0,2023-08-12 21:33:51,"{""info"": ""Sample log data"", ""session_id"": 5717}"
7661,35,search,,2022-07-03 11:23:48,"{""info"": ""Sample log data"", ""session_id"": 6686}"
7662,106,click,9.0,2024-02-07 10:12:18,"{""info"": ""Sample log data"", ""session_id"": 3295}"
7663,637,booking,13.0,2024-07-21 03:48:20,"{""info"": ""Sample log data"", ""session_id"": 9917}"
7664,78,search,,2023-09-05 19:11:46,"{""info"": ""Sample log data"", ""session_id"": 5648}"
7665,831,review_submission,,2024-06-18 10:55:15,"{""info"": ""Sample log data"", ""session_id"": 5036}"
7666,815,click,,2024-03-18 20:08:52,"{""info"": ""Sample log data"", ""session_id"": 5916}"
7667,716,booking,10.0,2021-11-11 03:43:24,"{""info"": ""Sample log data"", ""session_id"": 4377}"
7668,938,review_submission,6.0,2021-11-25 16:04:40,"{""info"": ""Sample log data"", ""session_id"": 5188}"
7669,376,click,13.0,2024-08-30 12:41:18,"{""info"": ""Sample log data"", ""session_id"": 9734}"
7670,91,review_submission,,2025-01-10 07:12:39,"{""info"": ""Sample log data"", ""session_id"": 5141}"
7671,393,review_submission,,2023-09-05 08:37:05,"{""info"": ""Sample log data"", ""session_id"": 3227}"
7672,769,click,,2023-06-17 00:12:21,"{""info"": ""Sample log data"", ""session_id"": 9505}"
7673,33,review_submission,,2023-12-27 13:45:47,"{""info"": ""Sample log data"", ""session_id"": 8250}"
7674,366,search,4.0,2022-10-02 20:17:45,"{""info"": ""Sample log data"", ""session_id"": 5563}"
7675,429,click,,2023-08-04 22:52:54,"{""info"": ""Sample log data"", ""session_id"": 3476}"
7676,107,click,,2020-02-08 04:35:01,"{""info"": ""Sample log data"", ""session_id"": 8099}"
7677,152,booking,,2022-04-08 04:49:34,"{""info"": ""Sample log data"", ""session_id"": 8620}"
7678,643,click,,2021-02-23 22:28:54,"{""info"": ""Sample log data"", ""session_id"": 6101}"
7679,364,booking,,2023-04-26 01:12:53,"{""info"": ""Sample log data"", ""session_id"": 9753}"
7680,791,review_submission,6.0,2020-11-21 05:56:18,"{""info"": ""Sample log data"", ""session_id"": 5672}"
7681,542,click,11.0,2021-11-22 07:17:59,"{""info"": ""Sample log data"", ""session_id"": 7512}"
7682,771,click,,2020-04-03 15:40:57,"{""info"": ""Sample log data"", ""session_id"": 2098}"
7683,320,booking,8.0,2023-02-06 08:28:12,"{""info"": ""Sample log data"", ""session_id"": 8510}"
7684,508,search,,2022-04-28 22:53:06,"{""info"": ""Sample log data"", ""session_id"": 6378}"
7685,638,booking,,2020-09-01 00:41:56,"{""info"": ""Sample log data"", ""session_id"": 5315}"
7686,40,review_submission,,2020-09-18 16:32:23,"{""info"": ""Sample log data"", ""session_id"": 9327}"
7687,289,search,14.0,2023-03-27 23:06:54,"{""info"": ""Sample log data"", ""session_id"": 5129}"
7688,843,search,6.0,2023-01-29 17:59:39,"{""info"": ""Sample log data"", ""session_id"": 3215}"
7689,613,click,14.0,2021-02-23 01:48:04,"{""info"": ""Sample log data"", ""session_id"": 8578}"
7690,416,review_submission,4.0,2022-10-08 12:39:05,"{""info"": ""Sample log data"", ""session_id"": 8453}"
7691,185,search,,2022-05-16 21:12:38,"{""info"": ""Sample log data"", ""session_id"": 6526}"
7692,835,click,,2020-10-13 15:30:50,"{""info"": ""Sample log data"", ""session_id"": 7587}"
7693,633,search,,2024-11-14 09:17:25,"{""info"": ""Sample log data"", ""session_id"": 4637}"
7694,655,booking,6.0,2021-05-31 01:50:59,"{""info"": ""Sample log data"", ""session_id"": 8323}"
7695,727,search,9.0,2023-01-05 14:49:09,"{""info"": ""Sample log data"", ""session_id"": 6145}"
7696,805,booking,,2020-06-06 21:32:53,"{""info"": ""Sample log data"", ""session_id"": 1911}"
7697,725,review_submission,,2022-01-05 00:27:25,"{""info"": ""Sample log data"", ""session_id"": 1074}"
7698,641,click,,2021-02-05 11:41:43,"{""info"": ""Sample log data"", ""session_id"": 1407}"
7699,836,booking,,2022-02-04 04:22:24,"{""info"": ""Sample log data"", ""session_id"": 4810}"
7700,942,review_submission,,2020-05-28 21:16:57,"{""info"": ""Sample log data"", ""session_id"": 8413}"
7701,418,click,13.0,2023-10-09 06:01:35,"{""info"": ""Sample log data"", ""session_id"": 2395}"
7702,949,click,12.0,2023-06-28 08:01:11,"{""info"": ""Sample log data"", ""session_id"": 5009}"
7703,126,search,,2024-08-23 11:13:58,"{""info"": ""Sample log data"", ""session_id"": 8466}"
7704,930,click,,2020-05-24 13:11:11,"{""info"": ""Sample log data"", ""session_id"": 8208}"
7705,505,booking,9.0,2023-07-14 19:21:28,"{""info"": ""Sample log data"", ""session_id"": 9318}"
7706,156,search,5.0,2021-05-22 10:18:51,"{""info"": ""Sample log data"", ""session_id"": 9501}"
7707,94,click,,2021-11-08 01:47:57,"{""info"": ""Sample log data"", ""session_id"": 2853}"
7708,775,review_submission,,2022-07-08 17:52:02,"{""info"": ""Sample log data"", ""session_id"": 3757}"
7709,695,review_submission,,2021-08-11 04:50:21,"{""info"": ""Sample log data"", ""session_id"": 8834}"
7710,558,review_submission,,2021-03-06 12:19:15,"{""info"": ""Sample log data"", ""session_id"": 8556}"
7711,358,search,5.0,2023-04-02 19:39:38,"{""info"": ""Sample log data"", ""session_id"": 6368}"
7712,853,search,,2024-08-23 10:15:48,"{""info"": ""Sample log data"", ""session_id"": 1131}"
7713,848,booking,4.0,2023-08-21 13:41:43,"{""info"": ""Sample log data"", ""session_id"": 5878}"
7714,452,search,,2024-09-04 11:33:32,"{""info"": ""Sample log data"", ""session_id"": 8638}"
7715,347,click,,2020-04-21 12:56:54,"{""info"": ""Sample log data"", ""session_id"": 8912}"
7716,661,click,,2022-12-07 13:25:59,"{""info"": ""Sample log data"", ""session_id"": 7161}"
7717,845,click,3.0,2024-06-17 23:45:10,"{""info"": ""Sample log data"", ""session_id"": 2068}"
7718,653,review_submission,2.0,2024-08-31 13:01:10,"{""info"": ""Sample log data"", ""session_id"": 4060}"
7719,147,search,,2020-06-23 08:11:44,"{""info"": ""Sample log data"", ""session_id"": 4515}"
7720,208,booking,,2023-11-22 07:21:30,"{""info"": ""Sample log data"", ""session_id"": 6876}"
7721,654,click,,2023-10-07 10:38:53,"{""info"": ""Sample log data"", ""session_id"": 9890}"
7722,238,booking,,2022-11-25 23:35:17,"{""info"": ""Sample log data"", ""session_id"": 5487}"
7723,596,search,,2024-02-25 11:59:50,"{""info"": ""Sample log data"", ""session_id"": 9600}"
7724,97,click,9.0,2021-12-22 22:27:51,"{""info"": ""Sample log data"", ""session_id"": 2713}"
7725,889,search,,2024-04-01 11:11:37,"{""info"": ""Sample log data"", ""session_id"": 7511}"
7726,688,booking,,2024-06-06 17:24:59,"{""info"": ""Sample log data"", ""session_id"": 5085}"
7727,910,click,,2023-03-24 10:00:48,"{""info"": ""Sample log data"", ""session_id"": 5034}"
7728,531,click,9.0,2021-07-16 05:47:57,"{""info"": ""Sample log data"", ""session_id"": 8316}"
7729,10,review_submission,,2024-03-30 18:40:26,"{""info"": ""Sample log data"", ""session_id"": 8471}"
7730,498,click,,2021-07-14 04:26:54,"{""info"": ""Sample log data"", ""session_id"": 9285}"
7731,321,search,,2020-05-01 03:14:46,"{""info"": ""Sample log data"", ""session_id"": 3292}"
7732,218,review_submission,9.0,2020-06-15 01:11:00,"{""info"": ""Sample log data"", ""session_id"": 5247}"
7733,891,review_submission,13.0,2023-04-17 23:59:39,"{""info"": ""Sample log data"", ""session_id"": 5004}"
7734,145,search,,2022-07-18 13:41:08,"{""info"": ""Sample log data"", ""session_id"": 7154}"
7735,73,click,,2024-12-26 21:05:16,"{""info"": ""Sample log data"", ""session_id"": 2490}"
7736,752,click,11.0,2024-07-25 00:51:21,"{""info"": ""Sample log data"", ""session_id"": 7794}"
7737,694,review_submission,4.0,2025-01-06 20:22:14,"{""info"": ""Sample log data"", ""session_id"": 5262}"
7738,748,search,,2024-11-18 17:51:39,"{""info"": ""Sample log data"", ""session_id"": 3442}"
7739,661,review_submission,,2020-11-17 22:29:58,"{""info"": ""Sample log data"", ""session_id"": 2935}"
7740,545,booking,12.0,2021-07-04 03:24:16,"{""info"": ""Sample log data"", ""session_id"": 1102}"
7741,186,click,,2021-05-31 23:45:35,"{""info"": ""Sample log data"", ""session_id"": 2663}"
7742,684,search,,2020-08-04 23:40:09,"{""info"": ""Sample log data"", ""session_id"": 3558}"
7743,318,click,1.0,2024-09-02 19:04:19,"{""info"": ""Sample log data"", ""session_id"": 5874}"
7744,762,click,,2021-11-28 19:48:11,"{""info"": ""Sample log data"", ""session_id"": 1196}"
7745,791,search,,2024-01-02 20:39:41,"{""info"": ""Sample log data"", ""session_id"": 3388}"
7746,495,click,9.0,2020-11-17 06:29:03,"{""info"": ""Sample log data"", ""session_id"": 7819}"
7747,715,booking,,2023-01-27 22:32:50,"{""info"": ""Sample log data"", ""session_id"": 7856}"
7748,199,click,,2022-12-11 03:58:28,"{""info"": ""Sample log data"", ""session_id"": 5721}"
7749,762,search,,2021-12-03 23:00:25,"{""info"": ""Sample log data"", ""session_id"": 8079}"
7750,1,review_submission,,2024-04-22 22:04:23,"{""info"": ""Sample log data"", ""session_id"": 2642}"
7751,771,booking,5.0,2024-06-05 09:41:38,"{""info"": ""Sample log data"", ""session_id"": 6972}"
7752,701,click,,2024-01-07 20:46:30,"{""info"": ""Sample log data"", ""session_id"": 3980}"
7753,649,review_submission,3.0,2024-12-01 18:25:51,"{""info"": ""Sample log data"", ""session_id"": 4043}"
7754,233,booking,,2024-02-02 07:16:19,"{""info"": ""Sample log data"", ""session_id"": 2755}"
7755,553,booking,,2020-08-18 16:24:34,"{""info"": ""Sample log data"", ""session_id"": 8210}"
7756,195,click,,2022-01-25 13:49:56,"{""info"": ""Sample log data"", ""session_id"": 1415}"
7757,675,review_submission,,2023-10-18 01:45:15,"{""info"": ""Sample log data"", ""session_id"": 5130}"
7758,646,search,1.0,2024-05-31 18:11:11,"{""info"": ""Sample log data"", ""session_id"": 5913}"
7759,476,review_submission,,2021-08-16 14:51:43,"{""info"": ""Sample log data"", ""session_id"": 6642}"
7760,586,review_submission,,2020-09-28 18:31:05,"{""info"": ""Sample log data"", ""session_id"": 3388}"
7761,281,search,,2024-01-14 21:05:26,"{""info"": ""Sample log data"", ""session_id"": 7268}"
7762,368,click,,2023-03-31 08:38:48,"{""info"": ""Sample log data"", ""session_id"": 3852}"
7763,189,booking,,2021-01-23 07:36:18,"{""info"": ""Sample log data"", ""session_id"": 9725}"
7764,61,click,11.0,2022-06-22 19:18:06,"{""info"": ""Sample log data"", ""session_id"": 4920}"
7765,468,search,,2022-09-11 22:43:41,"{""info"": ""Sample log data"", ""session_id"": 9569}"
7766,192,review_submission,,2020-04-21 05:27:32,"{""info"": ""Sample log data"", ""session_id"": 1428}"
7767,746,review_submission,6.0,2023-11-29 03:59:39,"{""info"": ""Sample log data"", ""session_id"": 8438}"
7768,345,click,3.0,2023-11-16 19:11:02,"{""info"": ""Sample log data"", ""session_id"": 9297}"
7769,10,review_submission,,2023-10-11 02:51:44,"{""info"": ""Sample log data"", ""session_id"": 5985}"
7770,872,search,9.0,2020-02-05 03:52:20,"{""info"": ""Sample log data"", ""session_id"": 2099}"
7771,409,click,,2024-04-09 14:38:47,"{""info"": ""Sample log data"", ""session_id"": 5449}"
7772,129,review_submission,4.0,2023-09-19 21:17:37,"{""info"": ""Sample log data"", ""session_id"": 2343}"
7773,561,search,,2022-11-24 11:20:25,"{""info"": ""Sample log data"", ""session_id"": 8135}"
7774,373,review_submission,,2021-03-25 15:06:40,"{""info"": ""Sample log data"", ""session_id"": 9068}"
7775,849,search,,2020-12-21 11:25:26,"{""info"": ""Sample log data"", ""session_id"": 5985}"
7776,876,review_submission,7.0,2022-01-06 22:41:32,"{""info"": ""Sample log data"", ""session_id"": 9344}"
7777,38,click,,2020-06-29 01:13:58,"{""info"": ""Sample log data"", ""session_id"": 5741}"
7778,417,search,,2023-12-07 02:56:07,"{""info"": ""Sample log data"", ""session_id"": 8927}"
7779,90,review_submission,,2020-08-13 16:56:08,"{""info"": ""Sample log data"", ""session_id"": 9502}"
7780,127,booking,7.0,2022-03-05 01:30:08,"{""info"": ""Sample log data"", ""session_id"": 2426}"
7781,155,click,7.0,2021-03-26 22:55:26,"{""info"": ""Sample log data"", ""session_id"": 3410}"
7782,532,search,12.0,2023-10-23 15:50:49,"{""info"": ""Sample log data"", ""session_id"": 9366}"
7783,5,search,,2024-02-18 06:09:57,"{""info"": ""Sample log data"", ""session_id"": 3472}"
7784,766,search,,2024-03-02 11:23:34,"{""info"": ""Sample log data"", ""session_id"": 5005}"
7785,552,review_submission,,2022-12-07 10:12:41,"{""info"": ""Sample log data"", ""session_id"": 2106}"
7786,639,review_submission,6.0,2023-10-10 06:09:53,"{""info"": ""Sample log data"", ""session_id"": 7355}"
7787,469,search,4.0,2024-02-03 07:54:10,"{""info"": ""Sample log data"", ""session_id"": 5942}"
7788,636,search,5.0,2024-08-18 18:05:39,"{""info"": ""Sample log data"", ""session_id"": 4880}"
7789,632,review_submission,,2020-01-03 16:10:54,"{""info"": ""Sample log data"", ""session_id"": 6616}"
7790,912,click,1.0,2021-10-22 16:01:23,"{""info"": ""Sample log data"", ""session_id"": 7157}"
7791,780,search,,2023-08-27 03:57:54,"{""info"": ""Sample log data"", ""session_id"": 9024}"
7792,941,search,6.0,2020-09-14 11:14:28,"{""info"": ""Sample log data"", ""session_id"": 9844}"
7793,693,click,8.0,2022-01-18 06:01:09,"{""info"": ""Sample log data"", ""session_id"": 3608}"
7794,760,click,5.0,2022-01-05 07:07:16,"{""info"": ""Sample log data"", ""session_id"": 7170}"
7795,40,booking,,2022-04-11 18:58:53,"{""info"": ""Sample log data"", ""session_id"": 6641}"
7796,379,review_submission,,2023-09-17 12:34:46,"{""info"": ""Sample log data"", ""session_id"": 5051}"
7797,584,booking,1.0,2024-11-09 03:39:38,"{""info"": ""Sample log data"", ""session_id"": 3134}"
7798,509,booking,,2024-06-06 15:55:04,"{""info"": ""Sample log data"", ""session_id"": 3573}"
7799,501,review_submission,,2023-11-04 13:35:04,"{""info"": ""Sample log data"", ""session_id"": 4047}"
7800,870,click,8.0,2020-09-15 03:37:52,"{""info"": ""Sample log data"", ""session_id"": 3471}"
7801,262,review_submission,,2022-09-04 15:02:19,"{""info"": ""Sample log data"", ""session_id"": 8931}"
7802,855,review_submission,4.0,2024-01-14 07:23:21,"{""info"": ""Sample log data"", ""session_id"": 2964}"
7803,952,search,10.0,2022-09-18 15:05:12,"{""info"": ""Sample log data"", ""session_id"": 2937}"
7804,889,review_submission,,2020-12-10 08:08:42,"{""info"": ""Sample log data"", ""session_id"": 7820}"
7805,321,search,9.0,2023-12-24 06:21:41,"{""info"": ""Sample log data"", ""session_id"": 1811}"
7806,209,review_submission,7.0,2021-11-05 00:46:16,"{""info"": ""Sample log data"", ""session_id"": 6360}"
7807,167,booking,3.0,2023-08-22 18:48:27,"{""info"": ""Sample log data"", ""session_id"": 5508}"
7808,338,click,,2022-09-04 14:19:26,"{""info"": ""Sample log data"", ""session_id"": 6624}"
7809,305,click,,2021-02-18 20:32:39,"{""info"": ""Sample log data"", ""session_id"": 5560}"
7810,279,review_submission,6.0,2024-09-19 04:34:56,"{""info"": ""Sample log data"", ""session_id"": 8335}"
7811,646,click,11.0,2020-10-06 01:17:51,"{""info"": ""Sample log data"", ""session_id"": 5626}"
7812,910,click,10.0,2021-09-09 21:02:08,"{""info"": ""Sample log data"", ""session_id"": 8916}"
7813,626,click,,2024-07-16 05:05:07,"{""info"": ""Sample log data"", ""session_id"": 7724}"
7814,995,booking,,2023-07-21 01:17:31,"{""info"": ""Sample log data"", ""session_id"": 1418}"
7815,124,search,,2022-11-12 05:52:09,"{""info"": ""Sample log data"", ""session_id"": 9619}"
7816,958,review_submission,6.0,2020-09-10 10:03:55,"{""info"": ""Sample log data"", ""session_id"": 6673}"
7817,999,search,,2023-02-05 12:20:24,"{""info"": ""Sample log data"", ""session_id"": 7061}"
7818,566,search,13.0,2020-06-08 05:17:45,"{""info"": ""Sample log data"", ""session_id"": 7815}"
7819,410,search,,2024-02-11 09:09:09,"{""info"": ""Sample log data"", ""session_id"": 8865}"
7820,675,click,11.0,2021-08-06 11:23:09,"{""info"": ""Sample log data"", ""session_id"": 8148}"
7821,19,search,,2021-10-26 07:49:43,"{""info"": ""Sample log data"", ""session_id"": 9846}"
7822,36,search,,2022-02-02 05:00:34,"{""info"": ""Sample log data"", ""session_id"": 4833}"
7823,506,click,13.0,2023-08-03 18:33:51,"{""info"": ""Sample log data"", ""session_id"": 2868}"
7824,14,review_submission,,2021-06-08 17:07:24,"{""info"": ""Sample log data"", ""session_id"": 2062}"
7825,591,search,,2021-09-06 23:14:44,"{""info"": ""Sample log data"", ""session_id"": 1108}"
7826,705,search,,2020-10-10 18:16:43,"{""info"": ""Sample log data"", ""session_id"": 7864}"
7827,557,search,,2024-02-04 21:12:57,"{""info"": ""Sample log data"", ""session_id"": 4016}"
7828,105,booking,,2024-01-05 16:45:52,"{""info"": ""Sample log data"", ""session_id"": 1522}"
7829,21,click,,2020-09-06 20:15:33,"{""info"": ""Sample log data"", ""session_id"": 8943}"
7830,928,search,3.0,2020-06-12 11:00:36,"{""info"": ""Sample log data"", ""session_id"": 6756}"
7831,962,booking,,2020-02-14 02:55:59,"{""info"": ""Sample log data"", ""session_id"": 2779}"
7832,768,review_submission,9.0,2020-06-25 23:36:02,"{""info"": ""Sample log data"", ""session_id"": 6322}"
7833,953,click,,2021-03-25 00:46:39,"{""info"": ""Sample log data"", ""session_id"": 4684}"
7834,135,booking,,2021-09-19 13:18:54,"{""info"": ""Sample log data"", ""session_id"": 4224}"
7835,264,click,11.0,2021-06-24 23:57:27,"{""info"": ""Sample log data"", ""session_id"": 2372}"
7836,945,click,,2021-09-10 14:06:43,"{""info"": ""Sample log data"", ""session_id"": 1119}"
7837,145,booking,9.0,2022-02-03 18:14:43,"{""info"": ""Sample log data"", ""session_id"": 1271}"
7838,224,review_submission,11.0,2022-01-12 04:30:31,"{""info"": ""Sample log data"", ""session_id"": 3213}"
7839,144,review_submission,7.0,2022-03-04 01:29:36,"{""info"": ""Sample log data"", ""session_id"": 8922}"
7840,971,booking,,2021-12-15 11:18:44,"{""info"": ""Sample log data"", ""session_id"": 1195}"
7841,620,search,2.0,2023-10-14 05:15:47,"{""info"": ""Sample log data"", ""session_id"": 1218}"
7842,827,review_submission,,2024-02-01 19:52:40,"{""info"": ""Sample log data"", ""session_id"": 9645}"
7843,313,booking,4.0,2022-06-20 18:25:47,"{""info"": ""Sample log data"", ""session_id"": 4132}"
7844,747,click,,2024-05-10 18:50:14,"{""info"": ""Sample log data"", ""session_id"": 5868}"
7845,225,review_submission,1.0,2020-08-16 12:06:34,"{""info"": ""Sample log data"", ""session_id"": 9313}"
7846,779,search,4.0,2023-05-23 19:25:38,"{""info"": ""Sample log data"", ""session_id"": 2368}"
7847,210,review_submission,,2022-10-10 09:24:29,"{""info"": ""Sample log data"", ""session_id"": 1393}"
7848,432,search,6.0,2021-11-16 16:01:27,"{""info"": ""Sample log data"", ""session_id"": 4986}"
7849,981,booking,2.0,2023-05-12 12:05:27,"{""info"": ""Sample log data"", ""session_id"": 4871}"
7850,819,review_submission,,2023-01-04 11:18:13,"{""info"": ""Sample log data"", ""session_id"": 8389}"
7851,641,click,7.0,2022-12-27 02:46:13,"{""info"": ""Sample log data"", ""session_id"": 4950}"
7852,14,click,5.0,2023-09-07 05:07:36,"{""info"": ""Sample log data"", ""session_id"": 1061}"
7853,173,review_submission,14.0,2021-08-02 14:05:24,"{""info"": ""Sample log data"", ""session_id"": 3103}"
7854,412,click,8.0,2024-05-27 00:08:29,"{""info"": ""Sample log data"", ""session_id"": 8601}"
7855,27,click,,2020-02-13 18:33:35,"{""info"": ""Sample log data"", ""session_id"": 1266}"
7856,602,review_submission,6.0,2020-08-04 16:26:32,"{""info"": ""Sample log data"", ""session_id"": 1060}"
7857,798,click,10.0,2022-04-01 18:01:25,"{""info"": ""Sample log data"", ""session_id"": 1185}"
7858,589,review_submission,,2023-12-24 13:30:47,"{""info"": ""Sample log data"", ""session_id"": 6870}"
7859,647,review_submission,,2024-06-15 19:26:48,"{""info"": ""Sample log data"", ""session_id"": 2498}"
7860,777,review_submission,2.0,2020-04-27 03:41:29,"{""info"": ""Sample log data"", ""session_id"": 4640}"
7861,165,click,,2022-07-15 10:04:01,"{""info"": ""Sample log data"", ""session_id"": 3846}"
7862,738,click,2.0,2024-08-19 16:48:23,"{""info"": ""Sample log data"", ""session_id"": 5790}"
7863,755,click,4.0,2020-10-17 00:31:13,"{""info"": ""Sample log data"", ""session_id"": 4979}"
7864,900,click,13.0,2020-07-09 10:37:12,"{""info"": ""Sample log data"", ""session_id"": 1824}"
7865,297,click,,2023-03-12 06:27:26,"{""info"": ""Sample log data"", ""session_id"": 1023}"
7866,195,search,13.0,2025-01-26 10:22:35,"{""info"": ""Sample log data"", ""session_id"": 4256}"
7867,699,search,,2024-04-13 19:47:54,"{""info"": ""Sample log data"", ""session_id"": 9034}"
7868,658,click,1.0,2020-03-15 07:13:10,"{""info"": ""Sample log data"", ""session_id"": 8422}"
7869,365,click,1.0,2021-06-19 02:08:48,"{""info"": ""Sample log data"", ""session_id"": 6334}"
7870,366,review_submission,10.0,2020-09-17 09:05:42,"{""info"": ""Sample log data"", ""session_id"": 9379}"
7871,443,search,7.0,2021-11-23 05:57:30,"{""info"": ""Sample log data"", ""session_id"": 2918}"
7872,273,click,,2022-05-24 13:33:29,"{""info"": ""Sample log data"", ""session_id"": 5942}"
7873,237,review_submission,14.0,2020-01-22 17:32:38,"{""info"": ""Sample log data"", ""session_id"": 6743}"
7874,234,booking,,2021-02-14 09:23:24,"{""info"": ""Sample log data"", ""session_id"": 8995}"
7875,424,click,1.0,2024-12-27 19:25:29,"{""info"": ""Sample log data"", ""session_id"": 9030}"
7876,392,click,13.0,2022-10-07 16:36:33,"{""info"": ""Sample log data"", ""session_id"": 3247}"
7877,469,click,,2023-04-13 11:16:00,"{""info"": ""Sample log data"", ""session_id"": 8959}"
7878,999,booking,9.0,2021-12-20 07:10:59,"{""info"": ""Sample log data"", ""session_id"": 2550}"
7879,281,click,14.0,2021-12-18 16:25:16,"{""info"": ""Sample log data"", ""session_id"": 9174}"
7880,372,review_submission,,2020-07-13 13:00:39,"{""info"": ""Sample log data"", ""session_id"": 6067}"
7881,255,search,,2020-03-31 03:52:59,"{""info"": ""Sample log data"", ""session_id"": 2665}"
7882,241,review_submission,,2021-05-17 13:27:25,"{""info"": ""Sample log data"", ""session_id"": 7028}"
7883,247,click,,2020-11-16 23:09:04,"{""info"": ""Sample log data"", ""session_id"": 9428}"
7884,950,booking,13.0,2024-07-22 07:42:10,"{""info"": ""Sample log data"", ""session_id"": 5619}"
7885,13,booking,7.0,2024-04-07 18:36:37,"{""info"": ""Sample log data"", ""session_id"": 1132}"
7886,188,booking,3.0,2021-04-17 03:52:00,"{""info"": ""Sample log data"", ""session_id"": 1836}"
7887,51,booking,11.0,2023-06-09 14:07:53,"{""info"": ""Sample log data"", ""session_id"": 5373}"
7888,956,booking,12.0,2023-02-16 23:52:25,"{""info"": ""Sample log data"", ""session_id"": 6766}"
7889,582,review_submission,,2020-04-08 01:43:01,"{""info"": ""Sample log data"", ""session_id"": 4085}"
7890,891,click,,2020-02-16 08:47:53,"{""info"": ""Sample log data"", ""session_id"": 4915}"
7891,629,booking,12.0,2024-08-29 18:37:43,"{""info"": ""Sample log data"", ""session_id"": 9970}"
7892,530,booking,3.0,2023-01-31 23:37:12,"{""info"": ""Sample log data"", ""session_id"": 5342}"
7893,9,click,12.0,2023-07-03 11:52:01,"{""info"": ""Sample log data"", ""session_id"": 9858}"
7894,711,search,7.0,2021-12-07 19:13:37,"{""info"": ""Sample log data"", ""session_id"": 6611}"
7895,643,review_submission,,2021-03-30 14:36:11,"{""info"": ""Sample log data"", ""session_id"": 3340}"
7896,277,booking,7.0,2023-08-25 07:00:12,"{""info"": ""Sample log data"", ""session_id"": 6465}"
7897,373,review_submission,,2024-03-05 14:49:06,"{""info"": ""Sample log data"", ""session_id"": 8383}"
7898,132,click,,2020-09-18 00:20:28,"{""info"": ""Sample log data"", ""session_id"": 8860}"
7899,136,review_submission,,2023-11-15 18:28:05,"{""info"": ""Sample log data"", ""session_id"": 4042}"
7900,479,search,,2022-05-14 09:19:58,"{""info"": ""Sample log data"", ""session_id"": 7191}"
7901,101,review_submission,,2021-12-04 20:03:01,"{""info"": ""Sample log data"", ""session_id"": 7577}"
7902,58,review_submission,,2022-06-22 01:55:41,"{""info"": ""Sample log data"", ""session_id"": 9166}"
7903,752,search,,2022-08-12 19:51:41,"{""info"": ""Sample log data"", ""session_id"": 1077}"
7904,624,search,11.0,2023-04-13 01:49:53,"{""info"": ""Sample log data"", ""session_id"": 1489}"
7905,158,review_submission,11.0,2020-03-13 15:04:15,"{""info"": ""Sample log data"", ""session_id"": 8331}"
7906,775,search,2.0,2023-08-25 16:48:35,"{""info"": ""Sample log data"", ""session_id"": 5854}"
7907,521,search,13.0,2021-08-26 19:37:10,"{""info"": ""Sample log data"", ""session_id"": 3374}"
7908,970,booking,,2024-10-15 16:10:35,"{""info"": ""Sample log data"", ""session_id"": 9354}"
7909,960,search,1.0,2022-06-03 07:54:30,"{""info"": ""Sample log data"", ""session_id"": 9603}"
7910,308,booking,,2022-03-25 10:58:30,"{""info"": ""Sample log data"", ""session_id"": 2207}"
7911,717,search,,2021-06-26 03:44:36,"{""info"": ""Sample log data"", ""session_id"": 3366}"
7912,613,review_submission,,2020-09-12 19:47:24,"{""info"": ""Sample log data"", ""session_id"": 5090}"
7913,806,click,13.0,2024-01-12 16:10:24,"{""info"": ""Sample log data"", ""session_id"": 3596}"
7914,760,booking,14.0,2020-08-28 15:07:39,"{""info"": ""Sample log data"", ""session_id"": 7747}"
7915,441,review_submission,9.0,2021-10-20 07:21:26,"{""info"": ""Sample log data"", ""session_id"": 7661}"
7916,495,booking,,2023-07-03 20:44:16,"{""info"": ""Sample log data"", ""session_id"": 7076}"
7917,599,booking,,2021-11-27 09:53:02,"{""info"": ""Sample log data"", ""session_id"": 8371}"
7918,571,review_submission,,2022-11-04 00:10:23,"{""info"": ""Sample log data"", ""session_id"": 8285}"
7919,948,search,14.0,2024-06-08 21:07:47,"{""info"": ""Sample log data"", ""session_id"": 8887}"
7920,712,click,5.0,2024-07-05 03:41:42,"{""info"": ""Sample log data"", ""session_id"": 8268}"
7921,19,review_submission,4.0,2024-01-26 01:07:32,"{""info"": ""Sample log data"", ""session_id"": 9802}"
7922,859,review_submission,,2021-04-19 14:25:23,"{""info"": ""Sample log data"", ""session_id"": 7746}"
7923,786,review_submission,12.0,2021-05-24 19:29:13,"{""info"": ""Sample log data"", ""session_id"": 7314}"
7924,765,search,,2020-07-22 21:35:06,"{""info"": ""Sample log data"", ""session_id"": 6517}"
7925,979,click,,2020-05-27 05:31:20,"{""info"": ""Sample log data"", ""session_id"": 8915}"
7926,709,review_submission,3.0,2021-07-01 03:40:01,"{""info"": ""Sample log data"", ""session_id"": 9824}"
7927,159,search,,2024-12-29 12:04:33,"{""info"": ""Sample log data"", ""session_id"": 6274}"
7928,728,review_submission,,2020-10-03 19:52:39,"{""info"": ""Sample log data"", ""session_id"": 5029}"
7929,944,click,,2020-12-03 08:13:42,"{""info"": ""Sample log data"", ""session_id"": 3113}"
7930,246,search,5.0,2022-04-17 12:57:42,"{""info"": ""Sample log data"", ""session_id"": 3775}"
7931,84,booking,9.0,2022-11-30 14:13:03,"{""info"": ""Sample log data"", ""session_id"": 5181}"
7932,981,booking,12.0,2022-02-18 22:23:52,"{""info"": ""Sample log data"", ""session_id"": 4589}"
7933,314,click,9.0,2022-12-08 20:22:06,"{""info"": ""Sample log data"", ""session_id"": 1998}"
7934,58,review_submission,11.0,2020-04-20 18:56:35,"{""info"": ""Sample log data"", ""session_id"": 6712}"
7935,71,search,,2020-08-20 15:06:48,"{""info"": ""Sample log data"", ""session_id"": 6895}"
7936,607,booking,13.0,2024-08-15 06:40:06,"{""info"": ""Sample log data"", ""session_id"": 4075}"
7937,290,booking,3.0,2022-12-31 09:28:20,"{""info"": ""Sample log data"", ""session_id"": 3219}"
7938,454,search,7.0,2023-10-17 21:46:41,"{""info"": ""Sample log data"", ""session_id"": 8903}"
7939,663,search,,2023-05-15 14:09:23,"{""info"": ""Sample log data"", ""session_id"": 5775}"
7940,147,click,7.0,2024-03-10 17:28:02,"{""info"": ""Sample log data"", ""session_id"": 1762}"
7941,241,click,5.0,2021-07-20 00:56:55,"{""info"": ""Sample log data"", ""session_id"": 4714}"
7942,290,search,,2024-12-29 11:45:56,"{""info"": ""Sample log data"", ""session_id"": 3489}"
7943,782,search,11.0,2023-11-23 18:50:13,"{""info"": ""Sample log data"", ""session_id"": 1972}"
7944,37,booking,,2022-09-03 06:20:03,"{""info"": ""Sample log data"", ""session_id"": 7445}"
7945,14,search,2.0,2024-01-06 03:14:50,"{""info"": ""Sample log data"", ""session_id"": 2980}"
7946,493,click,14.0,2024-10-15 06:38:28,"{""info"": ""Sample log data"", ""session_id"": 9815}"
7947,296,search,,2020-04-17 11:06:09,"{""info"": ""Sample log data"", ""session_id"": 5441}"
7948,202,search,6.0,2020-12-29 22:04:49,"{""info"": ""Sample log data"", ""session_id"": 2515}"
7949,776,review_submission,,2024-06-12 16:33:31,"{""info"": ""Sample log data"", ""session_id"": 7824}"
7950,739,click,,2020-10-08 02:19:22,"{""info"": ""Sample log data"", ""session_id"": 7031}"
7951,418,click,,2022-04-27 04:28:30,"{""info"": ""Sample log data"", ""session_id"": 7322}"
7952,651,booking,11.0,2022-06-02 14:08:55,"{""info"": ""Sample log data"", ""session_id"": 6308}"
7953,385,review_submission,,2021-05-12 03:28:18,"{""info"": ""Sample log data"", ""session_id"": 9483}"
7954,359,click,,2022-08-19 08:15:38,"{""info"": ""Sample log data"", ""session_id"": 3788}"
7955,573,search,,2020-08-25 04:38:36,"{""info"": ""Sample log data"", ""session_id"": 2207}"
7956,835,click,,2021-12-26 04:28:09,"{""info"": ""Sample log data"", ""session_id"": 6746}"
7957,789,booking,4.0,2021-12-23 03:43:42,"{""info"": ""Sample log data"", ""session_id"": 4991}"
7958,973,search,2.0,2024-02-28 10:28:20,"{""info"": ""Sample log data"", ""session_id"": 1852}"
7959,448,booking,,2024-01-31 15:57:10,"{""info"": ""Sample log data"", ""session_id"": 9659}"
7960,809,click,13.0,2022-05-17 04:09:20,"{""info"": ""Sample log data"", ""session_id"": 8764}"
7961,622,search,1.0,2020-05-04 03:47:35,"{""info"": ""Sample log data"", ""session_id"": 4436}"
7962,232,review_submission,10.0,2023-06-11 03:09:21,"{""info"": ""Sample log data"", ""session_id"": 2162}"
7963,997,booking,12.0,2021-05-14 16:10:26,"{""info"": ""Sample log data"", ""session_id"": 8582}"
7964,409,review_submission,,2022-03-10 15:30:50,"{""info"": ""Sample log data"", ""session_id"": 5629}"
7965,868,search,10.0,2020-04-02 12:14:12,"{""info"": ""Sample log data"", ""session_id"": 6247}"
7966,493,review_submission,7.0,2022-06-23 01:48:18,"{""info"": ""Sample log data"", ""session_id"": 1201}"
7967,393,click,7.0,2020-05-15 11:19:03,"{""info"": ""Sample log data"", ""session_id"": 6639}"
7968,292,click,,2021-10-29 14:41:53,"{""info"": ""Sample log data"", ""session_id"": 6695}"
7969,501,booking,,2020-11-28 01:09:11,"{""info"": ""Sample log data"", ""session_id"": 8261}"
7970,315,booking,,2020-08-20 02:49:04,"{""info"": ""Sample log data"", ""session_id"": 4989}"
7971,781,click,6.0,2022-02-01 10:12:08,"{""info"": ""Sample log data"", ""session_id"": 6757}"
7972,352,click,7.0,2023-11-29 14:46:30,"{""info"": ""Sample log data"", ""session_id"": 4368}"
7973,252,search,,2020-11-07 00:17:26,"{""info"": ""Sample log data"", ""session_id"": 9115}"
7974,491,search,5.0,2024-07-17 23:55:01,"{""info"": ""Sample log data"", ""session_id"": 2416}"
7975,936,search,,2021-11-01 05:39:01,"{""info"": ""Sample log data"", ""session_id"": 2763}"
7976,3,booking,,2020-03-27 19:21:54,"{""info"": ""Sample log data"", ""session_id"": 8562}"
7977,801,review_submission,,2020-01-15 16:13:40,"{""info"": ""Sample log data"", ""session_id"": 5306}"
7978,527,review_submission,,2020-12-16 11:18:40,"{""info"": ""Sample log data"", ""session_id"": 8105}"
7979,611,search,8.0,2021-12-01 04:44:40,"{""info"": ""Sample log data"", ""session_id"": 3395}"
7980,820,search,1.0,2020-06-14 17:39:03,"{""info"": ""Sample log data"", ""session_id"": 1755}"
7981,637,search,,2024-06-21 01:41:26,"{""info"": ""Sample log data"", ""session_id"": 3259}"
7982,120,review_submission,,2020-03-11 12:41:42,"{""info"": ""Sample log data"", ""session_id"": 9382}"
7983,861,booking,8.0,2024-06-06 09:55:13,"{""info"": ""Sample log data"", ""session_id"": 4600}"
7984,688,review_submission,,2020-02-04 16:48:10,"{""info"": ""Sample log data"", ""session_id"": 7905}"
7985,650,search,,2020-04-20 08:05:11,"{""info"": ""Sample log data"", ""session_id"": 4619}"
7986,918,click,9.0,2021-04-03 16:28:44,"{""info"": ""Sample log data"", ""session_id"": 4433}"
7987,566,click,3.0,2023-03-07 23:43:16,"{""info"": ""Sample log data"", ""session_id"": 4471}"
7988,470,booking,,2021-02-26 05:59:00,"{""info"": ""Sample log data"", ""session_id"": 8619}"
7989,709,search,6.0,2022-09-11 19:44:08,"{""info"": ""Sample log data"", ""session_id"": 1460}"
7990,667,search,,2021-04-16 02:50:18,"{""info"": ""Sample log data"", ""session_id"": 1758}"
7991,420,review_submission,,2024-03-21 22:53:28,"{""info"": ""Sample log data"", ""session_id"": 7654}"
7992,499,review_submission,,2021-01-16 14:32:10,"{""info"": ""Sample log data"", ""session_id"": 4108}"
7993,875,search,,2024-04-10 15:44:23,"{""info"": ""Sample log data"", ""session_id"": 4455}"
7994,618,review_submission,3.0,2020-05-02 10:34:20,"{""info"": ""Sample log data"", ""session_id"": 7419}"
7995,721,review_submission,4.0,2022-11-05 14:15:52,"{""info"": ""Sample log data"", ""session_id"": 8001}"
7996,521,review_submission,,2022-08-21 09:23:58,"{""info"": ""Sample log data"", ""session_id"": 9214}"
7997,965,click,,2020-02-26 18:45:08,"{""info"": ""Sample log data"", ""session_id"": 8070}"
7998,768,search,,2023-01-17 08:36:54,"{""info"": ""Sample log data"", ""session_id"": 1134}"
7999,3,click,9.0,2022-07-17 07:17:21,"{""info"": ""Sample log data"", ""session_id"": 1917}"
8000,264,click,9.0,2020-10-01 08:59:40,"{""info"": ""Sample log data"", ""session_id"": 6792}"
8001,871,click,,2020-01-20 15:46:26,"{""info"": ""Sample log data"", ""session_id"": 1170}"
8002,771,booking,12.0,2023-02-26 05:15:07,"{""info"": ""Sample log data"", ""session_id"": 4116}"
8003,310,booking,,2021-07-25 12:12:36,"{""info"": ""Sample log data"", ""session_id"": 6413}"
8004,337,review_submission,,2020-07-15 11:08:53,"{""info"": ""Sample log data"", ""session_id"": 8233}"
8005,970,booking,,2023-04-26 15:27:55,"{""info"": ""Sample log data"", ""session_id"": 1461}"
8006,101,click,,2024-01-24 11:06:48,"{""info"": ""Sample log data"", ""session_id"": 9380}"
8007,993,search,,2025-01-26 21:45:17,"{""info"": ""Sample log data"", ""session_id"": 6817}"
8008,713,click,,2021-04-09 07:19:39,"{""info"": ""Sample log data"", ""session_id"": 5276}"
8009,691,review_submission,13.0,2023-08-21 09:00:51,"{""info"": ""Sample log data"", ""session_id"": 1847}"
8010,267,click,6.0,2022-03-12 23:57:10,"{""info"": ""Sample log data"", ""session_id"": 1118}"
8011,71,click,,2024-10-06 02:19:35,"{""info"": ""Sample log data"", ""session_id"": 9349}"
8012,82,booking,4.0,2022-05-18 04:02:35,"{""info"": ""Sample log data"", ""session_id"": 6038}"
8013,912,booking,,2021-12-28 09:38:57,"{""info"": ""Sample log data"", ""session_id"": 6111}"
8014,665,click,,2020-08-22 10:50:39,"{""info"": ""Sample log data"", ""session_id"": 3583}"
8015,964,click,,2024-12-15 10:08:26,"{""info"": ""Sample log data"", ""session_id"": 6469}"
8016,146,click,14.0,2020-11-16 02:23:33,"{""info"": ""Sample log data"", ""session_id"": 1806}"
8017,446,click,,2024-09-12 17:13:30,"{""info"": ""Sample log data"", ""session_id"": 6673}"
8018,139,search,11.0,2020-05-03 05:33:52,"{""info"": ""Sample log data"", ""session_id"": 8489}"
8019,230,booking,10.0,2020-08-25 08:03:36,"{""info"": ""Sample log data"", ""session_id"": 4314}"
8020,188,booking,,2020-03-11 18:04:21,"{""info"": ""Sample log data"", ""session_id"": 5984}"
8021,294,search,,2024-05-02 18:32:21,"{""info"": ""Sample log data"", ""session_id"": 3347}"
8022,153,booking,13.0,2020-02-26 20:46:05,"{""info"": ""Sample log data"", ""session_id"": 4002}"
8023,902,booking,,2024-04-15 20:22:36,"{""info"": ""Sample log data"", ""session_id"": 9555}"
8024,572,booking,,2023-10-10 16:09:09,"{""info"": ""Sample log data"", ""session_id"": 4423}"
8025,609,click,,2022-04-11 07:28:25,"{""info"": ""Sample log data"", ""session_id"": 3756}"
8026,656,review_submission,,2023-01-07 18:05:54,"{""info"": ""Sample log data"", ""session_id"": 1728}"
8027,139,review_submission,,2024-12-28 10:46:43,"{""info"": ""Sample log data"", ""session_id"": 2793}"
8028,273,click,,2021-11-07 10:48:23,"{""info"": ""Sample log data"", ""session_id"": 6910}"
8029,970,booking,7.0,2023-12-15 10:34:30,"{""info"": ""Sample log data"", ""session_id"": 3648}"
8030,971,search,8.0,2022-02-07 06:44:43,"{""info"": ""Sample log data"", ""session_id"": 8133}"
8031,720,review_submission,10.0,2024-01-13 08:21:50,"{""info"": ""Sample log data"", ""session_id"": 4174}"
8032,399,click,14.0,2020-10-25 20:56:45,"{""info"": ""Sample log data"", ""session_id"": 6653}"
8033,916,click,,2021-09-16 03:29:27,"{""info"": ""Sample log data"", ""session_id"": 8669}"
8034,290,search,,2022-05-04 11:06:18,"{""info"": ""Sample log data"", ""session_id"": 9950}"
8035,507,search,6.0,2024-11-19 18:03:58,"{""info"": ""Sample log data"", ""session_id"": 2651}"
8036,556,booking,5.0,2024-11-03 11:18:11,"{""info"": ""Sample log data"", ""session_id"": 1370}"
8037,63,click,,2024-05-21 20:34:01,"{""info"": ""Sample log data"", ""session_id"": 8486}"
8038,523,click,,2021-09-10 11:01:09,"{""info"": ""Sample log data"", ""session_id"": 2792}"
8039,217,search,3.0,2020-04-06 21:29:56,"{""info"": ""Sample log data"", ""session_id"": 4793}"
8040,464,click,,2022-07-25 16:06:55,"{""info"": ""Sample log data"", ""session_id"": 1690}"
8041,878,booking,11.0,2021-09-16 11:17:17,"{""info"": ""Sample log data"", ""session_id"": 5141}"
8042,797,search,13.0,2023-07-21 05:41:55,"{""info"": ""Sample log data"", ""session_id"": 5552}"
8043,996,review_submission,,2020-07-07 20:55:35,"{""info"": ""Sample log data"", ""session_id"": 7821}"
8044,958,search,10.0,2021-09-07 03:06:07,"{""info"": ""Sample log data"", ""session_id"": 9183}"
8045,71,review_submission,,2020-08-08 10:18:40,"{""info"": ""Sample log data"", ""session_id"": 1346}"
8046,134,search,,2023-05-29 22:31:06,"{""info"": ""Sample log data"", ""session_id"": 6285}"
8047,267,search,10.0,2021-06-22 17:48:15,"{""info"": ""Sample log data"", ""session_id"": 3732}"
8048,895,search,,2020-07-27 08:56:56,"{""info"": ""Sample log data"", ""session_id"": 6783}"
8049,175,booking,14.0,2020-09-04 06:43:00,"{""info"": ""Sample log data"", ""session_id"": 2294}"
8050,449,review_submission,,2024-10-18 14:02:13,"{""info"": ""Sample log data"", ""session_id"": 6139}"
8051,22,booking,8.0,2020-02-05 12:50:33,"{""info"": ""Sample log data"", ""session_id"": 7559}"
8052,188,click,6.0,2020-08-24 01:19:41,"{""info"": ""Sample log data"", ""session_id"": 8399}"
8053,834,review_submission,6.0,2023-12-15 06:39:09,"{""info"": ""Sample log data"", ""session_id"": 5618}"
8054,823,search,10.0,2021-09-10 22:39:38,"{""info"": ""Sample log data"", ""session_id"": 4621}"
8055,419,search,,2022-05-21 13:29:15,"{""info"": ""Sample log data"", ""session_id"": 8943}"
8056,19,review_submission,12.0,2023-07-27 04:38:11,"{""info"": ""Sample log data"", ""session_id"": 8097}"
8057,53,booking,,2022-09-24 22:50:34,"{""info"": ""Sample log data"", ""session_id"": 3097}"
8058,484,click,10.0,2020-08-07 08:11:01,"{""info"": ""Sample log data"", ""session_id"": 2564}"
8059,164,booking,10.0,2021-03-08 13:35:09,"{""info"": ""Sample log data"", ""session_id"": 2401}"
8060,528,review_submission,13.0,2020-12-07 12:52:48,"{""info"": ""Sample log data"", ""session_id"": 8075}"
8061,976,click,,2022-03-02 08:57:31,"{""info"": ""Sample log data"", ""session_id"": 5401}"
8062,353,search,,2020-09-12 22:03:57,"{""info"": ""Sample log data"", ""session_id"": 4525}"
8063,501,search,,2020-04-01 22:29:49,"{""info"": ""Sample log data"", ""session_id"": 9867}"
8064,686,booking,,2024-06-06 07:34:41,"{""info"": ""Sample log data"", ""session_id"": 6295}"
8065,231,search,6.0,2021-03-07 11:54:11,"{""info"": ""Sample log data"", ""session_id"": 8461}"
8066,652,booking,4.0,2020-12-25 21:42:53,"{""info"": ""Sample log data"", ""session_id"": 2658}"
8067,701,review_submission,,2022-09-05 17:12:51,"{""info"": ""Sample log data"", ""session_id"": 5604}"
8068,940,search,7.0,2020-06-19 05:06:09,"{""info"": ""Sample log data"", ""session_id"": 6180}"
8069,818,click,,2022-11-04 19:26:49,"{""info"": ""Sample log data"", ""session_id"": 9199}"
8070,961,review_submission,,2021-05-02 18:19:57,"{""info"": ""Sample log data"", ""session_id"": 6796}"
8071,63,click,4.0,2020-03-07 20:35:09,"{""info"": ""Sample log data"", ""session_id"": 3431}"
8072,52,review_submission,13.0,2021-03-18 16:58:25,"{""info"": ""Sample log data"", ""session_id"": 1218}"
8073,329,click,,2022-11-12 08:54:45,"{""info"": ""Sample log data"", ""session_id"": 3649}"
8074,570,search,,2024-11-15 01:37:21,"{""info"": ""Sample log data"", ""session_id"": 8674}"
8075,527,booking,,2022-09-17 08:51:14,"{""info"": ""Sample log data"", ""session_id"": 3453}"
8076,861,click,,2023-03-15 21:08:17,"{""info"": ""Sample log data"", ""session_id"": 2406}"
8077,1000,search,4.0,2020-12-16 22:35:20,"{""info"": ""Sample log data"", ""session_id"": 2948}"
8078,538,review_submission,3.0,2022-09-19 19:19:16,"{""info"": ""Sample log data"", ""session_id"": 1705}"
8079,689,click,,2020-07-23 12:04:40,"{""info"": ""Sample log data"", ""session_id"": 4968}"
8080,49,review_submission,14.0,2022-07-12 04:34:06,"{""info"": ""Sample log data"", ""session_id"": 3950}"
8081,802,review_submission,,2024-03-06 20:28:28,"{""info"": ""Sample log data"", ""session_id"": 1271}"
8082,487,search,,2022-11-15 09:53:33,"{""info"": ""Sample log data"", ""session_id"": 7190}"
8083,179,search,,2022-10-23 20:51:20,"{""info"": ""Sample log data"", ""session_id"": 3239}"
8084,497,booking,3.0,2023-05-25 22:24:53,"{""info"": ""Sample log data"", ""session_id"": 2687}"
8085,599,booking,,2023-01-08 18:24:22,"{""info"": ""Sample log data"", ""session_id"": 5988}"
8086,118,search,,2022-03-31 20:55:13,"{""info"": ""Sample log data"", ""session_id"": 1804}"
8087,446,booking,,2024-06-22 14:31:44,"{""info"": ""Sample log data"", ""session_id"": 3400}"
8088,624,click,5.0,2024-04-08 00:08:09,"{""info"": ""Sample log data"", ""session_id"": 9568}"
8089,397,review_submission,7.0,2020-12-01 13:30:12,"{""info"": ""Sample log data"", ""session_id"": 9652}"
8090,890,review_submission,14.0,2020-02-11 11:25:15,"{""info"": ""Sample log data"", ""session_id"": 8181}"
8091,276,search,,2020-10-10 21:13:13,"{""info"": ""Sample log data"", ""session_id"": 1646}"
8092,157,search,4.0,2023-03-06 13:02:08,"{""info"": ""Sample log data"", ""session_id"": 7056}"
8093,443,review_submission,,2021-07-30 17:11:27,"{""info"": ""Sample log data"", ""session_id"": 2887}"
8094,901,review_submission,,2021-05-03 19:36:47,"{""info"": ""Sample log data"", ""session_id"": 5204}"
8095,752,booking,,2020-03-30 12:26:09,"{""info"": ""Sample log data"", ""session_id"": 8382}"
8096,445,booking,,2024-06-28 03:58:54,"{""info"": ""Sample log data"", ""session_id"": 9390}"
8097,592,search,,2023-02-27 23:06:25,"{""info"": ""Sample log data"", ""session_id"": 4950}"
8098,638,review_submission,,2020-12-31 04:03:27,"{""info"": ""Sample log data"", ""session_id"": 6036}"
8099,137,booking,12.0,2024-03-24 18:33:22,"{""info"": ""Sample log data"", ""session_id"": 5845}"
8100,149,click,2.0,2020-01-04 21:50:32,"{""info"": ""Sample log data"", ""session_id"": 4145}"
8101,800,review_submission,12.0,2023-07-08 21:22:29,"{""info"": ""Sample log data"", ""session_id"": 1199}"
8102,12,search,,2021-08-02 19:55:04,"{""info"": ""Sample log data"", ""session_id"": 4964}"
8103,182,click,3.0,2022-06-14 06:43:04,"{""info"": ""Sample log data"", ""session_id"": 3191}"
8104,653,search,5.0,2024-02-23 13:33:04,"{""info"": ""Sample log data"", ""session_id"": 4476}"
8105,736,booking,,2021-08-20 03:51:02,"{""info"": ""Sample log data"", ""session_id"": 1244}"
8106,899,review_submission,,2023-06-29 07:43:48,"{""info"": ""Sample log data"", ""session_id"": 8062}"
8107,12,search,,2020-12-08 00:49:27,"{""info"": ""Sample log data"", ""session_id"": 5412}"
8108,612,search,11.0,2021-11-09 13:46:37,"{""info"": ""Sample log data"", ""session_id"": 4811}"
8109,100,click,10.0,2023-03-30 18:39:37,"{""info"": ""Sample log data"", ""session_id"": 1583}"
8110,930,booking,,2021-04-05 14:46:57,"{""info"": ""Sample log data"", ""session_id"": 1863}"
8111,696,review_submission,4.0,2020-08-08 20:36:27,"{""info"": ""Sample log data"", ""session_id"": 6918}"
8112,858,review_submission,,2021-06-28 00:56:32,"{""info"": ""Sample log data"", ""session_id"": 4899}"
8113,515,review_submission,6.0,2023-06-12 11:56:49,"{""info"": ""Sample log data"", ""session_id"": 4838}"
8114,970,search,13.0,2023-03-16 01:40:32,"{""info"": ""Sample log data"", ""session_id"": 2271}"
8115,516,search,4.0,2021-10-30 13:43:09,"{""info"": ""Sample log data"", ""session_id"": 9580}"
8116,449,booking,,2021-10-18 02:48:14,"{""info"": ""Sample log data"", ""session_id"": 5630}"
8117,8,booking,,2023-01-16 11:06:30,"{""info"": ""Sample log data"", ""session_id"": 7102}"
8118,75,booking,,2024-06-03 23:09:11,"{""info"": ""Sample log data"", ""session_id"": 4685}"
8119,960,click,3.0,2024-08-27 19:46:31,"{""info"": ""Sample log data"", ""session_id"": 2097}"
8120,167,search,10.0,2024-10-16 23:41:15,"{""info"": ""Sample log data"", ""session_id"": 2384}"
8121,480,review_submission,12.0,2020-09-05 22:23:14,"{""info"": ""Sample log data"", ""session_id"": 9618}"
8122,192,review_submission,8.0,2023-11-19 10:57:42,"{""info"": ""Sample log data"", ""session_id"": 6505}"
8123,415,review_submission,,2024-10-08 22:10:52,"{""info"": ""Sample log data"", ""session_id"": 8170}"
8124,837,review_submission,7.0,2021-04-25 06:17:30,"{""info"": ""Sample log data"", ""session_id"": 2314}"
8125,729,review_submission,,2022-03-13 05:46:27,"{""info"": ""Sample log data"", ""session_id"": 6088}"
8126,111,booking,,2023-01-23 08:11:38,"{""info"": ""Sample log data"", ""session_id"": 8368}"
8127,293,click,,2022-11-09 14:32:02,"{""info"": ""Sample log data"", ""session_id"": 9649}"
8128,189,booking,9.0,2021-11-01 00:53:28,"{""info"": ""Sample log data"", ""session_id"": 3383}"
8129,948,search,9.0,2020-10-21 14:17:38,"{""info"": ""Sample log data"", ""session_id"": 3964}"
8130,631,booking,,2022-05-03 09:16:58,"{""info"": ""Sample log data"", ""session_id"": 6191}"
8131,459,click,6.0,2023-04-28 07:58:52,"{""info"": ""Sample log data"", ""session_id"": 5318}"
8132,36,review_submission,,2024-11-08 20:51:31,"{""info"": ""Sample log data"", ""session_id"": 2373}"
8133,203,search,,2023-09-02 05:50:43,"{""info"": ""Sample log data"", ""session_id"": 7088}"
8134,147,review_submission,5.0,2022-03-25 22:10:40,"{""info"": ""Sample log data"", ""session_id"": 6829}"
8135,443,booking,,2021-10-17 17:29:13,"{""info"": ""Sample log data"", ""session_id"": 2101}"
8136,649,click,10.0,2022-01-08 22:20:37,"{""info"": ""Sample log data"", ""session_id"": 9653}"
8137,834,click,,2020-11-04 03:58:59,"{""info"": ""Sample log data"", ""session_id"": 3508}"
8138,775,booking,8.0,2024-11-15 00:39:07,"{""info"": ""Sample log data"", ""session_id"": 3152}"
8139,416,click,,2020-04-11 02:29:05,"{""info"": ""Sample log data"", ""session_id"": 1548}"
8140,614,booking,2.0,2021-11-09 04:38:52,"{""info"": ""Sample log data"", ""session_id"": 2361}"
8141,696,click,14.0,2021-04-30 00:10:37,"{""info"": ""Sample log data"", ""session_id"": 8210}"
8142,738,review_submission,,2024-09-14 03:03:41,"{""info"": ""Sample log data"", ""session_id"": 5169}"
8143,798,click,6.0,2020-09-27 12:46:12,"{""info"": ""Sample log data"", ""session_id"": 9869}"
8144,770,review_submission,,2021-07-17 01:50:37,"{""info"": ""Sample log data"", ""session_id"": 3578}"
8145,245,search,,2024-04-25 01:02:46,"{""info"": ""Sample log data"", ""session_id"": 4536}"
8146,90,click,,2022-12-25 11:12:46,"{""info"": ""Sample log data"", ""session_id"": 9043}"
8147,27,click,5.0,2023-10-06 17:06:33,"{""info"": ""Sample log data"", ""session_id"": 2921}"
8148,747,search,,2022-08-16 15:15:37,"{""info"": ""Sample log data"", ""session_id"": 4749}"
8149,972,review_submission,,2022-04-08 16:19:42,"{""info"": ""Sample log data"", ""session_id"": 9528}"
8150,865,search,,2021-08-11 21:24:20,"{""info"": ""Sample log data"", ""session_id"": 2900}"
8151,491,booking,,2023-09-04 10:15:47,"{""info"": ""Sample log data"", ""session_id"": 5761}"
8152,167,booking,,2024-09-04 14:54:29,"{""info"": ""Sample log data"", ""session_id"": 6196}"
8153,128,click,7.0,2024-02-23 11:08:48,"{""info"": ""Sample log data"", ""session_id"": 6769}"
8154,703,review_submission,14.0,2023-10-31 17:26:38,"{""info"": ""Sample log data"", ""session_id"": 5642}"
8155,165,search,14.0,2021-11-28 11:37:16,"{""info"": ""Sample log data"", ""session_id"": 2959}"
8156,402,search,1.0,2024-05-09 08:43:14,"{""info"": ""Sample log data"", ""session_id"": 2343}"
8157,111,search,,2020-04-14 06:55:01,"{""info"": ""Sample log data"", ""session_id"": 5915}"
8158,21,booking,,2024-08-17 14:33:45,"{""info"": ""Sample log data"", ""session_id"": 8691}"
8159,236,review_submission,5.0,2023-03-06 20:11:20,"{""info"": ""Sample log data"", ""session_id"": 3222}"
8160,121,review_submission,12.0,2021-02-02 22:26:36,"{""info"": ""Sample log data"", ""session_id"": 1761}"
8161,512,click,,2020-06-23 12:43:07,"{""info"": ""Sample log data"", ""session_id"": 2308}"
8162,427,click,,2021-02-06 22:10:45,"{""info"": ""Sample log data"", ""session_id"": 6169}"
8163,527,search,,2024-01-27 06:37:18,"{""info"": ""Sample log data"", ""session_id"": 2832}"
8164,596,review_submission,,2023-09-11 05:37:30,"{""info"": ""Sample log data"", ""session_id"": 9030}"
8165,890,booking,,2023-04-10 07:54:31,"{""info"": ""Sample log data"", ""session_id"": 1832}"
8166,415,booking,,2024-09-03 00:15:55,"{""info"": ""Sample log data"", ""session_id"": 9578}"
8167,554,booking,,2022-04-05 18:20:05,"{""info"": ""Sample log data"", ""session_id"": 3231}"
8168,294,booking,,2024-04-24 10:59:43,"{""info"": ""Sample log data"", ""session_id"": 9374}"
8169,414,booking,,2021-11-21 04:25:13,"{""info"": ""Sample log data"", ""session_id"": 9225}"
8170,434,booking,6.0,2021-06-18 19:33:30,"{""info"": ""Sample log data"", ""session_id"": 7830}"
8171,338,click,,2023-08-02 20:01:59,"{""info"": ""Sample log data"", ""session_id"": 8284}"
8172,964,click,,2023-02-19 23:32:30,"{""info"": ""Sample log data"", ""session_id"": 3817}"
8173,324,booking,,2024-08-01 20:29:26,"{""info"": ""Sample log data"", ""session_id"": 4486}"
8174,932,click,2.0,2021-04-15 02:34:25,"{""info"": ""Sample log data"", ""session_id"": 7223}"
8175,976,search,,2024-05-26 13:09:33,"{""info"": ""Sample log data"", ""session_id"": 7065}"
8176,25,review_submission,,2022-10-09 07:06:44,"{""info"": ""Sample log data"", ""session_id"": 9638}"
8177,692,booking,,2024-02-15 07:43:49,"{""info"": ""Sample log data"", ""session_id"": 2038}"
8178,2,booking,,2024-04-17 13:14:30,"{""info"": ""Sample log data"", ""session_id"": 4007}"
8179,445,click,5.0,2022-08-02 04:41:19,"{""info"": ""Sample log data"", ""session_id"": 3994}"
8180,211,booking,10.0,2024-07-06 05:47:22,"{""info"": ""Sample log data"", ""session_id"": 9518}"
8181,654,review_submission,1.0,2022-10-28 04:26:37,"{""info"": ""Sample log data"", ""session_id"": 3223}"
8182,358,search,13.0,2023-05-10 04:06:53,"{""info"": ""Sample log data"", ""session_id"": 3981}"
8183,488,click,,2020-12-30 19:03:01,"{""info"": ""Sample log data"", ""session_id"": 9302}"
8184,189,search,,2020-02-02 08:54:09,"{""info"": ""Sample log data"", ""session_id"": 9988}"
8185,280,review_submission,5.0,2023-07-06 18:13:50,"{""info"": ""Sample log data"", ""session_id"": 2862}"
8186,356,booking,8.0,2021-06-13 10:29:19,"{""info"": ""Sample log data"", ""session_id"": 2123}"
8187,787,review_submission,,2023-03-08 12:31:41,"{""info"": ""Sample log data"", ""session_id"": 8450}"
8188,646,click,4.0,2020-04-12 18:42:43,"{""info"": ""Sample log data"", ""session_id"": 1401}"
8189,431,search,2.0,2023-09-12 15:57:33,"{""info"": ""Sample log data"", ""session_id"": 6658}"
8190,957,click,,2022-05-31 07:30:16,"{""info"": ""Sample log data"", ""session_id"": 9841}"
8191,11,click,14.0,2021-12-18 16:59:49,"{""info"": ""Sample log data"", ""session_id"": 6877}"
8192,164,click,,2023-03-06 22:13:52,"{""info"": ""Sample log data"", ""session_id"": 8097}"
8193,242,click,,2023-04-30 16:00:33,"{""info"": ""Sample log data"", ""session_id"": 2021}"
8194,462,booking,10.0,2023-05-06 07:33:22,"{""info"": ""Sample log data"", ""session_id"": 9556}"
8195,871,search,,2022-10-01 12:47:02,"{""info"": ""Sample log data"", ""session_id"": 8137}"
8196,105,click,,2020-06-08 14:12:46,"{""info"": ""Sample log data"", ""session_id"": 6092}"
8197,484,booking,13.0,2020-01-22 00:36:38,"{""info"": ""Sample log data"", ""session_id"": 5756}"
8198,190,booking,13.0,2022-09-22 12:24:31,"{""info"": ""Sample log data"", ""session_id"": 5256}"
8199,403,booking,9.0,2021-09-13 23:23:29,"{""info"": ""Sample log data"", ""session_id"": 5001}"
8200,812,booking,8.0,2023-10-23 05:49:39,"{""info"": ""Sample log data"", ""session_id"": 8090}"
8201,561,booking,,2025-01-07 23:34:16,"{""info"": ""Sample log data"", ""session_id"": 5428}"
8202,23,booking,,2023-12-14 12:37:19,"{""info"": ""Sample log data"", ""session_id"": 3419}"
8203,481,review_submission,3.0,2021-03-07 09:58:33,"{""info"": ""Sample log data"", ""session_id"": 9151}"
8204,1000,review_submission,12.0,2022-07-11 17:30:25,"{""info"": ""Sample log data"", ""session_id"": 1007}"
8205,25,booking,,2022-03-08 02:53:45,"{""info"": ""Sample log data"", ""session_id"": 1860}"
8206,541,review_submission,10.0,2024-01-13 21:39:52,"{""info"": ""Sample log data"", ""session_id"": 4865}"
8207,443,search,,2023-10-30 03:56:02,"{""info"": ""Sample log data"", ""session_id"": 6628}"
8208,153,booking,6.0,2020-12-21 10:44:00,"{""info"": ""Sample log data"", ""session_id"": 7398}"
8209,300,click,11.0,2020-10-16 19:03:56,"{""info"": ""Sample log data"", ""session_id"": 2816}"
8210,753,search,9.0,2022-10-09 20:20:02,"{""info"": ""Sample log data"", ""session_id"": 5128}"
8211,646,booking,3.0,2020-09-10 22:05:40,"{""info"": ""Sample log data"", ""session_id"": 3247}"
8212,116,booking,,2023-08-06 01:44:46,"{""info"": ""Sample log data"", ""session_id"": 5031}"
8213,193,click,9.0,2024-01-09 14:26:51,"{""info"": ""Sample log data"", ""session_id"": 9768}"
8214,259,click,,2025-01-16 12:58:45,"{""info"": ""Sample log data"", ""session_id"": 1737}"
8215,104,review_submission,8.0,2023-03-12 09:55:43,"{""info"": ""Sample log data"", ""session_id"": 1849}"
8216,708,booking,4.0,2023-12-23 09:15:21,"{""info"": ""Sample log data"", ""session_id"": 2006}"
8217,702,search,10.0,2023-03-24 00:19:22,"{""info"": ""Sample log data"", ""session_id"": 4724}"
8218,618,review_submission,,2020-07-14 03:37:41,"{""info"": ""Sample log data"", ""session_id"": 5254}"
8219,656,click,,2023-08-28 03:59:23,"{""info"": ""Sample log data"", ""session_id"": 4012}"
8220,583,review_submission,12.0,2022-12-07 08:52:55,"{""info"": ""Sample log data"", ""session_id"": 6112}"
8221,736,booking,3.0,2025-01-04 03:24:56,"{""info"": ""Sample log data"", ""session_id"": 1659}"
8222,802,click,,2021-01-21 04:28:31,"{""info"": ""Sample log data"", ""session_id"": 4059}"
8223,988,booking,,2020-02-05 01:44:18,"{""info"": ""Sample log data"", ""session_id"": 5835}"
8224,819,review_submission,7.0,2024-04-25 04:31:06,"{""info"": ""Sample log data"", ""session_id"": 5054}"
8225,831,search,8.0,2022-10-21 17:03:44,"{""info"": ""Sample log data"", ""session_id"": 5573}"
8226,431,search,,2024-12-10 21:19:18,"{""info"": ""Sample log data"", ""session_id"": 8539}"
8227,723,booking,,2023-09-19 21:10:16,"{""info"": ""Sample log data"", ""session_id"": 9455}"
8228,359,review_submission,,2025-01-20 08:00:45,"{""info"": ""Sample log data"", ""session_id"": 3490}"
8229,321,booking,10.0,2022-02-05 23:16:01,"{""info"": ""Sample log data"", ""session_id"": 5151}"
8230,546,review_submission,,2022-08-15 21:47:48,"{""info"": ""Sample log data"", ""session_id"": 7660}"
8231,560,search,1.0,2021-07-04 06:16:28,"{""info"": ""Sample log data"", ""session_id"": 1242}"
8232,682,review_submission,,2023-04-27 02:25:25,"{""info"": ""Sample log data"", ""session_id"": 6948}"
8233,207,search,,2023-03-07 09:55:18,"{""info"": ""Sample log data"", ""session_id"": 6538}"
8234,580,review_submission,,2022-03-31 18:11:56,"{""info"": ""Sample log data"", ""session_id"": 3091}"
8235,845,click,,2021-01-14 11:41:42,"{""info"": ""Sample log data"", ""session_id"": 3504}"
8236,559,click,5.0,2024-01-02 04:06:38,"{""info"": ""Sample log data"", ""session_id"": 1383}"
8237,247,review_submission,6.0,2023-05-04 07:05:06,"{""info"": ""Sample log data"", ""session_id"": 7829}"
8238,525,booking,,2021-12-09 16:49:00,"{""info"": ""Sample log data"", ""session_id"": 2062}"
8239,392,search,,2023-03-25 23:25:59,"{""info"": ""Sample log data"", ""session_id"": 4779}"
8240,241,click,,2023-05-17 15:03:43,"{""info"": ""Sample log data"", ""session_id"": 2444}"
8241,386,click,,2024-06-14 10:06:48,"{""info"": ""Sample log data"", ""session_id"": 2705}"
8242,806,search,8.0,2021-04-07 04:50:50,"{""info"": ""Sample log data"", ""session_id"": 6540}"
8243,121,click,,2024-02-03 03:31:37,"{""info"": ""Sample log data"", ""session_id"": 5995}"
8244,531,search,,2021-10-10 18:50:51,"{""info"": ""Sample log data"", ""session_id"": 3942}"
8245,316,review_submission,11.0,2023-03-17 05:01:29,"{""info"": ""Sample log data"", ""session_id"": 4717}"
8246,620,search,11.0,2024-06-23 22:13:17,"{""info"": ""Sample log data"", ""session_id"": 6420}"
8247,360,booking,3.0,2023-05-01 11:15:11,"{""info"": ""Sample log data"", ""session_id"": 1037}"
8248,626,click,,2020-06-14 06:58:22,"{""info"": ""Sample log data"", ""session_id"": 1903}"
8249,723,review_submission,,2024-11-26 16:03:20,"{""info"": ""Sample log data"", ""session_id"": 4515}"
8250,347,search,7.0,2024-02-22 10:05:24,"{""info"": ""Sample log data"", ""session_id"": 8424}"
8251,186,click,9.0,2020-04-08 10:58:55,"{""info"": ""Sample log data"", ""session_id"": 8470}"
8252,360,search,2.0,2022-07-20 21:33:17,"{""info"": ""Sample log data"", ""session_id"": 8052}"
8253,348,review_submission,,2024-09-26 05:49:09,"{""info"": ""Sample log data"", ""session_id"": 2842}"
8254,13,click,3.0,2021-03-02 18:51:38,"{""info"": ""Sample log data"", ""session_id"": 3674}"
8255,266,search,,2021-11-21 20:00:56,"{""info"": ""Sample log data"", ""session_id"": 3624}"
8256,573,search,,2022-08-15 19:00:43,"{""info"": ""Sample log data"", ""session_id"": 4424}"
8257,962,search,,2023-06-21 22:59:23,"{""info"": ""Sample log data"", ""session_id"": 9003}"
8258,257,search,12.0,2022-06-15 15:59:00,"{""info"": ""Sample log data"", ""session_id"": 1105}"
8259,308,click,8.0,2022-06-03 11:58:12,"{""info"": ""Sample log data"", ""session_id"": 2147}"
8260,120,booking,,2021-11-27 13:58:44,"{""info"": ""Sample log data"", ""session_id"": 7870}"
8261,917,search,7.0,2022-04-01 08:15:21,"{""info"": ""Sample log data"", ""session_id"": 1655}"
8262,381,search,4.0,2020-05-23 08:57:29,"{""info"": ""Sample log data"", ""session_id"": 6725}"
8263,474,click,,2021-10-02 04:20:12,"{""info"": ""Sample log data"", ""session_id"": 4066}"
8264,464,search,9.0,2021-12-05 12:49:58,"{""info"": ""Sample log data"", ""session_id"": 4612}"
8265,839,search,,2021-01-03 19:40:05,"{""info"": ""Sample log data"", ""session_id"": 7858}"
8266,141,review_submission,12.0,2023-12-24 09:06:05,"{""info"": ""Sample log data"", ""session_id"": 6460}"
8267,316,search,,2021-02-05 18:17:24,"{""info"": ""Sample log data"", ""session_id"": 5033}"
8268,225,booking,14.0,2020-11-02 09:02:43,"{""info"": ""Sample log data"", ""session_id"": 6163}"
8269,416,search,3.0,2021-06-05 22:47:52,"{""info"": ""Sample log data"", ""session_id"": 5930}"
8270,904,review_submission,,2024-06-25 02:24:20,"{""info"": ""Sample log data"", ""session_id"": 8864}"
8271,994,click,8.0,2024-09-07 10:34:44,"{""info"": ""Sample log data"", ""session_id"": 6736}"
8272,363,search,,2020-06-17 13:14:01,"{""info"": ""Sample log data"", ""session_id"": 4418}"
8273,720,booking,,2023-11-21 07:21:46,"{""info"": ""Sample log data"", ""session_id"": 9882}"
8274,751,search,,2024-04-21 18:15:13,"{""info"": ""Sample log data"", ""session_id"": 5749}"
8275,103,review_submission,,2024-01-04 06:19:55,"{""info"": ""Sample log data"", ""session_id"": 4667}"
8276,631,click,7.0,2024-11-09 05:11:12,"{""info"": ""Sample log data"", ""session_id"": 5930}"
8277,756,booking,,2021-07-29 07:39:44,"{""info"": ""Sample log data"", ""session_id"": 1488}"
8278,135,search,,2021-05-22 19:43:08,"{""info"": ""Sample log data"", ""session_id"": 2987}"
8279,64,booking,9.0,2021-01-03 11:29:05,"{""info"": ""Sample log data"", ""session_id"": 5249}"
8280,955,review_submission,9.0,2022-01-23 02:31:51,"{""info"": ""Sample log data"", ""session_id"": 9747}"
8281,869,click,4.0,2021-10-19 13:59:02,"{""info"": ""Sample log data"", ""session_id"": 9578}"
8282,441,click,,2024-11-20 21:09:16,"{""info"": ""Sample log data"", ""session_id"": 3222}"
8283,221,booking,12.0,2022-05-16 03:20:20,"{""info"": ""Sample log data"", ""session_id"": 4224}"
8284,500,search,,2020-11-05 00:02:49,"{""info"": ""Sample log data"", ""session_id"": 8615}"
8285,408,click,,2020-11-22 20:16:08,"{""info"": ""Sample log data"", ""session_id"": 1105}"
8286,256,search,13.0,2023-07-03 08:01:44,"{""info"": ""Sample log data"", ""session_id"": 5495}"
8287,860,search,,2020-03-19 23:19:35,"{""info"": ""Sample log data"", ""session_id"": 4732}"
8288,629,review_submission,,2021-02-06 00:22:24,"{""info"": ""Sample log data"", ""session_id"": 2890}"
8289,114,search,7.0,2022-05-09 06:20:49,"{""info"": ""Sample log data"", ""session_id"": 5007}"
8290,863,search,,2024-05-11 11:41:32,"{""info"": ""Sample log data"", ""session_id"": 3409}"
8291,72,search,3.0,2023-03-13 10:38:32,"{""info"": ""Sample log data"", ""session_id"": 3402}"
8292,833,booking,5.0,2024-06-28 20:47:09,"{""info"": ""Sample log data"", ""session_id"": 6173}"
8293,769,search,,2023-07-27 14:50:50,"{""info"": ""Sample log data"", ""session_id"": 5778}"
8294,686,search,6.0,2023-02-17 03:13:56,"{""info"": ""Sample log data"", ""session_id"": 9101}"
8295,760,booking,7.0,2020-08-17 20:33:28,"{""info"": ""Sample log data"", ""session_id"": 4746}"
8296,259,click,,2021-11-23 13:46:57,"{""info"": ""Sample log data"", ""session_id"": 4013}"
8297,616,click,14.0,2022-03-16 06:43:59,"{""info"": ""Sample log data"", ""session_id"": 4806}"
8298,620,click,12.0,2021-04-30 13:30:37,"{""info"": ""Sample log data"", ""session_id"": 4405}"
8299,376,review_submission,,2024-01-26 00:10:38,"{""info"": ""Sample log data"", ""session_id"": 3739}"
8300,792,review_submission,,2023-10-13 11:38:02,"{""info"": ""Sample log data"", ""session_id"": 2706}"
8301,918,click,10.0,2023-07-30 18:57:13,"{""info"": ""Sample log data"", ""session_id"": 6207}"
8302,914,click,,2021-09-10 21:09:56,"{""info"": ""Sample log data"", ""session_id"": 1089}"
8303,558,review_submission,12.0,2022-02-21 19:43:41,"{""info"": ""Sample log data"", ""session_id"": 1166}"
8304,240,review_submission,5.0,2020-02-08 12:31:45,"{""info"": ""Sample log data"", ""session_id"": 3705}"
8305,681,booking,,2020-01-29 14:26:18,"{""info"": ""Sample log data"", ""session_id"": 8069}"
8306,727,booking,,2023-11-09 11:34:35,"{""info"": ""Sample log data"", ""session_id"": 7921}"
8307,375,search,8.0,2024-02-13 03:27:14,"{""info"": ""Sample log data"", ""session_id"": 9179}"
8308,938,booking,13.0,2021-05-02 21:55:27,"{""info"": ""Sample log data"", ""session_id"": 2850}"
8309,135,click,,2022-10-05 03:17:47,"{""info"": ""Sample log data"", ""session_id"": 6440}"
8310,446,booking,5.0,2022-03-20 02:39:36,"{""info"": ""Sample log data"", ""session_id"": 4213}"
8311,5,search,,2020-01-04 14:12:15,"{""info"": ""Sample log data"", ""session_id"": 4583}"
8312,951,click,5.0,2022-01-09 12:33:36,"{""info"": ""Sample log data"", ""session_id"": 1773}"
8313,599,click,3.0,2022-08-19 02:57:58,"{""info"": ""Sample log data"", ""session_id"": 4299}"
8314,396,booking,,2023-04-07 02:31:59,"{""info"": ""Sample log data"", ""session_id"": 7957}"
8315,206,search,10.0,2023-03-23 02:07:49,"{""info"": ""Sample log data"", ""session_id"": 7986}"
8316,585,booking,9.0,2022-06-10 09:20:29,"{""info"": ""Sample log data"", ""session_id"": 5436}"
8317,20,review_submission,,2022-08-25 03:58:52,"{""info"": ""Sample log data"", ""session_id"": 7685}"
8318,872,booking,,2023-12-09 17:31:23,"{""info"": ""Sample log data"", ""session_id"": 2540}"
8319,498,click,12.0,2020-06-05 07:31:48,"{""info"": ""Sample log data"", ""session_id"": 1207}"
8320,141,click,,2024-12-01 03:40:10,"{""info"": ""Sample log data"", ""session_id"": 3074}"
8321,934,booking,,2022-10-27 12:12:00,"{""info"": ""Sample log data"", ""session_id"": 6373}"
8322,774,search,,2021-06-16 15:34:46,"{""info"": ""Sample log data"", ""session_id"": 9438}"
8323,146,search,,2024-12-08 14:14:08,"{""info"": ""Sample log data"", ""session_id"": 5486}"
8324,275,search,1.0,2020-07-20 08:29:41,"{""info"": ""Sample log data"", ""session_id"": 1060}"
8325,906,booking,,2024-01-12 21:52:37,"{""info"": ""Sample log data"", ""session_id"": 1825}"
8326,230,review_submission,,2023-03-16 03:14:37,"{""info"": ""Sample log data"", ""session_id"": 5978}"
8327,309,click,11.0,2020-12-23 06:59:00,"{""info"": ""Sample log data"", ""session_id"": 7599}"
8328,597,review_submission,14.0,2024-04-02 13:35:02,"{""info"": ""Sample log data"", ""session_id"": 8085}"
8329,578,review_submission,,2024-12-09 06:47:52,"{""info"": ""Sample log data"", ""session_id"": 4833}"
8330,862,booking,,2023-09-05 15:19:40,"{""info"": ""Sample log data"", ""session_id"": 4075}"
8331,874,booking,8.0,2021-02-03 10:23:12,"{""info"": ""Sample log data"", ""session_id"": 4270}"
8332,743,search,6.0,2023-06-05 01:23:55,"{""info"": ""Sample log data"", ""session_id"": 1546}"
8333,369,review_submission,,2024-08-26 06:44:40,"{""info"": ""Sample log data"", ""session_id"": 2126}"
8334,321,review_submission,6.0,2020-03-14 14:08:18,"{""info"": ""Sample log data"", ""session_id"": 1584}"
8335,80,booking,,2023-11-28 11:19:20,"{""info"": ""Sample log data"", ""session_id"": 6894}"
8336,66,click,,2024-03-03 02:38:42,"{""info"": ""Sample log data"", ""session_id"": 4851}"
8337,489,booking,9.0,2020-06-26 03:47:56,"{""info"": ""Sample log data"", ""session_id"": 3403}"
8338,822,search,13.0,2021-06-06 05:02:03,"{""info"": ""Sample log data"", ""session_id"": 9495}"
8339,507,search,,2020-07-29 20:06:59,"{""info"": ""Sample log data"", ""session_id"": 8842}"
8340,540,click,13.0,2021-02-17 12:47:47,"{""info"": ""Sample log data"", ""session_id"": 7112}"
8341,682,search,10.0,2023-02-18 05:29:23,"{""info"": ""Sample log data"", ""session_id"": 6910}"
8342,464,click,3.0,2021-03-27 23:58:57,"{""info"": ""Sample log data"", ""session_id"": 4018}"
8343,249,click,7.0,2020-10-06 22:27:58,"{""info"": ""Sample log data"", ""session_id"": 8429}"
8344,924,booking,5.0,2023-05-07 00:05:51,"{""info"": ""Sample log data"", ""session_id"": 9697}"
8345,534,click,3.0,2024-11-19 22:42:30,"{""info"": ""Sample log data"", ""session_id"": 2310}"
8346,140,booking,3.0,2022-08-23 20:11:12,"{""info"": ""Sample log data"", ""session_id"": 4086}"
8347,670,search,,2020-09-01 06:34:21,"{""info"": ""Sample log data"", ""session_id"": 9468}"
8348,278,booking,,2021-03-22 08:51:32,"{""info"": ""Sample log data"", ""session_id"": 8183}"
8349,524,booking,8.0,2020-03-12 21:55:12,"{""info"": ""Sample log data"", ""session_id"": 3192}"
8350,725,click,,2024-09-28 08:54:26,"{""info"": ""Sample log data"", ""session_id"": 5772}"
8351,492,review_submission,,2023-05-09 00:04:33,"{""info"": ""Sample log data"", ""session_id"": 8713}"
8352,240,click,11.0,2021-04-23 04:16:08,"{""info"": ""Sample log data"", ""session_id"": 3000}"
8353,249,review_submission,1.0,2024-06-09 21:45:30,"{""info"": ""Sample log data"", ""session_id"": 4479}"
8354,847,click,,2020-02-04 14:03:30,"{""info"": ""Sample log data"", ""session_id"": 4172}"
8355,999,search,,2024-01-24 14:01:42,"{""info"": ""Sample log data"", ""session_id"": 5392}"
8356,248,booking,2.0,2023-01-24 19:07:07,"{""info"": ""Sample log data"", ""session_id"": 8319}"
8357,668,review_submission,,2020-09-14 23:03:46,"{""info"": ""Sample log data"", ""session_id"": 7124}"
8358,925,search,3.0,2024-05-08 13:18:39,"{""info"": ""Sample log data"", ""session_id"": 7574}"
8359,969,booking,6.0,2020-09-24 01:53:57,"{""info"": ""Sample log data"", ""session_id"": 5961}"
8360,120,booking,,2023-06-22 06:07:15,"{""info"": ""Sample log data"", ""session_id"": 5031}"
8361,524,review_submission,2.0,2024-08-31 14:55:06,"{""info"": ""Sample log data"", ""session_id"": 6735}"
8362,309,search,11.0,2020-07-10 08:23:36,"{""info"": ""Sample log data"", ""session_id"": 4190}"
8363,147,booking,,2022-09-29 10:39:05,"{""info"": ""Sample log data"", ""session_id"": 6406}"
8364,605,booking,,2021-07-16 12:06:26,"{""info"": ""Sample log data"", ""session_id"": 1181}"
8365,788,booking,,2020-02-19 04:34:25,"{""info"": ""Sample log data"", ""session_id"": 1050}"
8366,652,review_submission,,2021-03-10 23:40:01,"{""info"": ""Sample log data"", ""session_id"": 1036}"
8367,621,click,14.0,2023-01-30 21:30:21,"{""info"": ""Sample log data"", ""session_id"": 9057}"
8368,829,click,,2023-12-12 00:29:56,"{""info"": ""Sample log data"", ""session_id"": 1775}"
8369,457,search,,2020-03-09 13:10:21,"{""info"": ""Sample log data"", ""session_id"": 2633}"
8370,762,search,12.0,2020-01-14 10:55:38,"{""info"": ""Sample log data"", ""session_id"": 4669}"
8371,140,click,4.0,2022-02-14 23:19:55,"{""info"": ""Sample log data"", ""session_id"": 6813}"
8372,727,booking,4.0,2024-03-14 17:38:36,"{""info"": ""Sample log data"", ""session_id"": 5250}"
8373,327,click,,2022-11-06 17:17:44,"{""info"": ""Sample log data"", ""session_id"": 7539}"
8374,39,click,,2022-08-26 21:10:02,"{""info"": ""Sample log data"", ""session_id"": 2635}"
8375,875,click,,2021-11-16 00:52:53,"{""info"": ""Sample log data"", ""session_id"": 9327}"
8376,170,booking,,2021-08-02 18:20:41,"{""info"": ""Sample log data"", ""session_id"": 3747}"
8377,977,click,,2021-03-20 14:58:49,"{""info"": ""Sample log data"", ""session_id"": 5560}"
8378,707,booking,,2020-06-02 13:39:29,"{""info"": ""Sample log data"", ""session_id"": 7224}"
8379,715,search,,2024-12-14 09:16:37,"{""info"": ""Sample log data"", ""session_id"": 4117}"
8380,595,search,,2020-10-24 05:45:52,"{""info"": ""Sample log data"", ""session_id"": 6786}"
8381,646,search,,2020-08-04 15:45:05,"{""info"": ""Sample log data"", ""session_id"": 1979}"
8382,960,search,,2021-09-13 13:56:28,"{""info"": ""Sample log data"", ""session_id"": 6593}"
8383,589,booking,12.0,2023-02-08 16:56:58,"{""info"": ""Sample log data"", ""session_id"": 4295}"
8384,641,click,1.0,2024-09-30 23:05:13,"{""info"": ""Sample log data"", ""session_id"": 4742}"
8385,670,booking,,2021-04-13 13:44:57,"{""info"": ""Sample log data"", ""session_id"": 5507}"
8386,655,booking,1.0,2022-09-18 20:17:30,"{""info"": ""Sample log data"", ""session_id"": 3791}"
8387,734,search,,2022-03-28 04:57:03,"{""info"": ""Sample log data"", ""session_id"": 9637}"
8388,944,review_submission,,2023-10-20 09:05:48,"{""info"": ""Sample log data"", ""session_id"": 8482}"
8389,814,click,14.0,2022-04-12 20:45:06,"{""info"": ""Sample log data"", ""session_id"": 7600}"
8390,726,review_submission,,2021-06-13 11:09:48,"{""info"": ""Sample log data"", ""session_id"": 9573}"
8391,942,review_submission,,2024-04-30 05:57:53,"{""info"": ""Sample log data"", ""session_id"": 1177}"
8392,106,click,,2023-03-17 21:16:21,"{""info"": ""Sample log data"", ""session_id"": 4156}"
8393,852,search,,2022-08-25 04:58:02,"{""info"": ""Sample log data"", ""session_id"": 8308}"
8394,413,booking,13.0,2022-06-13 07:34:33,"{""info"": ""Sample log data"", ""session_id"": 5456}"
8395,315,click,12.0,2024-08-05 02:40:11,"{""info"": ""Sample log data"", ""session_id"": 2480}"
8396,919,click,,2023-02-03 09:16:45,"{""info"": ""Sample log data"", ""session_id"": 2349}"
8397,842,click,,2025-01-19 15:15:31,"{""info"": ""Sample log data"", ""session_id"": 2074}"
8398,496,click,,2021-05-03 11:16:04,"{""info"": ""Sample log data"", ""session_id"": 8513}"
8399,884,click,2.0,2023-09-09 14:44:41,"{""info"": ""Sample log data"", ""session_id"": 1363}"
8400,571,review_submission,7.0,2021-06-07 03:37:57,"{""info"": ""Sample log data"", ""session_id"": 3115}"
8401,601,review_submission,4.0,2023-06-29 03:39:45,"{""info"": ""Sample log data"", ""session_id"": 6826}"
8402,866,search,2.0,2022-05-04 13:37:50,"{""info"": ""Sample log data"", ""session_id"": 1976}"
8403,303,search,12.0,2022-08-27 15:51:23,"{""info"": ""Sample log data"", ""session_id"": 2586}"
8404,909,review_submission,7.0,2024-02-25 14:07:39,"{""info"": ""Sample log data"", ""session_id"": 2870}"
8405,206,review_submission,,2021-11-03 19:57:11,"{""info"": ""Sample log data"", ""session_id"": 9515}"
8406,388,booking,,2023-12-17 20:46:32,"{""info"": ""Sample log data"", ""session_id"": 1501}"
8407,279,click,,2023-06-10 00:23:47,"{""info"": ""Sample log data"", ""session_id"": 5867}"
8408,506,review_submission,,2025-01-18 02:33:19,"{""info"": ""Sample log data"", ""session_id"": 5392}"
8409,256,search,12.0,2021-04-06 21:42:48,"{""info"": ""Sample log data"", ""session_id"": 3120}"
8410,397,booking,,2022-01-28 02:31:13,"{""info"": ""Sample log data"", ""session_id"": 6297}"
8411,258,click,,2020-02-09 18:29:48,"{""info"": ""Sample log data"", ""session_id"": 6680}"
8412,771,search,10.0,2021-03-31 11:22:28,"{""info"": ""Sample log data"", ""session_id"": 2069}"
8413,773,review_submission,14.0,2023-03-10 09:02:51,"{""info"": ""Sample log data"", ""session_id"": 4637}"
8414,178,click,5.0,2024-06-05 06:23:05,"{""info"": ""Sample log data"", ""session_id"": 5828}"
8415,650,search,,2022-07-04 06:14:14,"{""info"": ""Sample log data"", ""session_id"": 4260}"
8416,544,click,5.0,2023-06-18 18:15:48,"{""info"": ""Sample log data"", ""session_id"": 3294}"
8417,902,click,14.0,2022-09-22 07:47:40,"{""info"": ""Sample log data"", ""session_id"": 3176}"
8418,523,review_submission,,2020-03-20 20:43:26,"{""info"": ""Sample log data"", ""session_id"": 3297}"
8419,584,search,4.0,2021-02-26 12:49:21,"{""info"": ""Sample log data"", ""session_id"": 3487}"
8420,491,review_submission,14.0,2021-10-05 02:48:01,"{""info"": ""Sample log data"", ""session_id"": 3953}"
8421,815,search,10.0,2023-06-30 04:52:49,"{""info"": ""Sample log data"", ""session_id"": 6355}"
8422,513,search,,2021-10-24 19:23:37,"{""info"": ""Sample log data"", ""session_id"": 9387}"
8423,381,booking,12.0,2021-03-07 07:42:17,"{""info"": ""Sample log data"", ""session_id"": 9307}"
8424,435,review_submission,12.0,2020-12-15 13:18:46,"{""info"": ""Sample log data"", ""session_id"": 9467}"
8425,700,search,6.0,2020-01-27 03:08:16,"{""info"": ""Sample log data"", ""session_id"": 8396}"
8426,401,search,,2023-03-13 02:39:17,"{""info"": ""Sample log data"", ""session_id"": 4278}"
8427,857,booking,,2024-01-11 23:52:58,"{""info"": ""Sample log data"", ""session_id"": 4811}"
8428,982,search,,2022-01-02 23:50:51,"{""info"": ""Sample log data"", ""session_id"": 8665}"
8429,471,booking,4.0,2022-12-27 14:23:23,"{""info"": ""Sample log data"", ""session_id"": 5223}"
8430,653,search,,2022-01-28 03:06:50,"{""info"": ""Sample log data"", ""session_id"": 4166}"
8431,932,click,,2022-02-08 17:20:02,"{""info"": ""Sample log data"", ""session_id"": 4229}"
8432,872,booking,14.0,2023-05-06 17:23:28,"{""info"": ""Sample log data"", ""session_id"": 9621}"
8433,792,booking,,2022-01-25 17:13:27,"{""info"": ""Sample log data"", ""session_id"": 4573}"
8434,749,search,,2022-04-05 17:27:10,"{""info"": ""Sample log data"", ""session_id"": 9175}"
8435,766,search,11.0,2024-01-10 14:38:12,"{""info"": ""Sample log data"", ""session_id"": 9907}"
8436,5,review_submission,,2022-08-18 19:42:00,"{""info"": ""Sample log data"", ""session_id"": 6979}"
8437,658,review_submission,,2024-08-26 09:39:13,"{""info"": ""Sample log data"", ""session_id"": 7174}"
8438,528,click,,2022-09-08 19:30:48,"{""info"": ""Sample log data"", ""session_id"": 2804}"
8439,151,review_submission,13.0,2020-10-23 02:59:07,"{""info"": ""Sample log data"", ""session_id"": 2690}"
8440,541,click,7.0,2023-05-13 12:29:46,"{""info"": ""Sample log data"", ""session_id"": 4708}"
8441,819,review_submission,,2022-11-12 10:28:26,"{""info"": ""Sample log data"", ""session_id"": 6043}"
8442,366,review_submission,,2020-11-18 21:11:30,"{""info"": ""Sample log data"", ""session_id"": 6477}"
8443,280,search,,2021-06-30 13:12:35,"{""info"": ""Sample log data"", ""session_id"": 4614}"
8444,716,review_submission,,2022-09-05 19:39:41,"{""info"": ""Sample log data"", ""session_id"": 1351}"
8445,623,booking,2.0,2024-09-20 08:24:09,"{""info"": ""Sample log data"", ""session_id"": 3787}"
8446,160,booking,13.0,2022-04-10 08:47:36,"{""info"": ""Sample log data"", ""session_id"": 1552}"
8447,87,search,2.0,2024-11-28 00:54:47,"{""info"": ""Sample log data"", ""session_id"": 1407}"
8448,353,search,,2022-08-14 20:28:12,"{""info"": ""Sample log data"", ""session_id"": 3796}"
8449,685,search,,2022-09-12 15:53:26,"{""info"": ""Sample log data"", ""session_id"": 9258}"
8450,705,search,11.0,2020-04-16 15:19:11,"{""info"": ""Sample log data"", ""session_id"": 7503}"
8451,718,click,,2020-11-09 23:10:21,"{""info"": ""Sample log data"", ""session_id"": 9040}"
8452,801,click,7.0,2022-06-25 06:11:13,"{""info"": ""Sample log data"", ""session_id"": 5468}"
8453,366,booking,,2024-09-10 01:57:37,"{""info"": ""Sample log data"", ""session_id"": 3598}"
8454,298,review_submission,7.0,2022-09-09 14:03:53,"{""info"": ""Sample log data"", ""session_id"": 9756}"
8455,878,booking,,2021-02-17 04:51:46,"{""info"": ""Sample log data"", ""session_id"": 3441}"
8456,50,booking,1.0,2020-09-23 15:16:57,"{""info"": ""Sample log data"", ""session_id"": 7282}"
8457,23,search,,2024-05-29 14:14:12,"{""info"": ""Sample log data"", ""session_id"": 5943}"
8458,691,review_submission,,2024-03-15 07:21:01,"{""info"": ""Sample log data"", ""session_id"": 8094}"
8459,759,search,10.0,2020-05-28 00:08:58,"{""info"": ""Sample log data"", ""session_id"": 3173}"
8460,593,review_submission,7.0,2023-09-27 13:31:24,"{""info"": ""Sample log data"", ""session_id"": 8313}"
8461,350,booking,,2023-10-07 19:13:45,"{""info"": ""Sample log data"", ""session_id"": 5868}"
8462,741,click,2.0,2023-04-04 18:22:52,"{""info"": ""Sample log data"", ""session_id"": 7259}"
8463,456,search,,2021-05-25 07:51:52,"{""info"": ""Sample log data"", ""session_id"": 6869}"
8464,208,booking,3.0,2021-12-06 13:42:41,"{""info"": ""Sample log data"", ""session_id"": 7517}"
8465,171,search,,2024-12-22 01:33:40,"{""info"": ""Sample log data"", ""session_id"": 4292}"
8466,905,review_submission,6.0,2023-11-11 16:25:16,"{""info"": ""Sample log data"", ""session_id"": 3148}"
8467,490,booking,2.0,2020-08-29 16:04:31,"{""info"": ""Sample log data"", ""session_id"": 6359}"
8468,533,review_submission,3.0,2024-01-05 19:08:16,"{""info"": ""Sample log data"", ""session_id"": 2186}"
8469,999,click,,2024-01-18 19:34:25,"{""info"": ""Sample log data"", ""session_id"": 8633}"
8470,998,booking,5.0,2023-10-11 09:16:20,"{""info"": ""Sample log data"", ""session_id"": 5262}"
8471,931,booking,4.0,2022-04-30 00:12:16,"{""info"": ""Sample log data"", ""session_id"": 2388}"
8472,106,click,,2022-07-20 08:39:20,"{""info"": ""Sample log data"", ""session_id"": 7660}"
8473,710,click,,2020-06-01 05:50:03,"{""info"": ""Sample log data"", ""session_id"": 7148}"
8474,588,review_submission,8.0,2020-01-20 01:29:55,"{""info"": ""Sample log data"", ""session_id"": 7508}"
8475,979,booking,,2020-01-17 17:49:52,"{""info"": ""Sample log data"", ""session_id"": 6578}"
8476,380,search,,2022-09-07 14:16:27,"{""info"": ""Sample log data"", ""session_id"": 1203}"
8477,128,review_submission,,2023-02-06 04:20:04,"{""info"": ""Sample log data"", ""session_id"": 9016}"
8478,765,search,,2024-04-28 08:48:00,"{""info"": ""Sample log data"", ""session_id"": 8304}"
8479,685,search,3.0,2024-01-30 02:38:21,"{""info"": ""Sample log data"", ""session_id"": 3889}"
8480,570,review_submission,12.0,2023-01-28 13:29:44,"{""info"": ""Sample log data"", ""session_id"": 9011}"
8481,411,booking,,2021-04-15 19:36:37,"{""info"": ""Sample log data"", ""session_id"": 7771}"
8482,356,click,13.0,2022-08-29 15:14:41,"{""info"": ""Sample log data"", ""session_id"": 5651}"
8483,483,search,,2022-02-27 17:21:47,"{""info"": ""Sample log data"", ""session_id"": 2576}"
8484,433,review_submission,,2022-05-12 23:18:59,"{""info"": ""Sample log data"", ""session_id"": 9609}"
8485,579,review_submission,,2020-11-16 07:50:37,"{""info"": ""Sample log data"", ""session_id"": 8082}"
8486,15,search,9.0,2022-03-02 08:16:08,"{""info"": ""Sample log data"", ""session_id"": 5655}"
8487,972,click,6.0,2022-12-02 19:12:49,"{""info"": ""Sample log data"", ""session_id"": 2737}"
8488,2,search,,2020-04-13 19:31:54,"{""info"": ""Sample log data"", ""session_id"": 8315}"
8489,643,review_submission,1.0,2022-04-04 08:42:28,"{""info"": ""Sample log data"", ""session_id"": 7001}"
8490,228,search,,2021-08-11 03:11:25,"{""info"": ""Sample log data"", ""session_id"": 5600}"
8491,90,booking,,2022-05-08 06:42:39,"{""info"": ""Sample log data"", ""session_id"": 3520}"
8492,759,search,3.0,2022-02-02 12:29:23,"{""info"": ""Sample log data"", ""session_id"": 4290}"
8493,980,search,,2022-01-18 19:28:52,"{""info"": ""Sample log data"", ""session_id"": 9612}"
8494,57,search,13.0,2024-08-05 05:57:06,"{""info"": ""Sample log data"", ""session_id"": 9052}"
8495,896,booking,13.0,2023-11-11 08:03:04,"{""info"": ""Sample log data"", ""session_id"": 5870}"
8496,110,click,,2020-02-25 08:19:47,"{""info"": ""Sample log data"", ""session_id"": 1402}"
8497,951,click,,2022-04-07 22:45:19,"{""info"": ""Sample log data"", ""session_id"": 6611}"
8498,701,review_submission,,2021-02-10 02:43:59,"{""info"": ""Sample log data"", ""session_id"": 1482}"
8499,393,click,,2024-07-23 08:27:06,"{""info"": ""Sample log data"", ""session_id"": 9761}"
8500,468,click,11.0,2021-05-14 16:22:31,"{""info"": ""Sample log data"", ""session_id"": 3346}"
8501,358,click,,2022-12-16 08:16:41,"{""info"": ""Sample log data"", ""session_id"": 6209}"
8502,153,click,,2021-08-11 12:24:23,"{""info"": ""Sample log data"", ""session_id"": 9819}"
8503,294,search,4.0,2021-06-24 19:26:01,"{""info"": ""Sample log data"", ""session_id"": 6780}"
8504,105,booking,8.0,2023-05-01 10:19:01,"{""info"": ""Sample log data"", ""session_id"": 2028}"
8505,617,booking,,2023-06-28 04:28:00,"{""info"": ""Sample log data"", ""session_id"": 8490}"
8506,156,click,10.0,2022-06-16 02:24:26,"{""info"": ""Sample log data"", ""session_id"": 5979}"
8507,109,booking,11.0,2023-10-12 03:05:51,"{""info"": ""Sample log data"", ""session_id"": 2147}"
8508,849,search,4.0,2022-12-07 07:15:50,"{""info"": ""Sample log data"", ""session_id"": 2093}"
8509,267,review_submission,,2022-06-21 21:15:16,"{""info"": ""Sample log data"", ""session_id"": 8553}"
8510,410,booking,,2024-07-25 17:27:37,"{""info"": ""Sample log data"", ""session_id"": 6288}"
8511,909,booking,,2023-06-24 22:35:30,"{""info"": ""Sample log data"", ""session_id"": 3919}"
8512,2,review_submission,10.0,2022-05-31 15:20:33,"{""info"": ""Sample log data"", ""session_id"": 9361}"
8513,899,review_submission,8.0,2023-11-16 14:01:03,"{""info"": ""Sample log data"", ""session_id"": 1278}"
8514,937,click,,2023-05-03 02:38:40,"{""info"": ""Sample log data"", ""session_id"": 2977}"
8515,490,booking,4.0,2023-07-31 19:26:44,"{""info"": ""Sample log data"", ""session_id"": 5970}"
8516,738,search,8.0,2021-07-29 15:35:24,"{""info"": ""Sample log data"", ""session_id"": 6899}"
8517,372,search,,2024-09-15 14:51:35,"{""info"": ""Sample log data"", ""session_id"": 9328}"
8518,337,search,2.0,2024-12-23 09:07:21,"{""info"": ""Sample log data"", ""session_id"": 1252}"
8519,627,search,1.0,2020-06-23 04:05:58,"{""info"": ""Sample log data"", ""session_id"": 3795}"
8520,388,click,14.0,2020-02-10 10:39:08,"{""info"": ""Sample log data"", ""session_id"": 2673}"
8521,617,search,8.0,2024-10-28 23:35:01,"{""info"": ""Sample log data"", ""session_id"": 5458}"
8522,575,click,5.0,2021-10-21 22:26:18,"{""info"": ""Sample log data"", ""session_id"": 1596}"
8523,434,search,,2020-07-22 21:49:51,"{""info"": ""Sample log data"", ""session_id"": 9734}"
8524,960,review_submission,,2020-05-28 03:39:39,"{""info"": ""Sample log data"", ""session_id"": 4104}"
8525,267,booking,,2024-08-21 03:23:51,"{""info"": ""Sample log data"", ""session_id"": 9255}"
8526,756,click,11.0,2021-06-16 15:17:28,"{""info"": ""Sample log data"", ""session_id"": 5099}"
8527,259,review_submission,,2021-10-06 17:26:42,"{""info"": ""Sample log data"", ""session_id"": 8719}"
8528,298,click,,2024-03-03 12:45:49,"{""info"": ""Sample log data"", ""session_id"": 9056}"
8529,608,click,,2021-02-11 06:04:03,"{""info"": ""Sample log data"", ""session_id"": 2708}"
8530,282,booking,4.0,2021-09-03 18:43:36,"{""info"": ""Sample log data"", ""session_id"": 4930}"
8531,173,search,4.0,2020-07-31 23:21:42,"{""info"": ""Sample log data"", ""session_id"": 4578}"
8532,563,review_submission,11.0,2021-02-28 10:40:25,"{""info"": ""Sample log data"", ""session_id"": 7508}"
8533,478,click,,2023-07-29 01:38:16,"{""info"": ""Sample log data"", ""session_id"": 2645}"
8534,66,booking,,2020-11-01 00:08:19,"{""info"": ""Sample log data"", ""session_id"": 5633}"
8535,503,booking,7.0,2024-12-27 03:26:14,"{""info"": ""Sample log data"", ""session_id"": 8333}"
8536,572,click,,2022-11-19 20:02:02,"{""info"": ""Sample log data"", ""session_id"": 4430}"
8537,986,search,,2022-06-27 20:01:51,"{""info"": ""Sample log data"", ""session_id"": 6044}"
8538,724,review_submission,10.0,2022-07-17 16:20:26,"{""info"": ""Sample log data"", ""session_id"": 9430}"
8539,539,click,,2021-09-11 05:52:24,"{""info"": ""Sample log data"", ""session_id"": 5664}"
8540,501,search,,2024-09-14 15:22:00,"{""info"": ""Sample log data"", ""session_id"": 9635}"
8541,60,search,,2023-11-22 22:20:15,"{""info"": ""Sample log data"", ""session_id"": 2410}"
8542,60,review_submission,,2023-02-13 13:39:14,"{""info"": ""Sample log data"", ""session_id"": 5265}"
8543,41,review_submission,6.0,2020-06-09 18:59:33,"{""info"": ""Sample log data"", ""session_id"": 3384}"
8544,203,booking,,2020-09-15 22:03:29,"{""info"": ""Sample log data"", ""session_id"": 5895}"
8545,782,search,,2020-12-07 16:19:30,"{""info"": ""Sample log data"", ""session_id"": 5132}"
8546,877,click,2.0,2022-09-14 05:25:23,"{""info"": ""Sample log data"", ""session_id"": 6037}"
8547,251,booking,12.0,2021-08-17 06:05:09,"{""info"": ""Sample log data"", ""session_id"": 8248}"
8548,103,click,,2025-01-10 12:13:38,"{""info"": ""Sample log data"", ""session_id"": 9044}"
8549,718,click,13.0,2020-11-12 18:13:42,"{""info"": ""Sample log data"", ""session_id"": 1960}"
8550,736,search,,2024-08-10 10:38:04,"{""info"": ""Sample log data"", ""session_id"": 7087}"
8551,912,booking,10.0,2021-06-25 10:34:03,"{""info"": ""Sample log data"", ""session_id"": 9425}"
8552,604,click,,2023-09-09 04:52:48,"{""info"": ""Sample log data"", ""session_id"": 8028}"
8553,818,search,4.0,2022-03-23 21:21:09,"{""info"": ""Sample log data"", ""session_id"": 9044}"
8554,990,review_submission,,2022-05-02 14:14:54,"{""info"": ""Sample log data"", ""session_id"": 7914}"
8555,805,search,,2021-01-04 22:59:45,"{""info"": ""Sample log data"", ""session_id"": 6437}"
8556,668,search,,2020-03-07 21:23:36,"{""info"": ""Sample log data"", ""session_id"": 6529}"
8557,14,click,6.0,2020-02-10 15:56:13,"{""info"": ""Sample log data"", ""session_id"": 9172}"
8558,548,review_submission,2.0,2022-03-03 09:48:29,"{""info"": ""Sample log data"", ""session_id"": 1355}"
8559,702,review_submission,,2020-03-04 01:40:35,"{""info"": ""Sample log data"", ""session_id"": 4791}"
8560,309,review_submission,1.0,2024-04-20 20:58:02,"{""info"": ""Sample log data"", ""session_id"": 3149}"
8561,405,click,,2023-06-27 10:20:42,"{""info"": ""Sample log data"", ""session_id"": 5631}"
8562,385,click,,2020-05-14 08:30:04,"{""info"": ""Sample log data"", ""session_id"": 8335}"
8563,267,review_submission,7.0,2020-10-17 22:30:39,"{""info"": ""Sample log data"", ""session_id"": 9972}"
8564,858,click,12.0,2022-09-18 17:49:00,"{""info"": ""Sample log data"", ""session_id"": 4760}"
8565,14,search,,2024-10-22 06:11:09,"{""info"": ""Sample log data"", ""session_id"": 8258}"
8566,63,review_submission,2.0,2023-01-28 04:54:15,"{""info"": ""Sample log data"", ""session_id"": 8919}"
8567,335,search,,2020-08-28 17:50:48,"{""info"": ""Sample log data"", ""session_id"": 5138}"
8568,303,search,14.0,2022-06-05 20:28:54,"{""info"": ""Sample log data"", ""session_id"": 3915}"
8569,550,review_submission,,2023-10-05 15:49:53,"{""info"": ""Sample log data"", ""session_id"": 4299}"
8570,928,search,12.0,2020-05-26 21:07:07,"{""info"": ""Sample log data"", ""session_id"": 3046}"
8571,477,review_submission,7.0,2021-07-20 08:21:59,"{""info"": ""Sample log data"", ""session_id"": 8210}"
8572,627,search,11.0,2023-07-11 21:09:27,"{""info"": ""Sample log data"", ""session_id"": 2239}"
8573,353,booking,,2023-05-30 04:50:16,"{""info"": ""Sample log data"", ""session_id"": 2359}"
8574,6,click,10.0,2022-07-15 16:20:11,"{""info"": ""Sample log data"", ""session_id"": 2997}"
8575,60,search,4.0,2022-08-27 16:46:04,"{""info"": ""Sample log data"", ""session_id"": 6574}"
8576,216,click,,2022-08-20 21:01:28,"{""info"": ""Sample log data"", ""session_id"": 3125}"
8577,148,search,,2024-12-14 20:58:31,"{""info"": ""Sample log data"", ""session_id"": 9208}"
8578,99,search,,2024-10-20 04:18:42,"{""info"": ""Sample log data"", ""session_id"": 2472}"
8579,962,click,,2024-06-10 13:03:28,"{""info"": ""Sample log data"", ""session_id"": 6597}"
8580,254,review_submission,10.0,2024-08-07 19:29:15,"{""info"": ""Sample log data"", ""session_id"": 1974}"
8581,400,click,,2024-08-21 05:34:36,"{""info"": ""Sample log data"", ""session_id"": 3188}"
8582,268,search,8.0,2024-03-10 21:36:54,"{""info"": ""Sample log data"", ""session_id"": 2701}"
8583,223,search,,2024-05-19 09:31:59,"{""info"": ""Sample log data"", ""session_id"": 3761}"
8584,336,search,,2021-10-23 07:57:24,"{""info"": ""Sample log data"", ""session_id"": 5565}"
8585,682,click,2.0,2021-05-12 09:12:33,"{""info"": ""Sample log data"", ""session_id"": 2552}"
8586,710,click,9.0,2024-12-29 10:53:07,"{""info"": ""Sample log data"", ""session_id"": 2548}"
8587,266,booking,,2020-05-16 03:28:06,"{""info"": ""Sample log data"", ""session_id"": 6244}"
8588,944,booking,4.0,2021-07-05 22:42:51,"{""info"": ""Sample log data"", ""session_id"": 2529}"
8589,158,booking,,2022-06-30 14:16:09,"{""info"": ""Sample log data"", ""session_id"": 4150}"
8590,145,booking,5.0,2021-07-24 02:37:32,"{""info"": ""Sample log data"", ""session_id"": 3848}"
8591,62,review_submission,9.0,2020-03-17 09:39:23,"{""info"": ""Sample log data"", ""session_id"": 6412}"
8592,742,search,,2020-06-12 12:34:16,"{""info"": ""Sample log data"", ""session_id"": 9857}"
8593,705,search,,2021-05-14 03:30:24,"{""info"": ""Sample log data"", ""session_id"": 4998}"
8594,955,click,7.0,2023-03-02 09:37:33,"{""info"": ""Sample log data"", ""session_id"": 2636}"
8595,756,search,8.0,2024-05-12 20:09:20,"{""info"": ""Sample log data"", ""session_id"": 7127}"
8596,65,booking,13.0,2022-06-15 19:47:19,"{""info"": ""Sample log data"", ""session_id"": 4479}"
8597,371,review_submission,,2020-08-09 19:45:42,"{""info"": ""Sample log data"", ""session_id"": 6650}"
8598,295,search,,2023-07-25 11:49:14,"{""info"": ""Sample log data"", ""session_id"": 2565}"
8599,456,booking,,2023-06-27 12:42:43,"{""info"": ""Sample log data"", ""session_id"": 4201}"
8600,813,review_submission,9.0,2021-01-09 04:03:03,"{""info"": ""Sample log data"", ""session_id"": 9524}"
8601,497,search,,2020-10-05 09:42:17,"{""info"": ""Sample log data"", ""session_id"": 4719}"
8602,831,search,,2021-08-10 05:08:13,"{""info"": ""Sample log data"", ""session_id"": 5862}"
8603,37,review_submission,13.0,2021-06-27 02:54:38,"{""info"": ""Sample log data"", ""session_id"": 3693}"
8604,387,click,11.0,2023-04-18 06:19:48,"{""info"": ""Sample log data"", ""session_id"": 2804}"
8605,557,search,,2025-01-18 07:44:38,"{""info"": ""Sample log data"", ""session_id"": 8647}"
8606,454,review_submission,5.0,2021-09-18 02:24:09,"{""info"": ""Sample log data"", ""session_id"": 8657}"
8607,544,booking,,2024-10-16 07:04:19,"{""info"": ""Sample log data"", ""session_id"": 1481}"
8608,657,booking,,2022-12-17 19:16:01,"{""info"": ""Sample log data"", ""session_id"": 3565}"
8609,202,search,13.0,2021-10-09 12:52:37,"{""info"": ""Sample log data"", ""session_id"": 6125}"
8610,648,search,2.0,2021-12-08 03:36:59,"{""info"": ""Sample log data"", ""session_id"": 3738}"
8611,583,search,14.0,2020-11-17 13:28:43,"{""info"": ""Sample log data"", ""session_id"": 2906}"
8612,723,click,,2022-01-02 14:13:38,"{""info"": ""Sample log data"", ""session_id"": 5589}"
8613,109,booking,11.0,2021-03-08 01:01:00,"{""info"": ""Sample log data"", ""session_id"": 2371}"
8614,887,click,14.0,2023-02-25 21:52:23,"{""info"": ""Sample log data"", ""session_id"": 2245}"
8615,106,search,9.0,2024-08-11 14:29:01,"{""info"": ""Sample log data"", ""session_id"": 6628}"
8616,949,search,,2023-03-03 17:03:02,"{""info"": ""Sample log data"", ""session_id"": 4711}"
8617,351,review_submission,14.0,2022-04-19 21:23:36,"{""info"": ""Sample log data"", ""session_id"": 1959}"
8618,25,search,,2021-02-04 13:14:19,"{""info"": ""Sample log data"", ""session_id"": 7428}"
8619,12,review_submission,9.0,2020-09-29 08:50:22,"{""info"": ""Sample log data"", ""session_id"": 8921}"
8620,757,booking,,2020-02-20 19:42:01,"{""info"": ""Sample log data"", ""session_id"": 8878}"
8621,258,booking,3.0,2022-07-10 14:33:56,"{""info"": ""Sample log data"", ""session_id"": 5325}"
8622,677,review_submission,7.0,2024-11-03 01:14:35,"{""info"": ""Sample log data"", ""session_id"": 2980}"
8623,388,search,,2023-05-12 10:30:56,"{""info"": ""Sample log data"", ""session_id"": 5734}"
8624,85,review_submission,,2020-03-23 07:03:46,"{""info"": ""Sample log data"", ""session_id"": 2195}"
8625,357,click,,2020-06-11 12:15:25,"{""info"": ""Sample log data"", ""session_id"": 7840}"
8626,251,booking,5.0,2023-09-08 16:31:27,"{""info"": ""Sample log data"", ""session_id"": 8267}"
8627,539,booking,4.0,2022-05-09 18:46:51,"{""info"": ""Sample log data"", ""session_id"": 5986}"
8628,322,review_submission,,2024-12-02 21:29:18,"{""info"": ""Sample log data"", ""session_id"": 9406}"
8629,960,search,,2022-01-27 10:11:18,"{""info"": ""Sample log data"", ""session_id"": 3227}"
8630,656,booking,13.0,2021-09-09 17:22:19,"{""info"": ""Sample log data"", ""session_id"": 6220}"
8631,9,booking,2.0,2021-01-29 19:32:28,"{""info"": ""Sample log data"", ""session_id"": 8613}"
8632,267,search,7.0,2023-07-30 06:15:29,"{""info"": ""Sample log data"", ""session_id"": 9685}"
8633,377,click,,2023-08-21 13:18:23,"{""info"": ""Sample log data"", ""session_id"": 7776}"
8634,8,booking,12.0,2021-03-30 11:32:07,"{""info"": ""Sample log data"", ""session_id"": 2054}"
8635,591,review_submission,,2023-06-01 02:29:12,"{""info"": ""Sample log data"", ""session_id"": 7139}"
8636,404,click,11.0,2023-03-01 18:46:24,"{""info"": ""Sample log data"", ""session_id"": 7699}"
8637,614,search,,2023-05-07 17:00:30,"{""info"": ""Sample log data"", ""session_id"": 2503}"
8638,827,review_submission,,2024-07-26 21:39:09,"{""info"": ""Sample log data"", ""session_id"": 2534}"
8639,227,search,1.0,2020-05-02 11:36:40,"{""info"": ""Sample log data"", ""session_id"": 9925}"
8640,512,booking,1.0,2024-07-12 19:58:06,"{""info"": ""Sample log data"", ""session_id"": 4808}"
8641,858,review_submission,6.0,2020-05-11 05:28:27,"{""info"": ""Sample log data"", ""session_id"": 5081}"
8642,66,search,,2023-11-20 02:37:58,"{""info"": ""Sample log data"", ""session_id"": 3607}"
8643,325,booking,14.0,2021-07-26 09:45:56,"{""info"": ""Sample log data"", ""session_id"": 1308}"
8644,525,review_submission,6.0,2020-06-13 20:15:25,"{""info"": ""Sample log data"", ""session_id"": 8439}"
8645,511,booking,,2020-05-30 00:51:05,"{""info"": ""Sample log data"", ""session_id"": 3945}"
8646,363,review_submission,,2024-04-28 12:48:34,"{""info"": ""Sample log data"", ""session_id"": 2520}"
8647,92,review_submission,10.0,2023-09-22 06:54:31,"{""info"": ""Sample log data"", ""session_id"": 3439}"
8648,876,review_submission,4.0,2024-04-03 19:33:35,"{""info"": ""Sample log data"", ""session_id"": 7075}"
8649,382,review_submission,,2025-01-05 19:26:11,"{""info"": ""Sample log data"", ""session_id"": 8793}"
8650,274,booking,12.0,2024-06-10 15:03:08,"{""info"": ""Sample log data"", ""session_id"": 6911}"
8651,169,click,,2020-09-25 00:27:16,"{""info"": ""Sample log data"", ""session_id"": 9649}"
8652,129,review_submission,,2020-01-21 03:24:22,"{""info"": ""Sample log data"", ""session_id"": 7183}"
8653,348,review_submission,7.0,2023-09-17 12:37:04,"{""info"": ""Sample log data"", ""session_id"": 8710}"
8654,151,click,,2020-11-20 21:10:58,"{""info"": ""Sample log data"", ""session_id"": 8553}"
8655,514,review_submission,9.0,2022-03-28 14:11:03,"{""info"": ""Sample log data"", ""session_id"": 3760}"
8656,540,review_submission,9.0,2022-10-13 10:53:55,"{""info"": ""Sample log data"", ""session_id"": 9600}"
8657,405,review_submission,12.0,2022-07-10 03:01:41,"{""info"": ""Sample log data"", ""session_id"": 2994}"
8658,924,booking,5.0,2023-02-03 14:12:34,"{""info"": ""Sample log data"", ""session_id"": 8744}"
8659,72,review_submission,7.0,2023-06-10 02:32:23,"{""info"": ""Sample log data"", ""session_id"": 7232}"
8660,474,click,13.0,2023-01-22 07:35:03,"{""info"": ""Sample log data"", ""session_id"": 8956}"
8661,439,booking,,2020-07-24 04:36:51,"{""info"": ""Sample log data"", ""session_id"": 5313}"
8662,442,booking,10.0,2020-07-21 11:55:04,"{""info"": ""Sample log data"", ""session_id"": 5400}"
8663,205,search,,2021-12-11 21:45:54,"{""info"": ""Sample log data"", ""session_id"": 3593}"
8664,106,click,,2022-02-11 12:46:25,"{""info"": ""Sample log data"", ""session_id"": 1765}"
8665,335,review_submission,,2022-03-27 23:57:25,"{""info"": ""Sample log data"", ""session_id"": 9911}"
8666,214,click,11.0,2023-08-14 03:03:07,"{""info"": ""Sample log data"", ""session_id"": 9182}"
8667,112,search,,2021-06-22 20:16:39,"{""info"": ""Sample log data"", ""session_id"": 6958}"
8668,968,search,,2023-12-19 16:13:39,"{""info"": ""Sample log data"", ""session_id"": 6376}"
8669,683,review_submission,,2020-11-10 10:05:22,"{""info"": ""Sample log data"", ""session_id"": 8406}"
8670,672,booking,14.0,2022-07-21 17:47:44,"{""info"": ""Sample log data"", ""session_id"": 1747}"
8671,629,review_submission,,2024-05-25 05:54:19,"{""info"": ""Sample log data"", ""session_id"": 7166}"
8672,111,click,11.0,2022-04-29 22:06:57,"{""info"": ""Sample log data"", ""session_id"": 8708}"
8673,267,booking,14.0,2020-05-30 21:34:59,"{""info"": ""Sample log data"", ""session_id"": 5867}"
8674,314,search,,2020-06-23 01:11:02,"{""info"": ""Sample log data"", ""session_id"": 1158}"
8675,757,review_submission,1.0,2020-01-25 12:54:20,"{""info"": ""Sample log data"", ""session_id"": 9169}"
8676,967,booking,,2021-12-23 16:04:14,"{""info"": ""Sample log data"", ""session_id"": 5530}"
8677,539,review_submission,,2023-08-24 01:32:19,"{""info"": ""Sample log data"", ""session_id"": 6241}"
8678,559,review_submission,10.0,2022-06-26 05:49:00,"{""info"": ""Sample log data"", ""session_id"": 1507}"
8679,922,booking,,2022-02-09 17:56:25,"{""info"": ""Sample log data"", ""session_id"": 9892}"
8680,728,booking,2.0,2024-01-15 00:07:20,"{""info"": ""Sample log data"", ""session_id"": 1269}"
8681,454,review_submission,1.0,2021-08-13 11:37:40,"{""info"": ""Sample log data"", ""session_id"": 1845}"
8682,784,search,5.0,2020-12-14 09:49:42,"{""info"": ""Sample log data"", ""session_id"": 9296}"
8683,154,review_submission,11.0,2023-09-02 09:33:58,"{""info"": ""Sample log data"", ""session_id"": 1709}"
8684,797,review_submission,9.0,2020-09-08 04:46:11,"{""info"": ""Sample log data"", ""session_id"": 8762}"
8685,635,review_submission,,2023-05-25 14:13:16,"{""info"": ""Sample log data"", ""session_id"": 9188}"
8686,21,booking,,2021-06-08 15:28:19,"{""info"": ""Sample log data"", ""session_id"": 1002}"
8687,353,search,11.0,2024-07-14 04:44:10,"{""info"": ""Sample log data"", ""session_id"": 1615}"
8688,904,search,1.0,2024-06-29 13:02:47,"{""info"": ""Sample log data"", ""session_id"": 3491}"
8689,429,search,,2021-07-29 00:40:54,"{""info"": ""Sample log data"", ""session_id"": 2019}"
8690,977,search,2.0,2023-04-05 22:30:21,"{""info"": ""Sample log data"", ""session_id"": 9783}"
8691,572,review_submission,1.0,2024-12-14 15:02:50,"{""info"": ""Sample log data"", ""session_id"": 1887}"
8692,817,booking,3.0,2021-04-10 00:05:48,"{""info"": ""Sample log data"", ""session_id"": 7697}"
8693,754,review_submission,,2022-12-20 20:23:11,"{""info"": ""Sample log data"", ""session_id"": 7568}"
8694,317,booking,,2020-04-13 12:37:01,"{""info"": ""Sample log data"", ""session_id"": 8843}"
8695,607,booking,13.0,2022-12-27 01:42:02,"{""info"": ""Sample log data"", ""session_id"": 3316}"
8696,129,search,3.0,2021-12-08 11:53:17,"{""info"": ""Sample log data"", ""session_id"": 6353}"
8697,803,click,,2023-07-08 13:10:42,"{""info"": ""Sample log data"", ""session_id"": 5292}"
8698,975,click,6.0,2021-04-17 06:46:08,"{""info"": ""Sample log data"", ""session_id"": 6985}"
8699,431,search,11.0,2023-12-30 11:04:40,"{""info"": ""Sample log data"", ""session_id"": 1655}"
8700,128,booking,,2022-08-08 19:27:33,"{""info"": ""Sample log data"", ""session_id"": 6093}"
8701,88,review_submission,7.0,2020-12-29 14:21:33,"{""info"": ""Sample log data"", ""session_id"": 5691}"
8702,717,booking,,2024-05-25 20:25:56,"{""info"": ""Sample log data"", ""session_id"": 5410}"
8703,492,search,7.0,2023-08-01 19:53:52,"{""info"": ""Sample log data"", ""session_id"": 2603}"
8704,506,booking,7.0,2023-05-26 05:07:22,"{""info"": ""Sample log data"", ""session_id"": 9762}"
8705,867,search,,2020-12-29 17:01:34,"{""info"": ""Sample log data"", ""session_id"": 6996}"
8706,337,search,,2022-11-07 17:49:33,"{""info"": ""Sample log data"", ""session_id"": 8458}"
8707,15,search,5.0,2020-10-18 17:22:20,"{""info"": ""Sample log data"", ""session_id"": 8948}"
8708,195,click,,2024-12-25 06:26:30,"{""info"": ""Sample log data"", ""session_id"": 2484}"
8709,106,click,,2020-08-29 09:35:22,"{""info"": ""Sample log data"", ""session_id"": 4746}"
8710,123,click,,2022-10-20 05:17:15,"{""info"": ""Sample log data"", ""session_id"": 8330}"
8711,37,search,7.0,2020-10-29 05:47:15,"{""info"": ""Sample log data"", ""session_id"": 7998}"
8712,89,booking,,2021-06-10 07:48:57,"{""info"": ""Sample log data"", ""session_id"": 6693}"
8713,710,click,6.0,2023-01-27 01:35:57,"{""info"": ""Sample log data"", ""session_id"": 4883}"
8714,461,search,,2021-04-27 13:35:17,"{""info"": ""Sample log data"", ""session_id"": 1471}"
8715,853,review_submission,,2022-05-20 21:51:44,"{""info"": ""Sample log data"", ""session_id"": 5502}"
8716,4,search,,2024-10-05 06:45:44,"{""info"": ""Sample log data"", ""session_id"": 3550}"
8717,671,click,14.0,2022-11-03 15:45:35,"{""info"": ""Sample log data"", ""session_id"": 6023}"
8718,878,review_submission,4.0,2024-04-16 22:36:20,"{""info"": ""Sample log data"", ""session_id"": 4855}"
8719,623,review_submission,8.0,2022-11-18 22:47:59,"{""info"": ""Sample log data"", ""session_id"": 2858}"
8720,555,click,,2022-01-27 15:19:06,"{""info"": ""Sample log data"", ""session_id"": 5945}"
8721,837,search,1.0,2023-04-22 08:29:11,"{""info"": ""Sample log data"", ""session_id"": 4682}"
8722,612,review_submission,5.0,2023-02-17 19:37:36,"{""info"": ""Sample log data"", ""session_id"": 5826}"
8723,265,review_submission,,2022-11-19 16:01:52,"{""info"": ""Sample log data"", ""session_id"": 6227}"
8724,298,booking,4.0,2021-04-29 01:56:23,"{""info"": ""Sample log data"", ""session_id"": 4950}"
8725,663,booking,1.0,2023-10-17 09:05:32,"{""info"": ""Sample log data"", ""session_id"": 1547}"
8726,794,booking,,2021-10-22 09:20:10,"{""info"": ""Sample log data"", ""session_id"": 9620}"
8727,148,review_submission,8.0,2024-10-04 07:43:53,"{""info"": ""Sample log data"", ""session_id"": 3605}"
8728,452,booking,,2023-03-15 08:29:13,"{""info"": ""Sample log data"", ""session_id"": 9592}"
8729,900,search,8.0,2020-05-20 23:28:26,"{""info"": ""Sample log data"", ""session_id"": 6832}"
8730,125,click,,2023-09-19 11:07:28,"{""info"": ""Sample log data"", ""session_id"": 3587}"
8731,596,click,,2021-11-04 12:38:13,"{""info"": ""Sample log data"", ""session_id"": 5342}"
8732,367,review_submission,3.0,2023-04-09 23:22:44,"{""info"": ""Sample log data"", ""session_id"": 5064}"
8733,670,review_submission,,2024-04-10 14:24:47,"{""info"": ""Sample log data"", ""session_id"": 5710}"
8734,916,search,,2023-03-03 01:13:57,"{""info"": ""Sample log data"", ""session_id"": 8979}"
8735,370,review_submission,,2024-08-22 11:53:16,"{""info"": ""Sample log data"", ""session_id"": 9617}"
8736,31,booking,,2022-07-25 21:12:28,"{""info"": ""Sample log data"", ""session_id"": 6129}"
8737,99,search,6.0,2022-06-30 07:50:24,"{""info"": ""Sample log data"", ""session_id"": 8578}"
8738,836,search,,2020-09-20 15:49:04,"{""info"": ""Sample log data"", ""session_id"": 1304}"
8739,670,search,1.0,2020-01-04 13:52:24,"{""info"": ""Sample log data"", ""session_id"": 1856}"
8740,252,booking,11.0,2024-01-15 05:07:37,"{""info"": ""Sample log data"", ""session_id"": 6317}"
8741,995,search,8.0,2024-07-04 10:41:37,"{""info"": ""Sample log data"", ""session_id"": 7433}"
8742,228,click,,2024-09-06 21:01:16,"{""info"": ""Sample log data"", ""session_id"": 9066}"
8743,900,click,7.0,2020-05-09 15:56:33,"{""info"": ""Sample log data"", ""session_id"": 3416}"
8744,623,booking,,2023-01-19 17:55:38,"{""info"": ""Sample log data"", ""session_id"": 9918}"
8745,189,search,,2020-11-08 12:45:54,"{""info"": ""Sample log data"", ""session_id"": 8628}"
8746,895,click,,2020-04-06 11:46:23,"{""info"": ""Sample log data"", ""session_id"": 2367}"
8747,569,search,,2021-01-23 20:58:32,"{""info"": ""Sample log data"", ""session_id"": 2856}"
8748,497,click,11.0,2023-06-05 09:10:05,"{""info"": ""Sample log data"", ""session_id"": 1033}"
8749,445,review_submission,,2022-02-19 12:41:10,"{""info"": ""Sample log data"", ""session_id"": 9937}"
8750,505,booking,10.0,2020-09-27 07:48:15,"{""info"": ""Sample log data"", ""session_id"": 8403}"
8751,199,click,3.0,2020-03-31 10:19:03,"{""info"": ""Sample log data"", ""session_id"": 7683}"
8752,871,click,5.0,2023-12-11 09:41:57,"{""info"": ""Sample log data"", ""session_id"": 3626}"
8753,897,review_submission,5.0,2022-11-09 12:41:19,"{""info"": ""Sample log data"", ""session_id"": 9355}"
8754,695,booking,7.0,2021-01-31 00:36:31,"{""info"": ""Sample log data"", ""session_id"": 9235}"
8755,991,review_submission,,2022-02-02 10:52:40,"{""info"": ""Sample log data"", ""session_id"": 5745}"
8756,141,search,,2020-02-22 05:43:47,"{""info"": ""Sample log data"", ""session_id"": 3668}"
8757,294,search,14.0,2023-01-01 18:18:42,"{""info"": ""Sample log data"", ""session_id"": 1672}"
8758,573,click,,2022-12-16 19:55:21,"{""info"": ""Sample log data"", ""session_id"": 1931}"
8759,201,review_submission,13.0,2023-03-04 23:48:06,"{""info"": ""Sample log data"", ""session_id"": 1202}"
8760,623,click,,2024-10-31 14:23:55,"{""info"": ""Sample log data"", ""session_id"": 3826}"
8761,352,click,7.0,2024-01-05 13:35:05,"{""info"": ""Sample log data"", ""session_id"": 7086}"
8762,86,booking,,2020-09-26 21:05:02,"{""info"": ""Sample log data"", ""session_id"": 9571}"
8763,950,click,12.0,2024-04-25 00:31:39,"{""info"": ""Sample log data"", ""session_id"": 8398}"
8764,33,search,3.0,2021-11-07 08:18:04,"{""info"": ""Sample log data"", ""session_id"": 8033}"
8765,769,search,4.0,2021-10-09 08:49:11,"{""info"": ""Sample log data"", ""session_id"": 3539}"
8766,954,click,,2022-05-20 07:52:07,"{""info"": ""Sample log data"", ""session_id"": 5744}"
8767,337,search,14.0,2021-03-31 00:44:06,"{""info"": ""Sample log data"", ""session_id"": 8653}"
8768,431,search,,2024-07-17 19:33:23,"{""info"": ""Sample log data"", ""session_id"": 7864}"
8769,440,search,,2022-06-22 00:17:10,"{""info"": ""Sample log data"", ""session_id"": 5728}"
8770,665,click,13.0,2023-11-11 02:08:49,"{""info"": ""Sample log data"", ""session_id"": 1615}"
8771,506,review_submission,2.0,2023-02-25 11:23:43,"{""info"": ""Sample log data"", ""session_id"": 3555}"
8772,738,click,4.0,2021-06-27 11:58:43,"{""info"": ""Sample log data"", ""session_id"": 9964}"
8773,636,booking,2.0,2024-04-27 12:43:44,"{""info"": ""Sample log data"", ""session_id"": 8042}"
8774,753,search,,2021-01-30 21:13:48,"{""info"": ""Sample log data"", ""session_id"": 4268}"
8775,78,search,11.0,2023-03-17 16:16:49,"{""info"": ""Sample log data"", ""session_id"": 3297}"
8776,362,review_submission,,2023-05-13 11:56:07,"{""info"": ""Sample log data"", ""session_id"": 7581}"
8777,723,review_submission,,2022-10-08 02:53:03,"{""info"": ""Sample log data"", ""session_id"": 6604}"
8778,25,booking,,2020-07-14 17:28:36,"{""info"": ""Sample log data"", ""session_id"": 5370}"
8779,238,booking,,2022-05-10 00:57:52,"{""info"": ""Sample log data"", ""session_id"": 9213}"
8780,145,booking,11.0,2024-07-22 10:22:59,"{""info"": ""Sample log data"", ""session_id"": 6971}"
8781,760,search,,2022-08-09 17:30:46,"{""info"": ""Sample log data"", ""session_id"": 5346}"
8782,462,booking,14.0,2022-07-09 03:22:53,"{""info"": ""Sample log data"", ""session_id"": 7931}"
8783,940,booking,,2021-06-15 02:13:31,"{""info"": ""Sample log data"", ""session_id"": 6586}"
8784,308,click,3.0,2021-12-10 00:00:37,"{""info"": ""Sample log data"", ""session_id"": 3508}"
8785,432,search,,2022-06-18 01:50:38,"{""info"": ""Sample log data"", ""session_id"": 1398}"
8786,834,booking,,2024-09-18 23:07:07,"{""info"": ""Sample log data"", ""session_id"": 8366}"
8787,686,click,,2021-05-21 13:12:50,"{""info"": ""Sample log data"", ""session_id"": 1587}"
8788,103,review_submission,7.0,2020-09-21 12:17:34,"{""info"": ""Sample log data"", ""session_id"": 1848}"
8789,701,review_submission,,2021-09-14 08:41:29,"{""info"": ""Sample log data"", ""session_id"": 1634}"
8790,168,review_submission,,2022-01-27 05:30:56,"{""info"": ""Sample log data"", ""session_id"": 6975}"
8791,720,search,,2023-12-14 20:14:12,"{""info"": ""Sample log data"", ""session_id"": 2749}"
8792,674,review_submission,3.0,2022-04-05 06:19:26,"{""info"": ""Sample log data"", ""session_id"": 9527}"
8793,410,click,11.0,2024-09-25 04:03:43,"{""info"": ""Sample log data"", ""session_id"": 6854}"
8794,354,search,,2020-11-12 04:59:53,"{""info"": ""Sample log data"", ""session_id"": 1477}"
8795,796,click,,2023-08-07 05:55:23,"{""info"": ""Sample log data"", ""session_id"": 8179}"
8796,242,search,9.0,2022-03-18 14:23:44,"{""info"": ""Sample log data"", ""session_id"": 9895}"
8797,680,search,9.0,2021-06-20 05:53:49,"{""info"": ""Sample log data"", ""session_id"": 8937}"
8798,790,click,,2022-05-12 14:40:29,"{""info"": ""Sample log data"", ""session_id"": 8054}"
8799,15,search,2.0,2020-10-03 19:11:28,"{""info"": ""Sample log data"", ""session_id"": 6990}"
8800,446,review_submission,4.0,2020-07-21 08:28:56,"{""info"": ""Sample log data"", ""session_id"": 1431}"
8801,752,booking,,2022-11-25 12:31:49,"{""info"": ""Sample log data"", ""session_id"": 8476}"
8802,720,click,14.0,2024-05-27 12:20:50,"{""info"": ""Sample log data"", ""session_id"": 2660}"
8803,902,click,5.0,2020-11-19 04:56:44,"{""info"": ""Sample log data"", ""session_id"": 5686}"
8804,503,review_submission,,2022-05-08 14:14:31,"{""info"": ""Sample log data"", ""session_id"": 9981}"
8805,271,review_submission,,2020-11-26 01:33:16,"{""info"": ""Sample log data"", ""session_id"": 1446}"
8806,117,booking,6.0,2024-11-18 10:53:15,"{""info"": ""Sample log data"", ""session_id"": 8258}"
8807,672,search,8.0,2020-01-25 21:54:11,"{""info"": ""Sample log data"", ""session_id"": 5482}"
8808,193,search,13.0,2021-08-13 00:40:50,"{""info"": ""Sample log data"", ""session_id"": 9262}"
8809,876,review_submission,6.0,2024-10-18 12:33:04,"{""info"": ""Sample log data"", ""session_id"": 4129}"
8810,75,search,,2020-11-21 22:24:44,"{""info"": ""Sample log data"", ""session_id"": 8894}"
8811,232,booking,,2024-02-29 10:27:09,"{""info"": ""Sample log data"", ""session_id"": 3011}"
8812,903,review_submission,,2021-05-01 08:23:57,"{""info"": ""Sample log data"", ""session_id"": 2860}"
8813,440,review_submission,5.0,2020-09-02 05:35:01,"{""info"": ""Sample log data"", ""session_id"": 7370}"
8814,996,click,,2021-08-31 13:37:19,"{""info"": ""Sample log data"", ""session_id"": 5184}"
8815,369,booking,,2021-03-08 13:29:37,"{""info"": ""Sample log data"", ""session_id"": 9750}"
8816,925,search,9.0,2024-03-17 18:04:47,"{""info"": ""Sample log data"", ""session_id"": 3537}"
8817,329,booking,,2020-11-27 15:55:59,"{""info"": ""Sample log data"", ""session_id"": 7418}"
8818,739,click,,2022-09-08 02:00:49,"{""info"": ""Sample log data"", ""session_id"": 1285}"
8819,109,booking,9.0,2020-05-22 22:12:45,"{""info"": ""Sample log data"", ""session_id"": 3770}"
8820,510,search,13.0,2023-05-18 21:10:23,"{""info"": ""Sample log data"", ""session_id"": 5534}"
8821,733,review_submission,,2023-05-21 11:30:44,"{""info"": ""Sample log data"", ""session_id"": 2107}"
8822,760,search,6.0,2024-03-29 05:20:36,"{""info"": ""Sample log data"", ""session_id"": 3835}"
8823,195,review_submission,,2022-08-22 16:54:09,"{""info"": ""Sample log data"", ""session_id"": 4216}"
8824,925,booking,,2024-02-07 02:19:05,"{""info"": ""Sample log data"", ""session_id"": 1917}"
8825,122,booking,,2020-02-04 01:31:11,"{""info"": ""Sample log data"", ""session_id"": 9031}"
8826,304,review_submission,10.0,2022-11-12 17:03:39,"{""info"": ""Sample log data"", ""session_id"": 9424}"
8827,934,click,,2024-09-10 21:57:36,"{""info"": ""Sample log data"", ""session_id"": 5353}"
8828,459,search,,2023-05-26 19:29:58,"{""info"": ""Sample log data"", ""session_id"": 6289}"
8829,585,search,,2022-03-15 06:51:15,"{""info"": ""Sample log data"", ""session_id"": 6777}"
8830,18,click,3.0,2021-01-18 15:45:14,"{""info"": ""Sample log data"", ""session_id"": 3442}"
8831,270,search,,2021-05-09 13:15:49,"{""info"": ""Sample log data"", ""session_id"": 9004}"
8832,271,click,,2024-04-19 04:53:51,"{""info"": ""Sample log data"", ""session_id"": 2685}"
8833,369,review_submission,,2022-10-24 14:11:05,"{""info"": ""Sample log data"", ""session_id"": 9881}"
8834,155,review_submission,,2021-07-27 04:27:58,"{""info"": ""Sample log data"", ""session_id"": 1383}"
8835,265,search,7.0,2022-04-08 21:36:57,"{""info"": ""Sample log data"", ""session_id"": 3749}"
8836,273,search,,2020-02-26 00:09:17,"{""info"": ""Sample log data"", ""session_id"": 5745}"
8837,538,search,,2020-03-02 17:12:45,"{""info"": ""Sample log data"", ""session_id"": 7464}"
8838,505,search,,2023-05-23 19:40:27,"{""info"": ""Sample log data"", ""session_id"": 3068}"
8839,275,search,9.0,2024-10-04 11:37:41,"{""info"": ""Sample log data"", ""session_id"": 4522}"
8840,967,click,11.0,2020-04-06 01:48:29,"{""info"": ""Sample log data"", ""session_id"": 3993}"
8841,481,click,,2021-04-20 22:32:35,"{""info"": ""Sample log data"", ""session_id"": 3919}"
8842,867,booking,8.0,2021-03-17 21:14:40,"{""info"": ""Sample log data"", ""session_id"": 7557}"
8843,694,review_submission,3.0,2024-08-09 09:53:37,"{""info"": ""Sample log data"", ""session_id"": 3750}"
8844,362,review_submission,14.0,2023-01-23 06:58:33,"{""info"": ""Sample log data"", ""session_id"": 8413}"
8845,503,click,12.0,2024-01-31 23:45:25,"{""info"": ""Sample log data"", ""session_id"": 6386}"
8846,247,review_submission,,2024-08-01 16:29:47,"{""info"": ""Sample log data"", ""session_id"": 7267}"
8847,672,search,,2020-12-27 19:35:20,"{""info"": ""Sample log data"", ""session_id"": 9625}"
8848,896,booking,,2024-07-22 09:32:14,"{""info"": ""Sample log data"", ""session_id"": 3717}"
8849,164,click,,2024-12-17 08:23:32,"{""info"": ""Sample log data"", ""session_id"": 2210}"
8850,601,booking,8.0,2024-01-18 17:57:01,"{""info"": ""Sample log data"", ""session_id"": 9976}"
8851,971,click,1.0,2021-08-26 04:29:23,"{""info"": ""Sample log data"", ""session_id"": 1461}"
8852,645,booking,,2022-02-20 08:17:24,"{""info"": ""Sample log data"", ""session_id"": 2335}"
8853,330,review_submission,,2022-08-09 11:41:45,"{""info"": ""Sample log data"", ""session_id"": 9537}"
8854,153,review_submission,6.0,2021-08-19 05:13:40,"{""info"": ""Sample log data"", ""session_id"": 2593}"
8855,560,click,11.0,2021-02-07 02:10:55,"{""info"": ""Sample log data"", ""session_id"": 2420}"
8856,335,review_submission,4.0,2020-01-20 18:38:49,"{""info"": ""Sample log data"", ""session_id"": 9755}"
8857,979,click,,2020-11-05 21:33:36,"{""info"": ""Sample log data"", ""session_id"": 7184}"
8858,720,click,,2025-01-05 20:44:17,"{""info"": ""Sample log data"", ""session_id"": 5734}"
8859,484,click,2.0,2020-02-18 04:20:41,"{""info"": ""Sample log data"", ""session_id"": 9276}"
8860,845,click,,2024-06-05 15:25:48,"{""info"": ""Sample log data"", ""session_id"": 2831}"
8861,417,search,2.0,2022-02-15 06:32:11,"{""info"": ""Sample log data"", ""session_id"": 8029}"
8862,177,booking,8.0,2020-11-16 10:03:09,"{""info"": ""Sample log data"", ""session_id"": 7104}"
8863,557,review_submission,8.0,2024-11-03 13:23:47,"{""info"": ""Sample log data"", ""session_id"": 7810}"
8864,357,click,,2022-01-15 14:40:01,"{""info"": ""Sample log data"", ""session_id"": 1152}"
8865,170,review_submission,7.0,2021-09-26 02:59:05,"{""info"": ""Sample log data"", ""session_id"": 3271}"
8866,658,review_submission,12.0,2024-10-15 03:16:42,"{""info"": ""Sample log data"", ""session_id"": 7657}"
8867,445,review_submission,3.0,2024-11-28 17:16:17,"{""info"": ""Sample log data"", ""session_id"": 2116}"
8868,209,review_submission,5.0,2021-05-08 16:16:24,"{""info"": ""Sample log data"", ""session_id"": 9931}"
8869,813,click,12.0,2023-10-05 02:27:37,"{""info"": ""Sample log data"", ""session_id"": 6650}"
8870,684,review_submission,8.0,2022-11-18 21:49:03,"{""info"": ""Sample log data"", ""session_id"": 1757}"
8871,700,click,3.0,2022-05-02 05:11:06,"{""info"": ""Sample log data"", ""session_id"": 9091}"
8872,674,click,1.0,2025-01-15 19:11:40,"{""info"": ""Sample log data"", ""session_id"": 3139}"
8873,270,search,,2022-05-18 20:16:56,"{""info"": ""Sample log data"", ""session_id"": 9355}"
8874,1000,click,5.0,2024-08-27 05:57:11,"{""info"": ""Sample log data"", ""session_id"": 4494}"
8875,657,click,,2023-12-22 19:51:39,"{""info"": ""Sample log data"", ""session_id"": 3410}"
8876,32,review_submission,11.0,2025-01-01 19:41:40,"{""info"": ""Sample log data"", ""session_id"": 1302}"
8877,112,booking,,2021-11-24 13:21:23,"{""info"": ""Sample log data"", ""session_id"": 5533}"
8878,760,click,8.0,2021-06-21 22:33:06,"{""info"": ""Sample log data"", ""session_id"": 1813}"
8879,529,booking,9.0,2020-03-21 02:00:41,"{""info"": ""Sample log data"", ""session_id"": 2725}"
8880,370,search,,2024-08-04 18:24:05,"{""info"": ""Sample log data"", ""session_id"": 9267}"
8881,420,click,3.0,2023-06-19 06:17:35,"{""info"": ""Sample log data"", ""session_id"": 9788}"
8882,969,review_submission,8.0,2023-06-28 03:45:09,"{""info"": ""Sample log data"", ""session_id"": 5500}"
8883,245,booking,,2021-05-22 03:23:24,"{""info"": ""Sample log data"", ""session_id"": 5077}"
8884,367,click,11.0,2021-02-23 19:04:29,"{""info"": ""Sample log data"", ""session_id"": 1685}"
8885,72,review_submission,,2023-02-18 11:53:58,"{""info"": ""Sample log data"", ""session_id"": 2728}"
8886,372,search,,2024-03-08 15:26:36,"{""info"": ""Sample log data"", ""session_id"": 8225}"
8887,991,click,,2021-10-11 19:17:12,"{""info"": ""Sample log data"", ""session_id"": 8052}"
8888,403,review_submission,,2024-06-21 11:16:01,"{""info"": ""Sample log data"", ""session_id"": 5768}"
8889,648,review_submission,6.0,2021-11-06 05:44:31,"{""info"": ""Sample log data"", ""session_id"": 4937}"
8890,367,search,,2024-04-18 16:31:42,"{""info"": ""Sample log data"", ""session_id"": 1769}"
8891,720,search,6.0,2023-10-24 10:38:24,"{""info"": ""Sample log data"", ""session_id"": 7650}"
8892,358,search,,2020-04-14 08:30:10,"{""info"": ""Sample log data"", ""session_id"": 5037}"
8893,38,review_submission,,2024-04-05 23:47:54,"{""info"": ""Sample log data"", ""session_id"": 6620}"
8894,419,click,,2021-12-24 16:12:14,"{""info"": ""Sample log data"", ""session_id"": 3166}"
8895,837,click,10.0,2022-03-17 19:05:47,"{""info"": ""Sample log data"", ""session_id"": 6510}"
8896,709,review_submission,7.0,2022-03-03 15:17:39,"{""info"": ""Sample log data"", ""session_id"": 4580}"
8897,891,click,,2020-08-03 13:20:20,"{""info"": ""Sample log data"", ""session_id"": 3848}"
8898,251,review_submission,4.0,2023-09-17 09:44:11,"{""info"": ""Sample log data"", ""session_id"": 2927}"
8899,622,click,,2023-12-21 23:04:46,"{""info"": ""Sample log data"", ""session_id"": 2010}"
8900,406,search,,2024-07-19 15:30:04,"{""info"": ""Sample log data"", ""session_id"": 1779}"
8901,960,search,,2020-07-24 09:44:59,"{""info"": ""Sample log data"", ""session_id"": 7741}"
8902,902,review_submission,11.0,2022-04-09 11:19:55,"{""info"": ""Sample log data"", ""session_id"": 2438}"
8903,57,booking,,2023-04-01 09:10:28,"{""info"": ""Sample log data"", ""session_id"": 8986}"
8904,783,click,5.0,2023-10-31 14:51:05,"{""info"": ""Sample log data"", ""session_id"": 5485}"
8905,135,search,,2024-05-11 20:57:12,"{""info"": ""Sample log data"", ""session_id"": 5843}"
8906,183,review_submission,,2020-07-15 23:22:46,"{""info"": ""Sample log data"", ""session_id"": 4147}"
8907,450,booking,,2024-09-26 22:32:26,"{""info"": ""Sample log data"", ""session_id"": 7857}"
8908,845,review_submission,12.0,2022-03-30 03:11:52,"{""info"": ""Sample log data"", ""session_id"": 4631}"
8909,423,booking,9.0,2023-03-11 16:36:38,"{""info"": ""Sample log data"", ""session_id"": 2366}"
8910,473,booking,10.0,2024-04-04 02:33:37,"{""info"": ""Sample log data"", ""session_id"": 9404}"
8911,642,review_submission,12.0,2020-07-04 01:32:11,"{""info"": ""Sample log data"", ""session_id"": 3548}"
8912,378,search,9.0,2024-09-29 09:57:27,"{""info"": ""Sample log data"", ""session_id"": 2817}"
8913,887,review_submission,1.0,2022-10-09 06:31:05,"{""info"": ""Sample log data"", ""session_id"": 5093}"
8914,242,booking,5.0,2020-12-21 12:15:40,"{""info"": ""Sample log data"", ""session_id"": 1018}"
8915,176,click,1.0,2021-11-26 09:00:45,"{""info"": ""Sample log data"", ""session_id"": 3205}"
8916,74,review_submission,1.0,2021-04-07 05:05:04,"{""info"": ""Sample log data"", ""session_id"": 9643}"
8917,896,click,8.0,2025-01-28 16:15:00,"{""info"": ""Sample log data"", ""session_id"": 8978}"
8918,949,click,7.0,2022-01-18 14:57:17,"{""info"": ""Sample log data"", ""session_id"": 3433}"
8919,579,click,4.0,2020-02-07 19:49:54,"{""info"": ""Sample log data"", ""session_id"": 3504}"
8920,830,click,,2021-05-21 11:22:27,"{""info"": ""Sample log data"", ""session_id"": 2964}"
8921,145,booking,1.0,2023-04-24 04:12:03,"{""info"": ""Sample log data"", ""session_id"": 3260}"
8922,134,booking,,2022-07-31 10:46:48,"{""info"": ""Sample log data"", ""session_id"": 9650}"
8923,415,search,,2022-04-15 07:01:00,"{""info"": ""Sample log data"", ""session_id"": 9389}"
8924,516,click,,2023-09-11 10:11:49,"{""info"": ""Sample log data"", ""session_id"": 1412}"
8925,652,click,10.0,2021-06-27 08:49:49,"{""info"": ""Sample log data"", ""session_id"": 8595}"
8926,411,search,,2022-09-06 15:00:01,"{""info"": ""Sample log data"", ""session_id"": 1767}"
8927,689,click,1.0,2023-09-06 03:06:27,"{""info"": ""Sample log data"", ""session_id"": 3169}"
8928,469,click,,2021-05-15 21:22:08,"{""info"": ""Sample log data"", ""session_id"": 6429}"
8929,219,click,,2022-06-18 16:38:38,"{""info"": ""Sample log data"", ""session_id"": 6182}"
8930,232,review_submission,5.0,2020-08-21 08:33:19,"{""info"": ""Sample log data"", ""session_id"": 4054}"
8931,394,booking,13.0,2024-07-24 06:14:27,"{""info"": ""Sample log data"", ""session_id"": 6638}"
8932,427,booking,4.0,2020-01-30 07:08:37,"{""info"": ""Sample log data"", ""session_id"": 7739}"
8933,809,booking,10.0,2020-12-31 14:07:47,"{""info"": ""Sample log data"", ""session_id"": 3387}"
8934,270,click,13.0,2023-10-27 17:46:31,"{""info"": ""Sample log data"", ""session_id"": 1810}"
8935,400,booking,,2022-11-13 10:21:18,"{""info"": ""Sample log data"", ""session_id"": 8393}"
8936,244,booking,,2022-04-26 12:09:36,"{""info"": ""Sample log data"", ""session_id"": 2934}"
8937,223,click,,2023-03-30 04:29:13,"{""info"": ""Sample log data"", ""session_id"": 2179}"
8938,427,click,,2021-07-20 00:50:10,"{""info"": ""Sample log data"", ""session_id"": 4659}"
8939,33,search,,2021-11-06 10:38:54,"{""info"": ""Sample log data"", ""session_id"": 4151}"
8940,997,booking,,2022-11-01 01:37:28,"{""info"": ""Sample log data"", ""session_id"": 3372}"
8941,791,search,,2021-04-04 03:45:28,"{""info"": ""Sample log data"", ""session_id"": 5591}"
8942,150,search,6.0,2023-07-08 21:46:02,"{""info"": ""Sample log data"", ""session_id"": 9057}"
8943,207,search,,2023-03-22 10:25:16,"{""info"": ""Sample log data"", ""session_id"": 2862}"
8944,255,search,,2023-04-07 07:36:20,"{""info"": ""Sample log data"", ""session_id"": 4743}"
8945,676,booking,5.0,2020-03-16 04:22:11,"{""info"": ""Sample log data"", ""session_id"": 3804}"
8946,837,click,1.0,2023-09-11 05:53:43,"{""info"": ""Sample log data"", ""session_id"": 8468}"
8947,573,review_submission,,2020-11-14 16:30:36,"{""info"": ""Sample log data"", ""session_id"": 3574}"
8948,489,search,,2024-02-28 09:44:41,"{""info"": ""Sample log data"", ""session_id"": 1470}"
8949,729,click,8.0,2020-03-05 02:30:49,"{""info"": ""Sample log data"", ""session_id"": 4808}"
8950,532,click,1.0,2020-01-27 07:56:05,"{""info"": ""Sample log data"", ""session_id"": 1618}"
8951,224,search,14.0,2020-12-05 19:58:07,"{""info"": ""Sample log data"", ""session_id"": 2000}"
8952,573,search,1.0,2024-10-03 00:55:22,"{""info"": ""Sample log data"", ""session_id"": 3757}"
8953,116,search,,2024-05-08 18:19:48,"{""info"": ""Sample log data"", ""session_id"": 2721}"
8954,343,search,5.0,2023-12-17 04:52:04,"{""info"": ""Sample log data"", ""session_id"": 9253}"
8955,595,click,,2022-06-05 21:11:21,"{""info"": ""Sample log data"", ""session_id"": 1904}"
8956,818,search,,2021-07-01 09:14:27,"{""info"": ""Sample log data"", ""session_id"": 5609}"
8957,887,click,,2023-02-12 22:10:15,"{""info"": ""Sample log data"", ""session_id"": 7034}"
8958,939,click,,2020-06-02 10:39:37,"{""info"": ""Sample log data"", ""session_id"": 8835}"
8959,974,search,,2021-05-08 18:27:48,"{""info"": ""Sample log data"", ""session_id"": 3866}"
8960,943,search,6.0,2021-03-05 11:10:48,"{""info"": ""Sample log data"", ""session_id"": 9522}"
8961,233,review_submission,,2024-07-04 23:31:12,"{""info"": ""Sample log data"", ""session_id"": 8898}"
8962,338,booking,,2021-10-28 04:52:44,"{""info"": ""Sample log data"", ""session_id"": 3974}"
8963,272,click,,2023-06-12 04:43:07,"{""info"": ""Sample log data"", ""session_id"": 1951}"
8964,320,review_submission,,2024-05-05 14:21:34,"{""info"": ""Sample log data"", ""session_id"": 5373}"
8965,158,click,1.0,2020-02-15 04:48:59,"{""info"": ""Sample log data"", ""session_id"": 2745}"
8966,764,booking,4.0,2020-05-03 12:35:56,"{""info"": ""Sample log data"", ""session_id"": 2107}"
8967,445,search,,2020-03-21 09:09:31,"{""info"": ""Sample log data"", ""session_id"": 8057}"
8968,471,search,5.0,2020-02-04 05:14:11,"{""info"": ""Sample log data"", ""session_id"": 3630}"
8969,280,search,10.0,2022-12-18 07:31:54,"{""info"": ""Sample log data"", ""session_id"": 1512}"
8970,516,search,,2021-06-27 15:24:18,"{""info"": ""Sample log data"", ""session_id"": 4356}"
8971,226,booking,,2020-08-20 09:27:56,"{""info"": ""Sample log data"", ""session_id"": 6833}"
8972,124,search,13.0,2022-02-16 17:19:51,"{""info"": ""Sample log data"", ""session_id"": 3898}"
8973,702,search,6.0,2022-05-17 21:53:53,"{""info"": ""Sample log data"", ""session_id"": 8235}"
8974,752,click,10.0,2022-10-09 06:30:37,"{""info"": ""Sample log data"", ""session_id"": 4663}"
8975,476,search,,2022-11-06 05:07:10,"{""info"": ""Sample log data"", ""session_id"": 9101}"
8976,154,review_submission,,2020-11-05 00:08:47,"{""info"": ""Sample log data"", ""session_id"": 9549}"
8977,775,search,7.0,2024-09-21 04:17:18,"{""info"": ""Sample log data"", ""session_id"": 4066}"
8978,398,search,13.0,2023-05-08 20:19:05,"{""info"": ""Sample log data"", ""session_id"": 3335}"
8979,267,click,,2021-01-03 03:22:39,"{""info"": ""Sample log data"", ""session_id"": 2386}"
8980,475,click,,2024-10-21 01:42:18,"{""info"": ""Sample log data"", ""session_id"": 4752}"
8981,156,booking,,2020-03-28 19:14:32,"{""info"": ""Sample log data"", ""session_id"": 6489}"
8982,746,booking,,2022-01-04 10:19:59,"{""info"": ""Sample log data"", ""session_id"": 3295}"
8983,89,click,8.0,2020-01-31 13:46:24,"{""info"": ""Sample log data"", ""session_id"": 7401}"
8984,795,click,,2020-10-21 09:24:45,"{""info"": ""Sample log data"", ""session_id"": 1703}"
8985,572,booking,,2023-07-25 00:21:22,"{""info"": ""Sample log data"", ""session_id"": 1622}"
8986,655,review_submission,,2021-05-03 13:07:38,"{""info"": ""Sample log data"", ""session_id"": 9529}"
8987,424,review_submission,5.0,2021-12-20 11:44:31,"{""info"": ""Sample log data"", ""session_id"": 4244}"
8988,848,booking,14.0,2022-09-22 03:48:44,"{""info"": ""Sample log data"", ""session_id"": 9384}"
8989,60,booking,,2021-05-17 05:06:33,"{""info"": ""Sample log data"", ""session_id"": 6835}"
8990,171,booking,,2024-09-26 07:15:39,"{""info"": ""Sample log data"", ""session_id"": 1480}"
8991,895,click,12.0,2022-10-14 01:21:28,"{""info"": ""Sample log data"", ""session_id"": 4618}"
8992,619,booking,13.0,2020-07-20 04:49:33,"{""info"": ""Sample log data"", ""session_id"": 4187}"
8993,76,click,6.0,2020-07-26 04:41:02,"{""info"": ""Sample log data"", ""session_id"": 5958}"
8994,741,booking,,2022-11-18 09:04:13,"{""info"": ""Sample log data"", ""session_id"": 2244}"
8995,461,booking,4.0,2021-07-30 01:20:27,"{""info"": ""Sample log data"", ""session_id"": 7727}"
8996,132,search,,2022-02-03 19:48:08,"{""info"": ""Sample log data"", ""session_id"": 2712}"
8997,306,booking,8.0,2023-08-21 02:37:26,"{""info"": ""Sample log data"", ""session_id"": 7020}"
8998,309,click,,2023-05-05 05:14:02,"{""info"": ""Sample log data"", ""session_id"": 1050}"
8999,840,search,,2023-05-31 00:57:20,"{""info"": ""Sample log data"", ""session_id"": 2684}"
9000,124,review_submission,1.0,2020-02-27 04:03:23,"{""info"": ""Sample log data"", ""session_id"": 8939}"
9001,305,booking,,2022-08-03 10:47:54,"{""info"": ""Sample log data"", ""session_id"": 9940}"
9002,961,review_submission,,2020-05-09 00:36:37,"{""info"": ""Sample log data"", ""session_id"": 9690}"
9003,370,booking,2.0,2020-06-01 05:27:25,"{""info"": ""Sample log data"", ""session_id"": 9811}"
9004,942,search,14.0,2020-02-16 08:16:31,"{""info"": ""Sample log data"", ""session_id"": 7573}"
9005,704,search,,2024-01-26 10:24:48,"{""info"": ""Sample log data"", ""session_id"": 2532}"
9006,63,booking,,2020-07-07 13:42:16,"{""info"": ""Sample log data"", ""session_id"": 5060}"
9007,642,review_submission,2.0,2020-12-10 16:39:41,"{""info"": ""Sample log data"", ""session_id"": 2447}"
9008,932,booking,11.0,2023-11-17 16:05:17,"{""info"": ""Sample log data"", ""session_id"": 2262}"
9009,46,search,,2023-04-12 10:57:51,"{""info"": ""Sample log data"", ""session_id"": 8062}"
9010,940,search,7.0,2021-04-17 01:01:43,"{""info"": ""Sample log data"", ""session_id"": 8737}"
9011,635,search,,2024-12-19 16:04:37,"{""info"": ""Sample log data"", ""session_id"": 5471}"
9012,730,booking,7.0,2023-05-10 00:57:13,"{""info"": ""Sample log data"", ""session_id"": 6557}"
9013,976,booking,11.0,2022-10-23 09:50:20,"{""info"": ""Sample log data"", ""session_id"": 3910}"
9014,772,booking,,2022-09-01 08:41:24,"{""info"": ""Sample log data"", ""session_id"": 1964}"
9015,623,search,,2020-11-19 18:51:37,"{""info"": ""Sample log data"", ""session_id"": 6516}"
9016,202,review_submission,,2021-11-18 22:50:46,"{""info"": ""Sample log data"", ""session_id"": 2081}"
9017,391,click,4.0,2020-03-22 01:49:42,"{""info"": ""Sample log data"", ""session_id"": 5064}"
9018,7,search,,2021-06-13 17:15:00,"{""info"": ""Sample log data"", ""session_id"": 1707}"
9019,540,click,,2020-01-11 08:09:36,"{""info"": ""Sample log data"", ""session_id"": 7205}"
9020,526,click,2.0,2022-06-18 08:56:29,"{""info"": ""Sample log data"", ""session_id"": 7650}"
9021,203,review_submission,,2024-08-10 09:13:55,"{""info"": ""Sample log data"", ""session_id"": 5185}"
9022,934,booking,5.0,2021-04-12 05:27:50,"{""info"": ""Sample log data"", ""session_id"": 2840}"
9023,894,search,8.0,2023-04-02 02:11:26,"{""info"": ""Sample log data"", ""session_id"": 3421}"
9024,892,click,11.0,2024-04-01 10:00:01,"{""info"": ""Sample log data"", ""session_id"": 9889}"
9025,998,booking,,2020-01-12 22:11:20,"{""info"": ""Sample log data"", ""session_id"": 4220}"
9026,155,search,1.0,2024-11-08 00:11:14,"{""info"": ""Sample log data"", ""session_id"": 1353}"
9027,164,search,,2021-02-27 21:17:16,"{""info"": ""Sample log data"", ""session_id"": 6763}"
9028,624,booking,12.0,2024-04-23 20:10:19,"{""info"": ""Sample log data"", ""session_id"": 5058}"
9029,794,search,2.0,2020-12-23 12:15:44,"{""info"": ""Sample log data"", ""session_id"": 1542}"
9030,344,review_submission,14.0,2020-09-23 08:58:48,"{""info"": ""Sample log data"", ""session_id"": 4055}"
9031,701,booking,,2021-04-16 18:50:57,"{""info"": ""Sample log data"", ""session_id"": 4235}"
9032,407,search,12.0,2022-09-18 06:03:27,"{""info"": ""Sample log data"", ""session_id"": 7802}"
9033,502,click,3.0,2025-01-27 17:12:04,"{""info"": ""Sample log data"", ""session_id"": 3013}"
9034,463,search,3.0,2021-08-03 01:38:02,"{""info"": ""Sample log data"", ""session_id"": 1860}"
9035,901,booking,,2022-08-09 10:07:50,"{""info"": ""Sample log data"", ""session_id"": 1029}"
9036,636,click,5.0,2023-03-16 23:05:13,"{""info"": ""Sample log data"", ""session_id"": 9365}"
9037,656,review_submission,10.0,2022-05-18 16:53:17,"{""info"": ""Sample log data"", ""session_id"": 1907}"
9038,221,search,,2023-03-02 05:26:23,"{""info"": ""Sample log data"", ""session_id"": 7496}"
9039,704,click,1.0,2020-04-29 21:56:53,"{""info"": ""Sample log data"", ""session_id"": 5056}"
9040,521,review_submission,,2023-07-13 22:16:57,"{""info"": ""Sample log data"", ""session_id"": 8361}"
9041,394,search,,2021-07-19 14:56:25,"{""info"": ""Sample log data"", ""session_id"": 3139}"
9042,237,click,,2022-01-01 04:30:05,"{""info"": ""Sample log data"", ""session_id"": 1343}"
9043,712,booking,8.0,2022-08-14 17:58:45,"{""info"": ""Sample log data"", ""session_id"": 3819}"
9044,497,click,12.0,2022-12-13 12:15:30,"{""info"": ""Sample log data"", ""session_id"": 2323}"
9045,754,click,,2022-06-04 19:47:24,"{""info"": ""Sample log data"", ""session_id"": 2603}"
9046,298,search,,2020-12-30 14:27:49,"{""info"": ""Sample log data"", ""session_id"": 2457}"
9047,82,click,,2021-04-02 08:00:06,"{""info"": ""Sample log data"", ""session_id"": 6218}"
9048,943,review_submission,11.0,2025-01-29 19:32:53,"{""info"": ""Sample log data"", ""session_id"": 7468}"
9049,846,click,4.0,2023-06-05 01:42:50,"{""info"": ""Sample log data"", ""session_id"": 9730}"
9050,429,click,6.0,2021-08-21 18:14:43,"{""info"": ""Sample log data"", ""session_id"": 8665}"
9051,489,click,,2020-01-14 11:51:27,"{""info"": ""Sample log data"", ""session_id"": 6820}"
9052,371,booking,10.0,2024-05-12 19:39:49,"{""info"": ""Sample log data"", ""session_id"": 5617}"
9053,676,click,2.0,2021-11-03 14:32:44,"{""info"": ""Sample log data"", ""session_id"": 5357}"
9054,318,review_submission,,2021-10-31 00:25:48,"{""info"": ""Sample log data"", ""session_id"": 1941}"
9055,937,review_submission,5.0,2020-05-26 18:40:49,"{""info"": ""Sample log data"", ""session_id"": 8772}"
9056,793,review_submission,9.0,2021-03-26 15:11:15,"{""info"": ""Sample log data"", ""session_id"": 8678}"
9057,525,search,13.0,2021-07-11 15:47:28,"{""info"": ""Sample log data"", ""session_id"": 3407}"
9058,416,booking,2.0,2023-07-28 00:30:36,"{""info"": ""Sample log data"", ""session_id"": 3783}"
9059,621,booking,5.0,2020-03-21 22:00:54,"{""info"": ""Sample log data"", ""session_id"": 7066}"
9060,178,search,14.0,2020-04-26 03:14:02,"{""info"": ""Sample log data"", ""session_id"": 7913}"
9061,754,booking,8.0,2021-03-26 12:22:37,"{""info"": ""Sample log data"", ""session_id"": 9168}"
9062,363,click,,2024-04-20 22:32:18,"{""info"": ""Sample log data"", ""session_id"": 1327}"
9063,667,search,2.0,2023-09-20 20:27:58,"{""info"": ""Sample log data"", ""session_id"": 1921}"
9064,839,booking,,2024-03-19 01:56:53,"{""info"": ""Sample log data"", ""session_id"": 5239}"
9065,733,click,,2021-07-02 00:02:31,"{""info"": ""Sample log data"", ""session_id"": 6513}"
9066,269,click,8.0,2024-10-05 05:37:11,"{""info"": ""Sample log data"", ""session_id"": 1498}"
9067,302,booking,,2024-12-18 07:47:41,"{""info"": ""Sample log data"", ""session_id"": 3935}"
9068,174,review_submission,,2024-10-11 00:11:51,"{""info"": ""Sample log data"", ""session_id"": 5867}"
9069,780,review_submission,11.0,2024-02-03 16:14:27,"{""info"": ""Sample log data"", ""session_id"": 3557}"
9070,119,review_submission,,2025-01-21 05:24:57,"{""info"": ""Sample log data"", ""session_id"": 6957}"
9071,640,search,6.0,2020-05-22 01:40:15,"{""info"": ""Sample log data"", ""session_id"": 5296}"
9072,275,click,13.0,2023-12-25 07:50:10,"{""info"": ""Sample log data"", ""session_id"": 5920}"
9073,866,search,7.0,2023-01-24 18:30:21,"{""info"": ""Sample log data"", ""session_id"": 1822}"
9074,492,search,,2022-06-11 00:10:42,"{""info"": ""Sample log data"", ""session_id"": 2011}"
9075,479,click,,2021-11-06 13:56:07,"{""info"": ""Sample log data"", ""session_id"": 6350}"
9076,118,search,13.0,2024-12-08 10:17:51,"{""info"": ""Sample log data"", ""session_id"": 4279}"
9077,681,click,,2024-05-14 11:55:09,"{""info"": ""Sample log data"", ""session_id"": 4936}"
9078,684,booking,10.0,2022-03-04 00:04:08,"{""info"": ""Sample log data"", ""session_id"": 7284}"
9079,634,click,,2023-03-15 06:49:19,"{""info"": ""Sample log data"", ""session_id"": 7375}"
9080,237,search,11.0,2020-05-10 23:19:21,"{""info"": ""Sample log data"", ""session_id"": 2926}"
9081,513,search,8.0,2021-05-13 03:19:39,"{""info"": ""Sample log data"", ""session_id"": 2551}"
9082,532,booking,,2020-07-17 22:48:57,"{""info"": ""Sample log data"", ""session_id"": 9020}"
9083,709,click,,2020-04-09 21:06:28,"{""info"": ""Sample log data"", ""session_id"": 8403}"
9084,700,search,,2022-08-29 19:42:33,"{""info"": ""Sample log data"", ""session_id"": 5755}"
9085,375,search,,2023-05-13 20:16:53,"{""info"": ""Sample log data"", ""session_id"": 9244}"
9086,674,review_submission,9.0,2022-07-04 20:48:00,"{""info"": ""Sample log data"", ""session_id"": 9028}"
9087,509,search,13.0,2020-09-26 03:51:10,"{""info"": ""Sample log data"", ""session_id"": 4113}"
9088,574,booking,,2024-08-07 18:08:33,"{""info"": ""Sample log data"", ""session_id"": 8549}"
9089,955,search,10.0,2022-02-15 14:02:39,"{""info"": ""Sample log data"", ""session_id"": 4067}"
9090,66,search,8.0,2022-10-08 02:05:20,"{""info"": ""Sample log data"", ""session_id"": 5810}"
9091,399,review_submission,,2020-11-27 04:25:01,"{""info"": ""Sample log data"", ""session_id"": 5235}"
9092,974,review_submission,,2024-10-23 15:56:52,"{""info"": ""Sample log data"", ""session_id"": 4256}"
9093,900,click,,2024-06-18 05:31:28,"{""info"": ""Sample log data"", ""session_id"": 2513}"
9094,232,click,,2021-02-04 02:41:12,"{""info"": ""Sample log data"", ""session_id"": 6819}"
9095,756,booking,11.0,2020-04-01 03:37:43,"{""info"": ""Sample log data"", ""session_id"": 6727}"
9096,765,booking,6.0,2020-03-27 02:22:54,"{""info"": ""Sample log data"", ""session_id"": 6065}"
9097,138,search,5.0,2020-09-22 09:50:44,"{""info"": ""Sample log data"", ""session_id"": 7856}"
9098,766,review_submission,6.0,2024-09-30 16:41:49,"{""info"": ""Sample log data"", ""session_id"": 5168}"
9099,26,click,,2020-05-19 20:15:46,"{""info"": ""Sample log data"", ""session_id"": 3285}"
9100,593,search,,2024-10-01 01:39:23,"{""info"": ""Sample log data"", ""session_id"": 4568}"
9101,218,click,7.0,2021-01-15 07:55:26,"{""info"": ""Sample log data"", ""session_id"": 1297}"
9102,24,click,,2024-04-28 01:32:07,"{""info"": ""Sample log data"", ""session_id"": 5364}"
9103,488,click,10.0,2022-10-28 00:23:54,"{""info"": ""Sample log data"", ""session_id"": 7077}"
9104,103,booking,11.0,2020-11-22 06:54:57,"{""info"": ""Sample log data"", ""session_id"": 9669}"
9105,778,click,7.0,2021-10-26 08:27:56,"{""info"": ""Sample log data"", ""session_id"": 1455}"
9106,549,search,,2021-03-15 03:55:56,"{""info"": ""Sample log data"", ""session_id"": 7522}"
9107,18,review_submission,7.0,2021-01-24 15:41:57,"{""info"": ""Sample log data"", ""session_id"": 5525}"
9108,132,search,,2020-08-23 21:47:08,"{""info"": ""Sample log data"", ""session_id"": 6451}"
9109,404,click,14.0,2024-01-05 05:26:47,"{""info"": ""Sample log data"", ""session_id"": 3530}"
9110,496,booking,,2020-06-21 14:38:02,"{""info"": ""Sample log data"", ""session_id"": 2972}"
9111,731,click,,2021-07-18 07:17:07,"{""info"": ""Sample log data"", ""session_id"": 4741}"
9112,774,review_submission,,2020-06-23 13:37:49,"{""info"": ""Sample log data"", ""session_id"": 9303}"
9113,671,review_submission,,2020-04-30 09:01:50,"{""info"": ""Sample log data"", ""session_id"": 1510}"
9114,814,click,14.0,2024-12-15 03:05:36,"{""info"": ""Sample log data"", ""session_id"": 6602}"
9115,774,review_submission,1.0,2022-07-16 11:12:00,"{""info"": ""Sample log data"", ""session_id"": 4142}"
9116,355,booking,,2020-12-31 02:25:58,"{""info"": ""Sample log data"", ""session_id"": 8782}"
9117,399,search,,2023-05-07 01:50:06,"{""info"": ""Sample log data"", ""session_id"": 8791}"
9118,610,click,7.0,2023-01-17 21:31:39,"{""info"": ""Sample log data"", ""session_id"": 4066}"
9119,46,booking,7.0,2022-06-02 20:13:19,"{""info"": ""Sample log data"", ""session_id"": 9060}"
9120,456,review_submission,5.0,2022-12-13 13:58:36,"{""info"": ""Sample log data"", ""session_id"": 5908}"
9121,774,review_submission,14.0,2021-11-07 23:46:04,"{""info"": ""Sample log data"", ""session_id"": 5956}"
9122,697,booking,12.0,2020-04-22 07:54:10,"{""info"": ""Sample log data"", ""session_id"": 2439}"
9123,182,search,3.0,2022-08-01 10:19:07,"{""info"": ""Sample log data"", ""session_id"": 4292}"
9124,849,booking,3.0,2023-10-10 16:30:23,"{""info"": ""Sample log data"", ""session_id"": 5237}"
9125,514,search,,2023-01-22 13:43:13,"{""info"": ""Sample log data"", ""session_id"": 8503}"
9126,170,search,,2022-09-03 21:24:10,"{""info"": ""Sample log data"", ""session_id"": 3237}"
9127,176,review_submission,2.0,2023-07-27 02:39:46,"{""info"": ""Sample log data"", ""session_id"": 9992}"
9128,19,review_submission,6.0,2020-06-16 01:19:52,"{""info"": ""Sample log data"", ""session_id"": 7340}"
9129,469,search,9.0,2021-10-02 15:58:36,"{""info"": ""Sample log data"", ""session_id"": 9530}"
9130,541,search,,2022-01-01 17:08:17,"{""info"": ""Sample log data"", ""session_id"": 4248}"
9131,543,click,,2024-04-28 17:30:00,"{""info"": ""Sample log data"", ""session_id"": 2308}"
9132,702,review_submission,3.0,2022-11-16 13:02:07,"{""info"": ""Sample log data"", ""session_id"": 3981}"
9133,572,search,6.0,2021-08-14 10:26:28,"{""info"": ""Sample log data"", ""session_id"": 8092}"
9134,611,click,,2020-10-31 15:08:45,"{""info"": ""Sample log data"", ""session_id"": 1406}"
9135,25,click,,2023-11-06 02:49:05,"{""info"": ""Sample log data"", ""session_id"": 1262}"
9136,276,click,2.0,2022-06-25 11:52:36,"{""info"": ""Sample log data"", ""session_id"": 6815}"
9137,804,booking,,2021-10-01 17:38:23,"{""info"": ""Sample log data"", ""session_id"": 9683}"
9138,526,click,,2020-12-22 21:12:49,"{""info"": ""Sample log data"", ""session_id"": 1664}"
9139,380,review_submission,,2024-08-22 09:55:12,"{""info"": ""Sample log data"", ""session_id"": 2272}"
9140,119,search,13.0,2024-10-01 12:51:45,"{""info"": ""Sample log data"", ""session_id"": 2478}"
9141,420,review_submission,14.0,2024-08-22 06:04:06,"{""info"": ""Sample log data"", ""session_id"": 2774}"
9142,733,search,3.0,2022-07-19 17:40:10,"{""info"": ""Sample log data"", ""session_id"": 8920}"
9143,101,booking,,2020-04-10 07:09:09,"{""info"": ""Sample log data"", ""session_id"": 2758}"
9144,803,search,,2020-03-31 12:42:06,"{""info"": ""Sample log data"", ""session_id"": 4306}"
9145,202,booking,,2024-12-17 21:07:07,"{""info"": ""Sample log data"", ""session_id"": 1898}"
9146,63,review_submission,,2022-09-02 06:36:19,"{""info"": ""Sample log data"", ""session_id"": 4335}"
9147,18,review_submission,,2023-10-20 03:10:53,"{""info"": ""Sample log data"", ""session_id"": 2356}"
9148,566,review_submission,,2024-07-22 16:55:00,"{""info"": ""Sample log data"", ""session_id"": 4262}"
9149,61,search,,2023-08-04 19:31:32,"{""info"": ""Sample log data"", ""session_id"": 3892}"
9150,416,search,,2021-03-28 17:54:41,"{""info"": ""Sample log data"", ""session_id"": 8861}"
9151,695,booking,6.0,2023-12-30 19:59:39,"{""info"": ""Sample log data"", ""session_id"": 7085}"
9152,773,review_submission,,2024-09-04 17:09:18,"{""info"": ""Sample log data"", ""session_id"": 3709}"
9153,406,search,,2021-03-24 17:11:59,"{""info"": ""Sample log data"", ""session_id"": 1310}"
9154,315,search,,2024-09-23 01:59:36,"{""info"": ""Sample log data"", ""session_id"": 9787}"
9155,689,click,1.0,2021-11-28 17:54:34,"{""info"": ""Sample log data"", ""session_id"": 6595}"
9156,53,search,,2023-04-08 16:28:03,"{""info"": ""Sample log data"", ""session_id"": 7445}"
9157,41,search,,2022-10-15 02:09:32,"{""info"": ""Sample log data"", ""session_id"": 1989}"
9158,214,booking,,2020-09-06 22:12:57,"{""info"": ""Sample log data"", ""session_id"": 1107}"
9159,1000,review_submission,,2021-08-23 23:40:11,"{""info"": ""Sample log data"", ""session_id"": 2218}"
9160,964,review_submission,,2023-10-23 14:00:48,"{""info"": ""Sample log data"", ""session_id"": 3441}"
9161,256,search,1.0,2020-04-04 07:02:30,"{""info"": ""Sample log data"", ""session_id"": 5740}"
9162,948,booking,,2023-01-07 20:34:43,"{""info"": ""Sample log data"", ""session_id"": 2702}"
9163,256,search,2.0,2020-02-01 05:23:07,"{""info"": ""Sample log data"", ""session_id"": 9176}"
9164,229,search,14.0,2023-03-13 05:42:33,"{""info"": ""Sample log data"", ""session_id"": 4280}"
9165,992,booking,9.0,2020-09-14 05:57:22,"{""info"": ""Sample log data"", ""session_id"": 1344}"
9166,782,booking,1.0,2023-12-07 23:50:19,"{""info"": ""Sample log data"", ""session_id"": 3739}"
9167,974,booking,,2023-11-20 02:33:23,"{""info"": ""Sample log data"", ""session_id"": 3825}"
9168,444,search,,2024-07-09 09:52:48,"{""info"": ""Sample log data"", ""session_id"": 6068}"
9169,799,click,7.0,2021-05-19 03:57:40,"{""info"": ""Sample log data"", ""session_id"": 9130}"
9170,195,booking,,2024-08-19 05:13:09,"{""info"": ""Sample log data"", ""session_id"": 3401}"
9171,298,click,5.0,2021-03-19 06:39:51,"{""info"": ""Sample log data"", ""session_id"": 9597}"
9172,942,search,,2023-10-23 14:05:53,"{""info"": ""Sample log data"", ""session_id"": 7237}"
9173,978,click,11.0,2023-04-10 19:18:15,"{""info"": ""Sample log data"", ""session_id"": 3798}"
9174,243,search,7.0,2022-02-15 16:52:48,"{""info"": ""Sample log data"", ""session_id"": 6553}"
9175,819,search,,2024-07-14 22:56:21,"{""info"": ""Sample log data"", ""session_id"": 6627}"
9176,966,booking,13.0,2022-11-11 21:33:22,"{""info"": ""Sample log data"", ""session_id"": 7405}"
9177,527,review_submission,12.0,2024-06-20 06:08:02,"{""info"": ""Sample log data"", ""session_id"": 9779}"
9178,42,review_submission,12.0,2022-12-23 05:28:21,"{""info"": ""Sample log data"", ""session_id"": 8856}"
9179,804,click,13.0,2020-05-14 13:41:02,"{""info"": ""Sample log data"", ""session_id"": 6659}"
9180,313,search,,2021-06-18 10:30:21,"{""info"": ""Sample log data"", ""session_id"": 9956}"
9181,183,search,,2020-09-16 15:32:55,"{""info"": ""Sample log data"", ""session_id"": 7545}"
9182,950,booking,4.0,2023-06-04 00:45:41,"{""info"": ""Sample log data"", ""session_id"": 6475}"
9183,948,search,,2024-06-11 02:12:53,"{""info"": ""Sample log data"", ""session_id"": 5342}"
9184,77,search,,2020-04-16 02:30:40,"{""info"": ""Sample log data"", ""session_id"": 3696}"
9185,645,search,14.0,2021-06-08 14:09:20,"{""info"": ""Sample log data"", ""session_id"": 3372}"
9186,890,search,13.0,2023-01-08 16:57:39,"{""info"": ""Sample log data"", ""session_id"": 9837}"
9187,910,booking,,2021-04-19 15:57:51,"{""info"": ""Sample log data"", ""session_id"": 4873}"
9188,537,review_submission,,2024-05-18 22:00:52,"{""info"": ""Sample log data"", ""session_id"": 5672}"
9189,519,click,,2024-11-07 02:24:51,"{""info"": ""Sample log data"", ""session_id"": 9289}"
9190,16,click,,2020-05-23 11:44:59,"{""info"": ""Sample log data"", ""session_id"": 2725}"
9191,223,booking,,2024-10-11 23:28:14,"{""info"": ""Sample log data"", ""session_id"": 2497}"
9192,221,review_submission,,2021-07-18 07:42:49,"{""info"": ""Sample log data"", ""session_id"": 2737}"
9193,312,search,,2020-03-11 15:09:06,"{""info"": ""Sample log data"", ""session_id"": 7136}"
9194,136,search,,2023-06-07 15:33:42,"{""info"": ""Sample log data"", ""session_id"": 1078}"
9195,352,click,7.0,2020-12-09 01:10:57,"{""info"": ""Sample log data"", ""session_id"": 1399}"
9196,690,booking,,2024-02-18 11:41:02,"{""info"": ""Sample log data"", ""session_id"": 7758}"
9197,686,search,,2024-11-13 00:38:49,"{""info"": ""Sample log data"", ""session_id"": 5352}"
9198,205,booking,,2020-07-12 14:05:53,"{""info"": ""Sample log data"", ""session_id"": 2296}"
9199,237,review_submission,9.0,2022-08-08 08:41:49,"{""info"": ""Sample log data"", ""session_id"": 7075}"
9200,466,booking,,2023-01-30 19:28:27,"{""info"": ""Sample log data"", ""session_id"": 3752}"
9201,226,booking,,2021-01-25 02:41:27,"{""info"": ""Sample log data"", ""session_id"": 6173}"
9202,374,search,,2021-04-01 17:33:14,"{""info"": ""Sample log data"", ""session_id"": 5593}"
9203,71,search,,2020-09-28 14:59:41,"{""info"": ""Sample log data"", ""session_id"": 6314}"
9204,313,search,13.0,2021-06-20 02:40:12,"{""info"": ""Sample log data"", ""session_id"": 4197}"
9205,297,review_submission,7.0,2025-01-28 01:16:29,"{""info"": ""Sample log data"", ""session_id"": 8383}"
9206,164,booking,,2024-09-16 06:35:49,"{""info"": ""Sample log data"", ""session_id"": 4666}"
9207,362,booking,,2025-01-14 11:53:42,"{""info"": ""Sample log data"", ""session_id"": 6189}"
9208,466,click,7.0,2022-07-23 08:34:55,"{""info"": ""Sample log data"", ""session_id"": 9508}"
9209,762,booking,,2020-01-25 14:47:56,"{""info"": ""Sample log data"", ""session_id"": 1786}"
9210,159,click,11.0,2023-12-05 03:16:55,"{""info"": ""Sample log data"", ""session_id"": 3597}"
9211,610,review_submission,,2024-07-31 09:37:35,"{""info"": ""Sample log data"", ""session_id"": 3587}"
9212,555,review_submission,7.0,2024-11-14 13:00:36,"{""info"": ""Sample log data"", ""session_id"": 9308}"
9213,141,booking,10.0,2022-04-15 14:41:02,"{""info"": ""Sample log data"", ""session_id"": 1678}"
9214,429,click,,2021-11-11 08:43:38,"{""info"": ""Sample log data"", ""session_id"": 5628}"
9215,118,search,3.0,2020-02-23 09:29:00,"{""info"": ""Sample log data"", ""session_id"": 2735}"
9216,803,click,1.0,2020-08-03 10:18:07,"{""info"": ""Sample log data"", ""session_id"": 5001}"
9217,143,review_submission,4.0,2024-07-30 18:57:36,"{""info"": ""Sample log data"", ""session_id"": 7714}"
9218,528,booking,,2023-08-16 18:18:49,"{""info"": ""Sample log data"", ""session_id"": 7826}"
9219,544,review_submission,8.0,2022-05-06 23:29:24,"{""info"": ""Sample log data"", ""session_id"": 9390}"
9220,128,booking,11.0,2024-11-12 19:29:01,"{""info"": ""Sample log data"", ""session_id"": 2413}"
9221,188,click,2.0,2022-02-28 10:30:57,"{""info"": ""Sample log data"", ""session_id"": 4155}"
9222,716,review_submission,,2023-07-27 08:03:26,"{""info"": ""Sample log data"", ""session_id"": 1905}"
9223,275,click,,2022-03-01 19:48:53,"{""info"": ""Sample log data"", ""session_id"": 5215}"
9224,742,review_submission,,2022-07-28 19:16:19,"{""info"": ""Sample log data"", ""session_id"": 3255}"
9225,664,search,12.0,2020-02-13 10:31:28,"{""info"": ""Sample log data"", ""session_id"": 7721}"
9226,454,search,10.0,2023-01-23 08:35:41,"{""info"": ""Sample log data"", ""session_id"": 4420}"
9227,649,search,4.0,2023-06-27 07:22:44,"{""info"": ""Sample log data"", ""session_id"": 2468}"
9228,887,booking,,2020-11-14 14:58:18,"{""info"": ""Sample log data"", ""session_id"": 1541}"
9229,264,search,,2022-05-10 15:24:03,"{""info"": ""Sample log data"", ""session_id"": 8012}"
9230,268,review_submission,4.0,2021-03-13 16:22:43,"{""info"": ""Sample log data"", ""session_id"": 9476}"
9231,317,search,,2022-03-08 16:13:35,"{""info"": ""Sample log data"", ""session_id"": 8950}"
9232,586,search,,2024-03-13 22:30:43,"{""info"": ""Sample log data"", ""session_id"": 4593}"
9233,334,search,,2020-12-06 13:00:31,"{""info"": ""Sample log data"", ""session_id"": 8064}"
9234,250,search,9.0,2023-10-10 00:10:50,"{""info"": ""Sample log data"", ""session_id"": 6852}"
9235,40,search,7.0,2020-11-14 18:51:34,"{""info"": ""Sample log data"", ""session_id"": 6486}"
9236,195,search,11.0,2022-10-09 08:24:44,"{""info"": ""Sample log data"", ""session_id"": 1385}"
9237,725,review_submission,,2022-06-05 03:20:26,"{""info"": ""Sample log data"", ""session_id"": 9251}"
9238,949,search,,2024-07-27 05:34:25,"{""info"": ""Sample log data"", ""session_id"": 1901}"
9239,207,click,1.0,2025-01-14 09:36:26,"{""info"": ""Sample log data"", ""session_id"": 4850}"
9240,495,booking,13.0,2021-10-29 14:59:40,"{""info"": ""Sample log data"", ""session_id"": 1019}"
9241,707,search,14.0,2020-10-05 16:47:52,"{""info"": ""Sample log data"", ""session_id"": 8526}"
9242,24,booking,,2023-12-08 10:40:07,"{""info"": ""Sample log data"", ""session_id"": 2146}"
9243,552,search,,2020-12-20 09:18:57,"{""info"": ""Sample log data"", ""session_id"": 2003}"
9244,189,search,7.0,2023-04-21 12:26:20,"{""info"": ""Sample log data"", ""session_id"": 2613}"
9245,849,booking,,2020-08-26 05:49:02,"{""info"": ""Sample log data"", ""session_id"": 1934}"
9246,425,review_submission,,2023-05-15 16:39:05,"{""info"": ""Sample log data"", ""session_id"": 7187}"
9247,493,search,,2024-07-01 02:04:42,"{""info"": ""Sample log data"", ""session_id"": 3013}"
9248,868,click,8.0,2023-12-31 18:01:00,"{""info"": ""Sample log data"", ""session_id"": 8887}"
9249,249,click,,2024-03-15 20:07:36,"{""info"": ""Sample log data"", ""session_id"": 9755}"
9250,784,search,,2021-02-03 23:56:39,"{""info"": ""Sample log data"", ""session_id"": 9233}"
9251,608,booking,,2024-09-09 19:12:50,"{""info"": ""Sample log data"", ""session_id"": 7946}"
9252,817,click,,2023-02-28 05:29:27,"{""info"": ""Sample log data"", ""session_id"": 3076}"
9253,679,booking,,2023-03-22 21:48:16,"{""info"": ""Sample log data"", ""session_id"": 8939}"
9254,553,review_submission,10.0,2022-09-25 05:21:37,"{""info"": ""Sample log data"", ""session_id"": 5927}"
9255,945,search,,2023-03-28 17:35:38,"{""info"": ""Sample log data"", ""session_id"": 2535}"
9256,89,booking,,2020-03-05 13:55:51,"{""info"": ""Sample log data"", ""session_id"": 6188}"
9257,149,booking,,2023-07-02 15:41:47,"{""info"": ""Sample log data"", ""session_id"": 8062}"
9258,584,review_submission,,2024-11-07 05:35:40,"{""info"": ""Sample log data"", ""session_id"": 1166}"
9259,53,review_submission,9.0,2024-04-12 08:47:01,"{""info"": ""Sample log data"", ""session_id"": 2951}"
9260,410,search,5.0,2022-01-27 07:57:42,"{""info"": ""Sample log data"", ""session_id"": 9127}"
9261,605,review_submission,5.0,2022-06-20 03:00:55,"{""info"": ""Sample log data"", ""session_id"": 8883}"
9262,44,click,9.0,2022-08-05 12:54:32,"{""info"": ""Sample log data"", ""session_id"": 2555}"
9263,3,click,2.0,2020-08-13 17:31:57,"{""info"": ""Sample log data"", ""session_id"": 7055}"
9264,365,review_submission,,2020-06-17 13:49:49,"{""info"": ""Sample log data"", ""session_id"": 2139}"
9265,552,click,,2024-04-26 12:45:39,"{""info"": ""Sample log data"", ""session_id"": 6008}"
9266,628,search,9.0,2022-02-17 07:10:09,"{""info"": ""Sample log data"", ""session_id"": 6675}"
9267,387,search,,2021-12-18 21:11:29,"{""info"": ""Sample log data"", ""session_id"": 3492}"
9268,26,search,4.0,2021-04-14 07:01:28,"{""info"": ""Sample log data"", ""session_id"": 3103}"
9269,202,click,,2022-04-22 23:28:28,"{""info"": ""Sample log data"", ""session_id"": 1842}"
9270,253,booking,8.0,2021-12-25 04:37:15,"{""info"": ""Sample log data"", ""session_id"": 4249}"
9271,784,booking,,2021-05-13 02:45:30,"{""info"": ""Sample log data"", ""session_id"": 8649}"
9272,566,search,3.0,2025-01-25 02:22:57,"{""info"": ""Sample log data"", ""session_id"": 7389}"
9273,932,booking,,2021-12-22 07:51:35,"{""info"": ""Sample log data"", ""session_id"": 7059}"
9274,937,search,,2024-10-27 23:37:11,"{""info"": ""Sample log data"", ""session_id"": 7226}"
9275,50,review_submission,7.0,2023-10-22 20:45:37,"{""info"": ""Sample log data"", ""session_id"": 8120}"
9276,420,booking,8.0,2021-04-01 18:47:57,"{""info"": ""Sample log data"", ""session_id"": 5463}"
9277,215,booking,,2024-10-12 02:36:36,"{""info"": ""Sample log data"", ""session_id"": 4614}"
9278,269,booking,,2022-11-25 05:33:43,"{""info"": ""Sample log data"", ""session_id"": 2756}"
9279,703,booking,,2025-01-26 01:02:48,"{""info"": ""Sample log data"", ""session_id"": 9574}"
9280,857,search,,2024-05-01 19:47:53,"{""info"": ""Sample log data"", ""session_id"": 4801}"
9281,152,review_submission,,2022-01-10 01:42:26,"{""info"": ""Sample log data"", ""session_id"": 7636}"
9282,54,review_submission,4.0,2020-08-06 19:58:54,"{""info"": ""Sample log data"", ""session_id"": 8193}"
9283,857,click,14.0,2020-05-07 02:39:58,"{""info"": ""Sample log data"", ""session_id"": 6514}"
9284,639,click,8.0,2021-12-26 01:22:13,"{""info"": ""Sample log data"", ""session_id"": 3943}"
9285,547,booking,,2024-10-08 10:15:53,"{""info"": ""Sample log data"", ""session_id"": 4763}"
9286,915,booking,6.0,2020-08-22 17:59:49,"{""info"": ""Sample log data"", ""session_id"": 7992}"
9287,866,search,12.0,2023-04-07 19:43:15,"{""info"": ""Sample log data"", ""session_id"": 6666}"
9288,94,booking,11.0,2021-11-04 07:22:34,"{""info"": ""Sample log data"", ""session_id"": 9440}"
9289,154,click,,2021-04-22 08:17:13,"{""info"": ""Sample log data"", ""session_id"": 4225}"
9290,389,booking,9.0,2022-05-02 17:43:40,"{""info"": ""Sample log data"", ""session_id"": 7333}"
9291,867,search,6.0,2020-04-13 05:18:14,"{""info"": ""Sample log data"", ""session_id"": 5957}"
9292,560,click,6.0,2023-03-26 18:38:52,"{""info"": ""Sample log data"", ""session_id"": 8647}"
9293,698,search,12.0,2024-04-20 02:12:50,"{""info"": ""Sample log data"", ""session_id"": 9209}"
9294,384,search,,2024-11-27 02:13:28,"{""info"": ""Sample log data"", ""session_id"": 5670}"
9295,898,search,,2024-05-17 23:24:47,"{""info"": ""Sample log data"", ""session_id"": 8628}"
9296,906,search,9.0,2025-01-23 08:49:09,"{""info"": ""Sample log data"", ""session_id"": 2323}"
9297,651,review_submission,9.0,2024-03-23 16:10:18,"{""info"": ""Sample log data"", ""session_id"": 7426}"
9298,430,search,,2023-01-15 19:27:17,"{""info"": ""Sample log data"", ""session_id"": 9501}"
9299,755,search,,2020-11-23 07:49:45,"{""info"": ""Sample log data"", ""session_id"": 9527}"
9300,452,search,1.0,2021-10-29 13:52:24,"{""info"": ""Sample log data"", ""session_id"": 7772}"
9301,322,search,3.0,2020-01-26 23:33:41,"{""info"": ""Sample log data"", ""session_id"": 2039}"
9302,432,click,,2023-05-08 17:22:16,"{""info"": ""Sample log data"", ""session_id"": 2722}"
9303,246,review_submission,,2021-07-20 19:51:36,"{""info"": ""Sample log data"", ""session_id"": 6439}"
9304,608,booking,,2021-07-03 09:23:53,"{""info"": ""Sample log data"", ""session_id"": 2655}"
9305,736,click,,2021-10-08 09:45:54,"{""info"": ""Sample log data"", ""session_id"": 6264}"
9306,836,booking,14.0,2022-03-21 21:52:13,"{""info"": ""Sample log data"", ""session_id"": 5011}"
9307,38,search,,2021-07-09 02:13:55,"{""info"": ""Sample log data"", ""session_id"": 7486}"
9308,905,review_submission,,2021-08-22 00:39:05,"{""info"": ""Sample log data"", ""session_id"": 3439}"
9309,334,search,6.0,2020-10-10 04:05:49,"{""info"": ""Sample log data"", ""session_id"": 1718}"
9310,964,booking,11.0,2020-03-12 11:24:38,"{""info"": ""Sample log data"", ""session_id"": 9882}"
9311,29,booking,6.0,2020-10-04 20:00:24,"{""info"": ""Sample log data"", ""session_id"": 1548}"
9312,791,search,,2020-05-20 08:52:51,"{""info"": ""Sample log data"", ""session_id"": 5832}"
9313,460,booking,,2023-09-17 07:47:19,"{""info"": ""Sample log data"", ""session_id"": 2438}"
9314,477,search,,2024-10-19 17:10:24,"{""info"": ""Sample log data"", ""session_id"": 6269}"
9315,70,booking,7.0,2024-01-10 11:35:12,"{""info"": ""Sample log data"", ""session_id"": 3456}"
9316,521,booking,8.0,2021-03-23 02:52:01,"{""info"": ""Sample log data"", ""session_id"": 8407}"
9317,115,click,8.0,2022-08-02 14:10:13,"{""info"": ""Sample log data"", ""session_id"": 2407}"
9318,620,review_submission,9.0,2022-01-13 10:05:09,"{""info"": ""Sample log data"", ""session_id"": 4832}"
9319,217,search,,2022-12-09 12:41:12,"{""info"": ""Sample log data"", ""session_id"": 8379}"
9320,790,review_submission,2.0,2023-01-10 11:19:17,"{""info"": ""Sample log data"", ""session_id"": 6616}"
9321,135,click,1.0,2021-02-04 21:30:29,"{""info"": ""Sample log data"", ""session_id"": 8268}"
9322,636,review_submission,,2023-11-20 19:20:16,"{""info"": ""Sample log data"", ""session_id"": 1451}"
9323,35,search,14.0,2024-07-16 18:53:56,"{""info"": ""Sample log data"", ""session_id"": 1751}"
9324,565,booking,,2020-07-29 21:23:11,"{""info"": ""Sample log data"", ""session_id"": 8419}"
9325,187,booking,9.0,2021-11-19 16:53:44,"{""info"": ""Sample log data"", ""session_id"": 2887}"
9326,95,review_submission,9.0,2023-01-31 04:45:45,"{""info"": ""Sample log data"", ""session_id"": 5953}"
9327,35,booking,,2023-05-17 05:17:58,"{""info"": ""Sample log data"", ""session_id"": 5162}"
9328,22,review_submission,,2023-05-16 11:07:17,"{""info"": ""Sample log data"", ""session_id"": 6034}"
9329,924,click,3.0,2020-06-02 06:10:21,"{""info"": ""Sample log data"", ""session_id"": 9368}"
9330,563,booking,1.0,2022-11-04 00:22:52,"{""info"": ""Sample log data"", ""session_id"": 9183}"
9331,701,click,,2020-01-10 17:44:32,"{""info"": ""Sample log data"", ""session_id"": 8057}"
9332,720,click,,2021-06-12 21:11:44,"{""info"": ""Sample log data"", ""session_id"": 3498}"
9333,618,click,14.0,2022-10-18 03:10:53,"{""info"": ""Sample log data"", ""session_id"": 1199}"
9334,354,click,,2022-09-20 15:20:46,"{""info"": ""Sample log data"", ""session_id"": 4122}"
9335,96,click,,2024-10-04 06:26:12,"{""info"": ""Sample log data"", ""session_id"": 5353}"
9336,532,booking,3.0,2024-11-11 04:01:46,"{""info"": ""Sample log data"", ""session_id"": 5339}"
9337,96,booking,,2023-09-02 01:42:09,"{""info"": ""Sample log data"", ""session_id"": 3564}"
9338,793,search,5.0,2022-08-14 01:33:22,"{""info"": ""Sample log data"", ""session_id"": 6522}"
9339,752,review_submission,,2021-08-03 03:39:03,"{""info"": ""Sample log data"", ""session_id"": 8338}"
9340,197,search,13.0,2021-05-19 20:38:15,"{""info"": ""Sample log data"", ""session_id"": 2441}"
9341,111,search,9.0,2025-01-10 15:13:44,"{""info"": ""Sample log data"", ""session_id"": 4637}"
9342,883,search,,2021-10-28 02:37:36,"{""info"": ""Sample log data"", ""session_id"": 9663}"
9343,938,booking,,2021-06-18 16:37:55,"{""info"": ""Sample log data"", ""session_id"": 1739}"
9344,239,click,,2022-11-04 10:55:41,"{""info"": ""Sample log data"", ""session_id"": 3004}"
9345,970,booking,,2023-11-15 20:55:21,"{""info"": ""Sample log data"", ""session_id"": 4881}"
9346,759,click,,2020-08-14 15:56:44,"{""info"": ""Sample log data"", ""session_id"": 1794}"
9347,466,click,,2023-12-24 11:35:48,"{""info"": ""Sample log data"", ""session_id"": 8941}"
9348,746,review_submission,,2024-02-27 16:43:52,"{""info"": ""Sample log data"", ""session_id"": 4850}"
9349,156,booking,7.0,2023-02-17 06:03:18,"{""info"": ""Sample log data"", ""session_id"": 8807}"
9350,770,search,6.0,2021-02-26 09:32:54,"{""info"": ""Sample log data"", ""session_id"": 2481}"
9351,98,click,6.0,2023-02-23 02:28:13,"{""info"": ""Sample log data"", ""session_id"": 9373}"
9352,848,click,7.0,2022-10-19 21:05:15,"{""info"": ""Sample log data"", ""session_id"": 2065}"
9353,470,search,11.0,2022-05-18 21:47:40,"{""info"": ""Sample log data"", ""session_id"": 6787}"
9354,672,booking,11.0,2023-03-12 01:44:45,"{""info"": ""Sample log data"", ""session_id"": 8438}"
9355,936,booking,7.0,2022-06-05 22:04:49,"{""info"": ""Sample log data"", ""session_id"": 5976}"
9356,195,click,13.0,2021-05-16 14:52:02,"{""info"": ""Sample log data"", ""session_id"": 4145}"
9357,457,click,14.0,2021-09-02 06:57:47,"{""info"": ""Sample log data"", ""session_id"": 1130}"
9358,190,review_submission,4.0,2021-01-25 00:45:07,"{""info"": ""Sample log data"", ""session_id"": 1500}"
9359,309,booking,,2020-01-30 01:58:50,"{""info"": ""Sample log data"", ""session_id"": 1406}"
9360,13,booking,6.0,2022-07-20 22:17:14,"{""info"": ""Sample log data"", ""session_id"": 5732}"
9361,281,review_submission,14.0,2021-06-09 17:56:33,"{""info"": ""Sample log data"", ""session_id"": 9191}"
9362,986,click,9.0,2024-03-13 06:20:59,"{""info"": ""Sample log data"", ""session_id"": 3515}"
9363,496,click,5.0,2021-09-05 06:59:25,"{""info"": ""Sample log data"", ""session_id"": 5298}"
9364,479,review_submission,3.0,2022-04-05 05:21:06,"{""info"": ""Sample log data"", ""session_id"": 9722}"
9365,812,booking,5.0,2024-02-28 05:51:16,"{""info"": ""Sample log data"", ""session_id"": 7283}"
9366,932,click,11.0,2022-11-11 09:26:44,"{""info"": ""Sample log data"", ""session_id"": 7022}"
9367,585,booking,,2024-10-02 09:04:49,"{""info"": ""Sample log data"", ""session_id"": 3666}"
9368,766,review_submission,,2023-02-06 11:22:39,"{""info"": ""Sample log data"", ""session_id"": 7035}"
9369,610,review_submission,,2020-11-26 10:49:55,"{""info"": ""Sample log data"", ""session_id"": 4896}"
9370,959,search,,2020-10-16 18:42:13,"{""info"": ""Sample log data"", ""session_id"": 1869}"
9371,433,click,,2020-12-06 09:19:24,"{""info"": ""Sample log data"", ""session_id"": 7459}"
9372,578,click,13.0,2024-04-17 16:05:25,"{""info"": ""Sample log data"", ""session_id"": 4011}"
9373,688,booking,,2023-04-16 10:53:42,"{""info"": ""Sample log data"", ""session_id"": 5708}"
9374,595,booking,,2023-04-06 04:57:12,"{""info"": ""Sample log data"", ""session_id"": 6471}"
9375,412,review_submission,1.0,2020-03-28 04:56:26,"{""info"": ""Sample log data"", ""session_id"": 9094}"
9376,437,click,,2020-09-04 00:34:58,"{""info"": ""Sample log data"", ""session_id"": 4895}"
9377,748,search,,2020-12-13 13:16:39,"{""info"": ""Sample log data"", ""session_id"": 3306}"
9378,472,click,,2024-02-02 16:35:18,"{""info"": ""Sample log data"", ""session_id"": 6067}"
9379,640,booking,,2022-07-15 15:31:14,"{""info"": ""Sample log data"", ""session_id"": 3717}"
9380,447,booking,,2024-12-11 00:40:55,"{""info"": ""Sample log data"", ""session_id"": 6237}"
9381,229,review_submission,,2024-01-04 04:56:04,"{""info"": ""Sample log data"", ""session_id"": 6757}"
9382,279,booking,,2024-05-10 11:43:16,"{""info"": ""Sample log data"", ""session_id"": 8562}"
9383,315,booking,10.0,2022-11-25 11:21:21,"{""info"": ""Sample log data"", ""session_id"": 1193}"
9384,178,click,,2020-07-27 22:03:08,"{""info"": ""Sample log data"", ""session_id"": 9923}"
9385,757,booking,,2023-03-14 02:52:18,"{""info"": ""Sample log data"", ""session_id"": 9436}"
9386,88,search,,2022-12-28 09:40:34,"{""info"": ""Sample log data"", ""session_id"": 1089}"
9387,850,search,5.0,2024-06-16 16:30:09,"{""info"": ""Sample log data"", ""session_id"": 8228}"
9388,433,search,,2023-12-16 04:16:45,"{""info"": ""Sample log data"", ""session_id"": 5566}"
9389,568,search,,2024-04-16 06:21:11,"{""info"": ""Sample log data"", ""session_id"": 7976}"
9390,960,search,9.0,2021-04-26 23:47:13,"{""info"": ""Sample log data"", ""session_id"": 7174}"
9391,839,review_submission,12.0,2021-05-14 21:07:21,"{""info"": ""Sample log data"", ""session_id"": 5177}"
9392,587,search,12.0,2022-08-21 18:10:01,"{""info"": ""Sample log data"", ""session_id"": 3151}"
9393,797,review_submission,,2024-04-14 21:48:20,"{""info"": ""Sample log data"", ""session_id"": 5843}"
9394,469,booking,3.0,2024-04-15 11:45:20,"{""info"": ""Sample log data"", ""session_id"": 2043}"
9395,380,booking,,2023-06-15 18:21:31,"{""info"": ""Sample log data"", ""session_id"": 4042}"
9396,855,booking,10.0,2024-02-29 16:09:01,"{""info"": ""Sample log data"", ""session_id"": 3288}"
9397,607,booking,13.0,2020-04-17 05:48:52,"{""info"": ""Sample log data"", ""session_id"": 5464}"
9398,212,search,,2020-06-27 09:14:49,"{""info"": ""Sample log data"", ""session_id"": 5726}"
9399,143,review_submission,14.0,2024-03-15 20:10:21,"{""info"": ""Sample log data"", ""session_id"": 7065}"
9400,640,review_submission,12.0,2024-11-10 23:16:24,"{""info"": ""Sample log data"", ""session_id"": 9298}"
9401,314,review_submission,,2024-04-29 15:17:56,"{""info"": ""Sample log data"", ""session_id"": 6598}"
9402,469,review_submission,,2020-02-23 20:57:26,"{""info"": ""Sample log data"", ""session_id"": 6276}"
9403,482,booking,,2023-01-24 18:47:39,"{""info"": ""Sample log data"", ""session_id"": 4224}"
9404,754,click,14.0,2024-07-13 13:42:17,"{""info"": ""Sample log data"", ""session_id"": 9657}"
9405,790,search,,2020-05-06 19:49:56,"{""info"": ""Sample log data"", ""session_id"": 6635}"
9406,288,booking,,2021-06-20 01:16:55,"{""info"": ""Sample log data"", ""session_id"": 2328}"
9407,720,click,6.0,2023-02-08 22:35:59,"{""info"": ""Sample log data"", ""session_id"": 9948}"
9408,921,click,,2023-04-12 10:33:48,"{""info"": ""Sample log data"", ""session_id"": 9925}"
9409,141,search,,2021-02-25 19:26:34,"{""info"": ""Sample log data"", ""session_id"": 7528}"
9410,25,click,,2022-05-06 06:26:15,"{""info"": ""Sample log data"", ""session_id"": 3063}"
9411,724,search,,2021-12-10 17:29:16,"{""info"": ""Sample log data"", ""session_id"": 9243}"
9412,289,review_submission,,2022-03-25 08:48:57,"{""info"": ""Sample log data"", ""session_id"": 5084}"
9413,731,review_submission,,2024-08-09 21:13:43,"{""info"": ""Sample log data"", ""session_id"": 6954}"
9414,35,review_submission,1.0,2022-01-14 11:37:03,"{""info"": ""Sample log data"", ""session_id"": 5954}"
9415,143,click,,2022-09-11 14:53:24,"{""info"": ""Sample log data"", ""session_id"": 1384}"
9416,284,booking,12.0,2023-02-28 03:23:11,"{""info"": ""Sample log data"", ""session_id"": 9189}"
9417,739,search,,2021-02-05 07:01:34,"{""info"": ""Sample log data"", ""session_id"": 1528}"
9418,522,search,3.0,2020-12-17 23:42:59,"{""info"": ""Sample log data"", ""session_id"": 2682}"
9419,914,search,5.0,2021-03-23 18:29:07,"{""info"": ""Sample log data"", ""session_id"": 6927}"
9420,523,review_submission,12.0,2022-06-25 23:58:19,"{""info"": ""Sample log data"", ""session_id"": 7432}"
9421,1,click,11.0,2022-08-31 10:08:37,"{""info"": ""Sample log data"", ""session_id"": 1727}"
9422,637,click,11.0,2021-01-20 21:49:49,"{""info"": ""Sample log data"", ""session_id"": 2722}"
9423,631,booking,6.0,2023-05-11 08:34:21,"{""info"": ""Sample log data"", ""session_id"": 2393}"
9424,502,click,9.0,2024-03-01 04:18:14,"{""info"": ""Sample log data"", ""session_id"": 1658}"
9425,131,review_submission,2.0,2023-03-07 03:15:55,"{""info"": ""Sample log data"", ""session_id"": 3082}"
9426,786,review_submission,,2023-06-14 17:59:35,"{""info"": ""Sample log data"", ""session_id"": 1074}"
9427,258,search,,2020-12-06 20:44:17,"{""info"": ""Sample log data"", ""session_id"": 9731}"
9428,887,click,13.0,2020-12-28 09:11:41,"{""info"": ""Sample log data"", ""session_id"": 1181}"
9429,51,booking,,2021-03-31 03:24:16,"{""info"": ""Sample log data"", ""session_id"": 6606}"
9430,943,booking,1.0,2021-10-18 07:24:16,"{""info"": ""Sample log data"", ""session_id"": 6971}"
9431,685,search,13.0,2022-05-11 11:09:08,"{""info"": ""Sample log data"", ""session_id"": 6181}"
9432,505,review_submission,,2024-10-18 21:16:50,"{""info"": ""Sample log data"", ""session_id"": 5898}"
9433,454,review_submission,10.0,2023-04-15 18:36:39,"{""info"": ""Sample log data"", ""session_id"": 2157}"
9434,86,review_submission,11.0,2023-06-29 12:33:46,"{""info"": ""Sample log data"", ""session_id"": 5229}"
9435,399,review_submission,7.0,2021-07-26 08:37:06,"{""info"": ""Sample log data"", ""session_id"": 8134}"
9436,441,click,11.0,2024-05-12 13:36:26,"{""info"": ""Sample log data"", ""session_id"": 9894}"
9437,139,review_submission,,2023-04-02 06:44:22,"{""info"": ""Sample log data"", ""session_id"": 9897}"
9438,715,click,,2024-06-02 12:38:14,"{""info"": ""Sample log data"", ""session_id"": 5963}"
9439,519,booking,,2023-08-29 17:42:57,"{""info"": ""Sample log data"", ""session_id"": 3985}"
9440,959,review_submission,,2023-09-28 03:52:15,"{""info"": ""Sample log data"", ""session_id"": 6302}"
9441,304,booking,6.0,2022-07-19 14:15:12,"{""info"": ""Sample log data"", ""session_id"": 1498}"
9442,847,booking,5.0,2023-07-07 07:11:34,"{""info"": ""Sample log data"", ""session_id"": 9773}"
9443,202,click,,2021-07-06 07:31:04,"{""info"": ""Sample log data"", ""session_id"": 2872}"
9444,686,booking,8.0,2022-01-07 11:55:45,"{""info"": ""Sample log data"", ""session_id"": 9480}"
9445,34,click,,2020-06-02 18:23:49,"{""info"": ""Sample log data"", ""session_id"": 6341}"
9446,341,booking,5.0,2021-06-09 00:11:05,"{""info"": ""Sample log data"", ""session_id"": 8939}"
9447,969,booking,2.0,2022-02-15 18:25:44,"{""info"": ""Sample log data"", ""session_id"": 4666}"
9448,160,search,,2024-06-30 09:29:37,"{""info"": ""Sample log data"", ""session_id"": 3609}"
9449,31,review_submission,10.0,2022-03-21 09:10:40,"{""info"": ""Sample log data"", ""session_id"": 3454}"
9450,395,review_submission,2.0,2023-03-24 16:55:48,"{""info"": ""Sample log data"", ""session_id"": 8652}"
9451,426,click,,2021-02-15 03:51:15,"{""info"": ""Sample log data"", ""session_id"": 9815}"
9452,334,click,,2024-05-14 11:38:02,"{""info"": ""Sample log data"", ""session_id"": 1117}"
9453,213,search,3.0,2020-12-07 18:59:27,"{""info"": ""Sample log data"", ""session_id"": 4719}"
9454,760,click,,2023-05-20 08:07:42,"{""info"": ""Sample log data"", ""session_id"": 9399}"
9455,347,booking,,2022-09-28 02:27:03,"{""info"": ""Sample log data"", ""session_id"": 3573}"
9456,80,search,,2024-09-08 12:31:57,"{""info"": ""Sample log data"", ""session_id"": 1277}"
9457,12,click,9.0,2020-06-18 23:28:44,"{""info"": ""Sample log data"", ""session_id"": 6245}"
9458,997,click,10.0,2022-02-03 04:26:20,"{""info"": ""Sample log data"", ""session_id"": 1893}"
9459,387,booking,13.0,2023-03-15 23:07:30,"{""info"": ""Sample log data"", ""session_id"": 9182}"
9460,683,search,3.0,2022-07-25 18:10:14,"{""info"": ""Sample log data"", ""session_id"": 4047}"
9461,824,search,,2024-05-13 09:59:47,"{""info"": ""Sample log data"", ""session_id"": 4082}"
9462,283,search,2.0,2023-12-05 19:48:42,"{""info"": ""Sample log data"", ""session_id"": 8522}"
9463,686,click,6.0,2021-02-10 08:29:25,"{""info"": ""Sample log data"", ""session_id"": 2999}"
9464,829,search,,2024-12-18 18:57:56,"{""info"": ""Sample log data"", ""session_id"": 4558}"
9465,58,review_submission,12.0,2024-05-07 05:37:39,"{""info"": ""Sample log data"", ""session_id"": 5463}"
9466,202,click,14.0,2022-01-27 05:43:06,"{""info"": ""Sample log data"", ""session_id"": 7127}"
9467,918,click,,2020-10-06 21:16:03,"{""info"": ""Sample log data"", ""session_id"": 2926}"
9468,526,review_submission,,2022-04-23 18:58:47,"{""info"": ""Sample log data"", ""session_id"": 3850}"
9469,974,click,4.0,2023-12-16 01:10:35,"{""info"": ""Sample log data"", ""session_id"": 6641}"
9470,443,search,,2021-09-07 12:07:25,"{""info"": ""Sample log data"", ""session_id"": 2894}"
9471,117,booking,,2022-12-21 05:38:10,"{""info"": ""Sample log data"", ""session_id"": 6909}"
9472,922,booking,10.0,2023-11-25 08:51:50,"{""info"": ""Sample log data"", ""session_id"": 1987}"
9473,972,booking,,2023-05-05 19:11:44,"{""info"": ""Sample log data"", ""session_id"": 4865}"
9474,269,search,,2021-07-25 10:20:17,"{""info"": ""Sample log data"", ""session_id"": 7112}"
9475,229,search,,2020-03-30 04:03:59,"{""info"": ""Sample log data"", ""session_id"": 3829}"
9476,715,click,8.0,2024-11-17 21:58:49,"{""info"": ""Sample log data"", ""session_id"": 4561}"
9477,983,search,,2023-02-17 04:32:16,"{""info"": ""Sample log data"", ""session_id"": 8577}"
9478,991,booking,2.0,2024-09-22 11:30:23,"{""info"": ""Sample log data"", ""session_id"": 8021}"
9479,22,click,,2024-10-23 08:56:24,"{""info"": ""Sample log data"", ""session_id"": 1460}"
9480,876,booking,5.0,2022-09-17 23:52:38,"{""info"": ""Sample log data"", ""session_id"": 4589}"
9481,967,search,8.0,2021-02-05 20:44:30,"{""info"": ""Sample log data"", ""session_id"": 9083}"
9482,475,review_submission,3.0,2023-11-23 07:09:33,"{""info"": ""Sample log data"", ""session_id"": 9428}"
9483,576,review_submission,12.0,2024-08-04 13:00:46,"{""info"": ""Sample log data"", ""session_id"": 8437}"
9484,521,click,,2022-11-23 03:30:56,"{""info"": ""Sample log data"", ""session_id"": 1149}"
9485,49,click,2.0,2021-10-10 22:05:16,"{""info"": ""Sample log data"", ""session_id"": 7112}"
9486,892,booking,9.0,2023-09-13 05:17:31,"{""info"": ""Sample log data"", ""session_id"": 7901}"
9487,161,booking,,2024-03-03 13:02:42,"{""info"": ""Sample log data"", ""session_id"": 2847}"
9488,564,click,3.0,2025-01-02 00:12:32,"{""info"": ""Sample log data"", ""session_id"": 6376}"
9489,203,search,3.0,2022-11-27 08:07:13,"{""info"": ""Sample log data"", ""session_id"": 6515}"
9490,584,booking,3.0,2021-10-24 21:18:48,"{""info"": ""Sample log data"", ""session_id"": 4834}"
9491,961,search,6.0,2020-04-18 23:45:41,"{""info"": ""Sample log data"", ""session_id"": 6850}"
9492,714,search,,2020-05-10 12:10:39,"{""info"": ""Sample log data"", ""session_id"": 8931}"
9493,987,review_submission,13.0,2021-05-24 07:46:27,"{""info"": ""Sample log data"", ""session_id"": 9324}"
9494,966,search,1.0,2024-09-29 15:26:51,"{""info"": ""Sample log data"", ""session_id"": 9271}"
9495,455,search,,2020-05-30 21:38:25,"{""info"": ""Sample log data"", ""session_id"": 1682}"
9496,939,search,4.0,2020-11-11 00:13:02,"{""info"": ""Sample log data"", ""session_id"": 4625}"
9497,132,search,,2020-03-09 01:14:36,"{""info"": ""Sample log data"", ""session_id"": 7477}"
9498,30,click,,2022-05-07 05:07:11,"{""info"": ""Sample log data"", ""session_id"": 7563}"
9499,883,search,,2024-12-12 10:11:07,"{""info"": ""Sample log data"", ""session_id"": 1029}"
9500,462,click,13.0,2023-12-31 22:42:25,"{""info"": ""Sample log data"", ""session_id"": 5081}"
9501,712,booking,,2023-08-27 22:47:50,"{""info"": ""Sample log data"", ""session_id"": 7187}"
9502,622,search,11.0,2020-05-28 20:05:37,"{""info"": ""Sample log data"", ""session_id"": 3561}"
9503,222,search,10.0,2023-10-07 07:26:51,"{""info"": ""Sample log data"", ""session_id"": 9268}"
9504,946,search,,2023-06-07 01:13:06,"{""info"": ""Sample log data"", ""session_id"": 1034}"
9505,6,review_submission,10.0,2022-02-23 13:51:34,"{""info"": ""Sample log data"", ""session_id"": 3795}"
9506,221,booking,10.0,2020-07-05 18:03:03,"{""info"": ""Sample log data"", ""session_id"": 3900}"
9507,498,click,11.0,2022-08-17 07:52:28,"{""info"": ""Sample log data"", ""session_id"": 9028}"
9508,543,search,,2020-05-24 23:37:05,"{""info"": ""Sample log data"", ""session_id"": 2745}"
9509,305,booking,4.0,2020-11-01 15:43:55,"{""info"": ""Sample log data"", ""session_id"": 2710}"
9510,921,search,,2024-02-20 21:26:25,"{""info"": ""Sample log data"", ""session_id"": 1455}"
9511,808,booking,2.0,2020-08-16 07:29:16,"{""info"": ""Sample log data"", ""session_id"": 1937}"
9512,486,booking,,2021-09-05 15:34:44,"{""info"": ""Sample log data"", ""session_id"": 6805}"
9513,779,booking,11.0,2022-02-03 15:10:15,"{""info"": ""Sample log data"", ""session_id"": 7992}"
9514,380,click,,2022-12-16 15:57:29,"{""info"": ""Sample log data"", ""session_id"": 7103}"
9515,546,booking,10.0,2021-01-24 17:37:52,"{""info"": ""Sample log data"", ""session_id"": 3937}"
9516,394,booking,,2024-10-28 23:44:28,"{""info"": ""Sample log data"", ""session_id"": 2337}"
9517,276,booking,,2020-12-21 15:00:41,"{""info"": ""Sample log data"", ""session_id"": 9309}"
9518,631,booking,,2022-09-28 12:34:26,"{""info"": ""Sample log data"", ""session_id"": 9732}"
9519,347,booking,,2021-11-23 16:41:38,"{""info"": ""Sample log data"", ""session_id"": 4966}"
9520,665,search,,2021-01-04 10:34:28,"{""info"": ""Sample log data"", ""session_id"": 3925}"
9521,978,review_submission,10.0,2022-07-15 01:51:31,"{""info"": ""Sample log data"", ""session_id"": 3959}"
9522,388,click,9.0,2020-07-24 03:16:27,"{""info"": ""Sample log data"", ""session_id"": 6251}"
9523,855,search,8.0,2023-07-28 21:28:22,"{""info"": ""Sample log data"", ""session_id"": 9709}"
9524,581,click,4.0,2021-01-01 14:08:36,"{""info"": ""Sample log data"", ""session_id"": 8971}"
9525,115,search,,2023-12-13 23:36:21,"{""info"": ""Sample log data"", ""session_id"": 6186}"
9526,215,search,,2024-02-21 08:12:59,"{""info"": ""Sample log data"", ""session_id"": 1928}"
9527,339,booking,8.0,2020-11-15 19:15:09,"{""info"": ""Sample log data"", ""session_id"": 5510}"
9528,251,search,,2023-04-30 18:12:31,"{""info"": ""Sample log data"", ""session_id"": 8412}"
9529,670,search,11.0,2022-05-02 04:32:10,"{""info"": ""Sample log data"", ""session_id"": 5497}"
9530,9,booking,3.0,2021-02-03 06:39:16,"{""info"": ""Sample log data"", ""session_id"": 5151}"
9531,174,search,,2022-04-06 10:51:21,"{""info"": ""Sample log data"", ""session_id"": 2336}"
9532,40,booking,,2023-06-16 09:34:24,"{""info"": ""Sample log data"", ""session_id"": 8763}"
9533,402,booking,,2022-02-13 03:50:45,"{""info"": ""Sample log data"", ""session_id"": 4746}"
9534,729,click,2.0,2021-05-05 07:34:45,"{""info"": ""Sample log data"", ""session_id"": 6844}"
9535,426,click,2.0,2023-12-16 22:01:15,"{""info"": ""Sample log data"", ""session_id"": 5499}"
9536,85,booking,,2023-02-19 17:00:36,"{""info"": ""Sample log data"", ""session_id"": 2655}"
9537,445,click,,2023-12-22 10:21:16,"{""info"": ""Sample log data"", ""session_id"": 3484}"
9538,628,search,7.0,2023-07-31 06:46:58,"{""info"": ""Sample log data"", ""session_id"": 4610}"
9539,953,booking,,2020-09-28 00:45:22,"{""info"": ""Sample log data"", ""session_id"": 8549}"
9540,899,booking,,2024-08-28 05:26:06,"{""info"": ""Sample log data"", ""session_id"": 8396}"
9541,641,click,,2024-12-26 04:18:21,"{""info"": ""Sample log data"", ""session_id"": 6423}"
9542,746,click,,2022-11-17 07:54:45,"{""info"": ""Sample log data"", ""session_id"": 8740}"
9543,20,booking,,2022-05-04 11:26:37,"{""info"": ""Sample log data"", ""session_id"": 9722}"
9544,694,click,,2020-09-06 17:43:36,"{""info"": ""Sample log data"", ""session_id"": 6210}"
9545,216,search,,2023-07-22 00:39:02,"{""info"": ""Sample log data"", ""session_id"": 4117}"
9546,696,search,,2024-04-19 17:55:56,"{""info"": ""Sample log data"", ""session_id"": 2714}"
9547,735,review_submission,,2021-12-02 12:09:47,"{""info"": ""Sample log data"", ""session_id"": 2693}"
9548,812,click,2.0,2023-11-29 02:34:00,"{""info"": ""Sample log data"", ""session_id"": 3490}"
9549,358,review_submission,8.0,2022-07-11 00:13:49,"{""info"": ""Sample log data"", ""session_id"": 9156}"
9550,325,click,11.0,2024-01-28 10:10:07,"{""info"": ""Sample log data"", ""session_id"": 5816}"
9551,714,search,,2022-02-15 21:24:17,"{""info"": ""Sample log data"", ""session_id"": 8557}"
9552,911,booking,,2020-03-13 06:20:45,"{""info"": ""Sample log data"", ""session_id"": 2772}"
9553,339,review_submission,,2022-05-09 03:05:29,"{""info"": ""Sample log data"", ""session_id"": 2713}"
9554,383,review_submission,,2021-01-08 00:51:08,"{""info"": ""Sample log data"", ""session_id"": 5275}"
9555,774,click,9.0,2021-12-18 12:08:12,"{""info"": ""Sample log data"", ""session_id"": 5505}"
9556,141,click,,2024-06-24 11:54:11,"{""info"": ""Sample log data"", ""session_id"": 9237}"
9557,433,click,3.0,2022-10-09 00:06:00,"{""info"": ""Sample log data"", ""session_id"": 4769}"
9558,876,booking,12.0,2021-04-10 14:36:23,"{""info"": ""Sample log data"", ""session_id"": 2954}"
9559,229,click,,2024-07-20 19:27:14,"{""info"": ""Sample log data"", ""session_id"": 9083}"
9560,711,review_submission,4.0,2022-10-15 12:08:22,"{""info"": ""Sample log data"", ""session_id"": 7357}"
9561,53,click,,2024-03-15 13:57:58,"{""info"": ""Sample log data"", ""session_id"": 6845}"
9562,560,booking,10.0,2022-07-28 00:24:14,"{""info"": ""Sample log data"", ""session_id"": 5263}"
9563,245,click,12.0,2020-11-05 09:00:19,"{""info"": ""Sample log data"", ""session_id"": 5196}"
9564,691,search,,2023-02-09 01:55:26,"{""info"": ""Sample log data"", ""session_id"": 2207}"
9565,450,review_submission,10.0,2020-12-03 06:25:16,"{""info"": ""Sample log data"", ""session_id"": 9016}"
9566,77,booking,,2024-04-10 04:59:09,"{""info"": ""Sample log data"", ""session_id"": 5290}"
9567,580,booking,,2022-02-15 01:38:35,"{""info"": ""Sample log data"", ""session_id"": 7310}"
9568,130,click,7.0,2023-10-04 11:30:34,"{""info"": ""Sample log data"", ""session_id"": 7829}"
9569,569,click,,2021-12-09 04:52:33,"{""info"": ""Sample log data"", ""session_id"": 8295}"
9570,291,search,,2024-11-05 23:13:19,"{""info"": ""Sample log data"", ""session_id"": 8159}"
9571,257,review_submission,6.0,2020-07-26 20:27:29,"{""info"": ""Sample log data"", ""session_id"": 6382}"
9572,887,review_submission,,2024-07-28 19:33:36,"{""info"": ""Sample log data"", ""session_id"": 6429}"
9573,391,review_submission,,2023-08-04 16:28:44,"{""info"": ""Sample log data"", ""session_id"": 5610}"
9574,220,review_submission,11.0,2020-01-13 15:57:02,"{""info"": ""Sample log data"", ""session_id"": 8230}"
9575,948,search,14.0,2022-05-23 16:04:43,"{""info"": ""Sample log data"", ""session_id"": 7508}"
9576,420,review_submission,,2021-05-23 23:59:24,"{""info"": ""Sample log data"", ""session_id"": 3185}"
9577,717,review_submission,12.0,2021-02-28 12:07:14,"{""info"": ""Sample log data"", ""session_id"": 5918}"
9578,497,search,4.0,2022-10-23 11:15:34,"{""info"": ""Sample log data"", ""session_id"": 3636}"
9579,4,review_submission,5.0,2024-10-16 11:07:59,"{""info"": ""Sample log data"", ""session_id"": 2044}"
9580,635,search,,2020-02-13 01:51:54,"{""info"": ""Sample log data"", ""session_id"": 7526}"
9581,443,click,,2024-05-03 12:41:59,"{""info"": ""Sample log data"", ""session_id"": 2748}"
9582,722,search,14.0,2020-09-28 05:04:39,"{""info"": ""Sample log data"", ""session_id"": 3004}"
9583,272,search,10.0,2022-09-03 11:03:07,"{""info"": ""Sample log data"", ""session_id"": 6128}"
9584,813,search,,2021-08-25 23:58:38,"{""info"": ""Sample log data"", ""session_id"": 9569}"
9585,222,click,,2020-01-06 22:10:33,"{""info"": ""Sample log data"", ""session_id"": 5787}"
9586,629,click,,2022-01-06 22:25:38,"{""info"": ""Sample log data"", ""session_id"": 4020}"
9587,487,review_submission,1.0,2023-06-14 09:48:27,"{""info"": ""Sample log data"", ""session_id"": 2142}"
9588,818,click,,2022-11-27 03:42:29,"{""info"": ""Sample log data"", ""session_id"": 3244}"
9589,325,review_submission,,2022-12-16 06:04:32,"{""info"": ""Sample log data"", ""session_id"": 3962}"
9590,416,booking,,2025-01-25 07:25:07,"{""info"": ""Sample log data"", ""session_id"": 9141}"
9591,944,review_submission,,2021-03-03 04:07:21,"{""info"": ""Sample log data"", ""session_id"": 6510}"
9592,312,click,,2020-10-07 16:53:43,"{""info"": ""Sample log data"", ""session_id"": 2950}"
9593,426,booking,,2024-11-02 05:00:16,"{""info"": ""Sample log data"", ""session_id"": 3802}"
9594,876,review_submission,,2024-12-22 01:05:43,"{""info"": ""Sample log data"", ""session_id"": 5815}"
9595,669,booking,14.0,2022-10-09 04:18:03,"{""info"": ""Sample log data"", ""session_id"": 4459}"
9596,888,review_submission,,2024-10-14 18:25:32,"{""info"": ""Sample log data"", ""session_id"": 1899}"
9597,283,booking,12.0,2020-07-24 07:00:14,"{""info"": ""Sample log data"", ""session_id"": 5181}"
9598,116,search,2.0,2024-09-12 04:09:43,"{""info"": ""Sample log data"", ""session_id"": 9752}"
9599,948,review_submission,14.0,2023-03-13 22:59:25,"{""info"": ""Sample log data"", ""session_id"": 1283}"
9600,360,booking,8.0,2021-09-14 13:30:10,"{""info"": ""Sample log data"", ""session_id"": 9085}"
9601,198,click,,2023-04-03 01:39:09,"{""info"": ""Sample log data"", ""session_id"": 7973}"
9602,992,booking,13.0,2024-07-04 12:06:30,"{""info"": ""Sample log data"", ""session_id"": 4281}"
9603,785,review_submission,12.0,2021-08-15 11:38:22,"{""info"": ""Sample log data"", ""session_id"": 5388}"
9604,508,click,12.0,2021-07-29 21:25:33,"{""info"": ""Sample log data"", ""session_id"": 6394}"
9605,847,booking,,2020-05-21 22:50:22,"{""info"": ""Sample log data"", ""session_id"": 9119}"
9606,360,search,,2023-07-27 03:12:33,"{""info"": ""Sample log data"", ""session_id"": 9113}"
9607,318,search,1.0,2024-07-14 03:18:22,"{""info"": ""Sample log data"", ""session_id"": 7643}"
9608,498,booking,12.0,2023-07-13 23:59:49,"{""info"": ""Sample log data"", ""session_id"": 1488}"
9609,948,review_submission,4.0,2024-12-18 23:34:39,"{""info"": ""Sample log data"", ""session_id"": 9568}"
9610,369,search,,2024-01-19 11:01:40,"{""info"": ""Sample log data"", ""session_id"": 9709}"
9611,575,click,,2023-01-31 06:53:33,"{""info"": ""Sample log data"", ""session_id"": 7315}"
9612,704,review_submission,2.0,2024-08-06 13:18:44,"{""info"": ""Sample log data"", ""session_id"": 3725}"
9613,777,booking,1.0,2024-09-19 18:43:50,"{""info"": ""Sample log data"", ""session_id"": 8404}"
9614,750,click,,2020-04-27 10:28:57,"{""info"": ""Sample log data"", ""session_id"": 7192}"
9615,319,review_submission,13.0,2024-07-12 20:57:23,"{""info"": ""Sample log data"", ""session_id"": 9618}"
9616,457,search,,2024-11-13 16:49:23,"{""info"": ""Sample log data"", ""session_id"": 2337}"
9617,661,review_submission,11.0,2024-02-06 14:00:39,"{""info"": ""Sample log data"", ""session_id"": 4126}"
9618,975,search,13.0,2024-01-29 00:19:56,"{""info"": ""Sample log data"", ""session_id"": 6943}"
9619,658,review_submission,,2021-08-17 05:11:25,"{""info"": ""Sample log data"", ""session_id"": 3341}"
9620,760,search,6.0,2020-04-04 06:50:33,"{""info"": ""Sample log data"", ""session_id"": 1637}"
9621,798,booking,11.0,2023-04-25 04:09:21,"{""info"": ""Sample log data"", ""session_id"": 6505}"
9622,612,review_submission,12.0,2024-02-28 06:44:59,"{""info"": ""Sample log data"", ""session_id"": 6526}"
9623,286,booking,5.0,2021-06-23 18:02:29,"{""info"": ""Sample log data"", ""session_id"": 4464}"
9624,218,review_submission,,2025-01-14 16:56:56,"{""info"": ""Sample log data"", ""session_id"": 5103}"
9625,198,booking,8.0,2024-12-22 01:28:14,"{""info"": ""Sample log data"", ""session_id"": 7995}"
9626,594,click,3.0,2022-10-22 12:22:34,"{""info"": ""Sample log data"", ""session_id"": 3127}"
9627,588,booking,,2020-09-02 08:46:05,"{""info"": ""Sample log data"", ""session_id"": 8398}"
9628,642,search,,2022-04-12 05:39:02,"{""info"": ""Sample log data"", ""session_id"": 9903}"
9629,754,search,9.0,2023-09-04 15:15:53,"{""info"": ""Sample log data"", ""session_id"": 5369}"
9630,619,search,,2020-09-18 16:49:25,"{""info"": ""Sample log data"", ""session_id"": 4006}"
9631,380,booking,8.0,2022-07-15 01:30:16,"{""info"": ""Sample log data"", ""session_id"": 7967}"
9632,209,click,1.0,2022-07-28 20:35:07,"{""info"": ""Sample log data"", ""session_id"": 6562}"
9633,552,booking,14.0,2024-12-28 17:01:15,"{""info"": ""Sample log data"", ""session_id"": 5508}"
9634,197,search,,2022-02-06 01:19:43,"{""info"": ""Sample log data"", ""session_id"": 8136}"
9635,885,review_submission,,2024-03-11 18:33:45,"{""info"": ""Sample log data"", ""session_id"": 1638}"
9636,341,booking,,2020-10-29 07:29:57,"{""info"": ""Sample log data"", ""session_id"": 7539}"
9637,121,click,13.0,2023-09-18 15:32:07,"{""info"": ""Sample log data"", ""session_id"": 6908}"
9638,493,search,8.0,2021-11-23 12:19:10,"{""info"": ""Sample log data"", ""session_id"": 1310}"
9639,764,search,,2024-07-07 23:31:48,"{""info"": ""Sample log data"", ""session_id"": 6244}"
9640,164,review_submission,12.0,2022-04-09 05:35:57,"{""info"": ""Sample log data"", ""session_id"": 6089}"
9641,982,search,,2024-10-18 07:51:20,"{""info"": ""Sample log data"", ""session_id"": 6530}"
9642,197,booking,12.0,2024-03-27 18:24:39,"{""info"": ""Sample log data"", ""session_id"": 2314}"
9643,477,search,14.0,2024-09-17 08:25:06,"{""info"": ""Sample log data"", ""session_id"": 9345}"
9644,131,click,2.0,2021-01-07 13:23:33,"{""info"": ""Sample log data"", ""session_id"": 8270}"
9645,149,click,7.0,2021-09-26 09:45:50,"{""info"": ""Sample log data"", ""session_id"": 3059}"
9646,910,search,1.0,2020-11-21 20:55:10,"{""info"": ""Sample log data"", ""session_id"": 6473}"
9647,623,booking,,2022-02-24 02:29:46,"{""info"": ""Sample log data"", ""session_id"": 6810}"
9648,32,click,,2023-07-06 06:47:59,"{""info"": ""Sample log data"", ""session_id"": 8271}"
9649,30,booking,,2021-09-18 03:19:27,"{""info"": ""Sample log data"", ""session_id"": 7439}"
9650,687,booking,,2020-07-05 23:10:17,"{""info"": ""Sample log data"", ""session_id"": 3869}"
9651,188,review_submission,,2023-08-11 10:00:33,"{""info"": ""Sample log data"", ""session_id"": 3877}"
9652,763,search,,2024-05-02 17:42:45,"{""info"": ""Sample log data"", ""session_id"": 5661}"
9653,722,review_submission,2.0,2021-04-06 12:50:18,"{""info"": ""Sample log data"", ""session_id"": 9621}"
9654,523,click,13.0,2024-10-15 06:36:37,"{""info"": ""Sample log data"", ""session_id"": 9221}"
9655,553,booking,,2023-12-29 10:31:05,"{""info"": ""Sample log data"", ""session_id"": 3055}"
9656,984,search,2.0,2020-08-05 15:47:43,"{""info"": ""Sample log data"", ""session_id"": 6624}"
9657,912,search,,2022-08-31 02:59:00,"{""info"": ""Sample log data"", ""session_id"": 4946}"
9658,35,review_submission,3.0,2022-03-14 22:49:39,"{""info"": ""Sample log data"", ""session_id"": 9196}"
9659,725,review_submission,13.0,2024-08-29 04:58:04,"{""info"": ""Sample log data"", ""session_id"": 3432}"
9660,55,booking,2.0,2025-01-25 15:55:34,"{""info"": ""Sample log data"", ""session_id"": 3272}"
9661,339,search,7.0,2021-07-06 05:27:02,"{""info"": ""Sample log data"", ""session_id"": 2047}"
9662,946,booking,,2023-02-09 00:35:10,"{""info"": ""Sample log data"", ""session_id"": 7875}"
9663,874,review_submission,4.0,2022-08-19 18:34:56,"{""info"": ""Sample log data"", ""session_id"": 7709}"
9664,975,review_submission,13.0,2022-05-07 12:50:19,"{""info"": ""Sample log data"", ""session_id"": 2281}"
9665,828,search,6.0,2023-07-26 05:53:09,"{""info"": ""Sample log data"", ""session_id"": 7862}"
9666,598,booking,6.0,2021-02-26 01:42:19,"{""info"": ""Sample log data"", ""session_id"": 2406}"
9667,549,search,14.0,2021-02-23 23:17:48,"{""info"": ""Sample log data"", ""session_id"": 5714}"
9668,852,review_submission,5.0,2023-10-30 09:17:16,"{""info"": ""Sample log data"", ""session_id"": 9825}"
9669,891,search,8.0,2023-12-13 19:34:11,"{""info"": ""Sample log data"", ""session_id"": 9069}"
9670,241,search,10.0,2021-06-01 06:41:41,"{""info"": ""Sample log data"", ""session_id"": 3909}"
9671,185,click,2.0,2021-03-05 00:37:03,"{""info"": ""Sample log data"", ""session_id"": 2925}"
9672,883,booking,3.0,2022-04-16 09:35:10,"{""info"": ""Sample log data"", ""session_id"": 9618}"
9673,313,search,8.0,2024-10-25 04:54:09,"{""info"": ""Sample log data"", ""session_id"": 4866}"
9674,129,click,,2020-10-08 04:10:21,"{""info"": ""Sample log data"", ""session_id"": 8195}"
9675,464,search,,2020-05-12 13:29:17,"{""info"": ""Sample log data"", ""session_id"": 7550}"
9676,314,search,,2024-03-25 22:54:57,"{""info"": ""Sample log data"", ""session_id"": 4689}"
9677,134,search,,2020-02-09 08:23:31,"{""info"": ""Sample log data"", ""session_id"": 8857}"
9678,924,search,,2024-12-01 11:39:45,"{""info"": ""Sample log data"", ""session_id"": 9566}"
9679,465,search,14.0,2023-11-06 15:21:53,"{""info"": ""Sample log data"", ""session_id"": 9673}"
9680,736,booking,,2023-03-06 13:40:19,"{""info"": ""Sample log data"", ""session_id"": 8764}"
9681,652,review_submission,,2023-09-09 22:29:28,"{""info"": ""Sample log data"", ""session_id"": 4519}"
9682,122,booking,2.0,2020-11-08 00:10:22,"{""info"": ""Sample log data"", ""session_id"": 3822}"
9683,633,click,3.0,2021-12-07 19:35:28,"{""info"": ""Sample log data"", ""session_id"": 5911}"
9684,767,review_submission,13.0,2020-05-07 14:49:17,"{""info"": ""Sample log data"", ""session_id"": 1809}"
9685,361,search,,2023-09-21 12:03:10,"{""info"": ""Sample log data"", ""session_id"": 2885}"
9686,370,review_submission,,2021-10-14 20:07:49,"{""info"": ""Sample log data"", ""session_id"": 7301}"
9687,546,booking,7.0,2020-07-15 04:28:50,"{""info"": ""Sample log data"", ""session_id"": 1579}"
9688,593,review_submission,13.0,2022-03-28 18:37:39,"{""info"": ""Sample log data"", ""session_id"": 9752}"
9689,692,click,10.0,2022-05-11 00:27:53,"{""info"": ""Sample log data"", ""session_id"": 6904}"
9690,11,booking,8.0,2021-01-31 17:59:49,"{""info"": ""Sample log data"", ""session_id"": 7699}"
9691,649,review_submission,4.0,2023-01-18 14:47:34,"{""info"": ""Sample log data"", ""session_id"": 7811}"
9692,156,booking,,2021-04-04 06:00:45,"{""info"": ""Sample log data"", ""session_id"": 3125}"
9693,876,click,8.0,2024-12-07 07:15:55,"{""info"": ""Sample log data"", ""session_id"": 2541}"
9694,974,booking,5.0,2024-07-25 07:25:56,"{""info"": ""Sample log data"", ""session_id"": 9452}"
9695,257,booking,14.0,2020-10-17 03:00:05,"{""info"": ""Sample log data"", ""session_id"": 8023}"
9696,8,booking,,2020-05-03 17:33:35,"{""info"": ""Sample log data"", ""session_id"": 2776}"
9697,193,click,,2023-12-07 10:40:36,"{""info"": ""Sample log data"", ""session_id"": 3806}"
9698,898,review_submission,12.0,2025-01-24 16:17:24,"{""info"": ""Sample log data"", ""session_id"": 3406}"
9699,518,review_submission,6.0,2022-07-07 21:05:47,"{""info"": ""Sample log data"", ""session_id"": 6865}"
9700,239,click,12.0,2022-07-28 09:42:59,"{""info"": ""Sample log data"", ""session_id"": 9881}"
9701,380,search,,2023-11-27 23:12:30,"{""info"": ""Sample log data"", ""session_id"": 7626}"
9702,639,booking,9.0,2024-01-20 19:20:05,"{""info"": ""Sample log data"", ""session_id"": 3536}"
9703,355,search,13.0,2024-07-22 18:42:15,"{""info"": ""Sample log data"", ""session_id"": 7896}"
9704,448,booking,,2021-06-11 14:24:40,"{""info"": ""Sample log data"", ""session_id"": 9950}"
9705,714,booking,,2020-10-11 08:17:57,"{""info"": ""Sample log data"", ""session_id"": 9750}"
9706,974,booking,,2021-12-16 15:30:16,"{""info"": ""Sample log data"", ""session_id"": 5592}"
9707,355,click,,2021-06-06 16:09:14,"{""info"": ""Sample log data"", ""session_id"": 4397}"
9708,847,booking,3.0,2022-06-29 12:12:32,"{""info"": ""Sample log data"", ""session_id"": 7728}"
9709,891,search,2.0,2020-06-29 05:11:52,"{""info"": ""Sample log data"", ""session_id"": 7037}"
9710,356,review_submission,,2021-07-28 00:07:40,"{""info"": ""Sample log data"", ""session_id"": 3801}"
9711,937,click,,2020-11-20 01:00:48,"{""info"": ""Sample log data"", ""session_id"": 5028}"
9712,150,booking,,2021-05-25 08:02:46,"{""info"": ""Sample log data"", ""session_id"": 9326}"
9713,630,click,,2020-12-23 07:46:37,"{""info"": ""Sample log data"", ""session_id"": 6721}"
9714,423,booking,,2023-01-15 03:05:48,"{""info"": ""Sample log data"", ""session_id"": 7674}"
9715,992,search,,2023-06-09 00:26:24,"{""info"": ""Sample log data"", ""session_id"": 7259}"
9716,126,review_submission,,2022-03-21 08:53:05,"{""info"": ""Sample log data"", ""session_id"": 2053}"
9717,491,review_submission,,2023-12-23 06:53:30,"{""info"": ""Sample log data"", ""session_id"": 1064}"
9718,496,review_submission,,2024-12-12 17:56:41,"{""info"": ""Sample log data"", ""session_id"": 2578}"
9719,177,search,1.0,2021-02-07 16:16:03,"{""info"": ""Sample log data"", ""session_id"": 7026}"
9720,910,review_submission,7.0,2024-02-12 03:31:10,"{""info"": ""Sample log data"", ""session_id"": 1509}"
9721,181,search,,2020-03-26 14:11:27,"{""info"": ""Sample log data"", ""session_id"": 2070}"
9722,927,click,,2023-07-21 03:27:07,"{""info"": ""Sample log data"", ""session_id"": 8583}"
9723,113,review_submission,4.0,2021-10-29 18:36:04,"{""info"": ""Sample log data"", ""session_id"": 4360}"
9724,483,review_submission,2.0,2020-03-15 16:16:46,"{""info"": ""Sample log data"", ""session_id"": 3615}"
9725,649,review_submission,,2020-10-01 06:20:09,"{""info"": ""Sample log data"", ""session_id"": 4545}"
9726,896,click,,2024-12-25 01:08:15,"{""info"": ""Sample log data"", ""session_id"": 1655}"
9727,95,review_submission,11.0,2023-07-29 23:05:00,"{""info"": ""Sample log data"", ""session_id"": 5023}"
9728,510,review_submission,14.0,2024-02-05 19:38:17,"{""info"": ""Sample log data"", ""session_id"": 5890}"
9729,165,search,,2020-05-29 08:10:08,"{""info"": ""Sample log data"", ""session_id"": 1615}"
9730,183,search,10.0,2021-04-16 12:40:29,"{""info"": ""Sample log data"", ""session_id"": 5917}"
9731,845,search,,2022-04-22 06:25:24,"{""info"": ""Sample log data"", ""session_id"": 8471}"
9732,634,review_submission,14.0,2022-03-06 04:10:21,"{""info"": ""Sample log data"", ""session_id"": 9933}"
9733,615,click,3.0,2020-09-10 12:04:11,"{""info"": ""Sample log data"", ""session_id"": 8329}"
9734,1000,booking,,2024-04-17 01:43:11,"{""info"": ""Sample log data"", ""session_id"": 8710}"
9735,739,booking,,2021-03-20 21:57:51,"{""info"": ""Sample log data"", ""session_id"": 1214}"
9736,798,click,,2023-12-14 12:44:38,"{""info"": ""Sample log data"", ""session_id"": 7127}"
9737,998,booking,11.0,2023-03-24 13:47:16,"{""info"": ""Sample log data"", ""session_id"": 2396}"
9738,965,review_submission,,2022-02-01 19:00:19,"{""info"": ""Sample log data"", ""session_id"": 9428}"
9739,245,review_submission,,2022-06-03 08:19:51,"{""info"": ""Sample log data"", ""session_id"": 8997}"
9740,116,click,,2024-07-03 06:45:23,"{""info"": ""Sample log data"", ""session_id"": 6787}"
9741,392,booking,8.0,2023-01-06 17:24:26,"{""info"": ""Sample log data"", ""session_id"": 7014}"
9742,253,review_submission,,2022-09-02 15:13:36,"{""info"": ""Sample log data"", ""session_id"": 7403}"
9743,6,booking,10.0,2021-08-11 17:34:59,"{""info"": ""Sample log data"", ""session_id"": 4302}"
9744,531,click,6.0,2023-07-27 12:44:19,"{""info"": ""Sample log data"", ""session_id"": 3007}"
9745,888,click,12.0,2023-07-17 03:47:00,"{""info"": ""Sample log data"", ""session_id"": 9887}"
9746,982,click,2.0,2025-01-20 12:19:37,"{""info"": ""Sample log data"", ""session_id"": 3296}"
9747,933,booking,1.0,2022-03-04 22:54:01,"{""info"": ""Sample log data"", ""session_id"": 2404}"
9748,198,booking,10.0,2024-04-01 14:40:34,"{""info"": ""Sample log data"", ""session_id"": 1740}"
9749,882,review_submission,8.0,2023-01-12 08:16:54,"{""info"": ""Sample log data"", ""session_id"": 2431}"
9750,327,click,,2024-09-03 12:59:19,"{""info"": ""Sample log data"", ""session_id"": 7301}"
9751,187,search,,2020-04-29 23:38:48,"{""info"": ""Sample log data"", ""session_id"": 1243}"
9752,518,review_submission,13.0,2021-08-26 05:52:22,"{""info"": ""Sample log data"", ""session_id"": 3862}"
9753,627,search,2.0,2020-12-16 19:14:38,"{""info"": ""Sample log data"", ""session_id"": 9766}"
9754,903,click,,2024-08-18 07:24:18,"{""info"": ""Sample log data"", ""session_id"": 5978}"
9755,63,booking,11.0,2024-03-08 14:35:43,"{""info"": ""Sample log data"", ""session_id"": 4837}"
9756,287,booking,,2023-01-06 20:26:36,"{""info"": ""Sample log data"", ""session_id"": 9991}"
9757,598,click,11.0,2024-08-28 05:37:44,"{""info"": ""Sample log data"", ""session_id"": 6834}"
9758,537,click,,2022-10-29 15:58:52,"{""info"": ""Sample log data"", ""session_id"": 1236}"
9759,936,click,11.0,2023-09-02 11:45:33,"{""info"": ""Sample log data"", ""session_id"": 4879}"
9760,848,search,8.0,2021-10-06 17:48:38,"{""info"": ""Sample log data"", ""session_id"": 6672}"
9761,609,booking,,2020-08-12 15:27:45,"{""info"": ""Sample log data"", ""session_id"": 3167}"
9762,891,click,,2021-09-21 00:38:59,"{""info"": ""Sample log data"", ""session_id"": 9099}"
9763,430,booking,9.0,2024-09-04 10:13:24,"{""info"": ""Sample log data"", ""session_id"": 3380}"
9764,689,booking,14.0,2020-07-11 12:15:52,"{""info"": ""Sample log data"", ""session_id"": 5473}"
9765,880,click,,2020-10-12 10:14:18,"{""info"": ""Sample log data"", ""session_id"": 1640}"
9766,90,booking,7.0,2021-11-20 07:27:41,"{""info"": ""Sample log data"", ""session_id"": 2616}"
9767,536,search,,2022-12-17 06:54:48,"{""info"": ""Sample log data"", ""session_id"": 9152}"
9768,985,review_submission,,2022-06-13 01:38:12,"{""info"": ""Sample log data"", ""session_id"": 4345}"
9769,679,click,3.0,2021-08-07 09:47:33,"{""info"": ""Sample log data"", ""session_id"": 1539}"
9770,682,review_submission,,2021-05-19 17:48:33,"{""info"": ""Sample log data"", ""session_id"": 4129}"
9771,153,click,2.0,2022-08-22 23:35:58,"{""info"": ""Sample log data"", ""session_id"": 9868}"
9772,55,review_submission,,2022-04-20 11:52:17,"{""info"": ""Sample log data"", ""session_id"": 1607}"
9773,418,click,8.0,2020-08-28 10:31:21,"{""info"": ""Sample log data"", ""session_id"": 4461}"
9774,443,review_submission,13.0,2023-02-28 17:45:13,"{""info"": ""Sample log data"", ""session_id"": 3841}"
9775,753,click,,2025-01-03 08:20:24,"{""info"": ""Sample log data"", ""session_id"": 8098}"
9776,252,click,,2023-10-02 08:35:54,"{""info"": ""Sample log data"", ""session_id"": 2559}"
9777,428,search,,2023-02-15 12:15:16,"{""info"": ""Sample log data"", ""session_id"": 5776}"
9778,835,search,4.0,2020-04-09 05:06:51,"{""info"": ""Sample log data"", ""session_id"": 9430}"
9779,111,booking,11.0,2020-08-03 00:59:32,"{""info"": ""Sample log data"", ""session_id"": 4732}"
9780,32,search,2.0,2022-10-30 21:24:52,"{""info"": ""Sample log data"", ""session_id"": 2841}"
9781,111,booking,,2021-11-15 11:23:34,"{""info"": ""Sample log data"", ""session_id"": 5902}"
9782,775,click,,2020-07-29 13:08:43,"{""info"": ""Sample log data"", ""session_id"": 6526}"
9783,755,review_submission,2.0,2023-01-27 13:21:51,"{""info"": ""Sample log data"", ""session_id"": 6052}"
9784,845,review_submission,7.0,2024-10-13 19:41:35,"{""info"": ""Sample log data"", ""session_id"": 1265}"
9785,452,click,,2022-11-10 22:28:36,"{""info"": ""Sample log data"", ""session_id"": 8134}"
9786,322,review_submission,2.0,2020-10-16 10:27:01,"{""info"": ""Sample log data"", ""session_id"": 3822}"
9787,622,booking,11.0,2022-07-09 06:29:17,"{""info"": ""Sample log data"", ""session_id"": 1689}"
9788,74,click,8.0,2022-08-08 05:23:20,"{""info"": ""Sample log data"", ""session_id"": 2839}"
9789,629,review_submission,6.0,2021-04-16 08:40:45,"{""info"": ""Sample log data"", ""session_id"": 9336}"
9790,570,review_submission,4.0,2024-09-16 04:03:56,"{""info"": ""Sample log data"", ""session_id"": 2073}"
9791,456,booking,,2024-07-24 19:14:58,"{""info"": ""Sample log data"", ""session_id"": 6799}"
9792,424,click,,2023-09-30 15:40:40,"{""info"": ""Sample log data"", ""session_id"": 8770}"
9793,995,review_submission,,2024-09-14 06:37:25,"{""info"": ""Sample log data"", ""session_id"": 4220}"
9794,173,search,,2023-11-07 21:38:22,"{""info"": ""Sample log data"", ""session_id"": 4338}"
9795,210,review_submission,,2022-09-08 22:04:17,"{""info"": ""Sample log data"", ""session_id"": 8076}"
9796,701,click,8.0,2020-06-18 02:52:31,"{""info"": ""Sample log data"", ""session_id"": 1997}"
9797,296,booking,,2023-02-20 21:17:43,"{""info"": ""Sample log data"", ""session_id"": 6840}"
9798,843,search,6.0,2023-12-27 12:34:58,"{""info"": ""Sample log data"", ""session_id"": 9874}"
9799,783,click,8.0,2021-11-10 15:29:04,"{""info"": ""Sample log data"", ""session_id"": 6555}"
9800,55,click,,2021-05-23 08:33:46,"{""info"": ""Sample log data"", ""session_id"": 2634}"
9801,497,click,2.0,2021-11-13 19:54:01,"{""info"": ""Sample log data"", ""session_id"": 8251}"
9802,141,click,5.0,2024-05-06 03:08:43,"{""info"": ""Sample log data"", ""session_id"": 3328}"
9803,202,booking,5.0,2020-06-26 02:32:01,"{""info"": ""Sample log data"", ""session_id"": 8192}"
9804,124,click,3.0,2020-04-05 11:58:48,"{""info"": ""Sample log data"", ""session_id"": 3574}"
9805,800,booking,4.0,2020-01-12 17:13:11,"{""info"": ""Sample log data"", ""session_id"": 8688}"
9806,999,click,4.0,2022-06-03 17:41:02,"{""info"": ""Sample log data"", ""session_id"": 9957}"
9807,656,booking,,2022-05-14 02:15:23,"{""info"": ""Sample log data"", ""session_id"": 1987}"
9808,932,booking,2.0,2023-10-23 17:39:19,"{""info"": ""Sample log data"", ""session_id"": 5610}"
9809,648,review_submission,,2022-11-15 02:23:01,"{""info"": ""Sample log data"", ""session_id"": 5177}"
9810,816,search,,2023-12-25 17:09:19,"{""info"": ""Sample log data"", ""session_id"": 3945}"
9811,887,booking,13.0,2024-11-19 04:18:15,"{""info"": ""Sample log data"", ""session_id"": 5157}"
9812,314,click,1.0,2021-09-10 16:57:35,"{""info"": ""Sample log data"", ""session_id"": 4226}"
9813,856,click,,2021-10-02 17:42:54,"{""info"": ""Sample log data"", ""session_id"": 3744}"
9814,531,click,13.0,2022-01-26 06:40:48,"{""info"": ""Sample log data"", ""session_id"": 3491}"
9815,801,search,,2020-12-01 05:40:34,"{""info"": ""Sample log data"", ""session_id"": 7145}"
9816,176,review_submission,,2022-12-26 19:37:41,"{""info"": ""Sample log data"", ""session_id"": 7333}"
9817,56,search,,2021-01-29 06:03:10,"{""info"": ""Sample log data"", ""session_id"": 2450}"
9818,971,search,,2024-02-19 19:45:13,"{""info"": ""Sample log data"", ""session_id"": 2006}"
9819,315,search,3.0,2024-02-25 10:13:32,"{""info"": ""Sample log data"", ""session_id"": 5289}"
9820,912,click,1.0,2021-12-12 15:28:37,"{""info"": ""Sample log data"", ""session_id"": 9411}"
9821,681,click,,2023-02-17 17:56:04,"{""info"": ""Sample log data"", ""session_id"": 4709}"
9822,391,click,,2023-12-07 18:10:58,"{""info"": ""Sample log data"", ""session_id"": 4861}"
9823,467,search,,2023-11-01 17:29:29,"{""info"": ""Sample log data"", ""session_id"": 8233}"
9824,132,review_submission,1.0,2021-10-29 09:12:30,"{""info"": ""Sample log data"", ""session_id"": 4091}"
9825,834,review_submission,14.0,2023-08-06 23:11:52,"{""info"": ""Sample log data"", ""session_id"": 4176}"
9826,354,search,,2023-09-23 17:15:47,"{""info"": ""Sample log data"", ""session_id"": 1234}"
9827,140,click,12.0,2023-11-22 04:33:17,"{""info"": ""Sample log data"", ""session_id"": 6417}"
9828,47,search,,2022-01-28 13:18:24,"{""info"": ""Sample log data"", ""session_id"": 6414}"
9829,139,search,7.0,2021-02-02 05:13:06,"{""info"": ""Sample log data"", ""session_id"": 7683}"
9830,366,click,3.0,2020-12-06 23:53:26,"{""info"": ""Sample log data"", ""session_id"": 9647}"
9831,742,review_submission,,2024-01-15 05:23:22,"{""info"": ""Sample log data"", ""session_id"": 2369}"
9832,199,click,5.0,2024-06-02 00:39:57,"{""info"": ""Sample log data"", ""session_id"": 2786}"
9833,164,search,,2024-08-09 12:00:46,"{""info"": ""Sample log data"", ""session_id"": 7581}"
9834,916,search,7.0,2022-10-07 07:59:52,"{""info"": ""Sample log data"", ""session_id"": 4504}"
9835,428,search,14.0,2024-05-31 22:55:52,"{""info"": ""Sample log data"", ""session_id"": 2569}"
9836,958,booking,,2024-06-21 03:40:42,"{""info"": ""Sample log data"", ""session_id"": 7222}"
9837,512,review_submission,8.0,2020-08-19 05:00:16,"{""info"": ""Sample log data"", ""session_id"": 1494}"
9838,892,search,11.0,2021-09-08 16:33:23,"{""info"": ""Sample log data"", ""session_id"": 3649}"
9839,11,review_submission,,2021-07-14 07:35:53,"{""info"": ""Sample log data"", ""session_id"": 6966}"
9840,871,review_submission,4.0,2023-04-14 07:56:52,"{""info"": ""Sample log data"", ""session_id"": 7073}"
9841,441,click,,2024-10-14 12:40:46,"{""info"": ""Sample log data"", ""session_id"": 2373}"
9842,924,review_submission,10.0,2023-01-18 18:37:48,"{""info"": ""Sample log data"", ""session_id"": 9907}"
9843,671,click,13.0,2020-10-12 06:42:05,"{""info"": ""Sample log data"", ""session_id"": 1276}"
9844,925,search,,2023-09-04 03:26:25,"{""info"": ""Sample log data"", ""session_id"": 8661}"
9845,814,booking,9.0,2024-08-11 20:26:57,"{""info"": ""Sample log data"", ""session_id"": 3963}"
9846,956,review_submission,4.0,2024-03-01 00:36:42,"{""info"": ""Sample log data"", ""session_id"": 8463}"
9847,610,review_submission,13.0,2020-08-06 21:20:41,"{""info"": ""Sample log data"", ""session_id"": 6679}"
9848,909,click,,2024-01-07 23:40:02,"{""info"": ""Sample log data"", ""session_id"": 5665}"
9849,658,booking,,2024-06-06 21:31:43,"{""info"": ""Sample log data"", ""session_id"": 6564}"
9850,554,review_submission,12.0,2021-07-29 03:20:14,"{""info"": ""Sample log data"", ""session_id"": 6985}"
9851,488,booking,5.0,2021-11-22 03:01:06,"{""info"": ""Sample log data"", ""session_id"": 9805}"
9852,820,review_submission,12.0,2021-08-12 12:24:55,"{""info"": ""Sample log data"", ""session_id"": 5126}"
9853,773,search,,2021-04-01 16:04:34,"{""info"": ""Sample log data"", ""session_id"": 4534}"
9854,591,search,,2024-04-07 16:39:07,"{""info"": ""Sample log data"", ""session_id"": 7853}"
9855,191,search,2.0,2024-02-29 02:57:36,"{""info"": ""Sample log data"", ""session_id"": 6966}"
9856,619,review_submission,,2021-06-27 13:09:23,"{""info"": ""Sample log data"", ""session_id"": 1552}"
9857,387,review_submission,,2021-06-05 01:15:49,"{""info"": ""Sample log data"", ""session_id"": 4270}"
9858,576,booking,3.0,2024-05-14 05:09:26,"{""info"": ""Sample log data"", ""session_id"": 3837}"
9859,407,booking,,2024-12-09 21:36:05,"{""info"": ""Sample log data"", ""session_id"": 1318}"
9860,63,search,12.0,2021-12-01 03:31:38,"{""info"": ""Sample log data"", ""session_id"": 9591}"
9861,922,search,2.0,2020-10-23 03:11:49,"{""info"": ""Sample log data"", ""session_id"": 3211}"
9862,918,booking,,2023-06-07 10:21:03,"{""info"": ""Sample log data"", ""session_id"": 4422}"
9863,205,search,,2021-12-08 18:03:19,"{""info"": ""Sample log data"", ""session_id"": 6584}"
9864,601,click,,2022-08-05 03:42:03,"{""info"": ""Sample log data"", ""session_id"": 1765}"
9865,933,click,4.0,2020-08-12 12:51:00,"{""info"": ""Sample log data"", ""session_id"": 4819}"
9866,156,click,14.0,2023-06-28 12:57:56,"{""info"": ""Sample log data"", ""session_id"": 9710}"
9867,268,search,,2020-10-11 02:09:02,"{""info"": ""Sample log data"", ""session_id"": 6352}"
9868,395,click,10.0,2023-02-11 07:34:49,"{""info"": ""Sample log data"", ""session_id"": 3034}"
9869,838,click,1.0,2022-08-10 03:29:21,"{""info"": ""Sample log data"", ""session_id"": 3273}"
9870,752,search,12.0,2021-08-11 14:54:35,"{""info"": ""Sample log data"", ""session_id"": 4083}"
9871,670,search,,2021-04-09 11:35:38,"{""info"": ""Sample log data"", ""session_id"": 3780}"
9872,556,booking,12.0,2024-09-15 03:52:20,"{""info"": ""Sample log data"", ""session_id"": 3676}"
9873,844,booking,4.0,2023-02-22 20:57:56,"{""info"": ""Sample log data"", ""session_id"": 7295}"
9874,348,search,,2024-09-02 05:42:28,"{""info"": ""Sample log data"", ""session_id"": 5816}"
9875,420,booking,,2023-01-25 14:37:55,"{""info"": ""Sample log data"", ""session_id"": 7903}"
9876,608,search,4.0,2023-05-23 20:34:15,"{""info"": ""Sample log data"", ""session_id"": 6751}"
9877,287,booking,4.0,2022-11-27 12:12:55,"{""info"": ""Sample log data"", ""session_id"": 8831}"
9878,315,click,,2025-01-11 19:54:53,"{""info"": ""Sample log data"", ""session_id"": 8860}"
9879,380,review_submission,5.0,2021-04-25 19:51:09,"{""info"": ""Sample log data"", ""session_id"": 8777}"
9880,209,click,,2020-06-19 03:57:48,"{""info"": ""Sample log data"", ""session_id"": 5551}"
9881,879,click,3.0,2023-08-09 00:46:19,"{""info"": ""Sample log data"", ""session_id"": 2932}"
9882,814,search,3.0,2023-11-14 04:43:53,"{""info"": ""Sample log data"", ""session_id"": 1148}"
9883,278,click,,2022-12-23 10:27:41,"{""info"": ""Sample log data"", ""session_id"": 1421}"
9884,970,booking,4.0,2023-12-06 18:20:22,"{""info"": ""Sample log data"", ""session_id"": 3155}"
9885,257,search,,2022-08-13 13:14:08,"{""info"": ""Sample log data"", ""session_id"": 1717}"
9886,629,review_submission,9.0,2024-02-13 15:29:30,"{""info"": ""Sample log data"", ""session_id"": 7747}"
9887,623,search,8.0,2023-07-23 15:46:36,"{""info"": ""Sample log data"", ""session_id"": 5704}"
9888,149,search,,2022-02-24 01:26:50,"{""info"": ""Sample log data"", ""session_id"": 4701}"
9889,480,booking,11.0,2023-12-01 03:14:12,"{""info"": ""Sample log data"", ""session_id"": 8783}"
9890,503,booking,,2020-12-31 10:18:15,"{""info"": ""Sample log data"", ""session_id"": 1724}"
9891,717,search,,2024-04-12 11:53:48,"{""info"": ""Sample log data"", ""session_id"": 9954}"
9892,495,review_submission,2.0,2024-11-09 18:53:22,"{""info"": ""Sample log data"", ""session_id"": 7454}"
9893,899,review_submission,,2023-11-11 17:22:07,"{""info"": ""Sample log data"", ""session_id"": 6587}"
9894,856,click,,2021-04-03 17:50:02,"{""info"": ""Sample log data"", ""session_id"": 8657}"
9895,629,review_submission,,2023-03-25 17:15:53,"{""info"": ""Sample log data"", ""session_id"": 7056}"
9896,360,search,,2020-07-04 08:02:37,"{""info"": ""Sample log data"", ""session_id"": 5054}"
9897,811,click,9.0,2023-09-12 14:00:29,"{""info"": ""Sample log data"", ""session_id"": 3453}"
9898,299,review_submission,6.0,2023-06-16 11:47:58,"{""info"": ""Sample log data"", ""session_id"": 7727}"
9899,821,review_submission,9.0,2021-05-20 17:15:41,"{""info"": ""Sample log data"", ""session_id"": 6024}"
9900,420,search,,2023-02-12 15:58:41,"{""info"": ""Sample log data"", ""session_id"": 6192}"
9901,280,booking,14.0,2020-12-14 18:51:43,"{""info"": ""Sample log data"", ""session_id"": 8972}"
9902,787,booking,,2024-05-20 05:23:05,"{""info"": ""Sample log data"", ""session_id"": 4549}"
9903,587,click,,2023-09-29 18:28:33,"{""info"": ""Sample log data"", ""session_id"": 1261}"
9904,607,booking,,2022-08-10 08:48:57,"{""info"": ""Sample log data"", ""session_id"": 7258}"
9905,922,click,,2023-06-05 20:25:43,"{""info"": ""Sample log data"", ""session_id"": 8197}"
9906,189,click,,2022-09-25 18:56:27,"{""info"": ""Sample log data"", ""session_id"": 5518}"
9907,662,booking,,2022-07-20 09:41:54,"{""info"": ""Sample log data"", ""session_id"": 5597}"
9908,598,click,,2024-02-13 15:49:03,"{""info"": ""Sample log data"", ""session_id"": 1201}"
9909,710,review_submission,,2024-08-07 14:38:31,"{""info"": ""Sample log data"", ""session_id"": 9978}"
9910,800,click,,2024-12-12 10:55:11,"{""info"": ""Sample log data"", ""session_id"": 2609}"
9911,440,review_submission,,2023-09-21 07:23:39,"{""info"": ""Sample log data"", ""session_id"": 7500}"
9912,763,click,,2024-09-25 12:39:21,"{""info"": ""Sample log data"", ""session_id"": 1482}"
9913,408,click,12.0,2022-11-11 16:53:59,"{""info"": ""Sample log data"", ""session_id"": 2450}"
9914,823,review_submission,,2022-03-14 19:11:50,"{""info"": ""Sample log data"", ""session_id"": 8672}"
9915,825,review_submission,14.0,2024-11-19 13:59:01,"{""info"": ""Sample log data"", ""session_id"": 4361}"
9916,728,review_submission,,2023-04-02 08:11:00,"{""info"": ""Sample log data"", ""session_id"": 7847}"
9917,107,review_submission,8.0,2020-07-07 16:57:05,"{""info"": ""Sample log data"", ""session_id"": 1388}"
9918,171,click,12.0,2022-01-02 23:31:46,"{""info"": ""Sample log data"", ""session_id"": 1741}"
9919,165,search,1.0,2022-05-14 19:24:10,"{""info"": ""Sample log data"", ""session_id"": 6182}"
9920,33,search,,2021-02-24 18:28:29,"{""info"": ""Sample log data"", ""session_id"": 5625}"
9921,940,booking,,2020-01-01 07:54:11,"{""info"": ""Sample log data"", ""session_id"": 1439}"
9922,633,search,,2021-02-01 08:42:36,"{""info"": ""Sample log data"", ""session_id"": 3129}"
9923,311,review_submission,,2021-04-11 23:57:58,"{""info"": ""Sample log data"", ""session_id"": 5972}"
9924,230,search,,2024-12-27 09:13:38,"{""info"": ""Sample log data"", ""session_id"": 7835}"
9925,968,search,6.0,2024-10-10 11:14:41,"{""info"": ""Sample log data"", ""session_id"": 3335}"
9926,830,click,1.0,2023-05-22 23:41:28,"{""info"": ""Sample log data"", ""session_id"": 8624}"
9927,582,click,,2023-05-05 06:15:12,"{""info"": ""Sample log data"", ""session_id"": 4285}"
9928,594,booking,,2023-04-03 14:37:20,"{""info"": ""Sample log data"", ""session_id"": 5148}"
9929,846,click,,2020-01-05 07:05:28,"{""info"": ""Sample log data"", ""session_id"": 9722}"
9930,118,review_submission,,2023-12-06 02:03:13,"{""info"": ""Sample log data"", ""session_id"": 1060}"
9931,988,search,14.0,2024-11-13 09:20:59,"{""info"": ""Sample log data"", ""session_id"": 1067}"
9932,518,search,,2023-11-21 16:21:11,"{""info"": ""Sample log data"", ""session_id"": 5899}"
9933,595,search,6.0,2023-03-04 01:44:04,"{""info"": ""Sample log data"", ""session_id"": 9524}"
9934,290,click,6.0,2021-07-28 14:04:25,"{""info"": ""Sample log data"", ""session_id"": 1938}"
9935,774,click,8.0,2022-10-13 03:51:32,"{""info"": ""Sample log data"", ""session_id"": 9306}"
9936,928,search,11.0,2022-05-08 22:20:39,"{""info"": ""Sample log data"", ""session_id"": 2736}"
9937,441,booking,,2022-12-23 07:54:18,"{""info"": ""Sample log data"", ""session_id"": 8254}"
9938,195,search,4.0,2024-07-29 01:30:55,"{""info"": ""Sample log data"", ""session_id"": 6567}"
9939,91,booking,6.0,2024-10-19 02:00:34,"{""info"": ""Sample log data"", ""session_id"": 8625}"
9940,272,click,,2023-07-01 09:41:35,"{""info"": ""Sample log data"", ""session_id"": 8785}"
9941,480,search,11.0,2021-06-23 16:35:20,"{""info"": ""Sample log data"", ""session_id"": 4176}"
9942,999,click,,2024-10-07 08:21:15,"{""info"": ""Sample log data"", ""session_id"": 3440}"
9943,566,review_submission,9.0,2024-08-27 01:18:47,"{""info"": ""Sample log data"", ""session_id"": 8535}"
9944,26,review_submission,,2024-03-06 11:22:37,"{""info"": ""Sample log data"", ""session_id"": 3576}"
9945,929,search,6.0,2025-01-18 01:43:14,"{""info"": ""Sample log data"", ""session_id"": 2463}"
9946,751,review_submission,,2020-04-15 01:02:54,"{""info"": ""Sample log data"", ""session_id"": 9834}"
9947,396,click,14.0,2024-03-25 09:53:43,"{""info"": ""Sample log data"", ""session_id"": 8488}"
9948,733,review_submission,,2021-08-07 13:01:06,"{""info"": ""Sample log data"", ""session_id"": 3033}"
9949,112,click,5.0,2024-08-13 13:04:05,"{""info"": ""Sample log data"", ""session_id"": 7337}"
9950,830,search,,2022-02-01 19:35:17,"{""info"": ""Sample log data"", ""session_id"": 7536}"
9951,426,booking,8.0,2022-06-01 10:44:34,"{""info"": ""Sample log data"", ""session_id"": 2908}"
9952,108,booking,,2023-08-09 16:11:18,"{""info"": ""Sample log data"", ""session_id"": 5101}"
9953,129,click,,2022-03-09 01:35:06,"{""info"": ""Sample log data"", ""session_id"": 3896}"
9954,705,search,,2022-01-23 20:18:28,"{""info"": ""Sample log data"", ""session_id"": 6015}"
9955,408,search,13.0,2024-08-20 04:43:37,"{""info"": ""Sample log data"", ""session_id"": 8320}"
9956,328,review_submission,,2024-07-26 16:59:59,"{""info"": ""Sample log data"", ""session_id"": 7825}"
9957,958,click,9.0,2021-06-01 06:50:47,"{""info"": ""Sample log data"", ""session_id"": 5640}"
9958,37,booking,8.0,2023-04-13 01:00:10,"{""info"": ""Sample log data"", ""session_id"": 3286}"
9959,708,booking,9.0,2024-01-07 18:41:22,"{""info"": ""Sample log data"", ""session_id"": 6473}"
9960,90,review_submission,,2020-07-23 09:26:19,"{""info"": ""Sample log data"", ""session_id"": 5691}"
9961,48,click,,2020-09-11 10:33:11,"{""info"": ""Sample log data"", ""session_id"": 6743}"
9962,462,click,1.0,2024-01-11 18:05:46,"{""info"": ""Sample log data"", ""session_id"": 5793}"
9963,422,booking,,2024-06-04 12:21:23,"{""info"": ""Sample log data"", ""session_id"": 4800}"
9964,307,click,11.0,2020-09-08 15:30:01,"{""info"": ""Sample log data"", ""session_id"": 6070}"
9965,380,search,,2022-09-06 06:16:43,"{""info"": ""Sample log data"", ""session_id"": 4823}"
9966,219,booking,,2023-06-20 09:59:38,"{""info"": ""Sample log data"", ""session_id"": 3494}"
9967,968,booking,1.0,2021-12-01 11:05:37,"{""info"": ""Sample log data"", ""session_id"": 9470}"
9968,985,booking,,2022-03-27 06:05:06,"{""info"": ""Sample log data"", ""session_id"": 7885}"
9969,541,booking,9.0,2024-04-26 03:32:34,"{""info"": ""Sample log data"", ""session_id"": 6877}"
9970,930,click,14.0,2024-08-16 22:09:29,"{""info"": ""Sample log data"", ""session_id"": 3714}"
9971,309,review_submission,5.0,2021-03-17 19:45:41,"{""info"": ""Sample log data"", ""session_id"": 4671}"
9972,423,click,11.0,2022-08-31 12:08:09,"{""info"": ""Sample log data"", ""session_id"": 6422}"
9973,661,booking,2.0,2022-05-07 10:14:30,"{""info"": ""Sample log data"", ""session_id"": 1524}"
9974,386,booking,13.0,2020-02-12 21:28:42,"{""info"": ""Sample log data"", ""session_id"": 1076}"
9975,400,review_submission,,2023-12-21 09:25:33,"{""info"": ""Sample log data"", ""session_id"": 2567}"
9976,587,search,3.0,2020-12-01 07:18:06,"{""info"": ""Sample log data"", ""session_id"": 2096}"
9977,773,search,,2021-03-30 19:31:49,"{""info"": ""Sample log data"", ""session_id"": 9555}"
9978,192,search,,2023-02-27 08:48:57,"{""info"": ""Sample log data"", ""session_id"": 7409}"
9979,288,search,14.0,2021-12-20 08:21:25,"{""info"": ""Sample log data"", ""session_id"": 8462}"
9980,10,review_submission,12.0,2022-07-18 00:25:01,"{""info"": ""Sample log data"", ""session_id"": 3313}"
9981,178,search,,2023-07-06 08:04:51,"{""info"": ""Sample log data"", ""session_id"": 2089}"
9982,673,click,,2022-12-19 16:17:41,"{""info"": ""Sample log data"", ""session_id"": 3722}"
9983,372,booking,8.0,2023-09-30 14:22:53,"{""info"": ""Sample log data"", ""session_id"": 9746}"
9984,554,click,,2022-04-25 14:43:37,"{""info"": ""Sample log data"", ""session_id"": 8446}"
9985,131,booking,2.0,2021-01-10 23:46:28,"{""info"": ""Sample log data"", ""session_id"": 3174}"
9986,21,review_submission,,2022-09-22 13:22:04,"{""info"": ""Sample log data"", ""session_id"": 1088}"
9987,597,search,8.0,2020-11-19 23:45:17,"{""info"": ""Sample log data"", ""session_id"": 5951}"
9988,217,search,,2023-10-15 01:58:30,"{""info"": ""Sample log data"", ""session_id"": 2376}"
9989,411,click,,2021-01-08 11:27:19,"{""info"": ""Sample log data"", ""session_id"": 6217}"
9990,110,click,7.0,2021-04-25 09:22:58,"{""info"": ""Sample log data"", ""session_id"": 6037}"
9991,840,search,,2020-03-22 00:52:12,"{""info"": ""Sample log data"", ""session_id"": 3022}"
9992,982,click,8.0,2023-11-24 07:02:25,"{""info"": ""Sample log data"", ""session_id"": 1089}"
9993,613,search,,2020-05-20 14:12:33,"{""info"": ""Sample log data"", ""session_id"": 3694}"
9994,940,booking,1.0,2023-06-05 10:51:18,"{""info"": ""Sample log data"", ""session_id"": 4869}"
9995,988,booking,,2024-09-01 11:45:26,"{""info"": ""Sample log data"", ""session_id"": 9908}"
9996,471,booking,6.0,2024-11-19 00:26:18,"{""info"": ""Sample log data"", ""session_id"": 2545}"
9997,34,search,,2021-02-27 09:37:49,"{""info"": ""Sample log data"", ""session_id"": 2097}"
9998,434,review_submission,8.0,2024-07-09 20:37:42,"{""info"": ""Sample log data"", ""session_id"": 4180}"
9999,146,click,,2024-09-15 23:57:38,"{""info"": ""Sample log data"", ""session_id"": 3175}"
10000,863,booking,1.0,2022-07-08 22:42:18,"{""info"": ""Sample log data"", ""session_id"": 1538}"
