review_id,user_id,destination_id,rating,review_text,review_timestamp
1,278,4,3,A must-see attraction.,2024-08-31 05:16:09
2,337,9,4,Would visit again.,2024-11-30 00:14:55
3,27,7,1,A must-see attraction.,2024-07-30 18:00:24
4,151,5,5,A must-see attraction.,2025-01-07 19:18:46
5,655,4,5,Crowded but impressive.,2024-08-24 12:58:15
6,807,11,1,A must-see attraction.,2020-10-25 19:48:47
7,363,14,2,Exceeded my expectations.,2024-04-02 17:38:30
8,86,2,4,Could be better organized.,2024-05-19 21:14:42
9,672,4,4,Amazing experience!,2020-03-31 19:19:05
10,251,1,4,Could be better organized.,2021-10-08 21:57:10
11,486,3,4,Amazing experience!,2024-01-04 23:51:04
12,708,3,1,Amazing experience!,2022-04-30 21:12:12
13,550,10,4,Could be better organized.,2024-02-06 10:33:10
14,982,9,1,Crowded but impressive.,2021-03-10 18:31:50
15,396,12,3,Crowded but impressive.,2021-10-08 06:05:00
16,121,3,1,Not worth the price.,2023-05-22 06:19:19
17,803,4,5,Could be better organized.,2022-07-14 09:19:16
18,802,13,4,A must-see attraction.,2021-07-25 11:49:27
19,332,11,3,Could be better organized.,2021-03-23 20:35:26
20,767,10,2,A must-see attraction.,2022-07-10 07:27:25
21,353,13,4,Would visit again.,2021-08-17 05:00:01
22,613,2,4,Would visit again.,2024-12-22 18:40:38
23,882,13,5,Exceeded my expectations.,2022-07-22 20:30:43
24,12,4,4,Could be better organized.,2024-11-14 04:26:00
25,269,9,1,Exceeded my expectations.,2020-12-07 06:03:45
26,186,11,4,Exceeded my expectations.,2023-04-05 18:30:41
27,736,5,5,A must-see attraction.,2020-10-01 17:54:24
28,636,7,4,Exceeded my expectations.,2020-03-20 10:59:47
29,422,11,5,Would visit again.,2021-11-09 16:52:25
30,337,4,5,Amazing experience!,2020-04-12 02:19:47
31,108,7,1,Would visit again.,2022-12-23 02:45:32
32,805,13,5,Amazing experience!,2020-12-18 21:46:40
33,411,13,2,Crowded but impressive.,2022-04-25 09:53:30
34,749,10,1,Could be better organized.,2020-09-09 14:27:08
35,200,4,2,Not worth the price.,2022-04-24 18:05:54
36,221,8,4,Could be better organized.,2024-02-06 14:50:59
37,673,13,2,Exceeded my expectations.,2022-04-30 03:28:41
38,547,13,1,Not worth the price.,2020-05-21 15:28:19
39,846,10,5,Could be better organized.,2022-04-04 06:21:56
40,91,12,1,Amazing experience!,2023-09-10 21:20:34
41,506,10,2,Amazing experience!,2020-08-17 15:23:05
42,258,9,1,Amazing experience!,2023-05-29 04:12:57
43,11,5,5,Exceeded my expectations.,2025-01-08 01:04:00
44,679,11,1,Could be better organized.,2020-03-18 09:49:05
45,49,14,3,Exceeded my expectations.,2021-05-16 22:00:39
46,916,1,2,Crowded but impressive.,2024-10-11 12:25:41
47,851,7,4,Amazing experience!,2023-06-09 19:12:44
48,938,9,1,Exceeded my expectations.,2020-08-12 19:05:03
49,898,10,5,Amazing experience!,2022-02-04 16:28:48
50,299,3,1,Could be better organized.,2021-09-15 03:44:46
51,265,9,3,Not worth the price.,2024-09-15 17:14:08
52,268,3,1,Would visit again.,2022-09-18 21:06:58
53,203,2,4,Amazing experience!,2024-01-25 06:23:28
54,580,11,1,A must-see attraction.,2025-01-12 06:43:52
55,103,4,5,A must-see attraction.,2020-07-01 13:30:51
56,82,6,4,Amazing experience!,2020-09-25 11:13:35
57,810,8,1,Would visit again.,2021-02-24 03:35:52
58,802,12,1,Crowded but impressive.,2022-08-19 09:18:00
59,949,14,1,Would visit again.,2022-07-31 19:15:10
60,928,8,1,Would visit again.,2024-06-05 22:16:18
61,569,13,1,Not worth the price.,2020-10-12 21:11:00
62,123,3,5,A must-see attraction.,2022-07-18 04:34:13
63,325,3,4,Exceeded my expectations.,2020-08-21 06:35:17
64,792,10,2,A must-see attraction.,2024-01-20 05:42:24
65,870,9,3,A must-see attraction.,2023-03-28 08:56:17
66,302,14,4,Would visit again.,2020-08-10 21:53:18
67,245,9,1,Amazing experience!,2024-03-31 07:46:34
68,309,10,1,Exceeded my expectations.,2023-03-23 08:37:19
69,126,13,5,Not worth the price.,2021-06-10 01:21:35
70,256,11,2,Amazing experience!,2022-12-18 06:56:25
71,291,1,1,Exceeded my expectations.,2022-01-07 18:56:30
72,85,6,2,Not worth the price.,2020-06-08 16:35:58
73,421,10,4,Exceeded my expectations.,2021-07-30 11:19:12
74,398,2,4,Crowded but impressive.,2022-02-25 21:14:48
75,834,6,3,Would visit again.,2022-10-01 01:40:22
76,180,13,4,Exceeded my expectations.,2022-08-27 00:02:45
77,915,2,1,Would visit again.,2023-02-02 16:25:44
78,290,8,1,Exceeded my expectations.,2023-12-20 12:05:35
79,598,9,5,Exceeded my expectations.,2022-05-07 05:52:48
80,534,9,3,A must-see attraction.,2023-04-28 00:19:38
81,620,5,5,Crowded but impressive.,2021-11-17 07:55:24
82,60,1,3,Amazing experience!,2025-01-09 16:45:03
83,644,12,3,A must-see attraction.,2023-11-03 12:08:36
84,357,11,4,Would visit again.,2023-02-09 22:37:37
85,373,13,5,Not worth the price.,2021-03-28 12:02:40
86,873,3,4,Exceeded my expectations.,2020-09-25 12:05:34
87,467,3,4,A must-see attraction.,2021-02-18 01:15:32
88,779,11,3,A must-see attraction.,2023-02-14 02:23:46
89,27,5,4,Could be better organized.,2020-01-25 20:08:51
90,488,1,1,Amazing experience!,2022-07-02 14:43:24
91,880,11,3,Amazing experience!,2021-11-22 05:28:54
92,6,14,4,Crowded but impressive.,2023-07-31 22:29:33
93,882,3,3,Amazing experience!,2024-05-09 13:51:23
94,456,13,1,Amazing experience!,2020-01-11 15:47:16
95,992,11,4,A must-see attraction.,2024-08-09 08:49:18
96,614,1,3,Could be better organized.,2020-11-07 14:12:34
97,498,3,5,Would visit again.,2020-01-24 22:43:32
98,484,7,2,Would visit again.,2024-04-07 02:42:50
99,738,2,1,Not worth the price.,2021-05-16 06:12:57
100,144,4,2,Crowded but impressive.,2021-04-05 01:53:07
101,186,3,5,Would visit again.,2022-06-01 01:45:08
102,14,9,3,A must-see attraction.,2022-10-12 03:39:39
103,888,3,5,Would visit again.,2023-01-17 00:08:26
104,621,10,5,Not worth the price.,2020-04-09 06:20:54
105,2,5,1,Amazing experience!,2024-09-17 23:29:12
106,275,8,5,Could be better organized.,2020-12-25 20:18:59
107,234,6,1,Exceeded my expectations.,2020-12-24 17:24:43
108,959,4,3,Exceeded my expectations.,2020-04-02 06:41:09
109,846,14,3,Would visit again.,2022-09-17 02:49:57
110,991,13,4,Would visit again.,2021-05-26 19:18:25
111,785,11,5,Crowded but impressive.,2021-02-11 18:51:29
112,946,14,1,Could be better organized.,2023-09-18 17:16:11
113,297,2,3,A must-see attraction.,2024-09-25 01:28:38
114,42,10,4,Crowded but impressive.,2022-01-16 11:23:20
115,30,3,5,Amazing experience!,2020-08-14 03:27:38
116,25,5,1,Crowded but impressive.,2022-06-12 20:21:00
117,932,14,3,Would visit again.,2022-07-25 01:14:08
118,80,10,3,Could be better organized.,2021-01-27 05:42:29
119,806,13,5,Could be better organized.,2020-10-24 00:58:08
120,953,11,3,Not worth the price.,2023-12-29 18:46:02
121,570,7,4,Not worth the price.,2021-02-04 10:56:47
122,564,1,2,Amazing experience!,2024-05-03 07:50:12
123,691,9,5,Would visit again.,2020-03-11 03:09:04
124,395,4,3,A must-see attraction.,2024-10-03 12:21:32
125,658,12,1,Exceeded my expectations.,2021-12-07 08:02:02
126,476,9,5,Could be better organized.,2020-12-24 13:29:45
127,684,3,1,Would visit again.,2023-10-13 10:13:23
128,257,4,4,Crowded but impressive.,2024-11-23 15:58:15
129,15,6,3,Crowded but impressive.,2022-10-01 00:46:17
130,981,6,4,Could be better organized.,2023-03-02 00:24:27
131,607,10,3,Exceeded my expectations.,2020-03-05 19:07:34
132,558,13,3,Would visit again.,2024-11-24 07:09:11
133,917,12,1,Could be better organized.,2023-07-26 02:29:58
134,618,7,5,Exceeded my expectations.,2020-05-31 17:41:42
135,707,5,3,Would visit again.,2024-06-03 00:43:49
136,623,13,5,A must-see attraction.,2020-02-15 21:31:51
137,387,2,1,A must-see attraction.,2022-10-27 02:51:55
138,431,8,2,Would visit again.,2023-11-06 09:26:40
139,775,5,3,A must-see attraction.,2020-05-14 07:33:31
140,85,7,3,Would visit again.,2023-10-11 22:55:20
141,425,2,2,A must-see attraction.,2024-10-06 06:58:27
142,71,5,5,Crowded but impressive.,2020-07-01 00:30:17
143,144,6,2,Exceeded my expectations.,2020-03-04 16:16:09
144,525,5,2,A must-see attraction.,2023-05-22 23:56:50
145,631,10,2,Exceeded my expectations.,2023-05-20 19:51:23
146,303,5,3,A must-see attraction.,2024-03-30 00:28:01
147,881,3,3,Could be better organized.,2020-01-29 10:17:42
148,545,5,2,Would visit again.,2021-03-13 13:41:14
149,923,5,2,Would visit again.,2022-07-25 16:05:32
150,525,1,1,Not worth the price.,2020-09-05 14:27:49
151,466,12,2,Not worth the price.,2020-12-09 15:44:57
152,738,6,3,Would visit again.,2023-05-22 12:54:45
153,615,2,3,Crowded but impressive.,2022-11-16 05:50:01
154,323,8,3,Could be better organized.,2024-12-22 09:42:35
155,951,1,4,Would visit again.,2024-03-30 07:12:29
156,577,13,4,Amazing experience!,2021-05-18 18:53:41
157,285,3,3,A must-see attraction.,2020-07-09 20:51:35
158,245,13,2,Would visit again.,2021-03-24 15:09:46
159,636,13,3,Exceeded my expectations.,2022-06-23 11:13:52
160,368,3,2,Could be better organized.,2020-09-13 12:38:01
161,330,11,5,Could be better organized.,2021-03-08 18:55:22
162,538,7,2,Amazing experience!,2022-05-18 11:34:34
163,21,14,2,Crowded but impressive.,2023-09-13 18:09:58
164,402,3,5,Crowded but impressive.,2020-10-08 15:02:47
165,454,3,1,A must-see attraction.,2022-07-07 01:23:22
166,975,3,5,Would visit again.,2021-02-11 01:42:20
167,28,5,1,A must-see attraction.,2023-12-12 15:08:50
168,555,13,2,Amazing experience!,2023-01-20 22:35:45
169,701,4,5,Would visit again.,2023-06-15 18:31:03
170,392,10,2,A must-see attraction.,2020-01-16 09:24:58
171,406,4,2,Could be better organized.,2023-01-07 19:05:01
172,770,1,2,Amazing experience!,2021-12-17 12:52:46
173,601,3,5,Amazing experience!,2022-07-27 11:59:53
174,545,13,3,Amazing experience!,2021-07-28 14:36:52
175,155,1,4,Amazing experience!,2024-12-22 15:38:41
176,50,2,5,Would visit again.,2022-01-26 14:03:58
177,217,6,5,Would visit again.,2024-02-29 12:58:55
178,619,8,1,Crowded but impressive.,2020-07-10 23:42:27
179,3,1,1,Would visit again.,2024-12-12 11:42:34
180,664,6,4,Amazing experience!,2023-03-16 14:58:00
181,150,3,3,A must-see attraction.,2022-05-22 07:56:58
182,717,8,1,Crowded but impressive.,2023-02-18 18:49:57
183,363,10,3,Amazing experience!,2023-10-28 12:55:46
184,594,10,2,Would visit again.,2020-01-02 11:04:50
185,293,13,3,Exceeded my expectations.,2021-11-05 19:14:55
186,140,12,2,Amazing experience!,2023-04-11 08:57:23
187,667,11,4,A must-see attraction.,2024-07-18 13:18:58
188,787,2,3,Not worth the price.,2023-03-16 19:33:36
189,297,8,3,Could be better organized.,2022-01-31 09:12:36
190,455,1,1,Crowded but impressive.,2022-07-07 17:36:40
191,968,13,3,Would visit again.,2020-11-20 09:22:55
192,943,2,4,A must-see attraction.,2023-08-22 11:08:51
193,993,7,4,Not worth the price.,2020-06-30 11:36:45
194,353,3,4,Exceeded my expectations.,2023-07-22 23:05:08
195,69,3,1,Could be better organized.,2024-11-23 00:17:21
196,164,9,1,Could be better organized.,2022-09-24 18:50:30
197,489,9,1,A must-see attraction.,2020-08-18 11:11:41
198,817,12,5,Amazing experience!,2021-04-29 07:13:49
199,136,4,1,Exceeded my expectations.,2020-12-19 19:17:54
200,401,8,5,Exceeded my expectations.,2023-10-04 14:55:26
201,25,7,4,Exceeded my expectations.,2023-08-21 10:31:37
202,210,6,2,Would visit again.,2021-04-14 15:56:57
203,204,11,4,Amazing experience!,2024-08-02 02:01:04
204,365,10,2,Amazing experience!,2021-03-04 22:27:42
205,388,14,5,Exceeded my expectations.,2022-06-02 20:39:21
206,663,9,3,A must-see attraction.,2021-11-16 14:21:54
207,934,8,1,Amazing experience!,2022-06-07 18:42:04
208,867,3,5,Not worth the price.,2021-08-21 06:41:48
209,23,1,1,Exceeded my expectations.,2022-01-30 16:41:02
210,465,14,3,Could be better organized.,2022-02-02 05:35:55
211,584,13,5,Crowded but impressive.,2021-04-06 09:09:37
212,895,4,1,Would visit again.,2021-03-20 21:51:27
213,266,7,3,Crowded but impressive.,2024-04-09 07:06:26
214,872,7,4,Crowded but impressive.,2021-10-10 09:11:13
215,130,8,5,Exceeded my expectations.,2022-03-12 03:02:25
216,106,8,5,Would visit again.,2024-03-23 21:57:30
217,423,6,5,Amazing experience!,2022-11-24 21:55:07
218,918,4,5,Would visit again.,2020-05-08 03:23:05
219,97,2,3,Exceeded my expectations.,2020-04-04 05:51:23
220,835,7,3,Would visit again.,2023-08-22 15:46:38
221,403,5,2,A must-see attraction.,2023-10-14 22:17:14
222,887,13,2,Could be better organized.,2023-02-19 19:44:22
223,66,13,2,A must-see attraction.,2021-07-22 19:20:13
224,287,6,3,Would visit again.,2022-02-12 07:51:40
225,501,14,3,Exceeded my expectations.,2023-05-03 16:25:15
226,322,13,4,Crowded but impressive.,2023-12-28 22:41:08
227,421,5,5,A must-see attraction.,2024-05-07 13:59:00
228,301,10,4,Would visit again.,2021-05-26 15:55:56
229,286,14,5,Not worth the price.,2023-02-16 02:51:00
230,851,2,1,Not worth the price.,2023-06-17 20:54:30
231,641,3,3,Amazing experience!,2023-07-08 00:04:17
232,593,3,5,A must-see attraction.,2022-10-12 22:13:09
233,393,9,3,Could be better organized.,2020-12-07 07:32:25
234,147,14,1,Could be better organized.,2023-08-03 04:20:13
235,785,3,4,A must-see attraction.,2024-03-09 04:20:51
236,184,10,2,Exceeded my expectations.,2022-09-19 21:21:53
237,720,1,5,A must-see attraction.,2024-12-20 09:04:18
238,797,4,3,Exceeded my expectations.,2022-04-16 15:47:01
239,888,3,1,Would visit again.,2024-11-23 02:28:48
240,113,5,4,Could be better organized.,2023-02-27 10:15:34
241,923,1,2,Would visit again.,2021-08-31 14:08:22
242,300,8,4,Crowded but impressive.,2020-01-20 10:12:38
243,294,6,4,Exceeded my expectations.,2024-10-28 08:18:30
244,475,14,2,Not worth the price.,2020-12-27 01:47:49
245,885,9,3,Exceeded my expectations.,2020-06-10 08:53:39
246,470,1,2,Would visit again.,2024-07-03 17:16:42
247,138,2,3,A must-see attraction.,2024-09-21 21:07:28
248,697,14,2,Could be better organized.,2022-01-25 00:32:50
249,198,8,2,Exceeded my expectations.,2020-06-23 07:08:25
250,949,10,3,Not worth the price.,2020-07-17 22:31:06
251,735,7,4,A must-see attraction.,2023-10-15 09:30:59
252,13,7,2,A must-see attraction.,2021-11-13 14:44:33
253,688,3,5,A must-see attraction.,2021-09-14 19:28:26
254,5,2,1,Would visit again.,2021-04-15 20:17:20
255,28,14,1,Exceeded my expectations.,2024-05-28 08:18:35
256,300,9,3,Would visit again.,2023-04-19 12:52:36
257,837,5,5,Would visit again.,2021-09-27 15:32:30
258,771,4,4,Could be better organized.,2023-11-03 07:45:20
259,692,10,4,Amazing experience!,2024-05-01 23:43:51
260,171,12,5,Crowded but impressive.,2023-06-13 18:09:35
261,511,12,1,Exceeded my expectations.,2021-10-04 15:31:04
262,391,1,3,Exceeded my expectations.,2022-02-25 15:33:21
263,622,5,4,Crowded but impressive.,2021-02-17 11:13:22
264,25,9,3,A must-see attraction.,2022-05-19 17:13:23
265,582,12,1,Amazing experience!,2021-08-06 11:10:32
266,150,5,5,Not worth the price.,2020-10-17 17:57:28
267,930,10,2,Not worth the price.,2020-06-04 02:11:32
268,845,11,1,Amazing experience!,2020-12-02 10:01:53
269,921,6,3,A must-see attraction.,2020-12-06 21:38:50
270,487,6,5,Exceeded my expectations.,2020-07-05 10:59:44
271,554,1,2,Crowded but impressive.,2024-05-02 04:22:24
272,591,11,1,Not worth the price.,2022-03-04 03:07:23
273,654,2,1,Not worth the price.,2020-07-09 20:59:16
274,279,4,1,Not worth the price.,2023-06-14 08:42:54
275,395,9,3,Amazing experience!,2021-10-25 13:26:47
276,854,6,2,Crowded but impressive.,2020-11-16 02:18:40
277,282,9,2,A must-see attraction.,2022-08-22 01:13:11
278,470,6,3,Crowded but impressive.,2020-06-04 03:41:52
279,202,1,5,Exceeded my expectations.,2020-02-07 08:26:38
280,106,7,5,Not worth the price.,2023-03-31 01:43:09
281,289,8,1,A must-see attraction.,2023-11-01 14:18:20
282,563,5,1,Amazing experience!,2020-04-25 13:57:52
283,159,8,1,A must-see attraction.,2024-06-25 16:33:49
284,711,9,2,A must-see attraction.,2020-11-15 11:36:47
285,447,2,1,Not worth the price.,2024-05-22 00:32:03
286,951,7,4,Could be better organized.,2024-05-26 09:05:22
287,433,2,1,Crowded but impressive.,2024-11-09 22:11:25
288,482,14,4,A must-see attraction.,2023-01-11 19:45:53
289,594,12,5,Would visit again.,2021-09-10 21:53:32
290,164,7,1,A must-see attraction.,2020-05-09 12:12:56
291,737,6,1,Not worth the price.,2024-07-24 06:09:08
292,213,6,2,Not worth the price.,2023-01-12 17:19:50
293,660,9,1,Crowded but impressive.,2022-12-16 12:10:14
294,433,6,4,Exceeded my expectations.,2021-04-10 21:10:11
295,559,6,2,Not worth the price.,2022-01-13 20:06:30
296,254,10,5,Could be better organized.,2024-04-30 23:12:08
297,168,5,2,A must-see attraction.,2023-05-28 07:33:51
298,676,3,1,A must-see attraction.,2024-02-06 10:52:18
299,344,9,1,Amazing experience!,2022-10-23 01:17:25
300,553,14,3,A must-see attraction.,2023-08-21 23:52:22
301,562,8,5,Could be better organized.,2021-10-08 06:54:30
302,5,14,2,Amazing experience!,2021-04-16 01:58:20
303,808,9,3,Would visit again.,2021-05-04 14:47:02
304,923,14,4,Would visit again.,2024-01-28 04:04:19
305,773,7,4,Crowded but impressive.,2024-10-06 09:43:16
306,831,11,2,Not worth the price.,2022-09-10 19:34:00
307,72,11,3,Could be better organized.,2020-07-09 05:38:25
308,169,6,2,Could be better organized.,2024-05-27 22:21:48
309,380,5,4,Amazing experience!,2022-01-11 03:48:48
310,5,13,5,A must-see attraction.,2021-08-14 16:29:24
311,964,1,5,Crowded but impressive.,2024-01-06 03:30:58
312,129,12,1,Exceeded my expectations.,2023-11-19 20:31:37
313,784,14,2,Crowded but impressive.,2021-06-02 14:15:00
314,973,8,4,A must-see attraction.,2023-11-17 08:55:01
315,942,12,1,Amazing experience!,2024-04-06 08:51:17
316,300,3,3,Would visit again.,2024-02-02 13:56:11
317,669,9,4,Would visit again.,2020-01-04 09:46:35
318,799,10,1,Amazing experience!,2023-10-07 01:33:26
319,930,2,2,Amazing experience!,2020-05-29 06:51:51
320,848,3,3,Would visit again.,2021-08-24 01:34:51
321,303,11,3,A must-see attraction.,2021-11-03 23:20:19
322,910,11,1,Not worth the price.,2024-02-10 23:02:20
323,870,14,4,A must-see attraction.,2020-10-18 20:21:02
324,776,10,4,Amazing experience!,2024-12-05 19:53:01
325,597,11,4,Amazing experience!,2023-03-14 19:22:19
326,374,12,5,A must-see attraction.,2022-12-22 23:58:28
327,791,7,4,Could be better organized.,2023-11-15 10:34:05
328,417,5,1,Crowded but impressive.,2023-03-19 05:57:35
329,537,14,2,Would visit again.,2022-06-12 10:55:39
330,798,5,1,Amazing experience!,2023-02-13 03:04:11
331,156,3,3,Would visit again.,2023-03-26 04:33:13
332,699,12,3,Would visit again.,2023-11-26 17:32:40
333,640,4,2,Would visit again.,2020-10-01 03:54:41
334,594,2,3,Would visit again.,2020-02-11 06:36:57
335,470,1,3,Exceeded my expectations.,2022-06-02 22:53:42
336,490,11,2,A must-see attraction.,2020-06-04 13:24:12
337,781,2,3,A must-see attraction.,2024-12-27 22:47:31
338,118,2,3,Amazing experience!,2020-10-25 19:54:15
339,45,2,4,Exceeded my expectations.,2021-04-15 08:36:32
340,430,1,1,Crowded but impressive.,2020-04-11 14:02:35
341,138,7,3,Crowded but impressive.,2024-11-11 14:02:02
342,735,4,3,Could be better organized.,2023-12-27 06:46:13
343,932,6,5,A must-see attraction.,2024-09-24 09:09:09
344,941,14,2,Would visit again.,2022-09-16 23:51:22
345,296,9,5,Exceeded my expectations.,2021-10-05 04:13:52
346,367,8,1,Crowded but impressive.,2021-08-03 15:36:24
347,111,5,5,A must-see attraction.,2024-01-06 10:23:54
348,584,2,3,A must-see attraction.,2022-01-23 07:34:24
349,994,12,5,A must-see attraction.,2023-04-18 10:03:37
350,874,5,2,Could be better organized.,2021-04-28 22:46:46
351,24,4,1,A must-see attraction.,2021-03-06 22:53:51
352,837,11,4,A must-see attraction.,2023-02-07 14:28:01
353,150,13,5,Would visit again.,2022-08-22 07:27:24
354,403,9,3,Not worth the price.,2025-01-14 00:57:38
355,924,3,4,Exceeded my expectations.,2021-02-03 08:18:56
356,298,1,1,Could be better organized.,2020-04-16 19:45:18
357,706,12,2,Amazing experience!,2024-08-23 16:29:31
358,401,11,1,Amazing experience!,2022-08-03 02:21:51
359,683,12,4,Could be better organized.,2020-02-24 06:30:36
360,328,2,5,Amazing experience!,2024-10-04 05:43:43
361,785,6,3,Would visit again.,2021-03-21 00:48:52
362,508,2,4,Exceeded my expectations.,2021-09-22 10:40:43
363,748,1,2,Would visit again.,2022-09-22 00:55:52
364,921,7,2,A must-see attraction.,2021-09-15 18:40:37
365,832,1,1,Amazing experience!,2020-06-25 16:07:07
366,740,1,5,Amazing experience!,2024-06-23 05:30:50
367,841,10,5,Would visit again.,2020-07-23 22:49:07
368,567,8,5,Amazing experience!,2020-01-12 00:49:09
369,829,5,5,Amazing experience!,2021-06-23 00:21:53
370,540,11,2,Not worth the price.,2022-05-15 19:48:57
371,67,6,5,Crowded but impressive.,2021-07-12 08:11:22
372,640,11,1,Crowded but impressive.,2021-12-15 22:37:41
373,51,5,2,Exceeded my expectations.,2023-10-09 20:22:43
374,428,7,1,Would visit again.,2023-07-21 01:52:33
375,404,3,5,Exceeded my expectations.,2020-03-17 20:11:30
376,525,13,1,Would visit again.,2021-03-01 23:19:06
377,691,11,4,Crowded but impressive.,2020-07-26 11:27:52
378,358,14,5,Not worth the price.,2023-11-26 15:22:28
379,916,12,3,Could be better organized.,2023-11-23 22:50:43
380,868,1,3,Exceeded my expectations.,2021-11-15 09:51:45
381,76,14,1,Amazing experience!,2022-12-19 20:15:18
382,698,9,2,Exceeded my expectations.,2022-01-29 15:45:19
383,9,14,5,A must-see attraction.,2024-03-24 17:31:18
384,953,4,5,A must-see attraction.,2024-04-14 08:53:50
385,298,3,1,Crowded but impressive.,2024-12-21 01:40:54
386,128,12,3,Would visit again.,2023-08-04 16:49:23
387,621,4,4,A must-see attraction.,2023-01-10 23:39:45
388,664,1,1,A must-see attraction.,2024-02-18 09:29:46
389,438,8,1,Crowded but impressive.,2024-03-18 15:44:28
390,491,7,2,Exceeded my expectations.,2024-07-07 01:06:27
391,556,13,2,A must-see attraction.,2022-01-03 19:25:04
392,443,9,5,Exceeded my expectations.,2023-01-15 19:44:42
393,26,2,4,Could be better organized.,2021-05-16 15:42:17
394,471,7,2,Crowded but impressive.,2021-05-08 17:35:02
395,189,7,4,A must-see attraction.,2023-10-11 00:05:42
396,528,14,5,Amazing experience!,2024-11-05 13:01:56
397,717,12,2,A must-see attraction.,2023-05-18 16:35:01
398,88,7,3,Would visit again.,2021-08-04 19:12:55
399,564,11,5,Exceeded my expectations.,2024-07-28 19:27:41
400,991,10,1,A must-see attraction.,2022-06-24 10:53:18
401,595,10,2,Could be better organized.,2022-09-14 23:08:07
402,580,9,1,Would visit again.,2022-10-01 22:50:22
403,350,10,4,A must-see attraction.,2023-12-15 05:57:56
404,156,7,3,Crowded but impressive.,2024-03-21 00:51:22
405,390,5,1,Crowded but impressive.,2021-08-06 23:23:08
406,935,9,3,Exceeded my expectations.,2024-07-11 11:47:22
407,26,6,1,Amazing experience!,2022-06-22 19:43:58
408,128,13,4,Amazing experience!,2023-04-19 00:26:56
409,338,8,5,Crowded but impressive.,2021-08-08 13:24:58
410,586,2,2,Crowded but impressive.,2022-12-31 02:47:02
411,889,7,3,Could be better organized.,2020-10-15 08:36:20
412,548,9,4,Amazing experience!,2020-12-20 15:41:48
413,862,5,5,A must-see attraction.,2020-05-02 08:13:19
414,58,14,3,Could be better organized.,2020-05-15 10:04:26
415,5,12,5,Would visit again.,2022-03-24 15:57:11
416,277,10,2,Crowded but impressive.,2023-10-21 10:04:32
417,575,14,4,Not worth the price.,2023-12-09 15:55:23
418,51,11,2,Exceeded my expectations.,2020-02-21 18:16:58
419,793,3,5,Would visit again.,2020-02-25 23:30:30
420,127,2,2,Not worth the price.,2020-02-10 23:43:24
421,66,11,5,A must-see attraction.,2020-04-22 05:58:03
422,506,5,2,Crowded but impressive.,2020-03-12 07:51:06
423,412,11,5,Not worth the price.,2021-04-08 15:45:28
424,186,3,2,Could be better organized.,2021-08-10 07:17:29
425,418,10,2,Could be better organized.,2021-01-04 22:13:17
426,650,9,1,A must-see attraction.,2021-06-06 10:02:15
427,908,1,1,Could be better organized.,2024-03-28 16:58:36
428,655,4,1,Would visit again.,2022-03-24 00:13:03
429,805,3,4,Exceeded my expectations.,2023-08-08 16:33:01
430,143,5,5,A must-see attraction.,2023-02-03 07:02:10
431,245,8,3,Amazing experience!,2022-10-11 19:24:50
432,507,13,1,Could be better organized.,2022-05-10 21:17:13
433,313,7,5,Not worth the price.,2023-06-21 15:11:16
434,695,13,4,Not worth the price.,2020-06-03 09:52:40
435,738,7,5,A must-see attraction.,2021-10-09 02:22:48
436,371,11,3,Not worth the price.,2023-03-03 20:51:48
437,225,5,3,Exceeded my expectations.,2020-07-22 18:15:30
438,288,7,4,Crowded but impressive.,2024-07-24 17:17:44
439,679,14,4,Not worth the price.,2024-05-16 07:04:09
440,204,11,3,Crowded but impressive.,2021-09-08 02:15:21
441,806,5,5,Exceeded my expectations.,2021-12-11 08:42:02
442,678,6,5,A must-see attraction.,2021-05-12 04:02:23
443,876,7,4,Would visit again.,2023-09-10 22:33:08
444,402,14,3,Crowded but impressive.,2022-08-31 01:07:37
445,247,3,1,Could be better organized.,2023-12-02 10:00:33
446,485,6,5,A must-see attraction.,2020-01-15 05:10:05
447,947,9,5,Not worth the price.,2022-01-27 03:49:36
448,163,13,4,Could be better organized.,2024-10-08 12:12:23
449,224,11,3,Not worth the price.,2022-01-27 15:09:00
450,893,12,4,Crowded but impressive.,2022-11-13 16:40:59
451,888,9,1,Not worth the price.,2020-03-14 21:06:18
452,782,12,3,Not worth the price.,2020-07-04 02:06:49
453,370,12,1,Crowded but impressive.,2021-06-27 07:08:14
454,545,5,4,A must-see attraction.,2021-05-28 05:05:00
455,751,14,1,Amazing experience!,2023-11-23 14:25:40
456,202,5,2,Could be better organized.,2021-09-01 10:04:49
457,581,1,4,A must-see attraction.,2021-12-07 02:57:57
458,937,12,4,Would visit again.,2025-01-07 23:14:57
459,323,5,3,Exceeded my expectations.,2020-01-15 20:57:28
460,248,9,1,Amazing experience!,2023-08-03 04:59:11
461,142,6,5,Not worth the price.,2020-12-07 13:37:20
462,363,1,2,Exceeded my expectations.,2020-01-16 02:48:11
463,308,6,1,Exceeded my expectations.,2021-07-28 17:57:34
464,983,9,1,Not worth the price.,2021-10-13 13:41:13
465,352,4,1,Would visit again.,2023-12-12 13:59:26
466,611,5,2,Could be better organized.,2021-11-26 07:30:26
467,769,8,5,Could be better organized.,2022-10-24 04:11:55
468,193,2,1,Amazing experience!,2021-03-17 21:54:08
469,245,11,3,Crowded but impressive.,2020-03-31 16:45:00
470,282,14,2,A must-see attraction.,2023-01-17 04:09:26
471,190,8,3,Would visit again.,2024-09-09 00:25:50
472,445,14,4,Would visit again.,2022-12-04 14:28:25
473,114,12,1,Crowded but impressive.,2023-02-03 06:50:15
474,508,4,5,Would visit again.,2024-09-17 05:46:17
475,733,11,3,Not worth the price.,2022-06-27 22:31:38
476,351,2,3,Exceeded my expectations.,2023-09-02 06:41:10
477,42,13,5,Could be better organized.,2020-09-08 02:30:03
478,599,4,3,Amazing experience!,2020-08-31 13:21:58
479,489,11,3,Not worth the price.,2023-01-15 15:34:34
480,321,13,2,Exceeded my expectations.,2023-11-10 18:27:36
481,716,1,4,Would visit again.,2024-01-12 09:00:55
482,191,9,1,A must-see attraction.,2023-11-16 14:02:59
483,205,4,4,Not worth the price.,2023-04-11 23:54:23
484,98,14,2,Could be better organized.,2020-09-26 21:25:06
485,684,6,4,Not worth the price.,2023-08-07 18:28:08
486,737,12,2,Could be better organized.,2023-08-14 16:16:15
487,264,2,2,Could be better organized.,2023-08-11 07:12:57
488,30,9,3,Crowded but impressive.,2021-01-03 06:06:35
489,524,13,4,A must-see attraction.,2021-05-11 10:20:27
490,15,10,5,Amazing experience!,2023-08-10 00:00:32
491,585,4,1,Crowded but impressive.,2023-09-02 14:01:46
492,247,1,2,Crowded but impressive.,2022-11-09 23:59:55
493,973,2,4,Exceeded my expectations.,2024-03-15 00:39:54
494,964,1,3,Not worth the price.,2020-04-10 22:20:23
495,730,6,5,Could be better organized.,2025-01-07 14:29:19
496,553,3,2,Exceeded my expectations.,2023-07-25 01:58:43
497,452,4,1,Would visit again.,2021-10-30 22:54:14
498,288,13,2,Could be better organized.,2024-07-07 19:24:17
499,942,9,5,Amazing experience!,2022-08-16 17:07:45
500,515,6,1,Exceeded my expectations.,2022-06-25 10:37:50
501,666,3,1,Would visit again.,2023-02-21 08:48:18
502,623,14,2,A must-see attraction.,2022-07-14 04:04:52
503,376,1,2,Crowded but impressive.,2021-06-29 21:27:24
504,805,12,2,Amazing experience!,2022-02-04 06:41:22
505,262,3,4,Not worth the price.,2023-02-26 22:08:08
506,453,7,4,Would visit again.,2020-07-17 14:28:21
507,113,12,3,Not worth the price.,2025-01-08 12:38:24
508,25,12,3,Exceeded my expectations.,2022-03-14 22:36:12
509,199,2,5,Could be better organized.,2021-09-23 01:58:08
510,663,5,2,A must-see attraction.,2023-03-03 08:31:11
511,231,13,1,Amazing experience!,2021-05-02 02:35:54
512,681,10,4,A must-see attraction.,2021-01-03 19:05:14
513,695,11,1,Not worth the price.,2020-02-19 02:06:27
514,418,3,5,Amazing experience!,2023-12-24 02:12:01
515,620,3,4,Could be better organized.,2022-11-21 12:15:20
516,829,2,4,Would visit again.,2021-05-17 10:59:35
517,522,2,4,Would visit again.,2020-09-16 01:21:17
518,762,1,5,A must-see attraction.,2021-12-11 04:45:27
519,840,10,2,Would visit again.,2020-10-31 07:41:53
520,608,9,2,A must-see attraction.,2024-10-28 05:30:18
521,922,2,3,A must-see attraction.,2021-11-07 18:40:15
522,696,8,4,Could be better organized.,2024-02-12 21:06:52
523,117,13,1,Not worth the price.,2021-03-01 08:40:31
524,579,9,4,A must-see attraction.,2020-01-04 00:59:10
525,453,11,3,Not worth the price.,2025-01-22 03:44:31
526,759,10,1,Not worth the price.,2021-09-02 11:51:35
527,58,5,3,Not worth the price.,2020-06-07 19:40:02
528,11,13,2,Amazing experience!,2021-02-10 19:00:30
529,795,11,4,Exceeded my expectations.,2024-06-05 21:25:00
530,250,9,4,Crowded but impressive.,2020-04-16 07:15:57
531,909,4,3,Exceeded my expectations.,2022-12-11 16:02:32
532,902,1,2,Crowded but impressive.,2022-09-09 10:12:16
533,516,7,4,Could be better organized.,2023-05-17 04:42:02
534,49,4,1,Not worth the price.,2020-01-27 10:27:48
535,620,13,2,Not worth the price.,2023-06-21 21:10:04
536,702,12,4,Exceeded my expectations.,2022-12-17 03:41:34
537,305,11,1,Crowded but impressive.,2021-03-30 05:08:16
538,246,13,4,Crowded but impressive.,2024-04-17 22:40:50
539,99,1,1,Would visit again.,2024-09-03 02:44:52
540,681,3,4,Would visit again.,2020-08-10 16:10:27
541,50,14,3,Amazing experience!,2022-01-27 02:25:26
542,251,5,4,Amazing experience!,2020-11-08 09:33:16
543,559,5,2,Would visit again.,2020-01-10 01:52:50
544,101,4,5,Exceeded my expectations.,2024-08-26 04:11:08
545,174,6,2,Would visit again.,2020-04-07 22:46:11
546,790,9,2,Exceeded my expectations.,2020-08-26 14:25:34
547,903,13,4,Crowded but impressive.,2021-01-12 16:03:27
548,742,13,4,Would visit again.,2023-07-14 09:41:27
549,862,1,2,Crowded but impressive.,2024-10-22 10:49:37
550,693,11,1,Exceeded my expectations.,2024-01-27 20:11:15
551,252,12,4,Crowded but impressive.,2020-02-09 05:47:17
552,478,12,5,Crowded but impressive.,2022-08-09 12:08:34
553,664,8,4,A must-see attraction.,2021-07-26 05:59:49
554,48,1,1,Not worth the price.,2021-02-06 00:52:45
555,83,5,1,Could be better organized.,2020-06-05 10:40:26
556,990,8,1,A must-see attraction.,2020-12-20 14:53:17
557,445,4,3,Crowded but impressive.,2023-02-08 14:04:52
558,893,13,1,Could be better organized.,2024-07-14 09:16:21
559,859,10,3,Amazing experience!,2021-07-14 04:23:35
560,222,8,1,Crowded but impressive.,2023-02-27 15:12:30
561,83,13,1,Could be better organized.,2024-12-19 20:41:47
562,772,2,5,Not worth the price.,2022-08-02 06:49:37
563,371,5,3,A must-see attraction.,2024-01-08 08:25:35
564,146,10,4,Not worth the price.,2022-11-17 11:17:03
565,399,14,1,Crowded but impressive.,2021-08-01 01:57:59
566,465,7,4,Amazing experience!,2022-01-04 05:50:47
567,450,8,1,Exceeded my expectations.,2024-04-05 15:11:34
568,513,7,2,Could be better organized.,2023-08-15 11:17:25
569,247,10,3,A must-see attraction.,2020-11-27 01:04:29
570,138,12,4,Could be better organized.,2023-03-31 20:19:49
571,946,13,4,Crowded but impressive.,2021-11-10 15:49:46
572,963,1,3,Not worth the price.,2024-03-16 02:32:37
573,213,8,1,Would visit again.,2024-08-18 14:40:14
574,867,14,5,A must-see attraction.,2022-06-09 02:39:15
575,843,1,2,Exceeded my expectations.,2021-03-10 07:29:14
576,223,11,3,Exceeded my expectations.,2023-03-29 01:04:15
577,985,2,3,Not worth the price.,2023-04-29 17:45:12
578,908,7,2,A must-see attraction.,2023-08-11 03:20:11
579,210,12,2,Amazing experience!,2022-07-11 07:15:06
580,975,11,1,Amazing experience!,2023-11-21 02:15:56
581,427,13,1,Exceeded my expectations.,2022-07-15 10:40:45
582,179,11,1,Not worth the price.,2021-07-30 13:00:53
583,303,9,2,Amazing experience!,2023-05-17 18:13:11
584,545,12,4,Would visit again.,2023-07-15 09:43:16
585,269,8,1,Could be better organized.,2022-02-16 12:08:10
586,398,6,4,Crowded but impressive.,2024-10-22 13:32:00
587,397,10,5,A must-see attraction.,2020-03-08 21:03:59
588,222,7,5,Crowded but impressive.,2021-12-19 16:57:43
589,4,1,3,Crowded but impressive.,2021-11-14 04:08:10
590,499,11,5,Exceeded my expectations.,2021-12-08 20:47:00
591,412,12,2,Exceeded my expectations.,2020-09-01 16:37:00
592,784,6,5,Would visit again.,2021-03-26 09:30:42
593,799,12,5,Amazing experience!,2021-06-04 22:10:10
594,495,1,4,Not worth the price.,2021-11-24 00:07:36
595,287,2,1,Not worth the price.,2020-06-03 23:17:26
596,387,12,2,Crowded but impressive.,2020-10-19 15:09:10
597,84,9,4,Would visit again.,2021-02-02 13:26:04
598,526,3,3,A must-see attraction.,2021-01-20 11:52:00
599,532,4,1,Amazing experience!,2024-07-24 18:22:05
600,117,8,5,Could be better organized.,2023-05-29 05:50:42
601,668,1,4,Not worth the price.,2023-10-24 12:11:01
602,539,10,5,Exceeded my expectations.,2022-02-22 01:47:16
603,853,10,4,Not worth the price.,2024-12-12 01:52:14
604,630,8,5,Crowded but impressive.,2020-06-25 17:17:49
605,324,3,2,Amazing experience!,2024-03-03 09:50:34
606,128,2,3,Crowded but impressive.,2023-06-25 09:34:40
607,810,6,4,Not worth the price.,2024-05-24 14:11:14
608,756,2,5,Crowded but impressive.,2024-07-18 17:58:45
609,679,2,1,A must-see attraction.,2020-08-27 03:15:39
610,505,4,3,A must-see attraction.,2022-01-25 18:19:54
611,97,7,2,Could be better organized.,2020-10-19 09:58:30
612,173,10,4,Not worth the price.,2022-12-30 20:46:53
613,460,14,2,Exceeded my expectations.,2023-07-11 13:13:35
614,106,7,5,Not worth the price.,2023-06-29 10:38:38
615,224,8,5,Crowded but impressive.,2020-08-08 16:25:29
616,91,10,2,Crowded but impressive.,2025-01-06 23:54:20
617,664,10,5,Amazing experience!,2023-05-02 18:56:38
618,544,3,1,Amazing experience!,2021-10-05 16:34:17
619,659,14,1,A must-see attraction.,2020-08-26 19:04:39
620,437,8,3,Would visit again.,2021-06-17 13:54:10
621,118,7,2,Could be better organized.,2021-08-27 04:43:51
622,432,2,2,Amazing experience!,2023-12-31 21:08:01
623,629,14,5,Not worth the price.,2022-04-11 21:41:52
624,593,1,1,Not worth the price.,2020-06-23 20:42:53
625,249,8,2,Crowded but impressive.,2023-01-14 23:01:24
626,768,5,3,Crowded but impressive.,2022-10-31 07:26:24
627,516,4,3,Exceeded my expectations.,2023-08-01 07:20:25
628,926,14,2,Exceeded my expectations.,2025-01-30 23:53:14
629,940,10,5,Could be better organized.,2021-01-19 04:56:00
630,157,8,3,Exceeded my expectations.,2021-11-07 18:22:38
631,619,11,2,Would visit again.,2022-09-27 21:44:24
632,796,6,1,A must-see attraction.,2022-04-26 02:19:36
633,72,14,5,Exceeded my expectations.,2021-07-26 11:07:55
634,331,9,1,Exceeded my expectations.,2022-02-28 08:08:43
635,853,8,4,Would visit again.,2020-11-26 05:49:53
636,839,12,2,Exceeded my expectations.,2021-08-06 16:34:26
637,416,13,1,Amazing experience!,2024-08-10 22:26:57
638,405,4,5,Crowded but impressive.,2022-03-22 06:31:46
639,367,5,1,Could be better organized.,2021-10-07 22:49:58
640,741,13,5,Not worth the price.,2022-09-16 01:04:42
641,240,2,3,A must-see attraction.,2021-11-07 03:31:24
642,795,1,5,Would visit again.,2020-01-27 23:00:02
643,917,13,4,Crowded but impressive.,2023-05-27 13:53:53
644,534,11,3,Could be better organized.,2020-05-23 08:33:23
645,667,10,4,Exceeded my expectations.,2022-08-08 06:06:56
646,372,13,5,Crowded but impressive.,2023-12-15 03:02:12
647,139,11,3,Exceeded my expectations.,2020-04-09 18:19:42
648,576,12,5,Crowded but impressive.,2021-06-30 07:43:45
649,720,2,4,A must-see attraction.,2021-08-07 15:54:10
650,337,11,1,A must-see attraction.,2023-05-29 04:28:04
651,521,2,1,Would visit again.,2021-11-01 10:39:52
652,987,10,4,Would visit again.,2023-08-25 05:04:25
653,464,1,4,Exceeded my expectations.,2021-02-26 19:15:56
654,124,8,2,Exceeded my expectations.,2022-07-01 14:24:48
655,999,1,2,Not worth the price.,2021-02-15 23:40:47
656,667,3,2,Exceeded my expectations.,2022-04-20 00:27:35
657,97,12,5,Crowded but impressive.,2021-12-14 03:18:16
658,831,13,1,A must-see attraction.,2022-02-02 03:45:54
659,190,12,2,A must-see attraction.,2022-08-29 10:27:31
660,316,1,1,Crowded but impressive.,2020-11-06 07:26:46
661,665,13,3,Not worth the price.,2022-04-14 01:29:29
662,173,5,5,Could be better organized.,2022-04-21 04:40:10
663,160,11,1,Would visit again.,2022-05-18 09:49:12
664,251,13,3,Amazing experience!,2022-08-13 20:04:18
665,450,7,3,Exceeded my expectations.,2020-10-09 07:06:45
666,121,11,5,A must-see attraction.,2020-07-21 08:07:10
667,345,7,3,Amazing experience!,2024-11-24 10:33:05
668,292,2,3,A must-see attraction.,2022-12-28 05:41:33
669,198,10,5,Crowded but impressive.,2020-07-20 19:17:36
670,919,4,4,Amazing experience!,2022-09-20 22:53:21
671,319,14,2,Not worth the price.,2022-10-06 01:56:37
672,96,11,5,Amazing experience!,2024-04-29 01:47:33
673,932,14,2,A must-see attraction.,2020-08-24 09:55:36
674,684,14,1,Amazing experience!,2021-09-12 05:47:24
675,326,7,3,Crowded but impressive.,2022-04-10 01:28:30
676,186,12,5,Crowded but impressive.,2021-06-29 00:53:20
677,37,11,2,Would visit again.,2024-02-01 04:38:17
678,392,12,4,A must-see attraction.,2024-12-16 14:02:41
679,680,7,5,Would visit again.,2021-06-05 14:06:40
680,584,6,2,Would visit again.,2024-07-27 04:58:08
681,393,2,5,Not worth the price.,2020-10-15 12:31:40
682,855,2,5,Could be better organized.,2021-08-19 03:12:21
683,624,11,1,Could be better organized.,2021-12-17 02:58:32
684,803,13,3,Would visit again.,2022-05-21 07:19:20
685,670,11,2,Not worth the price.,2020-01-07 20:05:21
686,388,7,2,Crowded but impressive.,2021-08-06 12:55:26
687,277,7,2,Would visit again.,2022-07-20 18:45:33
688,691,9,5,Crowded but impressive.,2021-12-15 19:25:24
689,976,4,3,Would visit again.,2024-01-08 10:34:46
690,380,2,5,A must-see attraction.,2023-09-17 03:56:14
691,925,10,3,Exceeded my expectations.,2020-04-25 19:59:02
692,520,7,3,Could be better organized.,2022-06-13 16:36:28
693,180,5,2,Exceeded my expectations.,2024-10-12 03:14:55
694,181,7,5,Would visit again.,2024-09-18 17:24:13
695,338,6,1,A must-see attraction.,2022-04-15 17:14:28
696,210,6,1,Crowded but impressive.,2022-12-15 07:43:56
697,168,13,5,Exceeded my expectations.,2024-06-13 02:18:47
698,827,10,3,Crowded but impressive.,2022-04-25 00:15:13
699,901,8,1,Would visit again.,2024-11-03 19:26:36
700,438,13,5,Could be better organized.,2023-08-03 22:49:49
701,291,6,2,Not worth the price.,2020-10-25 15:41:01
702,860,14,4,A must-see attraction.,2022-10-16 11:41:30
703,46,5,4,Amazing experience!,2024-09-03 01:48:22
704,536,4,1,Amazing experience!,2025-01-13 00:35:43
705,818,10,3,Not worth the price.,2021-02-27 16:48:01
706,564,9,4,Would visit again.,2022-05-03 16:27:42
707,292,12,5,Exceeded my expectations.,2023-06-02 20:41:39
708,683,7,5,A must-see attraction.,2023-08-28 00:42:56
709,461,10,5,Crowded but impressive.,2024-12-05 02:30:17
710,265,8,1,A must-see attraction.,2020-11-26 20:35:52
711,469,12,1,Could be better organized.,2023-09-07 23:59:25
712,599,1,1,Could be better organized.,2022-03-21 11:17:56
713,637,8,1,Amazing experience!,2020-03-22 18:19:40
714,987,13,2,Could be better organized.,2024-06-14 18:24:22
715,267,13,4,Amazing experience!,2022-11-12 03:50:16
716,402,8,3,A must-see attraction.,2023-09-04 14:19:46
717,746,6,1,Exceeded my expectations.,2022-11-18 07:47:15
718,79,9,5,A must-see attraction.,2020-03-03 03:31:00
719,703,2,4,A must-see attraction.,2022-06-27 20:42:19
720,268,10,2,Would visit again.,2022-06-01 15:01:55
721,711,4,3,Crowded but impressive.,2023-09-13 07:16:40
722,590,9,3,Amazing experience!,2022-05-14 10:59:30
723,332,13,1,Exceeded my expectations.,2022-11-07 04:38:10
724,801,7,4,Could be better organized.,2024-11-26 11:28:00
725,810,4,4,Not worth the price.,2022-08-23 19:53:56
726,47,3,3,Would visit again.,2024-10-08 22:27:07
727,446,2,4,Could be better organized.,2024-07-26 14:03:02
728,602,3,3,Could be better organized.,2023-10-16 17:59:42
729,128,5,1,Could be better organized.,2021-02-08 01:27:34
730,339,1,2,Crowded but impressive.,2022-10-02 18:46:08
731,893,12,4,A must-see attraction.,2021-06-19 17:17:15
732,774,7,3,Crowded but impressive.,2020-08-09 15:51:25
733,645,7,2,Crowded but impressive.,2022-06-12 07:12:06
734,587,4,4,Could be better organized.,2024-10-03 15:30:40
735,890,1,4,Would visit again.,2022-09-30 18:18:46
736,525,6,2,Amazing experience!,2020-09-19 18:45:06
737,23,13,1,Could be better organized.,2021-03-15 00:15:10
738,450,9,5,A must-see attraction.,2022-11-02 00:50:34
739,87,13,5,Exceeded my expectations.,2021-10-09 11:08:59
740,2,13,3,Exceeded my expectations.,2024-04-13 23:43:08
741,881,6,2,Could be better organized.,2024-03-01 12:35:00
742,471,6,5,A must-see attraction.,2024-01-15 07:14:38
743,50,4,4,Not worth the price.,2023-07-13 05:12:18
744,151,1,2,Exceeded my expectations.,2023-08-05 13:03:06
745,221,5,3,Exceeded my expectations.,2022-05-23 20:11:05
746,217,11,5,Not worth the price.,2023-06-05 23:20:52
747,521,13,5,A must-see attraction.,2022-01-29 23:04:57
748,239,2,5,Amazing experience!,2021-04-12 17:01:02
749,201,4,3,A must-see attraction.,2023-08-03 02:39:37
750,91,8,1,A must-see attraction.,2021-11-14 00:31:16
751,859,2,4,Not worth the price.,2022-05-19 17:52:16
752,888,6,4,A must-see attraction.,2023-08-22 18:33:47
753,178,11,4,Would visit again.,2023-04-20 20:38:11
754,251,7,4,Crowded but impressive.,2022-08-30 23:01:48
755,714,1,5,Crowded but impressive.,2024-09-18 01:13:00
756,937,10,4,Could be better organized.,2024-03-20 16:49:49
757,272,13,4,Could be better organized.,2023-03-09 00:20:58
758,628,5,3,Exceeded my expectations.,2022-01-13 20:58:17
759,964,5,5,Exceeded my expectations.,2022-11-04 13:53:38
760,142,10,3,Could be better organized.,2021-08-14 02:40:51
761,457,12,4,Could be better organized.,2022-02-27 08:57:52
762,900,14,1,Could be better organized.,2022-01-15 17:38:45
763,488,7,4,A must-see attraction.,2024-09-28 07:37:48
764,487,5,1,Not worth the price.,2021-04-11 23:00:19
765,24,14,4,A must-see attraction.,2023-12-22 16:22:43
766,364,2,3,Crowded but impressive.,2023-10-15 00:57:02
767,360,4,3,Amazing experience!,2020-08-24 05:18:31
768,325,13,4,Could be better organized.,2021-10-07 07:01:18
769,668,13,2,Amazing experience!,2025-01-01 23:20:34
770,60,13,1,Exceeded my expectations.,2020-05-24 12:08:00
771,585,14,3,Exceeded my expectations.,2020-04-14 01:43:39
772,816,7,3,A must-see attraction.,2023-01-14 08:56:42
773,744,9,2,Would visit again.,2022-06-21 13:36:11
774,740,5,3,Would visit again.,2024-06-20 03:43:22
775,982,13,3,Exceeded my expectations.,2023-08-06 04:17:36
776,375,4,3,Would visit again.,2021-09-14 06:19:02
777,886,11,2,A must-see attraction.,2023-08-28 10:59:30
778,33,11,1,Could be better organized.,2020-04-24 09:26:08
779,267,8,1,Could be better organized.,2024-11-07 20:30:06
780,755,2,1,Amazing experience!,2022-02-01 18:54:49
781,835,5,5,Could be better organized.,2023-01-28 16:18:06
782,845,7,1,Amazing experience!,2024-04-08 05:42:29
783,582,10,4,Could be better organized.,2022-09-03 16:14:39
784,83,2,5,Amazing experience!,2022-09-15 20:47:36
785,515,4,4,Could be better organized.,2022-05-09 14:53:31
786,412,7,1,Not worth the price.,2022-08-09 23:47:01
787,482,8,4,Amazing experience!,2024-05-05 18:32:36
788,659,13,4,Crowded but impressive.,2024-02-21 14:58:17
789,685,1,3,Exceeded my expectations.,2023-12-05 00:16:45
790,751,10,4,A must-see attraction.,2023-04-06 04:22:08
791,561,3,5,Amazing experience!,2023-03-04 10:45:03
792,730,3,3,A must-see attraction.,2022-12-01 22:54:04
793,615,10,3,Amazing experience!,2024-06-24 13:37:47
794,658,10,1,Not worth the price.,2021-05-24 18:02:24
795,719,4,2,Amazing experience!,2021-07-14 17:36:47
796,589,12,2,A must-see attraction.,2023-08-06 15:13:38
797,931,5,1,Not worth the price.,2022-05-14 11:02:21
798,859,8,2,Crowded but impressive.,2024-07-20 06:43:20
799,433,3,2,Amazing experience!,2022-02-26 05:08:48
800,57,6,1,Would visit again.,2020-10-01 03:36:31
801,545,7,4,Amazing experience!,2022-08-15 22:31:36
802,497,5,4,Could be better organized.,2022-01-26 22:48:57
803,219,9,5,Could be better organized.,2020-10-07 12:24:43
804,260,8,5,Not worth the price.,2021-06-04 21:36:25
805,268,8,3,Could be better organized.,2022-07-28 15:58:32
806,848,3,1,Would visit again.,2022-10-13 22:19:40
807,621,5,3,Amazing experience!,2020-02-21 20:16:25
808,953,12,2,Exceeded my expectations.,2021-12-02 22:34:23
809,802,9,4,Exceeded my expectations.,2021-12-02 02:27:11
810,859,6,1,Crowded but impressive.,2023-06-16 06:58:25
811,424,5,4,A must-see attraction.,2022-07-28 16:02:00
812,98,4,1,Would visit again.,2023-02-12 13:54:02
813,79,9,2,Amazing experience!,2021-03-15 04:08:10
814,364,9,3,Would visit again.,2022-04-11 04:54:38
815,923,7,3,Crowded but impressive.,2020-08-31 23:58:45
816,358,4,5,Crowded but impressive.,2024-07-29 09:31:45
817,374,11,2,Exceeded my expectations.,2021-01-04 11:52:05
818,501,9,5,Not worth the price.,2022-12-03 22:09:26
819,898,10,5,Amazing experience!,2024-11-28 17:19:06
820,536,5,1,Would visit again.,2024-09-17 05:16:33
821,385,6,3,Could be better organized.,2024-05-30 22:42:43
822,860,14,1,A must-see attraction.,2023-12-02 09:26:27
823,354,13,5,Would visit again.,2021-10-30 09:25:05
824,551,4,1,Crowded but impressive.,2021-11-15 13:41:06
825,319,9,5,Amazing experience!,2024-08-28 17:49:55
826,913,12,1,Exceeded my expectations.,2020-06-21 09:25:21
827,201,9,1,Could be better organized.,2022-03-13 04:51:24
828,887,7,2,Not worth the price.,2021-01-29 23:53:34
829,721,10,2,Not worth the price.,2021-05-02 17:44:20
830,106,12,5,Not worth the price.,2024-11-19 01:56:13
831,475,12,2,Could be better organized.,2020-06-10 15:03:00
832,861,10,1,Would visit again.,2020-07-15 17:03:00
833,528,6,2,A must-see attraction.,2021-08-23 05:26:11
834,303,2,1,Not worth the price.,2023-06-01 15:46:54
835,91,4,2,Amazing experience!,2022-10-29 13:04:39
836,904,11,3,Not worth the price.,2021-08-31 06:12:22
837,870,1,1,Not worth the price.,2021-11-25 06:09:47
838,40,4,1,Could be better organized.,2022-08-12 18:49:52
839,304,1,4,A must-see attraction.,2024-07-13 10:13:52
840,91,11,1,Amazing experience!,2023-06-19 08:02:08
841,370,10,5,Not worth the price.,2022-08-30 00:41:16
842,328,8,4,Exceeded my expectations.,2023-09-04 16:06:14
843,244,12,3,Not worth the price.,2022-08-01 04:15:17
844,123,13,5,Exceeded my expectations.,2021-07-24 22:17:33
845,612,10,1,Would visit again.,2023-06-17 07:00:46
846,962,10,5,Not worth the price.,2022-11-26 04:56:15
847,157,1,4,Not worth the price.,2020-09-11 20:54:16
848,958,10,1,Amazing experience!,2023-07-26 21:04:39
849,996,2,4,Exceeded my expectations.,2023-03-28 06:46:28
850,707,10,1,Amazing experience!,2020-07-01 21:55:15
851,917,13,5,Exceeded my expectations.,2021-02-15 09:33:33
852,164,11,3,Would visit again.,2021-01-18 16:40:14
853,415,9,2,A must-see attraction.,2024-04-13 04:32:05
854,948,3,2,Exceeded my expectations.,2020-09-17 02:31:00
855,649,13,4,Not worth the price.,2023-06-03 07:22:42
856,175,11,4,Could be better organized.,2024-11-01 04:59:49
857,798,7,2,Amazing experience!,2024-07-01 18:55:31
858,199,11,3,A must-see attraction.,2024-11-15 01:08:44
859,819,12,1,Exceeded my expectations.,2020-01-13 01:28:44
860,12,6,5,Would visit again.,2021-03-08 07:56:53
861,678,13,3,A must-see attraction.,2021-02-06 08:41:09
862,779,3,5,Exceeded my expectations.,2023-11-17 07:45:47
863,51,12,2,Would visit again.,2021-03-28 21:11:40
864,32,1,4,Could be better organized.,2022-04-10 13:40:17
865,573,6,5,A must-see attraction.,2021-02-04 05:21:26
866,261,13,2,Crowded but impressive.,2023-12-09 17:47:41
867,962,2,2,Crowded but impressive.,2022-12-22 07:39:23
868,91,5,3,Would visit again.,2020-05-18 20:46:07
869,340,11,5,Could be better organized.,2020-03-12 16:04:37
870,724,3,5,A must-see attraction.,2020-02-19 12:14:38
871,826,7,1,Not worth the price.,2024-09-12 07:16:38
872,30,3,2,Not worth the price.,2020-02-09 17:58:08
873,429,13,3,Could be better organized.,2022-07-22 10:07:28
874,908,8,3,A must-see attraction.,2023-05-25 01:59:23
875,710,10,3,Amazing experience!,2024-12-05 16:00:25
876,24,5,1,Exceeded my expectations.,2024-04-10 18:16:23
877,996,12,5,Crowded but impressive.,2022-10-23 18:31:31
878,447,7,3,Would visit again.,2020-04-19 14:27:21
879,97,7,3,Exceeded my expectations.,2023-01-06 03:24:23
880,442,13,2,Would visit again.,2024-05-18 12:00:35
881,573,8,5,Crowded but impressive.,2024-05-04 21:56:29
882,454,12,4,Not worth the price.,2023-08-15 04:38:49
883,714,10,5,Could be better organized.,2022-01-08 08:50:27
884,76,4,4,Exceeded my expectations.,2020-06-12 00:12:33
885,427,11,2,Would visit again.,2025-01-11 23:16:01
886,24,2,1,Could be better organized.,2021-08-24 06:37:04
887,570,7,1,Not worth the price.,2024-02-06 12:06:26
888,851,10,3,Exceeded my expectations.,2023-10-21 10:52:49
889,925,2,5,Crowded but impressive.,2020-02-17 22:04:52
890,220,9,1,Would visit again.,2022-10-20 00:13:24
891,125,13,3,Could be better organized.,2024-06-06 20:42:23
892,601,13,3,Exceeded my expectations.,2022-02-02 23:01:38
893,574,3,5,Not worth the price.,2022-08-15 01:06:20
894,76,10,1,Not worth the price.,2023-11-28 22:22:02
895,829,10,1,Not worth the price.,2021-12-26 00:27:58
896,316,8,2,Crowded but impressive.,2022-01-13 16:36:28
897,603,6,1,Exceeded my expectations.,2023-06-24 05:16:27
898,486,4,1,Could be better organized.,2024-10-19 12:40:19
899,340,12,2,Would visit again.,2023-05-08 15:04:38
900,506,1,5,Not worth the price.,2024-05-05 04:05:31
901,778,9,4,Could be better organized.,2024-06-30 16:15:37
902,767,13,4,Could be better organized.,2022-10-27 15:28:57
903,390,12,2,Crowded but impressive.,2021-06-02 05:26:09
904,377,13,5,Exceeded my expectations.,2021-07-30 13:11:56
905,894,3,5,Would visit again.,2024-07-24 21:55:49
906,923,1,1,Crowded but impressive.,2021-11-09 08:08:50
907,158,4,3,Would visit again.,2020-05-09 15:56:36
908,448,9,5,Not worth the price.,2023-08-19 22:25:49
909,549,12,3,Exceeded my expectations.,2023-08-05 08:49:21
910,497,7,4,Crowded but impressive.,2020-02-27 09:22:46
911,626,7,3,Not worth the price.,2024-09-09 23:03:15
912,225,8,3,Exceeded my expectations.,2022-05-22 04:28:44
913,589,6,5,A must-see attraction.,2022-11-05 22:45:09
914,151,2,2,Not worth the price.,2021-09-15 10:44:58
915,84,8,3,Not worth the price.,2022-10-21 12:10:05
916,615,11,2,Crowded but impressive.,2024-02-26 20:32:03
917,282,9,4,Not worth the price.,2020-09-27 06:06:56
918,991,11,1,Exceeded my expectations.,2022-06-23 12:25:11
919,995,9,4,Exceeded my expectations.,2021-05-01 04:45:42
920,439,8,3,Could be better organized.,2021-01-08 18:14:34
921,860,12,1,Could be better organized.,2024-03-11 18:13:07
922,435,5,3,Would visit again.,2022-04-13 07:59:38
923,628,7,3,Could be better organized.,2022-09-15 21:41:14
924,74,13,3,Could be better organized.,2023-09-16 01:51:42
925,319,2,5,A must-see attraction.,2023-09-30 21:29:45
926,543,10,4,Would visit again.,2020-01-25 15:46:17
927,936,13,1,Crowded but impressive.,2021-10-03 17:06:15
928,360,12,5,Could be better organized.,2021-07-24 16:34:52
929,63,14,1,A must-see attraction.,2021-08-18 12:02:40
930,858,1,1,Could be better organized.,2022-10-13 19:50:28
931,590,8,2,Would visit again.,2022-05-22 08:36:46
932,149,3,5,Not worth the price.,2024-08-09 05:27:04
933,811,12,2,Not worth the price.,2021-06-04 01:43:32
934,492,7,4,Crowded but impressive.,2020-05-31 16:16:24
935,582,11,5,Could be better organized.,2022-02-28 06:34:41
936,447,11,1,Amazing experience!,2024-04-21 13:20:15
937,995,1,3,Amazing experience!,2021-09-25 17:56:47
938,202,5,5,Amazing experience!,2020-08-11 15:55:24
939,859,14,3,Could be better organized.,2021-11-11 22:45:55
940,450,12,2,Not worth the price.,2024-06-25 06:44:33
941,409,7,4,Amazing experience!,2022-12-10 17:42:23
942,335,5,3,A must-see attraction.,2020-02-19 00:05:02
943,354,4,5,Would visit again.,2023-05-05 20:32:44
944,42,10,4,A must-see attraction.,2022-04-10 13:05:01
945,954,12,4,Exceeded my expectations.,2021-03-04 02:04:40
946,508,3,1,Exceeded my expectations.,2022-10-30 20:13:50
947,768,4,4,Exceeded my expectations.,2022-07-17 16:32:00
948,640,10,1,Amazing experience!,2021-04-20 20:12:51
949,728,9,3,A must-see attraction.,2023-10-12 20:24:22
950,757,11,2,Could be better organized.,2024-04-06 12:29:48
951,374,12,1,Would visit again.,2020-09-22 14:41:39
952,901,6,3,Exceeded my expectations.,2021-11-06 18:34:09
953,571,4,1,Exceeded my expectations.,2024-03-24 12:30:26
954,465,6,3,Crowded but impressive.,2021-03-07 02:40:34
955,92,3,4,Would visit again.,2023-07-18 21:44:28
956,267,4,5,Not worth the price.,2023-05-20 12:02:54
957,490,11,5,Not worth the price.,2022-06-15 13:26:25
958,767,7,1,A must-see attraction.,2024-10-09 12:30:50
959,625,13,1,Could be better organized.,2024-02-01 20:30:04
960,851,6,1,Exceeded my expectations.,2024-10-13 20:44:50
961,714,10,1,Crowded but impressive.,2024-04-17 14:01:03
962,67,8,4,Not worth the price.,2023-02-24 13:27:18
963,71,3,5,Exceeded my expectations.,2022-05-11 15:43:45
964,307,2,3,Crowded but impressive.,2021-05-28 07:03:07
965,348,4,1,A must-see attraction.,2022-05-06 05:40:34
966,635,9,2,Crowded but impressive.,2022-01-29 18:00:51
967,530,13,3,Exceeded my expectations.,2024-11-07 01:27:39
968,488,5,4,A must-see attraction.,2023-09-11 13:12:12
969,359,7,3,Crowded but impressive.,2020-04-24 00:34:51
970,493,1,3,Not worth the price.,2022-07-30 08:44:57
971,743,10,3,Exceeded my expectations.,2021-10-15 05:08:26
972,654,14,3,Would visit again.,2023-09-03 21:29:51
973,550,8,4,Amazing experience!,2022-11-10 19:16:23
974,881,7,5,Would visit again.,2021-03-13 15:34:58
975,744,1,5,Not worth the price.,2020-06-16 01:14:45
976,499,7,2,Not worth the price.,2020-12-15 16:34:57
977,355,4,3,Crowded but impressive.,2023-12-12 00:23:38
978,478,2,1,Exceeded my expectations.,2020-05-28 07:39:14
979,113,2,3,Exceeded my expectations.,2022-02-22 17:57:12
980,474,8,2,Could be better organized.,2022-06-12 23:10:53
981,630,5,2,Exceeded my expectations.,2020-08-10 22:33:23
982,839,11,3,Exceeded my expectations.,2024-07-25 00:47:06
983,496,3,2,Not worth the price.,2023-02-08 21:25:51
984,480,9,3,A must-see attraction.,2022-03-01 21:32:47
985,107,4,3,Not worth the price.,2024-02-24 12:51:17
986,317,2,4,Crowded but impressive.,2022-10-18 13:01:51
987,897,11,3,A must-see attraction.,2021-10-26 20:44:54
988,635,11,3,Would visit again.,2022-01-08 18:42:13
989,882,3,5,Not worth the price.,2023-03-04 11:53:43
990,358,9,1,Could be better organized.,2024-12-13 10:30:34
991,805,14,3,A must-see attraction.,2022-07-25 10:53:53
992,853,8,3,Crowded but impressive.,2020-10-30 14:36:35
993,670,7,4,Amazing experience!,2021-04-27 18:16:01
994,807,9,3,Exceeded my expectations.,2020-12-31 05:44:38
995,796,4,4,Would visit again.,2022-01-10 11:37:56
996,219,12,3,A must-see attraction.,2020-01-06 20:15:15
997,308,1,4,Amazing experience!,2022-02-20 18:20:47
998,411,13,5,A must-see attraction.,2020-10-25 07:28:18
999,261,12,4,Exceeded my expectations.,2025-01-06 15:41:14
1000,501,12,2,Not worth the price.,2021-01-21 18:18:56
1001,570,6,3,Crowded but impressive.,2022-11-22 11:38:27
1002,43,9,2,A must-see attraction.,2022-05-30 11:55:12
1003,382,12,4,Amazing experience!,2021-01-16 02:16:56
1004,473,1,2,Crowded but impressive.,2023-04-21 10:02:33
1005,104,1,1,A must-see attraction.,2022-12-16 23:53:04
1006,631,11,1,Exceeded my expectations.,2020-05-02 03:26:22
1007,777,2,4,Exceeded my expectations.,2020-04-19 13:36:54
1008,963,7,4,Crowded but impressive.,2022-04-17 23:03:32
1009,589,1,4,Crowded but impressive.,2023-09-05 15:45:34
1010,718,10,2,Crowded but impressive.,2022-08-29 05:13:35
1011,322,11,1,A must-see attraction.,2021-04-29 23:20:45
1012,113,12,3,Crowded but impressive.,2022-01-04 07:35:13
1013,681,9,5,A must-see attraction.,2023-10-15 02:15:10
1014,412,11,2,Not worth the price.,2021-09-06 23:36:38
1015,810,7,4,Would visit again.,2023-02-17 09:08:38
1016,901,11,3,Exceeded my expectations.,2024-06-25 21:59:54
1017,609,7,1,A must-see attraction.,2020-06-28 13:21:09
1018,466,3,2,Crowded but impressive.,2024-07-30 12:51:34
1019,220,5,1,Would visit again.,2021-12-17 02:07:39
1020,821,6,1,Could be better organized.,2021-08-25 06:29:53
1021,627,1,1,Not worth the price.,2021-08-11 22:43:54
1022,49,10,4,Could be better organized.,2022-08-20 18:53:04
1023,169,8,3,Crowded but impressive.,2021-12-05 08:47:47
1024,443,7,2,Not worth the price.,2024-01-30 15:17:34
1025,730,13,5,A must-see attraction.,2023-10-04 02:16:38
1026,788,14,1,Exceeded my expectations.,2022-04-12 17:46:28
1027,533,1,2,Exceeded my expectations.,2020-02-04 04:30:33
1028,681,1,4,Exceeded my expectations.,2021-12-10 09:19:05
1029,824,6,4,Could be better organized.,2023-02-07 06:17:05
1030,575,14,2,A must-see attraction.,2020-03-19 06:17:38
1031,526,3,3,Would visit again.,2023-07-13 14:38:58
1032,243,12,4,Could be better organized.,2025-01-11 02:20:05
1033,969,5,1,Would visit again.,2024-04-22 21:20:03
1034,885,13,5,A must-see attraction.,2023-08-26 08:48:14
1035,962,10,1,Amazing experience!,2021-01-27 06:18:49
1036,689,3,2,Could be better organized.,2021-05-31 12:16:28
1037,78,5,2,Not worth the price.,2021-05-09 04:52:20
1038,825,7,1,Amazing experience!,2024-12-24 08:04:26
1039,501,13,5,Crowded but impressive.,2021-03-31 22:13:42
1040,864,6,5,Could be better organized.,2022-08-09 03:00:10
1041,404,13,3,A must-see attraction.,2022-03-31 13:09:57
1042,645,11,3,A must-see attraction.,2023-03-02 16:48:50
1043,717,4,2,Not worth the price.,2022-09-11 23:08:27
1044,287,5,1,Amazing experience!,2024-06-05 23:34:05
1045,100,13,5,Exceeded my expectations.,2022-11-30 10:46:06
1046,88,4,4,A must-see attraction.,2021-08-05 18:59:47
1047,524,1,3,Would visit again.,2020-06-29 00:13:18
1048,212,9,5,Amazing experience!,2025-01-16 17:38:15
1049,222,8,4,Crowded but impressive.,2022-07-23 21:20:38
1050,800,2,5,Could be better organized.,2022-05-18 05:55:22
1051,883,8,1,Not worth the price.,2023-04-01 20:07:18
1052,687,3,2,Amazing experience!,2020-08-19 11:10:58
1053,268,11,5,Would visit again.,2021-09-08 04:16:42
1054,249,6,3,Amazing experience!,2020-10-29 18:05:43
1055,114,3,4,Would visit again.,2024-08-10 00:16:41
1056,213,7,1,Would visit again.,2020-01-06 00:45:12
1057,521,8,4,Not worth the price.,2023-12-27 05:45:41
1058,930,8,1,Exceeded my expectations.,2024-11-15 06:43:08
1059,11,7,4,A must-see attraction.,2020-12-02 19:26:23
1060,995,9,2,Could be better organized.,2023-12-15 19:18:25
1061,387,3,5,Not worth the price.,2020-01-09 00:39:03
1062,495,7,4,Exceeded my expectations.,2020-07-23 01:29:18
1063,652,7,2,Amazing experience!,2024-03-30 07:12:58
1064,151,1,3,Crowded but impressive.,2024-06-14 14:54:41
1065,866,9,4,Crowded but impressive.,2020-06-02 05:59:36
1066,673,5,1,Crowded but impressive.,2023-04-26 11:21:44
1067,834,10,2,Amazing experience!,2021-12-03 17:48:55
1068,908,14,2,A must-see attraction.,2022-07-12 21:44:22
1069,671,6,4,Not worth the price.,2023-08-27 02:21:51
1070,479,5,1,Crowded but impressive.,2020-09-15 20:22:59
1071,411,1,3,Exceeded my expectations.,2021-12-17 17:34:00
1072,624,11,1,A must-see attraction.,2022-02-16 06:13:27
1073,816,13,5,Amazing experience!,2024-10-20 00:37:35
1074,737,12,4,Exceeded my expectations.,2020-02-18 01:12:52
1075,235,5,2,Not worth the price.,2020-12-21 17:11:30
1076,723,10,4,Exceeded my expectations.,2020-06-13 21:57:14
1077,127,9,1,Exceeded my expectations.,2023-03-07 05:50:27
1078,573,10,1,Would visit again.,2023-05-18 18:22:20
1079,558,3,5,A must-see attraction.,2023-12-14 07:07:30
1080,978,1,4,Not worth the price.,2021-06-28 04:14:41
1081,121,6,2,Amazing experience!,2022-02-12 12:24:56
1082,653,7,2,Could be better organized.,2022-11-25 05:26:31
1083,976,3,4,Could be better organized.,2020-01-11 17:02:50
1084,144,3,1,A must-see attraction.,2024-11-10 05:41:09
1085,753,13,1,Crowded but impressive.,2024-05-03 15:38:31
1086,467,6,3,Crowded but impressive.,2020-02-02 12:17:33
1087,145,14,5,Would visit again.,2021-09-10 05:31:44
1088,792,6,5,Would visit again.,2024-04-13 06:36:18
1089,848,5,2,Exceeded my expectations.,2020-09-13 21:17:01
1090,5,7,3,A must-see attraction.,2022-01-13 12:28:37
1091,907,13,3,Could be better organized.,2020-09-19 09:52:15
1092,492,5,3,Not worth the price.,2023-03-18 11:37:30
1093,588,4,3,Amazing experience!,2020-03-21 18:34:24
1094,898,3,1,Not worth the price.,2020-05-26 06:54:16
1095,930,13,1,Would visit again.,2024-08-14 06:57:57
1096,251,4,1,Crowded but impressive.,2022-10-23 13:49:49
1097,377,9,5,Exceeded my expectations.,2024-02-07 02:46:09
1098,580,10,1,Would visit again.,2022-11-18 20:20:02
1099,828,13,5,A must-see attraction.,2020-11-06 14:01:28
1100,505,8,1,Could be better organized.,2024-02-18 17:44:57
1101,717,1,2,Amazing experience!,2022-12-09 02:52:02
1102,421,9,4,Amazing experience!,2024-11-15 15:37:38
1103,311,2,2,Not worth the price.,2023-04-01 19:00:13
1104,5,6,1,A must-see attraction.,2022-02-26 04:38:18
1105,554,13,2,Could be better organized.,2024-09-21 04:43:26
1106,605,6,2,Would visit again.,2023-10-24 13:33:32
1107,395,9,3,Amazing experience!,2024-09-27 15:12:53
1108,465,13,4,A must-see attraction.,2023-12-15 01:07:19
1109,887,11,4,Could be better organized.,2020-07-07 09:43:18
1110,10,7,3,Would visit again.,2022-08-21 15:30:16
1111,333,11,5,Could be better organized.,2023-11-14 18:43:38
1112,693,11,2,Could be better organized.,2020-09-05 15:23:12
1113,655,13,4,Could be better organized.,2022-01-04 06:21:26
1114,46,4,2,Would visit again.,2022-03-31 19:55:51
1115,595,13,4,Exceeded my expectations.,2023-11-02 19:04:21
1116,342,13,4,Not worth the price.,2022-11-23 05:33:10
1117,120,13,1,Not worth the price.,2024-08-13 13:28:05
1118,288,9,1,Crowded but impressive.,2022-07-31 20:24:20
1119,718,14,4,Exceeded my expectations.,2021-11-05 20:50:25
1120,864,2,5,Amazing experience!,2022-12-06 03:11:33
1121,397,1,3,Could be better organized.,2022-06-18 11:26:10
1122,167,8,1,A must-see attraction.,2025-01-20 14:03:33
1123,799,14,5,Not worth the price.,2024-12-06 03:09:37
1124,736,5,4,A must-see attraction.,2020-12-30 15:31:06
1125,108,2,1,A must-see attraction.,2024-11-24 23:23:30
1126,485,7,3,A must-see attraction.,2023-01-29 20:57:04
1127,297,11,3,A must-see attraction.,2022-11-26 18:09:27
1128,473,3,5,Crowded but impressive.,2023-11-17 11:37:09
1129,156,3,4,Exceeded my expectations.,2024-11-26 11:32:46
1130,216,5,5,Not worth the price.,2022-04-13 18:36:21
1131,966,11,1,Could be better organized.,2021-09-23 08:59:50
1132,594,1,5,Crowded but impressive.,2022-03-12 00:32:10
1133,980,11,4,Crowded but impressive.,2022-12-19 21:59:27
1134,760,7,1,Could be better organized.,2023-09-09 23:56:05
1135,389,12,5,Exceeded my expectations.,2025-01-30 05:46:52
1136,187,14,4,Amazing experience!,2021-11-09 19:20:16
1137,532,3,4,Could be better organized.,2024-08-29 03:30:22
1138,488,1,5,Could be better organized.,2023-10-07 21:58:58
1139,905,8,4,A must-see attraction.,2025-01-26 03:40:23
1140,384,8,1,Could be better organized.,2021-09-29 06:54:03
1141,584,10,4,Would visit again.,2023-03-14 23:07:22
1142,229,8,4,Crowded but impressive.,2021-07-24 20:28:12
1143,901,12,4,Amazing experience!,2020-09-22 07:48:35
1144,57,8,2,Not worth the price.,2021-01-17 18:39:35
1145,134,9,5,A must-see attraction.,2021-06-19 14:25:28
1146,192,11,1,A must-see attraction.,2024-08-03 14:24:52
1147,991,11,2,Not worth the price.,2021-09-18 17:03:10
1148,168,4,2,Exceeded my expectations.,2022-01-21 10:07:08
1149,54,13,2,Would visit again.,2025-01-05 03:51:07
1150,952,4,3,Not worth the price.,2023-03-23 18:38:35
1151,24,13,4,Could be better organized.,2020-03-26 12:46:55
1152,855,14,4,Crowded but impressive.,2022-03-14 09:52:15
1153,725,4,1,A must-see attraction.,2022-12-04 02:49:41
1154,671,3,2,Not worth the price.,2023-09-21 17:15:10
1155,551,7,3,Could be better organized.,2021-03-12 18:00:59
1156,614,5,1,Would visit again.,2024-04-20 14:47:02
1157,352,4,4,Exceeded my expectations.,2020-05-30 20:54:27
1158,34,13,4,Could be better organized.,2022-04-03 00:27:25
1159,260,9,5,Not worth the price.,2022-06-11 12:17:06
1160,545,8,3,Would visit again.,2020-11-27 07:11:36
1161,120,10,5,Could be better organized.,2020-01-31 11:10:04
1162,263,3,3,Not worth the price.,2022-08-24 07:11:52
1163,927,3,5,Could be better organized.,2020-01-21 01:47:47
1164,332,4,4,A must-see attraction.,2022-07-29 09:42:08
1165,994,3,3,Not worth the price.,2020-04-02 18:47:24
1166,492,9,4,Crowded but impressive.,2024-07-04 18:11:51
1167,653,8,5,A must-see attraction.,2020-03-26 04:03:47
1168,696,3,1,Would visit again.,2025-01-07 08:25:43
1169,974,3,2,Amazing experience!,2022-02-12 22:43:19
1170,910,2,4,Amazing experience!,2020-10-16 00:49:19
1171,637,12,3,Crowded but impressive.,2023-05-31 17:53:05
1172,988,7,2,Crowded but impressive.,2024-11-26 17:06:26
1173,678,3,5,Could be better organized.,2024-01-06 09:01:54
1174,580,9,4,Would visit again.,2024-06-01 16:52:02
1175,509,4,1,Not worth the price.,2021-05-04 08:27:22
1176,825,5,5,Not worth the price.,2023-06-23 18:16:18
1177,178,10,1,A must-see attraction.,2024-11-29 00:51:27
1178,402,5,3,Amazing experience!,2023-08-19 23:39:06
1179,9,4,2,Could be better organized.,2021-07-21 18:55:27
1180,555,9,5,Amazing experience!,2024-01-03 08:51:22
1181,5,1,3,Amazing experience!,2020-05-08 09:35:53
1182,184,9,4,Not worth the price.,2022-11-17 14:33:10
1183,702,2,2,Amazing experience!,2021-04-02 03:31:18
1184,698,3,1,Amazing experience!,2024-02-28 13:49:05
1185,370,5,3,Not worth the price.,2020-07-26 14:42:06
1186,408,5,5,A must-see attraction.,2021-03-03 03:55:43
1187,675,14,1,Amazing experience!,2022-04-15 22:34:41
1188,416,7,2,Could be better organized.,2023-12-20 06:20:25
1189,328,11,1,Could be better organized.,2020-10-30 11:11:31
1190,365,3,4,Exceeded my expectations.,2024-11-09 12:12:06
1191,459,5,3,Would visit again.,2020-06-06 19:58:51
1192,236,14,4,Amazing experience!,2024-02-04 06:56:47
1193,548,13,3,Not worth the price.,2024-08-13 14:02:49
1194,955,13,2,Would visit again.,2020-02-11 14:56:22
1195,587,6,5,A must-see attraction.,2021-03-16 10:17:48
1196,924,4,5,Would visit again.,2023-05-21 05:18:31
1197,548,12,1,A must-see attraction.,2020-06-01 03:47:34
1198,815,2,3,Not worth the price.,2023-10-15 21:58:56
1199,609,3,2,Would visit again.,2023-05-31 21:46:32
1200,498,2,3,Exceeded my expectations.,2024-07-09 09:22:32
1201,351,9,1,Crowded but impressive.,2023-12-01 02:42:33
1202,8,2,3,Amazing experience!,2020-11-27 23:52:06
1203,580,7,4,Crowded but impressive.,2024-02-10 19:58:13
1204,686,3,1,Crowded but impressive.,2021-02-05 04:22:31
1205,359,2,5,Would visit again.,2020-05-23 14:25:33
1206,123,14,5,Would visit again.,2024-09-03 21:15:03
1207,742,12,3,Would visit again.,2022-01-10 07:04:00
1208,233,12,2,Crowded but impressive.,2023-10-29 23:41:36
1209,862,1,3,Crowded but impressive.,2021-09-06 05:53:23
1210,773,8,5,Not worth the price.,2024-04-19 14:22:04
1211,166,10,1,Not worth the price.,2024-07-21 19:43:48
1212,988,11,3,Not worth the price.,2021-01-23 00:41:37
1213,80,7,2,Could be better organized.,2023-10-10 07:34:51
1214,86,5,5,Would visit again.,2020-03-01 06:21:53
1215,926,13,4,Not worth the price.,2023-11-28 14:05:21
1216,310,12,1,Could be better organized.,2022-08-20 10:20:52
1217,937,3,3,Crowded but impressive.,2023-12-24 05:31:12
1218,847,4,5,A must-see attraction.,2021-05-07 06:59:12
1219,395,3,3,Crowded but impressive.,2020-09-04 16:58:59
1220,530,9,2,Exceeded my expectations.,2020-08-05 18:16:47
1221,183,5,5,Could be better organized.,2023-12-30 16:49:51
1222,746,8,2,Could be better organized.,2023-09-11 03:31:28
1223,726,13,4,A must-see attraction.,2021-06-17 22:08:43
1224,904,13,3,Not worth the price.,2021-08-17 06:04:34
1225,651,5,2,Exceeded my expectations.,2022-11-30 10:41:34
1226,881,5,5,A must-see attraction.,2024-05-31 03:23:38
1227,508,3,5,Could be better organized.,2023-03-15 09:48:11
1228,371,8,1,Not worth the price.,2023-06-15 17:03:20
1229,771,12,3,Would visit again.,2024-05-30 00:12:12
1230,888,11,1,Could be better organized.,2021-05-01 19:46:47
1231,629,10,1,Could be better organized.,2021-12-04 09:11:28
1232,277,9,1,Exceeded my expectations.,2022-07-11 05:10:18
1233,129,5,4,Crowded but impressive.,2023-07-25 01:08:01
1234,985,1,1,Exceeded my expectations.,2020-06-03 20:17:14
1235,582,5,1,Crowded but impressive.,2020-07-23 11:33:39
1236,430,12,3,A must-see attraction.,2021-12-09 12:58:39
1237,490,7,2,Not worth the price.,2021-06-05 07:31:27
1238,416,7,2,Would visit again.,2023-02-11 00:30:15
1239,268,10,2,Amazing experience!,2021-11-17 01:48:49
1240,423,13,5,Would visit again.,2020-06-13 19:47:40
1241,610,13,1,Exceeded my expectations.,2022-04-13 23:35:48
1242,946,14,1,Amazing experience!,2022-10-28 18:15:26
1243,152,8,2,Amazing experience!,2020-12-19 02:16:31
1244,771,8,2,Could be better organized.,2021-07-20 07:42:57
1245,406,5,1,Not worth the price.,2024-03-06 13:08:15
1246,984,14,3,A must-see attraction.,2024-11-10 19:56:08
1247,993,13,1,Amazing experience!,2020-07-23 08:33:51
1248,535,5,2,Crowded but impressive.,2021-11-23 03:14:56
1249,223,6,5,Crowded but impressive.,2022-04-27 20:42:12
1250,460,13,3,Would visit again.,2021-05-05 14:58:05
1251,590,9,2,Could be better organized.,2022-09-30 15:45:06
1252,632,7,4,Exceeded my expectations.,2024-02-04 08:17:27
1253,807,8,1,Not worth the price.,2022-02-13 05:25:25
1254,884,10,1,Could be better organized.,2021-06-08 11:26:24
1255,171,7,2,Exceeded my expectations.,2022-07-24 18:43:01
1256,477,12,2,A must-see attraction.,2022-10-05 00:32:24
1257,11,1,2,Would visit again.,2024-10-14 10:59:43
1258,17,10,1,Exceeded my expectations.,2020-06-21 17:59:40
1259,443,5,4,A must-see attraction.,2020-07-28 21:10:02
1260,886,14,3,Not worth the price.,2021-03-28 12:22:31
1261,463,9,4,Would visit again.,2022-10-06 09:15:34
1262,326,5,1,Exceeded my expectations.,2022-06-01 19:01:43
1263,181,11,2,Amazing experience!,2023-05-29 11:20:52
1264,635,8,5,Would visit again.,2020-07-09 00:48:16
1265,753,7,4,Not worth the price.,2022-04-11 12:38:41
1266,969,10,2,Crowded but impressive.,2021-09-02 08:35:27
1267,314,4,5,A must-see attraction.,2024-12-30 05:50:21
1268,20,5,3,Could be better organized.,2021-10-20 16:44:10
1269,758,13,5,Could be better organized.,2021-07-23 06:13:26
1270,811,12,3,Would visit again.,2024-05-14 00:41:50
1271,481,9,2,Not worth the price.,2023-11-19 20:03:06
1272,203,4,5,Amazing experience!,2021-11-18 14:26:50
1273,253,1,4,Would visit again.,2022-05-11 08:04:48
1274,349,4,2,Amazing experience!,2021-07-15 16:34:06
1275,236,7,3,Amazing experience!,2021-07-09 05:50:07
1276,157,5,4,Not worth the price.,2020-03-08 05:30:20
1277,649,10,5,Not worth the price.,2021-08-16 00:51:07
1278,732,14,4,Would visit again.,2020-06-19 18:28:01
1279,248,4,3,Amazing experience!,2022-10-04 05:51:19
1280,938,2,4,Amazing experience!,2021-01-24 22:57:52
1281,255,14,2,Not worth the price.,2020-10-24 18:10:04
1282,839,1,4,Exceeded my expectations.,2020-10-05 22:03:57
1283,375,6,3,Crowded but impressive.,2024-03-29 06:30:31
1284,56,13,5,Not worth the price.,2020-06-11 13:48:09
1285,280,3,2,Exceeded my expectations.,2022-07-18 10:31:17
1286,970,6,4,Not worth the price.,2020-08-09 05:32:08
1287,81,10,5,Would visit again.,2023-02-27 16:47:58
1288,833,6,1,Would visit again.,2022-09-23 12:14:58
1289,239,9,1,A must-see attraction.,2024-05-24 20:48:26
1290,78,10,1,Could be better organized.,2022-02-14 01:32:53
1291,843,12,3,Amazing experience!,2022-12-21 05:26:10
1292,733,12,2,Exceeded my expectations.,2022-08-21 07:46:39
1293,626,5,1,Crowded but impressive.,2024-01-01 15:00:20
1294,113,6,4,Could be better organized.,2022-09-02 17:56:00
1295,367,8,1,A must-see attraction.,2023-09-04 22:21:05
1296,817,4,2,Crowded but impressive.,2021-02-12 10:26:13
1297,285,7,2,Amazing experience!,2023-08-30 18:36:58
1298,124,12,4,Would visit again.,2020-08-19 06:09:44
1299,688,11,5,Exceeded my expectations.,2023-02-07 00:48:07
1300,914,12,4,Would visit again.,2022-09-08 14:23:53
1301,135,1,1,A must-see attraction.,2023-09-16 00:58:35
1302,963,2,3,Amazing experience!,2022-06-17 09:27:53
1303,158,1,3,Crowded but impressive.,2024-10-13 05:52:10
1304,676,7,5,Could be better organized.,2023-01-18 19:38:58
1305,684,11,4,Crowded but impressive.,2023-10-15 18:52:41
1306,472,2,3,Would visit again.,2021-11-01 09:07:04
1307,710,7,1,Crowded but impressive.,2020-05-10 14:11:47
1308,764,13,5,Amazing experience!,2020-12-05 14:19:07
1309,46,2,3,Could be better organized.,2023-07-21 10:20:59
1310,751,2,1,Exceeded my expectations.,2021-11-03 19:04:01
1311,615,3,4,Could be better organized.,2024-05-14 05:10:41
1312,538,9,5,Amazing experience!,2024-07-29 08:14:04
1313,609,4,1,Not worth the price.,2023-04-28 23:37:24
1314,673,2,4,Would visit again.,2024-09-19 21:33:13
1315,536,2,4,Crowded but impressive.,2024-01-09 23:17:28
1316,725,9,3,Amazing experience!,2024-06-26 16:56:33
1317,837,11,3,A must-see attraction.,2025-01-25 08:22:12
1318,47,6,1,Exceeded my expectations.,2025-01-10 19:57:54
1319,391,6,4,Could be better organized.,2024-09-25 22:20:26
1320,550,13,2,A must-see attraction.,2024-01-27 01:27:35
1321,181,9,1,Amazing experience!,2024-01-28 17:18:41
1322,973,3,4,Would visit again.,2020-01-06 12:32:51
1323,742,11,5,Amazing experience!,2022-06-21 04:32:09
1324,459,3,2,A must-see attraction.,2021-10-16 20:46:19
1325,361,7,3,Amazing experience!,2023-12-19 03:40:54
1326,529,4,1,Crowded but impressive.,2021-11-20 13:25:37
1327,51,13,4,Crowded but impressive.,2023-10-09 17:37:33
1328,976,9,5,Crowded but impressive.,2024-11-04 23:23:13
1329,381,2,3,Not worth the price.,2022-06-01 12:43:18
1330,623,9,2,A must-see attraction.,2023-12-04 16:15:00
1331,914,2,3,A must-see attraction.,2024-02-02 19:29:30
1332,270,10,1,A must-see attraction.,2023-03-23 06:11:11
1333,540,9,4,A must-see attraction.,2023-03-03 13:08:57
1334,71,14,5,Not worth the price.,2024-03-06 19:11:18
1335,915,2,1,A must-see attraction.,2022-08-03 11:53:27
1336,363,7,1,Not worth the price.,2023-02-09 09:24:06
1337,841,7,2,Not worth the price.,2022-02-12 10:35:41
1338,949,13,1,Crowded but impressive.,2020-05-31 15:52:28
1339,939,11,4,Would visit again.,2025-01-02 15:03:17
1340,955,3,1,Exceeded my expectations.,2020-04-10 13:51:44
1341,138,6,5,Could be better organized.,2022-12-11 07:10:19
1342,439,6,2,Would visit again.,2023-12-30 09:16:05
1343,721,8,4,Could be better organized.,2022-01-21 17:24:47
1344,19,11,2,Amazing experience!,2023-03-22 01:06:13
1345,508,12,5,A must-see attraction.,2020-12-02 08:51:04
1346,607,13,2,Could be better organized.,2023-07-15 11:36:08
1347,111,6,3,Crowded but impressive.,2024-02-01 19:40:17
1348,690,3,1,Could be better organized.,2020-11-17 13:15:09
1349,148,5,1,Would visit again.,2023-03-10 22:11:15
1350,979,14,3,Not worth the price.,2022-09-25 02:07:43
1351,25,11,1,Not worth the price.,2022-07-07 23:30:25
1352,605,1,5,Exceeded my expectations.,2020-04-23 07:59:53
1353,682,10,5,Crowded but impressive.,2021-10-10 15:49:43
1354,582,14,4,A must-see attraction.,2023-11-24 17:25:17
1355,243,9,5,A must-see attraction.,2021-02-23 18:07:50
1356,318,7,1,A must-see attraction.,2021-10-28 14:23:20
1357,14,4,3,Would visit again.,2024-06-22 16:43:48
1358,226,13,1,Amazing experience!,2020-04-02 22:09:04
1359,595,2,3,Would visit again.,2022-08-30 01:22:42
1360,162,10,3,Crowded but impressive.,2021-12-03 05:40:32
1361,19,8,3,Amazing experience!,2023-09-21 20:00:09
1362,582,10,4,Not worth the price.,2022-04-23 10:15:43
1363,424,13,4,Would visit again.,2024-05-09 16:20:32
1364,635,8,2,Not worth the price.,2020-11-05 23:50:40
1365,535,10,4,Would visit again.,2021-03-27 08:16:31
1366,345,3,4,Could be better organized.,2022-10-13 21:43:55
1367,648,7,1,Amazing experience!,2021-05-30 12:54:18
1368,131,4,1,Would visit again.,2021-11-28 08:33:32
1369,919,5,1,Not worth the price.,2023-04-02 14:00:09
1370,762,8,4,Could be better organized.,2020-11-13 03:58:27
1371,189,6,1,Exceeded my expectations.,2023-02-20 07:50:29
1372,532,10,1,Could be better organized.,2022-03-26 05:33:13
1373,105,9,2,Could be better organized.,2024-04-23 16:48:09
1374,904,1,3,Amazing experience!,2023-07-06 13:55:19
1375,413,7,1,Exceeded my expectations.,2024-08-11 18:12:23
1376,821,2,2,Would visit again.,2024-12-04 05:55:26
1377,131,8,5,Crowded but impressive.,2022-07-02 03:43:59
1378,790,5,4,Exceeded my expectations.,2020-04-14 12:47:17
1379,598,9,4,Could be better organized.,2021-08-24 19:23:20
1380,427,2,3,Would visit again.,2024-01-11 12:48:39
1381,401,10,3,Could be better organized.,2024-09-09 22:24:04
1382,830,13,3,Not worth the price.,2022-07-30 04:10:15
1383,160,1,2,Would visit again.,2022-03-17 07:20:01
1384,711,9,2,Not worth the price.,2024-07-25 10:35:22
1385,558,14,4,Would visit again.,2020-08-07 00:36:24
1386,251,14,4,Would visit again.,2023-12-06 10:58:36
1387,79,5,3,Amazing experience!,2021-12-04 06:54:18
1388,966,2,1,Crowded but impressive.,2020-04-08 01:44:39
1389,713,3,4,Exceeded my expectations.,2023-03-28 15:12:16
1390,647,10,1,Not worth the price.,2021-01-12 13:18:49
1391,619,13,2,Exceeded my expectations.,2024-11-17 14:08:14
1392,419,1,4,Amazing experience!,2020-03-17 03:23:43
1393,271,8,1,Could be better organized.,2024-04-06 16:09:33
1394,582,14,1,Could be better organized.,2020-11-12 16:52:35
1395,835,10,5,Would visit again.,2022-09-06 16:35:26
1396,868,7,5,Would visit again.,2022-08-01 19:00:58
1397,744,8,4,Crowded but impressive.,2024-09-11 15:52:41
1398,686,13,2,Not worth the price.,2020-07-15 22:44:27
1399,993,1,2,Not worth the price.,2020-08-31 20:47:06
1400,288,2,2,Could be better organized.,2020-08-04 17:43:19
1401,529,2,1,Could be better organized.,2024-10-13 04:49:16
1402,649,2,3,Amazing experience!,2022-11-27 22:54:14
1403,944,2,2,Would visit again.,2022-09-05 05:52:32
1404,652,2,4,Could be better organized.,2024-12-29 12:15:48
1405,685,1,3,Not worth the price.,2023-10-31 10:56:19
1406,40,9,3,A must-see attraction.,2020-01-05 05:40:29
1407,587,12,3,Could be better organized.,2020-05-28 09:43:11
1408,827,7,4,Amazing experience!,2022-07-08 08:48:42
1409,677,14,5,A must-see attraction.,2024-06-23 23:41:15
1410,218,2,1,Would visit again.,2020-11-20 21:02:27
1411,269,13,3,Could be better organized.,2023-04-25 20:02:21
1412,279,6,4,Would visit again.,2021-04-18 16:42:11
1413,469,6,4,Crowded but impressive.,2022-04-15 02:40:25
1414,810,1,4,Exceeded my expectations.,2022-04-11 19:19:30
1415,28,4,2,Could be better organized.,2023-10-29 06:34:04
1416,272,5,5,Exceeded my expectations.,2024-12-08 22:29:49
1417,629,9,4,Amazing experience!,2021-12-14 13:28:22
1418,253,10,1,Exceeded my expectations.,2021-12-11 17:32:03
1419,403,12,5,Not worth the price.,2020-10-03 09:27:23
1420,191,14,4,Not worth the price.,2020-08-07 23:51:19
1421,5,14,4,Amazing experience!,2021-11-27 09:38:20
1422,172,7,4,Not worth the price.,2021-12-27 05:07:34
1423,963,2,5,Amazing experience!,2022-12-16 05:07:08
1424,501,7,2,Amazing experience!,2020-04-22 11:41:34
1425,84,1,5,Crowded but impressive.,2023-06-15 13:00:47
1426,660,6,3,A must-see attraction.,2020-10-20 23:27:36
1427,170,6,2,A must-see attraction.,2020-04-26 08:36:43
1428,398,5,1,Amazing experience!,2022-05-22 17:20:02
1429,452,5,5,A must-see attraction.,2023-12-12 05:20:09
1430,614,5,5,A must-see attraction.,2024-12-19 01:06:48
1431,836,9,5,Not worth the price.,2024-04-29 16:18:41
1432,259,9,1,A must-see attraction.,2020-02-07 15:30:44
1433,920,11,2,A must-see attraction.,2020-11-26 22:58:52
1434,26,1,4,Could be better organized.,2023-12-26 16:31:31
1435,5,13,1,A must-see attraction.,2024-02-19 20:09:21
1436,973,13,2,Exceeded my expectations.,2024-02-01 18:33:05
1437,321,10,3,Crowded but impressive.,2021-09-04 21:34:06
1438,829,4,1,A must-see attraction.,2024-06-27 20:00:15
1439,106,2,1,A must-see attraction.,2020-11-27 05:56:46
1440,588,12,4,Could be better organized.,2020-06-10 18:40:55
1441,38,5,5,Amazing experience!,2021-06-12 20:36:45
1442,945,2,3,Not worth the price.,2022-07-01 13:41:52
1443,89,13,3,Not worth the price.,2025-01-13 00:36:38
1444,434,8,3,Would visit again.,2021-12-22 22:10:30
1445,239,11,5,Not worth the price.,2024-10-20 06:57:19
1446,748,7,3,Not worth the price.,2021-05-17 13:35:41
1447,235,10,1,A must-see attraction.,2020-03-23 09:00:16
1448,839,4,2,Not worth the price.,2022-01-27 11:16:34
1449,929,1,1,Not worth the price.,2024-12-24 14:27:56
1450,598,3,4,Exceeded my expectations.,2023-06-09 20:42:46
1451,357,4,4,Exceeded my expectations.,2020-12-12 22:34:52
1452,981,12,5,A must-see attraction.,2023-11-18 20:49:06
1453,242,2,4,Would visit again.,2024-10-30 11:33:28
1454,890,5,4,Exceeded my expectations.,2021-04-25 20:30:48
1455,280,9,4,Exceeded my expectations.,2021-04-17 23:34:32
1456,952,4,5,Could be better organized.,2022-12-20 07:01:35
1457,867,9,4,Could be better organized.,2022-10-20 22:28:55
1458,994,11,2,Could be better organized.,2021-04-21 16:51:22
1459,887,8,4,Crowded but impressive.,2023-11-09 03:39:10
1460,680,2,3,Exceeded my expectations.,2020-08-31 02:03:47
1461,948,4,3,Crowded but impressive.,2021-09-15 17:36:58
1462,811,2,4,Crowded but impressive.,2023-04-28 07:03:08
1463,451,1,4,Amazing experience!,2023-02-08 22:05:35
1464,373,9,1,A must-see attraction.,2021-12-12 11:08:31
1465,845,6,4,Crowded but impressive.,2021-01-24 06:42:06
1466,122,12,1,A must-see attraction.,2021-02-27 07:20:56
1467,348,1,4,Exceeded my expectations.,2024-12-30 03:17:34
1468,571,10,2,Not worth the price.,2022-03-28 00:43:27
1469,403,5,4,Would visit again.,2025-01-14 22:12:38
1470,548,12,5,A must-see attraction.,2020-02-18 09:23:43
1471,105,5,3,Not worth the price.,2024-02-18 22:36:35
1472,6,14,2,Crowded but impressive.,2022-01-07 09:07:55
1473,257,11,2,A must-see attraction.,2020-11-03 18:10:17
1474,742,9,4,A must-see attraction.,2024-12-16 21:53:19
1475,989,3,3,Not worth the price.,2021-01-26 21:55:03
1476,619,14,1,Not worth the price.,2020-03-15 02:39:05
1477,637,3,4,Amazing experience!,2020-01-23 00:31:06
1478,50,11,1,Could be better organized.,2020-12-11 03:10:03
1479,684,13,1,Amazing experience!,2022-10-12 00:44:15
1480,435,2,4,Amazing experience!,2024-12-23 20:03:57
1481,471,4,5,Not worth the price.,2022-02-23 02:42:11
1482,992,13,5,Exceeded my expectations.,2024-05-16 18:45:06
1483,84,3,1,Could be better organized.,2021-12-18 15:43:10
1484,2,1,5,Crowded but impressive.,2021-03-10 18:03:36
1485,671,13,2,Crowded but impressive.,2022-07-30 05:59:07
1486,682,7,5,Crowded but impressive.,2020-06-08 04:16:56
1487,783,11,5,Could be better organized.,2023-06-11 21:58:01
1488,490,3,2,Exceeded my expectations.,2021-11-08 11:04:56
1489,76,1,3,Exceeded my expectations.,2022-03-26 05:54:59
1490,542,2,4,Exceeded my expectations.,2023-12-19 10:40:47
1491,972,11,2,Exceeded my expectations.,2023-07-06 04:32:28
1492,877,6,3,Exceeded my expectations.,2023-07-25 18:13:43
1493,72,10,2,Would visit again.,2020-08-11 03:24:48
1494,791,9,5,Would visit again.,2021-03-10 01:28:04
1495,22,7,2,Could be better organized.,2020-09-10 13:22:24
1496,539,12,4,Could be better organized.,2022-06-12 00:06:34
1497,125,8,4,Amazing experience!,2021-11-24 21:45:32
1498,849,1,2,Would visit again.,2023-07-08 13:48:42
1499,269,13,1,Exceeded my expectations.,2023-09-17 17:30:19
1500,623,4,4,Crowded but impressive.,2021-08-11 01:18:21
1501,325,11,5,Crowded but impressive.,2020-07-24 10:05:11
1502,424,14,4,A must-see attraction.,2022-05-01 00:35:12
1503,16,14,2,Would visit again.,2021-12-01 01:41:13
1504,801,10,1,Exceeded my expectations.,2024-11-10 18:59:17
1505,752,4,2,Not worth the price.,2021-03-10 16:35:38
1506,808,9,2,Exceeded my expectations.,2023-06-03 23:03:31
1507,825,8,1,Would visit again.,2023-03-28 06:41:39
1508,910,10,2,A must-see attraction.,2024-12-16 20:33:26
1509,267,10,5,Crowded but impressive.,2022-09-23 22:24:41
1510,866,14,2,Would visit again.,2022-08-30 12:33:40
1511,190,10,4,Could be better organized.,2022-03-10 06:55:13
1512,265,5,5,Not worth the price.,2022-02-10 11:31:36
1513,821,12,4,Could be better organized.,2024-08-11 08:02:11
1514,446,9,1,Could be better organized.,2020-12-26 20:31:56
1515,77,5,2,Would visit again.,2020-05-23 22:46:38
1516,437,5,1,Crowded but impressive.,2024-06-02 18:25:04
1517,26,6,5,A must-see attraction.,2024-01-27 21:34:51
1518,88,14,3,Not worth the price.,2022-12-16 07:52:58
1519,609,11,1,Could be better organized.,2023-04-22 12:19:29
1520,716,3,4,Crowded but impressive.,2024-01-27 22:03:30
1521,952,10,1,Would visit again.,2023-01-12 01:56:51
1522,591,2,2,Amazing experience!,2022-04-07 19:42:05
1523,978,7,2,A must-see attraction.,2021-06-06 21:16:18
1524,120,7,2,Exceeded my expectations.,2023-05-17 22:18:35
1525,405,12,1,Would visit again.,2021-03-28 20:13:17
1526,195,6,5,Not worth the price.,2020-08-13 03:01:43
1527,549,13,1,Would visit again.,2022-09-19 13:46:38
1528,353,11,5,Crowded but impressive.,2024-10-30 00:17:27
1529,975,8,4,Could be better organized.,2021-12-07 10:34:12
1530,739,8,5,Would visit again.,2023-01-20 09:12:11
1531,501,14,5,Not worth the price.,2022-12-11 18:46:18
1532,70,10,2,Not worth the price.,2023-11-03 13:43:54
1533,276,11,1,Amazing experience!,2020-07-19 01:18:41
1534,491,11,2,A must-see attraction.,2023-11-17 21:31:25
1535,13,4,5,A must-see attraction.,2021-04-06 02:49:19
1536,985,6,4,Exceeded my expectations.,2023-12-09 13:00:26
1537,884,7,1,Amazing experience!,2021-05-13 01:46:47
1538,374,9,3,Exceeded my expectations.,2021-05-13 05:53:02
1539,211,4,1,Could be better organized.,2020-02-14 18:45:46
1540,557,1,3,A must-see attraction.,2022-02-13 09:01:59
1541,33,12,5,Exceeded my expectations.,2021-03-30 01:56:51
1542,592,3,3,Exceeded my expectations.,2024-10-01 13:41:12
1543,143,9,4,Would visit again.,2021-06-16 03:49:39
1544,819,2,1,A must-see attraction.,2024-06-08 20:57:11
1545,538,4,1,Would visit again.,2023-10-03 07:26:11
1546,236,12,4,Not worth the price.,2022-06-21 21:18:16
1547,558,6,2,Would visit again.,2020-01-09 07:02:34
1548,484,3,1,Amazing experience!,2023-10-27 13:58:05
1549,866,1,5,Not worth the price.,2021-03-03 21:39:00
1550,558,8,3,Could be better organized.,2020-08-03 11:27:54
1551,448,11,2,A must-see attraction.,2023-08-28 14:19:20
1552,781,4,4,Not worth the price.,2020-07-24 17:54:01
1553,161,10,3,Not worth the price.,2022-10-28 12:58:32
1554,94,11,1,Amazing experience!,2023-02-03 03:28:00
1555,907,2,1,Crowded but impressive.,2020-12-22 17:51:24
1556,634,5,5,Could be better organized.,2022-03-06 03:44:04
1557,728,3,2,A must-see attraction.,2021-06-21 05:43:01
1558,213,12,1,Amazing experience!,2021-10-13 20:07:00
1559,429,1,4,Would visit again.,2021-02-04 19:04:50
1560,247,6,1,Would visit again.,2024-07-01 09:09:18
1561,237,1,2,Exceeded my expectations.,2022-04-24 04:39:19
1562,700,3,3,Would visit again.,2023-11-20 12:40:57
1563,339,13,2,Crowded but impressive.,2020-12-22 10:44:29
1564,446,13,5,Would visit again.,2024-10-06 15:35:33
1565,31,14,5,Amazing experience!,2023-07-15 01:07:13
1566,727,7,2,Amazing experience!,2023-08-04 04:36:15
1567,861,13,4,Crowded but impressive.,2023-04-12 17:28:58
1568,857,9,4,Exceeded my expectations.,2022-08-07 07:21:56
1569,10,4,2,Could be better organized.,2020-01-05 11:00:01
1570,261,6,3,Not worth the price.,2020-07-18 16:53:09
1571,966,1,4,Amazing experience!,2023-09-16 06:37:13
1572,401,5,5,A must-see attraction.,2020-01-14 07:27:08
1573,32,11,5,Not worth the price.,2022-06-20 11:08:31
1574,808,12,3,Crowded but impressive.,2020-03-26 08:15:38
1575,103,6,1,A must-see attraction.,2023-06-19 04:17:04
1576,307,3,5,A must-see attraction.,2021-06-12 00:52:02
1577,529,1,5,Would visit again.,2022-07-07 18:20:38
1578,99,2,3,Amazing experience!,2022-09-14 12:41:52
1579,838,1,5,Could be better organized.,2023-06-21 10:36:56
1580,631,10,4,Amazing experience!,2021-08-29 06:50:31
1581,126,6,2,Exceeded my expectations.,2022-10-26 16:12:53
1582,382,3,2,Exceeded my expectations.,2021-05-20 07:40:01
1583,137,11,5,Amazing experience!,2022-10-04 19:19:02
1584,516,14,5,Would visit again.,2023-11-17 19:59:39
1585,664,8,3,Would visit again.,2022-12-22 22:04:11
1586,944,5,1,Exceeded my expectations.,2022-08-08 21:40:28
1587,509,7,2,Not worth the price.,2021-09-08 15:32:22
1588,611,6,1,Could be better organized.,2020-11-26 21:43:56
1589,90,2,3,Could be better organized.,2021-05-09 11:37:56
1590,837,6,3,Crowded but impressive.,2023-09-14 17:55:17
1591,855,3,4,A must-see attraction.,2024-08-14 23:13:31
1592,566,9,2,A must-see attraction.,2020-05-05 10:42:54
1593,227,2,4,Not worth the price.,2024-07-09 09:19:05
1594,602,1,2,Amazing experience!,2022-03-02 09:49:42
1595,931,6,5,Could be better organized.,2024-04-25 17:51:15
1596,8,12,5,A must-see attraction.,2020-12-31 18:48:05
1597,857,9,4,Amazing experience!,2022-08-19 13:51:49
1598,847,3,2,Crowded but impressive.,2021-11-15 02:12:21
1599,377,12,3,Exceeded my expectations.,2022-07-05 14:02:03
1600,677,12,3,Crowded but impressive.,2021-07-16 11:49:07
1601,47,6,3,Crowded but impressive.,2023-06-17 18:36:33
1602,454,6,4,A must-see attraction.,2020-10-01 05:23:23
1603,110,11,2,Could be better organized.,2023-10-27 15:44:42
1604,607,13,5,Would visit again.,2020-02-26 22:08:44
1605,726,5,3,A must-see attraction.,2023-07-03 00:52:27
1606,995,3,4,Could be better organized.,2022-02-16 01:51:39
1607,333,13,1,Amazing experience!,2023-04-23 18:00:55
1608,1,9,5,Could be better organized.,2023-01-13 01:22:50
1609,992,9,5,A must-see attraction.,2020-05-01 02:15:09
1610,818,13,1,Not worth the price.,2021-06-05 14:32:32
1611,186,2,2,Would visit again.,2023-03-23 06:00:01
1612,727,9,5,Could be better organized.,2023-03-14 01:41:05
1613,63,1,5,Would visit again.,2022-04-25 23:45:24
1614,470,7,1,Would visit again.,2024-04-26 00:27:09
1615,651,10,5,Crowded but impressive.,2021-12-07 03:19:15
1616,8,11,4,Not worth the price.,2023-04-27 23:31:04
1617,925,2,1,Exceeded my expectations.,2022-02-04 14:09:57
1618,749,14,5,Crowded but impressive.,2024-01-28 17:05:06
1619,592,14,5,Would visit again.,2023-12-20 11:54:58
1620,108,11,3,Exceeded my expectations.,2023-05-08 22:50:17
1621,958,1,2,Would visit again.,2024-06-06 06:55:38
1622,694,8,5,Crowded but impressive.,2023-01-01 00:07:39
1623,904,14,2,Crowded but impressive.,2023-02-09 13:17:29
1624,752,11,5,Could be better organized.,2024-05-10 01:04:41
1625,407,9,1,Crowded but impressive.,2022-03-13 04:59:11
1626,795,4,5,A must-see attraction.,2023-05-15 02:21:41
1627,714,4,1,Exceeded my expectations.,2024-11-01 04:24:39
1628,9,11,1,A must-see attraction.,2022-01-06 23:48:11
1629,509,10,3,Crowded but impressive.,2024-12-14 10:19:38
1630,627,14,3,Could be better organized.,2022-05-09 15:43:37
1631,321,8,3,Could be better organized.,2022-08-20 05:25:02
1632,284,2,1,A must-see attraction.,2023-06-06 01:15:38
1633,596,14,2,Exceeded my expectations.,2023-08-16 16:05:08
1634,139,7,3,Not worth the price.,2021-12-22 14:31:47
1635,305,13,4,Could be better organized.,2023-01-06 21:06:08
1636,582,2,4,Amazing experience!,2022-03-16 01:03:23
1637,256,6,5,Exceeded my expectations.,2024-05-20 06:27:21
1638,215,10,5,Not worth the price.,2024-10-29 18:10:00
1639,759,1,4,Could be better organized.,2024-11-13 01:54:21
1640,990,7,3,Crowded but impressive.,2022-09-03 06:22:10
1641,462,9,2,Exceeded my expectations.,2024-03-23 18:00:11
1642,338,7,5,Amazing experience!,2023-03-21 16:47:35
1643,489,9,3,Could be better organized.,2021-11-08 13:17:15
1644,314,11,1,A must-see attraction.,2021-10-16 01:12:15
1645,59,8,1,Could be better organized.,2023-12-18 17:18:24
1646,477,7,1,Exceeded my expectations.,2021-08-23 13:52:44
1647,324,11,1,Exceeded my expectations.,2020-01-09 02:55:02
1648,504,9,5,Would visit again.,2023-04-20 04:14:00
1649,598,3,2,Would visit again.,2021-09-05 05:04:03
1650,733,12,5,Not worth the price.,2022-05-27 18:18:26
1651,14,4,2,A must-see attraction.,2024-12-12 02:26:05
1652,602,10,3,Would visit again.,2024-09-18 05:30:53
1653,342,11,1,Exceeded my expectations.,2021-08-04 21:08:04
1654,230,2,2,Could be better organized.,2023-05-04 17:28:47
1655,323,4,2,A must-see attraction.,2022-01-09 02:34:44
1656,322,12,3,Could be better organized.,2021-01-04 08:25:12
1657,292,10,4,Would visit again.,2022-03-26 12:03:14
1658,609,12,1,Would visit again.,2021-03-09 21:21:51
1659,992,3,2,Not worth the price.,2024-02-06 17:50:58
1660,499,2,3,A must-see attraction.,2022-10-21 11:08:19
1661,908,1,5,Would visit again.,2023-01-13 22:59:42
1662,322,6,3,Exceeded my expectations.,2023-11-03 17:07:46
1663,43,3,1,Amazing experience!,2023-07-01 03:50:41
1664,117,8,3,Amazing experience!,2021-08-27 11:33:44
1665,429,5,3,Could be better organized.,2023-01-24 21:11:18
1666,578,5,4,Could be better organized.,2023-05-01 17:53:47
1667,114,13,2,Amazing experience!,2024-09-07 22:27:22
1668,578,4,5,Amazing experience!,2021-04-03 04:31:40
1669,490,11,1,Could be better organized.,2023-07-24 03:49:46
1670,333,1,4,Exceeded my expectations.,2023-06-12 23:28:45
1671,106,3,2,Could be better organized.,2021-04-09 06:05:47
1672,929,9,2,Exceeded my expectations.,2020-03-23 01:37:24
1673,374,7,3,Not worth the price.,2023-07-26 13:16:20
1674,571,12,3,Would visit again.,2020-01-14 13:55:19
1675,960,5,3,Not worth the price.,2022-10-03 03:24:42
1676,831,6,5,Not worth the price.,2020-06-07 14:56:39
1677,130,7,2,Exceeded my expectations.,2022-10-31 01:37:31
1678,439,1,4,A must-see attraction.,2024-02-22 22:52:09
1679,787,9,5,Could be better organized.,2022-08-26 03:34:55
1680,946,13,2,Would visit again.,2021-03-01 07:53:21
1681,500,7,2,Crowded but impressive.,2020-07-10 17:54:36
1682,270,11,4,Amazing experience!,2020-03-31 19:40:41
1683,533,3,2,A must-see attraction.,2024-10-23 03:35:35
1684,387,12,2,A must-see attraction.,2024-10-14 13:50:47
1685,18,3,2,Would visit again.,2020-07-11 20:11:25
1686,578,8,3,Not worth the price.,2020-03-13 14:07:46
1687,411,2,4,Could be better organized.,2020-04-25 08:19:53
1688,443,11,4,Amazing experience!,2020-07-27 13:57:11
1689,980,6,1,Would visit again.,2020-04-30 03:39:27
1690,58,4,5,Could be better organized.,2021-10-10 16:08:47
1691,259,5,5,Amazing experience!,2023-11-21 03:32:01
1692,447,10,4,Would visit again.,2020-12-21 18:07:38
1693,392,3,1,Crowded but impressive.,2021-08-24 14:39:01
1694,703,4,2,Crowded but impressive.,2020-08-13 11:04:13
1695,759,10,2,Crowded but impressive.,2023-03-20 04:05:25
1696,802,11,5,Would visit again.,2020-12-15 10:44:12
1697,3,14,3,Would visit again.,2020-03-18 07:58:19
1698,492,2,2,Would visit again.,2023-07-22 09:06:27
1699,44,14,1,Crowded but impressive.,2021-01-26 05:31:28
1700,906,3,5,Would visit again.,2023-12-10 10:13:42
1701,456,12,3,Would visit again.,2023-11-11 14:55:48
1702,799,1,3,Not worth the price.,2024-10-04 19:15:32
1703,332,8,5,Crowded but impressive.,2023-10-14 06:28:53
1704,809,3,5,Would visit again.,2020-07-12 01:27:27
1705,410,4,2,Would visit again.,2024-05-30 02:07:20
1706,851,12,1,Amazing experience!,2021-06-04 03:04:16
1707,432,10,5,Amazing experience!,2022-06-23 12:41:36
1708,265,7,4,Not worth the price.,2024-04-12 14:29:19
1709,594,6,2,Exceeded my expectations.,2022-04-21 04:42:45
1710,503,7,1,Could be better organized.,2024-10-30 07:19:17
1711,427,14,1,Exceeded my expectations.,2023-08-18 08:37:43
1712,908,14,3,A must-see attraction.,2021-04-28 12:43:30
1713,712,11,3,Could be better organized.,2022-11-30 13:11:03
1714,182,6,4,Would visit again.,2023-11-08 13:44:58
1715,564,8,3,A must-see attraction.,2024-03-17 08:18:26
1716,561,9,3,Amazing experience!,2023-10-03 18:01:51
1717,4,13,5,Not worth the price.,2023-07-18 06:01:23
1718,326,8,4,A must-see attraction.,2020-06-13 05:21:33
1719,445,2,2,Crowded but impressive.,2024-05-15 18:49:20
1720,513,10,4,Would visit again.,2024-08-22 14:30:29
1721,314,3,4,Crowded but impressive.,2020-07-09 10:36:52
1722,815,10,2,Crowded but impressive.,2021-03-31 13:20:52
1723,916,7,1,Exceeded my expectations.,2023-03-19 08:00:39
1724,264,2,4,Amazing experience!,2020-01-05 01:39:58
1725,350,4,4,Amazing experience!,2024-05-21 23:43:06
1726,965,7,1,Not worth the price.,2023-04-17 23:10:10
1727,747,12,4,Crowded but impressive.,2024-05-20 00:22:36
1728,11,13,2,Amazing experience!,2023-06-01 03:59:32
1729,388,5,4,Could be better organized.,2024-11-28 09:16:34
1730,859,6,1,Would visit again.,2023-12-19 11:17:38
1731,597,9,2,Amazing experience!,2021-06-25 05:18:25
1732,780,13,3,Would visit again.,2024-09-25 10:24:51
1733,702,6,2,Not worth the price.,2022-04-19 00:54:22
1734,86,14,4,Could be better organized.,2020-02-25 22:36:22
1735,87,10,5,Amazing experience!,2024-09-24 13:43:21
1736,698,5,5,Amazing experience!,2024-06-10 17:28:19
1737,451,1,1,A must-see attraction.,2020-01-04 15:35:25
1738,709,9,4,A must-see attraction.,2020-11-15 07:12:55
1739,376,3,1,A must-see attraction.,2023-12-22 23:20:32
1740,665,2,1,A must-see attraction.,2022-06-05 04:26:00
1741,60,5,2,Would visit again.,2023-08-12 08:06:39
1742,999,9,5,Not worth the price.,2023-10-07 05:13:35
1743,612,7,4,Exceeded my expectations.,2021-04-16 05:03:17
1744,664,5,4,Amazing experience!,2020-06-15 20:48:04
1745,336,2,1,Amazing experience!,2024-11-07 22:44:28
1746,948,1,1,Exceeded my expectations.,2023-12-28 01:49:12
1747,53,14,1,A must-see attraction.,2024-09-21 03:44:05
1748,755,6,1,Exceeded my expectations.,2021-07-02 17:02:06
1749,13,6,1,Would visit again.,2022-12-17 05:55:20
1750,682,5,5,A must-see attraction.,2021-05-22 21:22:45
1751,703,13,2,Exceeded my expectations.,2021-06-29 15:33:47
1752,34,2,1,Exceeded my expectations.,2021-06-18 20:19:50
1753,635,8,3,Crowded but impressive.,2024-01-10 17:06:05
1754,276,11,4,Exceeded my expectations.,2022-11-02 23:09:08
1755,656,4,5,A must-see attraction.,2022-09-25 05:12:04
1756,610,14,4,Exceeded my expectations.,2022-08-18 18:00:56
1757,261,14,2,Not worth the price.,2021-04-15 05:19:09
1758,393,11,5,Could be better organized.,2022-03-12 07:32:43
1759,686,11,2,Amazing experience!,2022-05-23 21:48:21
1760,86,7,3,Amazing experience!,2022-12-20 23:52:25
1761,798,12,2,A must-see attraction.,2022-06-25 08:16:27
1762,41,13,3,Amazing experience!,2021-08-06 00:30:41
1763,245,8,5,Could be better organized.,2021-12-14 20:51:09
1764,890,8,4,Could be better organized.,2023-05-13 16:21:21
1765,760,10,5,A must-see attraction.,2023-03-24 12:11:11
1766,547,2,4,Could be better organized.,2020-01-15 21:48:04
1767,858,9,3,Not worth the price.,2024-03-22 06:36:08
1768,786,2,4,Not worth the price.,2020-05-24 05:48:30
1769,820,6,5,Not worth the price.,2023-04-29 17:59:27
1770,529,9,1,Not worth the price.,2022-04-27 18:40:24
1771,603,10,1,Crowded but impressive.,2020-06-30 04:03:47
1772,217,14,3,Crowded but impressive.,2023-05-30 03:24:35
1773,176,5,1,Exceeded my expectations.,2023-01-09 10:51:53
1774,455,5,3,Not worth the price.,2020-03-24 07:02:16
1775,579,10,5,Crowded but impressive.,2023-09-18 20:55:35
1776,215,3,3,Not worth the price.,2022-01-26 11:40:14
1777,325,3,4,Exceeded my expectations.,2025-01-10 16:16:03
1778,112,2,1,Amazing experience!,2020-06-25 07:51:56
1779,933,12,5,Not worth the price.,2020-08-08 00:44:42
1780,986,9,3,A must-see attraction.,2023-08-11 05:25:16
1781,919,9,5,Crowded but impressive.,2022-09-25 21:18:06
1782,611,4,2,Amazing experience!,2022-01-24 05:42:40
1783,366,14,5,A must-see attraction.,2020-12-31 22:38:42
1784,513,11,2,Amazing experience!,2023-11-11 09:41:41
1785,741,12,2,Exceeded my expectations.,2022-05-04 09:21:25
1786,710,14,5,Amazing experience!,2020-05-03 21:54:23
1787,906,3,2,Exceeded my expectations.,2023-07-24 12:24:53
1788,272,3,3,Crowded but impressive.,2024-03-18 23:14:01
1789,679,3,1,Not worth the price.,2022-10-28 02:56:06
1790,304,9,2,Could be better organized.,2024-11-19 17:49:21
1791,530,14,4,Could be better organized.,2024-08-29 18:22:44
1792,886,2,5,Would visit again.,2020-07-18 13:54:41
1793,875,13,3,A must-see attraction.,2022-03-04 10:52:12
1794,624,12,5,Not worth the price.,2023-10-20 08:01:53
1795,313,7,1,Not worth the price.,2021-06-26 04:01:48
1796,598,4,4,Amazing experience!,2024-02-05 20:02:36
1797,739,9,3,Exceeded my expectations.,2024-01-14 00:47:17
1798,814,3,1,Not worth the price.,2023-08-28 06:43:30
1799,81,8,2,A must-see attraction.,2022-11-09 18:10:31
1800,549,1,3,Not worth the price.,2021-03-23 13:39:25
1801,637,14,2,A must-see attraction.,2023-10-17 17:13:53
1802,886,14,4,Crowded but impressive.,2024-04-13 03:43:49
1803,531,11,5,A must-see attraction.,2025-01-06 01:44:54
1804,555,9,4,A must-see attraction.,2022-10-24 06:31:13
1805,301,5,3,Crowded but impressive.,2022-03-12 12:33:51
1806,905,8,3,Amazing experience!,2022-01-01 23:37:15
1807,285,1,1,Crowded but impressive.,2021-02-27 03:15:18
1808,740,10,2,A must-see attraction.,2020-01-11 03:09:51
1809,708,6,5,A must-see attraction.,2021-07-19 10:32:06
1810,713,8,3,Exceeded my expectations.,2020-07-17 20:22:14
1811,716,10,2,Not worth the price.,2023-03-16 21:58:41
1812,918,4,5,Crowded but impressive.,2020-03-25 13:19:28
1813,114,3,3,Could be better organized.,2024-06-28 09:28:43
1814,294,13,3,A must-see attraction.,2022-01-23 02:44:18
1815,433,12,3,A must-see attraction.,2021-01-04 04:29:27
1816,944,2,3,A must-see attraction.,2024-09-18 09:53:51
1817,823,7,2,Exceeded my expectations.,2021-02-15 01:57:55
1818,719,4,1,Could be better organized.,2023-12-16 17:48:56
1819,29,11,4,Not worth the price.,2022-02-22 22:34:51
1820,531,1,3,Would visit again.,2020-11-13 07:58:08
1821,388,1,2,Exceeded my expectations.,2021-02-09 13:29:39
1822,461,11,3,Would visit again.,2022-02-09 17:52:17
1823,55,4,4,Exceeded my expectations.,2021-07-01 14:57:49
1824,828,11,4,Amazing experience!,2024-07-26 01:50:44
1825,424,11,2,Not worth the price.,2022-07-15 15:14:32
1826,468,14,3,A must-see attraction.,2021-08-07 06:14:56
1827,883,2,1,Would visit again.,2020-08-25 16:05:58
1828,215,9,1,A must-see attraction.,2024-08-18 19:09:28
1829,868,3,5,A must-see attraction.,2024-08-03 10:28:08
1830,777,13,1,A must-see attraction.,2023-07-17 01:51:16
1831,80,6,3,Not worth the price.,2024-05-05 13:21:02
1832,340,9,4,A must-see attraction.,2021-12-20 16:50:12
1833,363,7,3,Exceeded my expectations.,2022-07-10 01:02:50
1834,82,9,1,Would visit again.,2024-09-07 19:41:52
1835,697,9,2,Not worth the price.,2021-03-09 10:36:24
1836,78,3,5,Exceeded my expectations.,2024-08-05 15:16:37
1837,391,7,5,Amazing experience!,2022-09-09 02:02:08
1838,855,10,3,A must-see attraction.,2025-01-04 23:46:30
1839,945,12,5,Crowded but impressive.,2022-08-21 15:22:27
1840,180,9,5,Would visit again.,2024-07-12 18:42:07
1841,294,8,1,Not worth the price.,2021-04-23 19:40:44
1842,46,4,1,Exceeded my expectations.,2021-11-15 04:44:25
1843,860,11,2,Could be better organized.,2024-08-05 22:41:59
1844,569,14,4,Amazing experience!,2021-06-04 16:11:36
1845,215,12,2,Amazing experience!,2021-10-08 04:29:50
1846,889,7,4,Crowded but impressive.,2023-09-18 02:13:03
1847,301,3,4,Could be better organized.,2024-02-01 22:55:36
1848,559,7,2,A must-see attraction.,2024-08-09 15:01:22
1849,720,11,3,Would visit again.,2024-01-03 23:05:19
1850,148,9,4,Exceeded my expectations.,2023-03-22 15:20:18
1851,30,12,2,Would visit again.,2020-01-20 13:10:40
1852,518,8,4,Crowded but impressive.,2021-12-04 16:49:03
1853,852,5,4,Amazing experience!,2020-01-23 12:50:04
1854,417,3,5,Would visit again.,2021-11-20 07:23:46
1855,273,11,3,Could be better organized.,2023-02-18 05:09:53
1856,492,4,3,A must-see attraction.,2021-06-22 23:55:27
1857,198,11,2,Could be better organized.,2023-11-08 03:52:25
1858,512,11,1,Amazing experience!,2022-03-02 07:01:43
1859,339,4,3,Crowded but impressive.,2023-01-12 11:03:06
1860,723,10,4,Would visit again.,2020-07-08 04:42:25
1861,965,3,4,Would visit again.,2021-01-28 05:16:48
1862,175,9,3,Could be better organized.,2023-10-24 09:23:48
1863,945,1,3,Exceeded my expectations.,2021-05-22 02:20:31
1864,808,5,1,Could be better organized.,2021-04-18 11:14:43
1865,340,6,3,Not worth the price.,2023-06-29 12:25:22
1866,534,10,2,Crowded but impressive.,2023-10-29 16:36:04
1867,914,8,1,Not worth the price.,2020-11-19 22:16:37
1868,107,7,4,Crowded but impressive.,2024-07-27 18:12:33
1869,875,2,3,Could be better organized.,2024-12-18 17:53:23
1870,432,11,3,A must-see attraction.,2023-11-30 21:35:19
1871,239,9,4,Could be better organized.,2022-12-02 12:02:37
1872,390,10,1,Not worth the price.,2022-05-15 09:15:34
1873,528,11,3,Exceeded my expectations.,2023-09-01 19:09:41
1874,512,12,2,Would visit again.,2021-08-05 06:28:31
1875,729,3,5,Could be better organized.,2020-08-07 04:49:14
1876,988,12,2,Not worth the price.,2024-08-18 06:38:56
1877,617,6,3,Crowded but impressive.,2023-12-16 11:10:39
1878,941,12,4,Amazing experience!,2020-02-02 19:57:56
1879,676,14,4,Would visit again.,2022-01-13 00:27:35
1880,694,10,3,Not worth the price.,2024-12-15 08:02:57
1881,861,10,3,Would visit again.,2023-08-03 07:38:49
1882,282,1,4,A must-see attraction.,2020-03-15 15:45:55
1883,652,9,5,Not worth the price.,2021-10-03 01:00:14
1884,61,2,2,Exceeded my expectations.,2020-05-26 15:22:24
1885,231,14,2,Crowded but impressive.,2024-05-08 15:33:17
1886,30,12,1,Would visit again.,2024-04-16 14:18:48
1887,511,2,4,Would visit again.,2024-08-18 02:04:49
1888,230,4,3,A must-see attraction.,2024-09-03 22:22:35
1889,640,1,3,Crowded but impressive.,2020-08-23 04:19:55
1890,40,9,1,Amazing experience!,2023-02-11 01:05:50
1891,839,4,2,A must-see attraction.,2022-05-20 13:29:18
1892,858,13,2,Not worth the price.,2023-06-08 06:04:03
1893,470,1,2,Exceeded my expectations.,2023-10-29 15:22:49
1894,503,3,5,Could be better organized.,2023-12-02 16:16:59
1895,73,6,4,Not worth the price.,2023-09-02 14:28:46
1896,676,10,3,A must-see attraction.,2024-12-11 05:47:39
1897,684,5,3,A must-see attraction.,2022-11-24 06:57:37
1898,582,6,5,Crowded but impressive.,2023-02-26 04:50:42
1899,1000,6,1,Not worth the price.,2022-10-04 06:51:36
1900,919,11,2,Exceeded my expectations.,2023-04-16 12:08:03
1901,138,10,1,A must-see attraction.,2020-12-22 11:06:26
1902,308,9,3,Could be better organized.,2022-06-08 06:28:52
1903,920,2,5,Would visit again.,2022-12-07 19:07:44
1904,965,3,3,Would visit again.,2023-02-14 03:30:17
1905,147,13,1,A must-see attraction.,2024-07-03 09:21:14
1906,661,9,2,Could be better organized.,2020-08-18 20:39:00
1907,404,11,3,Amazing experience!,2020-07-27 11:25:08
1908,625,11,2,Amazing experience!,2022-07-19 02:36:05
1909,853,6,4,Not worth the price.,2022-07-08 04:17:20
1910,328,3,1,Could be better organized.,2021-09-27 09:19:56
1911,42,13,2,A must-see attraction.,2023-04-13 09:09:57
1912,784,10,3,A must-see attraction.,2021-09-21 02:05:30
1913,27,9,5,Would visit again.,2022-07-21 15:27:15
1914,974,1,2,Could be better organized.,2023-01-30 20:43:08
1915,700,14,2,Would visit again.,2020-10-11 11:21:04
1916,805,3,3,Not worth the price.,2020-01-30 20:20:38
1917,755,12,2,Crowded but impressive.,2021-09-14 05:35:14
1918,792,7,2,Not worth the price.,2020-03-09 12:18:56
1919,590,5,1,Would visit again.,2020-10-02 02:32:58
1920,843,9,1,Not worth the price.,2021-05-26 21:50:31
1921,363,8,5,Not worth the price.,2024-12-16 07:13:37
1922,582,1,1,Not worth the price.,2024-01-26 12:01:55
1923,623,5,1,Would visit again.,2022-01-05 07:09:26
1924,926,3,3,Not worth the price.,2023-06-17 09:00:01
1925,9,2,5,Crowded but impressive.,2020-09-27 04:14:12
1926,978,13,1,Would visit again.,2022-07-29 03:49:56
1927,759,12,2,Not worth the price.,2024-04-09 17:08:55
1928,728,6,4,Amazing experience!,2021-09-19 23:48:06
1929,220,10,5,A must-see attraction.,2021-06-30 12:06:06
1930,914,8,4,Crowded but impressive.,2023-07-16 12:00:33
1931,90,3,4,Would visit again.,2022-06-21 02:22:23
1932,840,3,1,Could be better organized.,2020-12-27 22:39:52
1933,155,1,2,Crowded but impressive.,2020-09-25 03:55:07
1934,905,12,2,Crowded but impressive.,2020-09-16 16:24:01
1935,230,1,1,Not worth the price.,2025-01-13 11:25:07
1936,880,5,5,Amazing experience!,2021-05-20 16:21:04
1937,633,9,5,Amazing experience!,2024-09-23 14:41:22
1938,559,11,5,Exceeded my expectations.,2020-08-06 05:09:09
1939,593,7,4,Not worth the price.,2023-01-24 22:06:57
1940,162,4,1,Could be better organized.,2024-11-13 00:13:30
1941,111,11,5,Could be better organized.,2025-01-07 08:14:24
1942,37,9,2,Amazing experience!,2021-11-05 01:34:25
1943,197,6,4,Crowded but impressive.,2021-10-04 19:22:06
1944,97,8,2,Would visit again.,2023-09-01 04:31:56
1945,903,14,4,A must-see attraction.,2020-06-16 06:11:34
1946,308,12,1,A must-see attraction.,2020-09-21 07:44:12
1947,12,14,2,Exceeded my expectations.,2024-08-29 03:05:26
1948,924,10,1,Crowded but impressive.,2020-12-23 18:19:04
1949,910,9,4,Not worth the price.,2020-04-21 02:48:37
1950,329,14,1,Amazing experience!,2022-01-13 02:23:07
1951,740,4,2,Amazing experience!,2022-02-12 15:56:00
1952,279,13,3,Crowded but impressive.,2023-02-16 23:06:33
1953,441,1,4,Amazing experience!,2022-03-06 16:20:01
1954,916,9,4,Could be better organized.,2023-04-29 07:10:59
1955,354,1,4,A must-see attraction.,2022-12-13 07:44:08
1956,770,12,2,Not worth the price.,2023-11-27 18:41:32
1957,156,4,1,Could be better organized.,2023-03-18 07:20:24
1958,775,12,2,Amazing experience!,2023-05-10 06:39:08
1959,27,14,2,Exceeded my expectations.,2024-03-25 13:32:19
1960,983,11,5,Exceeded my expectations.,2020-08-26 16:48:35
1961,96,11,1,Not worth the price.,2023-09-27 10:55:42
1962,1000,14,1,Would visit again.,2024-11-16 06:39:59
1963,627,7,2,Amazing experience!,2023-08-11 22:55:08
1964,409,14,4,Amazing experience!,2020-02-12 10:52:54
1965,354,10,5,Not worth the price.,2023-06-04 19:33:36
1966,936,10,4,A must-see attraction.,2022-02-01 22:36:32
1967,882,12,2,Could be better organized.,2022-02-08 22:41:37
1968,224,12,4,Amazing experience!,2020-03-31 23:08:20
1969,505,2,3,Crowded but impressive.,2020-01-28 15:49:12
1970,801,1,5,A must-see attraction.,2020-07-23 03:02:57
1971,281,11,1,Crowded but impressive.,2023-07-31 13:18:44
1972,203,4,2,Would visit again.,2022-07-15 14:43:16
1973,221,14,1,Could be better organized.,2023-06-16 02:01:09
1974,346,9,4,Not worth the price.,2022-06-05 10:33:56
1975,903,12,5,Exceeded my expectations.,2024-06-22 15:18:04
1976,566,4,5,Exceeded my expectations.,2021-06-15 14:06:16
1977,250,8,3,Crowded but impressive.,2020-01-17 04:03:01
1978,861,10,4,Would visit again.,2021-03-17 14:46:27
1979,538,14,3,Crowded but impressive.,2021-03-15 05:33:18
1980,703,6,5,Not worth the price.,2022-05-02 08:50:41
1981,365,6,1,Would visit again.,2020-12-21 04:54:49
1982,916,10,4,Could be better organized.,2020-03-15 08:04:08
1983,987,4,3,Crowded but impressive.,2021-05-27 22:14:19
1984,797,13,2,A must-see attraction.,2024-03-19 19:17:19
1985,556,9,2,Crowded but impressive.,2024-02-28 09:23:45
1986,201,7,5,Could be better organized.,2021-08-21 02:28:35
1987,149,4,5,Amazing experience!,2020-04-11 02:28:28
1988,265,12,2,A must-see attraction.,2022-03-04 07:14:38
1989,450,6,5,Not worth the price.,2023-07-08 01:31:29
1990,432,13,3,Crowded but impressive.,2023-08-31 05:22:36
1991,756,8,3,Amazing experience!,2023-05-05 16:21:43
1992,237,8,1,Would visit again.,2020-04-29 21:33:47
1993,410,4,1,A must-see attraction.,2022-10-31 08:02:33
1994,354,3,5,A must-see attraction.,2024-02-02 17:59:39
1995,410,1,1,Not worth the price.,2023-01-18 08:31:53
1996,526,5,1,Crowded but impressive.,2020-11-17 08:56:31
1997,114,12,3,Not worth the price.,2020-09-03 21:47:59
1998,379,8,2,Crowded but impressive.,2020-12-16 06:29:29
1999,724,5,2,Exceeded my expectations.,2023-03-24 06:31:44
2000,914,2,1,A must-see attraction.,2024-08-01 15:52:00
