user_id,preferences,last_updated
1,"{""preferred_transport"": ""train"", ""budget_range"": ""low"", ""interest_tags"": ""[\""scenic\"", \""luxury\"", \""family\""]""}",2020-01-02 18:38:37
2,"{""preferred_transport"": ""cruise"", ""budget_range"": ""medium"", ""interest_tags"": ""[\""cultural\"", \""scenic\""]""}",2022-08-13 09:54:55
3,"{""preferred_transport"": ""train"", ""budget_range"": ""low"", ""interest_tags"": ""[\""cultural\"", \""historic\""]""}",2024-02-18 22:04:30
4,"{""preferred_transport"": ""flight"", ""budget_range"": ""high"", ""interest_tags"": ""[\""scenic\"", \""budget\""]""}",2024-01-16 15:37:21
5,"{""preferred_transport"": ""train"", ""budget_range"": ""medium"", ""interest_tags"": ""[\""family\"", \""cultural\"", \""luxury\"", \""romantic\""]""}",2022-08-26 11:15:05
6,"{""preferred_transport"": ""road"", ""budget_range"": ""high"", ""interest_tags"": ""[\""budget\"", \""adventurous\"", \""luxury\"", \""family\""]""}",2021-01-10 22:43:37
7,"{""preferred_transport"": ""train"", ""budget_range"": ""low"", ""interest_tags"": ""[\""budget\"", \""historic\""]""}",2025-01-01 19:28:38
8,"{""preferred_transport"": ""train"", ""budget_range"": ""high"", ""interest_tags"": ""[\""historic\"", \""romantic\""]""}",2020-07-01 21:56:46
9,"{""preferred_transport"": ""train"", ""budget_range"": ""low"", ""interest_tags"": ""[\""budget\"", \""historic\""]""}",2024-05-16 10:15:33
10,"{""preferred_transport"": ""train"", ""budget_range"": ""medium"", ""interest_tags"": ""[\""romantic\"", \""cultural\"", \""luxury\"", \""family\""]""}",2024-11-09 04:03:33
11,"{""preferred_transport"": ""road"", ""budget_range"": ""low"", ""interest_tags"": ""[\""family\"", \""cultural\"", \""historic\""]""}",2020-10-28 03:41:06
12,"{""preferred_transport"": ""road"", ""budget_range"": ""medium"", ""interest_tags"": ""[\""family\"", \""adventurous\"", \""budget\""]""}",2020-06-17 07:17:46
13,"{""preferred_transport"": ""flight"", ""budget_range"": ""low"", ""interest_tags"": ""[\""budget\"", \""family\"", \""historic\""]""}",2022-02-11 13:09:36
14,"{""preferred_transport"": ""train"", ""budget_range"": ""low"", ""interest_tags"": ""[\""romantic\"", \""cultural\"", \""adventurous\"", \""family\""]""}",2022-05-15 09:49:53
15,"{""preferred_transport"": ""road"", ""budget_range"": ""low"", ""interest_tags"": ""[\""romantic\"", \""family\""]""}",2024-09-05 19:13:46
16,"{""preferred_transport"": ""flight"", ""budget_range"": ""low"", ""interest_tags"": ""[\""historic\"", \""romantic\"", \""cultural\"", \""budget\""]""}",2023-06-16 16:25:43
17,"{""preferred_transport"": ""road"", ""budget_range"": ""medium"", ""interest_tags"": ""[\""family\"", \""historic\""]""}",2021-05-26 12:14:00
18,"{""preferred_transport"": ""road"", ""budget_range"": ""low"", ""interest_tags"": ""[\""luxury\"", \""family\"", \""adventurous\""]""}",2022-06-05 05:43:27
19,"{""preferred_transport"": ""road"", ""budget_range"": ""high"", ""interest_tags"": ""[\""romantic\"", \""cultural\"", \""family\"", \""scenic\""]""}",2021-11-07 08:57:18
20,"{""preferred_transport"": ""flight"", ""budget_range"": ""high"", ""interest_tags"": ""[\""historic\"", \""budget\"", \""scenic\"", \""romantic\""]""}",2020-06-04 18:53:00
21,"{""preferred_transport"": ""road"", ""budget_range"": ""high"", ""interest_tags"": ""[\""scenic\"", \""historic\"", \""luxury\"", \""family\""]""}",2021-07-31 08:06:49
22,"{""preferred_transport"": ""flight"", ""budget_range"": ""high"", ""interest_tags"": ""[\""adventurous\"", \""romantic\""]""}",2021-01-07 11:23:36
23,"{""preferred_transport"": ""train"", ""budget_range"": ""high"", ""interest_tags"": ""[\""historic\"", \""luxury\"", \""romantic\"", \""adventurous\""]""}",2024-12-18 09:45:36
24,"{""preferred_transport"": ""cruise"", ""budget_range"": ""medium"", ""interest_tags"": ""[\""budget\"", \""cultural\""]""}",2022-04-05 05:39:13
25,"{""preferred_transport"": ""road"", ""budget_range"": ""low"", ""interest_tags"": ""[\""luxury\"", \""adventurous\"", \""scenic\"", \""historic\""]""}",2020-01-29 22:36:39
26,"{""preferred_transport"": ""road"", ""budget_range"": ""high"", ""interest_tags"": ""[\""cultural\"", \""historic\"", \""luxury\"", \""romantic\""]""}",2024-04-20 17:29:48
27,"{""preferred_transport"": ""cruise"", ""budget_range"": ""low"", ""interest_tags"": ""[\""cultural\"", \""romantic\"", \""scenic\""]""}",2022-06-04 10:12:01
28,"{""preferred_transport"": ""train"", ""budget_range"": ""medium"", ""interest_tags"": ""[\""luxury\"", \""romantic\"", \""budget\"", \""family\""]""}",2020-01-25 07:19:59
29,"{""preferred_transport"": ""cruise"", ""budget_range"": ""high"", ""interest_tags"": ""[\""scenic\"", \""romantic\""]""}",2020-12-24 14:59:06
30,"{""preferred_transport"": ""flight"", ""budget_range"": ""high"", ""interest_tags"": ""[\""scenic\"", \""romantic\"", \""family\"", \""luxury\""]""}",2021-10-16 09:41:06
31,"{""preferred_transport"": ""cruise"", ""budget_range"": ""low"", ""interest_tags"": ""[\""luxury\"", \""romantic\"", \""adventurous\"", \""scenic\""]""}",2020-06-06 19:50:24
32,"{""preferred_transport"": ""flight"", ""budget_range"": ""high"", ""interest_tags"": ""[\""luxury\"", \""historic\"", \""family\""]""}",2022-11-02 07:46:41
33,"{""preferred_transport"": ""train"", ""budget_range"": ""high"", ""interest_tags"": ""[\""scenic\"", \""budget\"", \""adventurous\""]""}",2024-09-10 00:16:25
34,"{""preferred_transport"": ""road"", ""budget_range"": ""high"", ""interest_tags"": ""[\""cultural\"", \""historic\""]""}",2021-04-08 02:17:35
35,"{""preferred_transport"": ""flight"", ""budget_range"": ""medium"", ""interest_tags"": ""[\""scenic\"", \""adventurous\"", \""cultural\"", \""historic\""]""}",2022-08-15 17:24:30
36,"{""preferred_transport"": ""cruise"", ""budget_range"": ""low"", ""interest_tags"": ""[\""adventurous\"", \""budget\"", \""cultural\""]""}",2020-11-15 08:50:52
37,"{""preferred_transport"": ""cruise"", ""budget_range"": ""high"", ""interest_tags"": ""[\""scenic\"", \""cultural\"", \""family\""]""}",2021-07-04 01:58:53
38,"{""preferred_transport"": ""road"", ""budget_range"": ""low"", ""interest_tags"": ""[\""budget\"", \""family\""]""}",2023-07-03 03:33:30
39,"{""preferred_transport"": ""train"", ""budget_range"": ""medium"", ""interest_tags"": ""[\""cultural\"", \""adventurous\""]""}",2020-04-30 07:30:56
40,"{""preferred_transport"": ""road"", ""budget_range"": ""low"", ""interest_tags"": ""[\""romantic\"", \""scenic\""]""}",2022-08-06 04:40:49
41,"{""preferred_transport"": ""train"", ""budget_range"": ""low"", ""interest_tags"": ""[\""adventurous\"", \""romantic\""]""}",2022-10-16 20:59:06
42,"{""preferred_transport"": ""cruise"", ""budget_range"": ""low"", ""interest_tags"": ""[\""budget\"", \""romantic\"", \""luxury\""]""}",2023-05-26 18:10:49
43,"{""preferred_transport"": ""cruise"", ""budget_range"": ""low"", ""interest_tags"": ""[\""luxury\"", \""cultural\""]""}",2024-12-08 19:54:29
44,"{""preferred_transport"": ""cruise"", ""budget_range"": ""low"", ""interest_tags"": ""[\""family\"", \""scenic\""]""}",2022-09-01 13:28:33
45,"{""preferred_transport"": ""road"", ""budget_range"": ""high"", ""interest_tags"": ""[\""cultural\"", \""adventurous\"", \""luxury\"", \""romantic\""]""}",2022-03-02 09:29:12
46,"{""preferred_transport"": ""flight"", ""budget_range"": ""high"", ""interest_tags"": ""[\""historic\"", \""luxury\"", \""family\""]""}",2021-09-04 04:00:15
47,"{""preferred_transport"": ""cruise"", ""budget_range"": ""medium"", ""interest_tags"": ""[\""budget\"", \""luxury\""]""}",2022-09-02 07:14:48
48,"{""preferred_transport"": ""flight"", ""budget_range"": ""high"", ""interest_tags"": ""[\""luxury\"", \""budget\"", \""adventurous\""]""}",2022-10-10 09:57:36
49,"{""preferred_transport"": ""road"", ""budget_range"": ""high"", ""interest_tags"": ""[\""scenic\"", \""cultural\"", \""adventurous\""]""}",2023-03-23 23:07:15
50,"{""preferred_transport"": ""train"", ""budget_range"": ""high"", ""interest_tags"": ""[\""luxury\"", \""adventurous\"", \""romantic\"", \""historic\""]""}",2022-08-02 02:33:31
51,"{""preferred_transport"": ""cruise"", ""budget_range"": ""low"", ""interest_tags"": ""[\""budget\"", \""adventurous\"", \""family\""]""}",2023-10-05 17:49:26
52,"{""preferred_transport"": ""train"", ""budget_range"": ""high"", ""interest_tags"": ""[\""scenic\"", \""budget\"", \""historic\""]""}",2022-05-31 16:38:53
53,"{""preferred_transport"": ""cruise"", ""budget_range"": ""low"", ""interest_tags"": ""[\""luxury\"", \""cultural\""]""}",2021-09-10 16:12:14
54,"{""preferred_transport"": ""train"", ""budget_range"": ""low"", ""interest_tags"": ""[\""adventurous\"", \""romantic\""]""}",2020-08-14 06:27:59
55,"{""preferred_transport"": ""road"", ""budget_range"": ""medium"", ""interest_tags"": ""[\""adventurous\"", \""budget\"", \""family\"", \""romantic\""]""}",2024-03-15 23:26:01
56,"{""preferred_transport"": ""road"", ""budget_range"": ""low"", ""interest_tags"": ""[\""historic\"", \""family\""]""}",2020-11-27 03:43:29
57,"{""preferred_transport"": ""road"", ""budget_range"": ""low"", ""interest_tags"": ""[\""romantic\"", \""historic\""]""}",2024-09-27 19:11:19
58,"{""preferred_transport"": ""train"", ""budget_range"": ""low"", ""interest_tags"": ""[\""scenic\"", \""family\"", \""adventurous\""]""}",2024-07-08 04:03:48
59,"{""preferred_transport"": ""cruise"", ""budget_range"": ""medium"", ""interest_tags"": ""[\""family\"", \""romantic\"", \""luxury\"", \""adventurous\""]""}",2021-05-09 11:40:24
60,"{""preferred_transport"": ""road"", ""budget_range"": ""medium"", ""interest_tags"": ""[\""adventurous\"", \""family\"", \""budget\""]""}",2022-05-11 13:49:58
61,"{""preferred_transport"": ""road"", ""budget_range"": ""high"", ""interest_tags"": ""[\""luxury\"", \""adventurous\""]""}",2020-08-28 17:34:39
62,"{""preferred_transport"": ""cruise"", ""budget_range"": ""low"", ""interest_tags"": ""[\""budget\"", \""scenic\"", \""luxury\""]""}",2020-09-07 08:18:20
63,"{""preferred_transport"": ""train"", ""budget_range"": ""low"", ""interest_tags"": ""[\""family\"", \""budget\""]""}",2021-04-19 17:59:10
64,"{""preferred_transport"": ""train"", ""budget_range"": ""low"", ""interest_tags"": ""[\""family\"", \""scenic\"", \""luxury\""]""}",2023-12-18 13:50:03
65,"{""preferred_transport"": ""road"", ""budget_range"": ""low"", ""interest_tags"": ""[\""family\"", \""adventurous\""]""}",2024-12-19 16:07:03
66,"{""preferred_transport"": ""flight"", ""budget_range"": ""high"", ""interest_tags"": ""[\""romantic\"", \""historic\"", \""scenic\""]""}",2022-07-16 18:10:23
67,"{""preferred_transport"": ""road"", ""budget_range"": ""medium"", ""interest_tags"": ""[\""adventurous\"", \""romantic\"", \""cultural\"", \""scenic\""]""}",2023-09-16 02:17:09
68,"{""preferred_transport"": ""road"", ""budget_range"": ""low"", ""interest_tags"": ""[\""budget\"", \""romantic\"", \""family\""]""}",2023-06-10 04:02:09
69,"{""preferred_transport"": ""train"", ""budget_range"": ""medium"", ""interest_tags"": ""[\""historic\"", \""adventurous\""]""}",2025-01-12 22:43:27
70,"{""preferred_transport"": ""flight"", ""budget_range"": ""low"", ""interest_tags"": ""[\""family\"", \""cultural\"", \""adventurous\"", \""romantic\""]""}",2020-06-05 05:29:38
71,"{""preferred_transport"": ""cruise"", ""budget_range"": ""medium"", ""interest_tags"": ""[\""adventurous\"", \""romantic\"", \""scenic\""]""}",2022-11-14 13:51:53
72,"{""preferred_transport"": ""road"", ""budget_range"": ""medium"", ""interest_tags"": ""[\""luxury\"", \""family\"", \""historic\""]""}",2024-01-01 04:37:10
73,"{""preferred_transport"": ""flight"", ""budget_range"": ""high"", ""interest_tags"": ""[\""historic\"", \""scenic\"", \""cultural\"", \""romantic\""]""}",2020-05-05 01:51:51
74,"{""preferred_transport"": ""flight"", ""budget_range"": ""low"", ""interest_tags"": ""[\""historic\"", \""luxury\""]""}",2021-04-18 10:27:04
75,"{""preferred_transport"": ""train"", ""budget_range"": ""low"", ""interest_tags"": ""[\""cultural\"", \""luxury\"", \""romantic\""]""}",2023-12-15 19:26:49
76,"{""preferred_transport"": ""cruise"", ""budget_range"": ""medium"", ""interest_tags"": ""[\""cultural\"", \""family\""]""}",2021-05-23 19:15:48
77,"{""preferred_transport"": ""cruise"", ""budget_range"": ""low"", ""interest_tags"": ""[\""historic\"", \""scenic\"", \""luxury\"", \""adventurous\""]""}",2023-05-17 08:41:54
78,"{""preferred_transport"": ""train"", ""budget_range"": ""low"", ""interest_tags"": ""[\""adventurous\"", \""historic\"", \""budget\"", \""scenic\""]""}",2021-01-11 02:31:10
79,"{""preferred_transport"": ""flight"", ""budget_range"": ""medium"", ""interest_tags"": ""[\""family\"", \""budget\"", \""scenic\"", \""historic\""]""}",2024-04-20 23:10:15
80,"{""preferred_transport"": ""cruise"", ""budget_range"": ""low"", ""interest_tags"": ""[\""romantic\"", \""historic\"", \""adventurous\""]""}",2023-01-30 06:41:50
81,"{""preferred_transport"": ""road"", ""budget_range"": ""high"", ""interest_tags"": ""[\""family\"", \""cultural\""]""}",2024-06-09 00:15:25
82,"{""preferred_transport"": ""cruise"", ""budget_range"": ""high"", ""interest_tags"": ""[\""romantic\"", \""adventurous\"", \""family\"", \""luxury\""]""}",2022-04-13 21:01:19
83,"{""preferred_transport"": ""cruise"", ""budget_range"": ""low"", ""interest_tags"": ""[\""luxury\"", \""adventurous\""]""}",2022-01-27 15:46:32
84,"{""preferred_transport"": ""road"", ""budget_range"": ""high"", ""interest_tags"": ""[\""family\"", \""scenic\"", \""historic\"", \""adventurous\""]""}",2022-10-06 18:48:46
85,"{""preferred_transport"": ""train"", ""budget_range"": ""medium"", ""interest_tags"": ""[\""budget\"", \""family\""]""}",2022-03-13 16:09:07
86,"{""preferred_transport"": ""cruise"", ""budget_range"": ""medium"", ""interest_tags"": ""[\""luxury\"", \""romantic\"", \""historic\"", \""family\""]""}",2021-08-16 14:11:59
87,"{""preferred_transport"": ""flight"", ""budget_range"": ""low"", ""interest_tags"": ""[\""family\"", \""adventurous\"", \""luxury\"", \""cultural\""]""}",2024-01-19 04:04:30
88,"{""preferred_transport"": ""road"", ""budget_range"": ""medium"", ""interest_tags"": ""[\""cultural\"", \""scenic\""]""}",2021-11-19 11:25:31
89,"{""preferred_transport"": ""road"", ""budget_range"": ""high"", ""interest_tags"": ""[\""luxury\"", \""budget\""]""}",2024-12-11 19:55:39
90,"{""preferred_transport"": ""cruise"", ""budget_range"": ""medium"", ""interest_tags"": ""[\""budget\"", \""adventurous\"", \""romantic\"", \""luxury\""]""}",2022-10-24 17:35:13
91,"{""preferred_transport"": ""cruise"", ""budget_range"": ""high"", ""interest_tags"": ""[\""luxury\"", \""scenic\"", \""family\""]""}",2021-12-17 06:09:44
92,"{""preferred_transport"": ""flight"", ""budget_range"": ""high"", ""interest_tags"": ""[\""budget\"", \""historic\""]""}",2024-07-22 20:54:46
93,"{""preferred_transport"": ""train"", ""budget_range"": ""low"", ""interest_tags"": ""[\""romantic\"", \""scenic\""]""}",2025-01-05 18:47:09
94,"{""preferred_transport"": ""cruise"", ""budget_range"": ""low"", ""interest_tags"": ""[\""luxury\"", \""cultural\""]""}",2023-01-26 05:14:34
95,"{""preferred_transport"": ""train"", ""budget_range"": ""medium"", ""interest_tags"": ""[\""scenic\"", \""romantic\""]""}",2020-05-21 09:53:47
96,"{""preferred_transport"": ""flight"", ""budget_range"": ""high"", ""interest_tags"": ""[\""scenic\"", \""budget\"", \""adventurous\""]""}",2020-11-14 17:29:20
97,"{""preferred_transport"": ""flight"", ""budget_range"": ""high"", ""interest_tags"": ""[\""romantic\"", \""adventurous\"", \""family\""]""}",2022-11-24 12:52:33
98,"{""preferred_transport"": ""train"", ""budget_range"": ""low"", ""interest_tags"": ""[\""romantic\"", \""historic\"", \""family\""]""}",2023-05-29 22:54:44
99,"{""preferred_transport"": ""road"", ""budget_range"": ""low"", ""interest_tags"": ""[\""historic\"", \""cultural\"", \""family\"", \""luxury\""]""}",2022-08-01 23:37:05
100,"{""preferred_transport"": ""flight"", ""budget_range"": ""low"", ""interest_tags"": ""[\""family\"", \""luxury\""]""}",2025-01-26 02:26:21
101,"{""preferred_transport"": ""train"", ""budget_range"": ""high"", ""interest_tags"": ""[\""romantic\"", \""adventurous\"", \""scenic\""]""}",2025-01-02 11:36:52
102,"{""preferred_transport"": ""road"", ""budget_range"": ""medium"", ""interest_tags"": ""[\""historic\"", \""luxury\"", \""budget\"", \""romantic\""]""}",2021-10-07 13:47:20
103,"{""preferred_transport"": ""train"", ""budget_range"": ""medium"", ""interest_tags"": ""[\""cultural\"", \""romantic\"", \""family\"", \""budget\""]""}",2024-09-10 23:31:30
104,"{""preferred_transport"": ""flight"", ""budget_range"": ""low"", ""interest_tags"": ""[\""family\"", \""adventurous\""]""}",2025-01-18 21:46:18
105,"{""preferred_transport"": ""road"", ""budget_range"": ""medium"", ""interest_tags"": ""[\""adventurous\"", \""scenic\""]""}",2022-05-28 09:00:35
106,"{""preferred_transport"": ""road"", ""budget_range"": ""low"", ""interest_tags"": ""[\""adventurous\"", \""scenic\"", \""budget\"", \""luxury\""]""}",2021-09-06 14:28:11
107,"{""preferred_transport"": ""road"", ""budget_range"": ""low"", ""interest_tags"": ""[\""adventurous\"", \""budget\"", \""cultural\"", \""scenic\""]""}",2021-03-17 21:54:22
108,"{""preferred_transport"": ""flight"", ""budget_range"": ""low"", ""interest_tags"": ""[\""luxury\"", \""romantic\""]""}",2024-11-03 11:09:12
109,"{""preferred_transport"": ""cruise"", ""budget_range"": ""medium"", ""interest_tags"": ""[\""romantic\"", \""budget\""]""}",2022-08-02 18:40:56
110,"{""preferred_transport"": ""road"", ""budget_range"": ""medium"", ""interest_tags"": ""[\""romantic\"", \""adventurous\"", \""historic\"", \""luxury\""]""}",2020-05-03 20:14:07
111,"{""preferred_transport"": ""road"", ""budget_range"": ""high"", ""interest_tags"": ""[\""luxury\"", \""historic\"", \""family\""]""}",2021-12-12 05:50:29
112,"{""preferred_transport"": ""flight"", ""budget_range"": ""high"", ""interest_tags"": ""[\""historic\"", \""family\"", \""cultural\""]""}",2024-01-01 19:05:02
113,"{""preferred_transport"": ""road"", ""budget_range"": ""medium"", ""interest_tags"": ""[\""family\"", \""budget\""]""}",2024-03-07 17:43:59
114,"{""preferred_transport"": ""flight"", ""budget_range"": ""medium"", ""interest_tags"": ""[\""family\"", \""scenic\"", \""romantic\""]""}",2020-11-20 23:31:56
115,"{""preferred_transport"": ""train"", ""budget_range"": ""medium"", ""interest_tags"": ""[\""romantic\"", \""scenic\"", \""budget\""]""}",2023-05-29 03:53:02
116,"{""preferred_transport"": ""flight"", ""budget_range"": ""medium"", ""interest_tags"": ""[\""budget\"", \""scenic\""]""}",2022-10-01 09:02:26
117,"{""preferred_transport"": ""flight"", ""budget_range"": ""medium"", ""interest_tags"": ""[\""historic\"", \""budget\"", \""luxury\"", \""adventurous\""]""}",2023-07-07 21:58:21
118,"{""preferred_transport"": ""flight"", ""budget_range"": ""low"", ""interest_tags"": ""[\""budget\"", \""luxury\"", \""adventurous\"", \""romantic\""]""}",2020-06-09 08:27:11
119,"{""preferred_transport"": ""train"", ""budget_range"": ""medium"", ""interest_tags"": ""[\""scenic\"", \""romantic\"", \""adventurous\"", \""budget\""]""}",2021-01-12 06:11:07
120,"{""preferred_transport"": ""flight"", ""budget_range"": ""high"", ""interest_tags"": ""[\""adventurous\"", \""budget\"", \""cultural\"", \""scenic\""]""}",2024-09-07 09:32:01
121,"{""preferred_transport"": ""flight"", ""budget_range"": ""high"", ""interest_tags"": ""[\""cultural\"", \""romantic\"", \""historic\""]""}",2023-12-04 16:02:54
122,"{""preferred_transport"": ""flight"", ""budget_range"": ""high"", ""interest_tags"": ""[\""romantic\"", \""budget\""]""}",2022-06-25 18:46:30
123,"{""preferred_transport"": ""cruise"", ""budget_range"": ""medium"", ""interest_tags"": ""[\""romantic\"", \""cultural\"", \""adventurous\""]""}",2024-09-08 17:18:12
124,"{""preferred_transport"": ""train"", ""budget_range"": ""medium"", ""interest_tags"": ""[\""scenic\"", \""family\""]""}",2020-08-04 21:25:01
125,"{""preferred_transport"": ""cruise"", ""budget_range"": ""medium"", ""interest_tags"": ""[\""luxury\"", \""family\"", \""historic\""]""}",2022-05-28 18:00:11
126,"{""preferred_transport"": ""cruise"", ""budget_range"": ""high"", ""interest_tags"": ""[\""romantic\"", \""family\"", \""cultural\"", \""adventurous\""]""}",2024-07-31 07:28:43
127,"{""preferred_transport"": ""road"", ""budget_range"": ""medium"", ""interest_tags"": ""[\""family\"", \""adventurous\"", \""scenic\""]""}",2021-08-09 02:56:25
128,"{""preferred_transport"": ""train"", ""budget_range"": ""high"", ""interest_tags"": ""[\""adventurous\"", \""family\"", \""romantic\""]""}",2020-05-15 14:34:42
129,"{""preferred_transport"": ""cruise"", ""budget_range"": ""high"", ""interest_tags"": ""[\""family\"", \""adventurous\"", \""budget\""]""}",2021-04-17 13:47:40
130,"{""preferred_transport"": ""road"", ""budget_range"": ""low"", ""interest_tags"": ""[\""budget\"", \""family\""]""}",2020-11-07 19:43:36
131,"{""preferred_transport"": ""road"", ""budget_range"": ""low"", ""interest_tags"": ""[\""romantic\"", \""historic\"", \""budget\"", \""cultural\""]""}",2023-06-27 18:13:16
132,"{""preferred_transport"": ""train"", ""budget_range"": ""low"", ""interest_tags"": ""[\""luxury\"", \""scenic\"", \""romantic\""]""}",2023-05-19 22:30:17
133,"{""preferred_transport"": ""flight"", ""budget_range"": ""medium"", ""interest_tags"": ""[\""family\"", \""scenic\"", \""budget\"", \""adventurous\""]""}",2024-08-07 21:04:40
134,"{""preferred_transport"": ""flight"", ""budget_range"": ""high"", ""interest_tags"": ""[\""adventurous\"", \""budget\""]""}",2022-06-11 20:31:53
135,"{""preferred_transport"": ""train"", ""budget_range"": ""high"", ""interest_tags"": ""[\""family\"", \""historic\""]""}",2020-11-08 06:21:46
136,"{""preferred_transport"": ""road"", ""budget_range"": ""low"", ""interest_tags"": ""[\""luxury\"", \""historic\"", \""family\"", \""scenic\""]""}",2020-06-23 08:33:10
137,"{""preferred_transport"": ""cruise"", ""budget_range"": ""medium"", ""interest_tags"": ""[\""family\"", \""cultural\"", \""romantic\""]""}",2024-07-08 06:37:53
138,"{""preferred_transport"": ""road"", ""budget_range"": ""high"", ""interest_tags"": ""[\""scenic\"", \""cultural\"", \""family\"", \""historic\""]""}",2023-04-03 12:34:13
139,"{""preferred_transport"": ""train"", ""budget_range"": ""medium"", ""interest_tags"": ""[\""scenic\"", \""cultural\"", \""adventurous\"", \""romantic\""]""}",2023-11-28 20:03:36
140,"{""preferred_transport"": ""cruise"", ""budget_range"": ""high"", ""interest_tags"": ""[\""romantic\"", \""scenic\""]""}",2024-08-25 05:18:41
141,"{""preferred_transport"": ""train"", ""budget_range"": ""low"", ""interest_tags"": ""[\""budget\"", \""luxury\"", \""scenic\""]""}",2023-08-11 06:46:03
142,"{""preferred_transport"": ""cruise"", ""budget_range"": ""medium"", ""interest_tags"": ""[\""adventurous\"", \""romantic\"", \""family\""]""}",2020-11-27 08:38:39
143,"{""preferred_transport"": ""train"", ""budget_range"": ""medium"", ""interest_tags"": ""[\""budget\"", \""luxury\"", \""scenic\"", \""romantic\""]""}",2020-03-09 03:56:05
144,"{""preferred_transport"": ""road"", ""budget_range"": ""medium"", ""interest_tags"": ""[\""historic\"", \""luxury\""]""}",2024-03-23 06:40:15
145,"{""preferred_transport"": ""cruise"", ""budget_range"": ""low"", ""interest_tags"": ""[\""budget\"", \""cultural\"", \""romantic\"", \""family\""]""}",2022-02-17 16:05:18
146,"{""preferred_transport"": ""train"", ""budget_range"": ""high"", ""interest_tags"": ""[\""historic\"", \""scenic\""]""}",2023-10-01 14:09:35
147,"{""preferred_transport"": ""flight"", ""budget_range"": ""high"", ""interest_tags"": ""[\""scenic\"", \""historic\"", \""romantic\""]""}",2022-10-12 01:56:37
148,"{""preferred_transport"": ""road"", ""budget_range"": ""low"", ""interest_tags"": ""[\""scenic\"", \""family\""]""}",2024-08-02 21:09:26
149,"{""preferred_transport"": ""cruise"", ""budget_range"": ""high"", ""interest_tags"": ""[\""luxury\"", \""family\"", \""cultural\"", \""scenic\""]""}",2024-02-06 01:10:41
150,"{""preferred_transport"": ""cruise"", ""budget_range"": ""high"", ""interest_tags"": ""[\""cultural\"", \""adventurous\"", \""historic\""]""}",2021-03-13 07:36:13
151,"{""preferred_transport"": ""train"", ""budget_range"": ""high"", ""interest_tags"": ""[\""family\"", \""romantic\"", \""luxury\"", \""scenic\""]""}",2020-10-07 13:28:12
152,"{""preferred_transport"": ""road"", ""budget_range"": ""low"", ""interest_tags"": ""[\""cultural\"", \""adventurous\"", \""scenic\""]""}",2022-03-25 12:10:17
153,"{""preferred_transport"": ""road"", ""budget_range"": ""high"", ""interest_tags"": ""[\""cultural\"", \""budget\"", \""romantic\""]""}",2024-01-04 19:51:48
154,"{""preferred_transport"": ""flight"", ""budget_range"": ""high"", ""interest_tags"": ""[\""budget\"", \""luxury\"", \""cultural\"", \""historic\""]""}",2023-12-13 10:17:46
155,"{""preferred_transport"": ""cruise"", ""budget_range"": ""high"", ""interest_tags"": ""[\""cultural\"", \""romantic\"", \""historic\""]""}",2020-04-25 14:44:14
156,"{""preferred_transport"": ""cruise"", ""budget_range"": ""medium"", ""interest_tags"": ""[\""cultural\"", \""romantic\""]""}",2024-07-28 02:22:48
157,"{""preferred_transport"": ""train"", ""budget_range"": ""medium"", ""interest_tags"": ""[\""budget\"", \""romantic\"", \""family\""]""}",2024-08-05 07:40:18
158,"{""preferred_transport"": ""road"", ""budget_range"": ""high"", ""interest_tags"": ""[\""scenic\"", \""adventurous\"", \""budget\"", \""historic\""]""}",2024-02-29 08:21:34
159,"{""preferred_transport"": ""road"", ""budget_range"": ""medium"", ""interest_tags"": ""[\""budget\"", \""cultural\""]""}",2023-10-09 13:02:20
160,"{""preferred_transport"": ""road"", ""budget_range"": ""low"", ""interest_tags"": ""[\""cultural\"", \""budget\"", \""scenic\""]""}",2024-08-18 14:19:00
161,"{""preferred_transport"": ""cruise"", ""budget_range"": ""low"", ""interest_tags"": ""[\""luxury\"", \""cultural\"", \""historic\""]""}",2023-11-13 18:11:05
162,"{""preferred_transport"": ""flight"", ""budget_range"": ""high"", ""interest_tags"": ""[\""historic\"", \""romantic\""]""}",2022-11-02 04:14:42
163,"{""preferred_transport"": ""train"", ""budget_range"": ""low"", ""interest_tags"": ""[\""adventurous\"", \""historic\"", \""luxury\"", \""cultural\""]""}",2024-12-26 19:53:31
164,"{""preferred_transport"": ""train"", ""budget_range"": ""low"", ""interest_tags"": ""[\""scenic\"", \""family\"", \""luxury\""]""}",2020-01-09 19:26:02
165,"{""preferred_transport"": ""cruise"", ""budget_range"": ""low"", ""interest_tags"": ""[\""luxury\"", \""family\""]""}",2021-06-26 03:26:54
166,"{""preferred_transport"": ""flight"", ""budget_range"": ""high"", ""interest_tags"": ""[\""scenic\"", \""historic\""]""}",2023-01-18 00:28:48
167,"{""preferred_transport"": ""train"", ""budget_range"": ""high"", ""interest_tags"": ""[\""historic\"", \""cultural\"", \""scenic\""]""}",2020-06-11 19:09:15
168,"{""preferred_transport"": ""train"", ""budget_range"": ""high"", ""interest_tags"": ""[\""cultural\"", \""budget\"", \""historic\""]""}",2024-01-19 15:28:22
169,"{""preferred_transport"": ""road"", ""budget_range"": ""medium"", ""interest_tags"": ""[\""cultural\"", \""adventurous\"", \""luxury\"", \""romantic\""]""}",2020-05-14 17:31:52
170,"{""preferred_transport"": ""cruise"", ""budget_range"": ""medium"", ""interest_tags"": ""[\""historic\"", \""romantic\"", \""adventurous\"", \""budget\""]""}",2023-08-17 09:15:53
171,"{""preferred_transport"": ""flight"", ""budget_range"": ""medium"", ""interest_tags"": ""[\""romantic\"", \""historic\"", \""family\"", \""scenic\""]""}",2021-04-05 20:34:19
172,"{""preferred_transport"": ""flight"", ""budget_range"": ""low"", ""interest_tags"": ""[\""budget\"", \""adventurous\"", \""luxury\""]""}",2024-07-06 09:11:06
173,"{""preferred_transport"": ""cruise"", ""budget_range"": ""medium"", ""interest_tags"": ""[\""family\"", \""historic\"", \""budget\"", \""romantic\""]""}",2024-09-08 22:32:03
174,"{""preferred_transport"": ""train"", ""budget_range"": ""medium"", ""interest_tags"": ""[\""adventurous\"", \""romantic\"", \""scenic\""]""}",2023-11-09 23:19:44
175,"{""preferred_transport"": ""road"", ""budget_range"": ""medium"", ""interest_tags"": ""[\""cultural\"", \""scenic\"", \""adventurous\"", \""family\""]""}",2022-03-02 21:57:38
176,"{""preferred_transport"": ""cruise"", ""budget_range"": ""low"", ""interest_tags"": ""[\""romantic\"", \""historic\"", \""family\"", \""budget\""]""}",2020-10-16 15:44:24
177,"{""preferred_transport"": ""road"", ""budget_range"": ""low"", ""interest_tags"": ""[\""budget\"", \""family\"", \""cultural\"", \""luxury\""]""}",2020-07-05 08:30:21
178,"{""preferred_transport"": ""cruise"", ""budget_range"": ""high"", ""interest_tags"": ""[\""family\"", \""scenic\""]""}",2023-08-07 00:27:27
179,"{""preferred_transport"": ""flight"", ""budget_range"": ""medium"", ""interest_tags"": ""[\""luxury\"", \""scenic\"", \""historic\"", \""romantic\""]""}",2024-04-25 11:25:19
180,"{""preferred_transport"": ""train"", ""budget_range"": ""low"", ""interest_tags"": ""[\""romantic\"", \""cultural\"", \""historic\"", \""scenic\""]""}",2024-09-24 06:09:36
181,"{""preferred_transport"": ""cruise"", ""budget_range"": ""low"", ""interest_tags"": ""[\""adventurous\"", \""family\"", \""romantic\""]""}",2024-10-08 20:38:02
182,"{""preferred_transport"": ""flight"", ""budget_range"": ""high"", ""interest_tags"": ""[\""luxury\"", \""historic\"", \""cultural\"", \""scenic\""]""}",2022-08-17 23:34:04
183,"{""preferred_transport"": ""cruise"", ""budget_range"": ""medium"", ""interest_tags"": ""[\""scenic\"", \""family\""]""}",2021-03-21 01:36:19
184,"{""preferred_transport"": ""road"", ""budget_range"": ""low"", ""interest_tags"": ""[\""historic\"", \""romantic\""]""}",2024-07-06 03:39:22
185,"{""preferred_transport"": ""train"", ""budget_range"": ""medium"", ""interest_tags"": ""[\""romantic\"", \""scenic\"", \""cultural\""]""}",2023-02-23 17:09:30
186,"{""preferred_transport"": ""cruise"", ""budget_range"": ""high"", ""interest_tags"": ""[\""cultural\"", \""historic\"", \""romantic\""]""}",2021-05-04 01:19:57
187,"{""preferred_transport"": ""flight"", ""budget_range"": ""high"", ""interest_tags"": ""[\""luxury\"", \""adventurous\""]""}",2023-08-10 08:49:58
188,"{""preferred_transport"": ""road"", ""budget_range"": ""high"", ""interest_tags"": ""[\""family\"", \""scenic\"", \""cultural\""]""}",2024-05-10 19:18:35
189,"{""preferred_transport"": ""flight"", ""budget_range"": ""medium"", ""interest_tags"": ""[\""cultural\"", \""scenic\"", \""budget\""]""}",2025-01-16 19:17:42
190,"{""preferred_transport"": ""road"", ""budget_range"": ""high"", ""interest_tags"": ""[\""luxury\"", \""historic\"", \""cultural\"", \""adventurous\""]""}",2020-06-19 04:50:20
191,"{""preferred_transport"": ""flight"", ""budget_range"": ""low"", ""interest_tags"": ""[\""adventurous\"", \""family\"", \""cultural\""]""}",2022-03-04 20:54:55
192,"{""preferred_transport"": ""cruise"", ""budget_range"": ""medium"", ""interest_tags"": ""[\""historic\"", \""adventurous\""]""}",2023-08-30 23:57:55
193,"{""preferred_transport"": ""train"", ""budget_range"": ""low"", ""interest_tags"": ""[\""adventurous\"", \""luxury\"", \""family\""]""}",2023-01-05 08:37:06
194,"{""preferred_transport"": ""flight"", ""budget_range"": ""medium"", ""interest_tags"": ""[\""historic\"", \""adventurous\"", \""romantic\"", \""family\""]""}",2020-08-29 21:51:24
195,"{""preferred_transport"": ""cruise"", ""budget_range"": ""high"", ""interest_tags"": ""[\""family\"", \""budget\"", \""romantic\""]""}",2023-07-21 17:31:08
196,"{""preferred_transport"": ""cruise"", ""budget_range"": ""low"", ""interest_tags"": ""[\""historic\"", \""scenic\"", \""cultural\""]""}",2023-11-30 11:18:40
197,"{""preferred_transport"": ""cruise"", ""budget_range"": ""low"", ""interest_tags"": ""[\""cultural\"", \""romantic\"", \""adventurous\""]""}",2025-01-03 13:25:33
198,"{""preferred_transport"": ""road"", ""budget_range"": ""high"", ""interest_tags"": ""[\""family\"", \""romantic\""]""}",2022-08-21 23:44:52
199,"{""preferred_transport"": ""cruise"", ""budget_range"": ""low"", ""interest_tags"": ""[\""scenic\"", \""historic\"", \""luxury\""]""}",2020-12-20 06:26:33
200,"{""preferred_transport"": ""train"", ""budget_range"": ""medium"", ""interest_tags"": ""[\""scenic\"", \""cultural\"", \""historic\""]""}",2021-03-30 23:40:21
201,"{""preferred_transport"": ""cruise"", ""budget_range"": ""low"", ""interest_tags"": ""[\""scenic\"", \""family\""]""}",2020-08-22 02:44:50
202,"{""preferred_transport"": ""train"", ""budget_range"": ""high"", ""interest_tags"": ""[\""romantic\"", \""family\"", \""luxury\""]""}",2024-12-05 08:16:20
203,"{""preferred_transport"": ""road"", ""budget_range"": ""high"", ""interest_tags"": ""[\""budget\"", \""family\"", \""romantic\"", \""scenic\""]""}",2021-04-14 00:11:58
204,"{""preferred_transport"": ""road"", ""budget_range"": ""low"", ""interest_tags"": ""[\""romantic\"", \""budget\"", \""scenic\""]""}",2022-05-03 09:09:10
205,"{""preferred_transport"": ""flight"", ""budget_range"": ""medium"", ""interest_tags"": ""[\""cultural\"", \""scenic\"", \""adventurous\"", \""budget\""]""}",2020-04-26 20:11:59
206,"{""preferred_transport"": ""flight"", ""budget_range"": ""medium"", ""interest_tags"": ""[\""cultural\"", \""budget\"", \""historic\""]""}",2025-01-19 17:48:06
207,"{""preferred_transport"": ""road"", ""budget_range"": ""medium"", ""interest_tags"": ""[\""historic\"", \""adventurous\"", \""luxury\"", \""cultural\""]""}",2022-09-25 22:46:23
208,"{""preferred_transport"": ""road"", ""budget_range"": ""high"", ""interest_tags"": ""[\""historic\"", \""adventurous\""]""}",2020-11-17 13:39:33
209,"{""preferred_transport"": ""cruise"", ""budget_range"": ""high"", ""interest_tags"": ""[\""scenic\"", \""historic\""]""}",2022-02-08 17:06:39
210,"{""preferred_transport"": ""road"", ""budget_range"": ""medium"", ""interest_tags"": ""[\""scenic\"", \""romantic\"", \""family\"", \""budget\""]""}",2023-04-18 15:52:21
211,"{""preferred_transport"": ""road"", ""budget_range"": ""medium"", ""interest_tags"": ""[\""historic\"", \""family\"", \""budget\"", \""scenic\""]""}",2020-07-23 18:44:39
212,"{""preferred_transport"": ""cruise"", ""budget_range"": ""low"", ""interest_tags"": ""[\""family\"", \""scenic\"", \""romantic\"", \""luxury\""]""}",2021-04-12 04:38:52
213,"{""preferred_transport"": ""cruise"", ""budget_range"": ""low"", ""interest_tags"": ""[\""scenic\"", \""romantic\"", \""family\"", \""adventurous\""]""}",2021-02-04 15:19:56
214,"{""preferred_transport"": ""flight"", ""budget_range"": ""medium"", ""interest_tags"": ""[\""family\"", \""budget\"", \""scenic\"", \""cultural\""]""}",2024-06-23 10:43:56
215,"{""preferred_transport"": ""flight"", ""budget_range"": ""high"", ""interest_tags"": ""[\""family\"", \""luxury\"", \""scenic\"", \""historic\""]""}",2023-01-31 13:14:30
216,"{""preferred_transport"": ""cruise"", ""budget_range"": ""low"", ""interest_tags"": ""[\""budget\"", \""family\""]""}",2024-02-19 18:59:16
217,"{""preferred_transport"": ""train"", ""budget_range"": ""low"", ""interest_tags"": ""[\""scenic\"", \""historic\""]""}",2022-07-07 23:51:26
218,"{""preferred_transport"": ""flight"", ""budget_range"": ""high"", ""interest_tags"": ""[\""historic\"", \""budget\"", \""scenic\"", \""luxury\""]""}",2021-02-11 03:43:29
219,"{""preferred_transport"": ""road"", ""budget_range"": ""low"", ""interest_tags"": ""[\""scenic\"", \""family\""]""}",2021-05-29 07:29:41
220,"{""preferred_transport"": ""road"", ""budget_range"": ""low"", ""interest_tags"": ""[\""budget\"", \""romantic\"", \""family\""]""}",2022-01-07 23:32:06
221,"{""preferred_transport"": ""road"", ""budget_range"": ""high"", ""interest_tags"": ""[\""romantic\"", \""cultural\"", \""luxury\""]""}",2022-01-13 01:41:44
222,"{""preferred_transport"": ""cruise"", ""budget_range"": ""medium"", ""interest_tags"": ""[\""budget\"", \""romantic\""]""}",2024-11-07 05:33:09
223,"{""preferred_transport"": ""road"", ""budget_range"": ""medium"", ""interest_tags"": ""[\""family\"", \""luxury\"", \""romantic\""]""}",2023-07-24 17:36:48
224,"{""preferred_transport"": ""train"", ""budget_range"": ""low"", ""interest_tags"": ""[\""scenic\"", \""family\"", \""romantic\"", \""historic\""]""}",2024-02-02 03:26:11
225,"{""preferred_transport"": ""cruise"", ""budget_range"": ""high"", ""interest_tags"": ""[\""cultural\"", \""scenic\""]""}",2020-09-17 14:10:56
226,"{""preferred_transport"": ""train"", ""budget_range"": ""medium"", ""interest_tags"": ""[\""scenic\"", \""family\"", \""adventurous\""]""}",2020-10-11 22:39:33
227,"{""preferred_transport"": ""train"", ""budget_range"": ""medium"", ""interest_tags"": ""[\""historic\"", \""adventurous\"", \""romantic\""]""}",2023-05-16 17:45:00
228,"{""preferred_transport"": ""cruise"", ""budget_range"": ""low"", ""interest_tags"": ""[\""cultural\"", \""scenic\"", \""romantic\""]""}",2020-03-28 13:48:56
229,"{""preferred_transport"": ""cruise"", ""budget_range"": ""low"", ""interest_tags"": ""[\""budget\"", \""family\"", \""cultural\"", \""romantic\""]""}",2020-04-29 00:05:35
230,"{""preferred_transport"": ""cruise"", ""budget_range"": ""medium"", ""interest_tags"": ""[\""scenic\"", \""family\"", \""budget\"", \""adventurous\""]""}",2023-10-25 18:09:01
231,"{""preferred_transport"": ""flight"", ""budget_range"": ""low"", ""interest_tags"": ""[\""luxury\"", \""cultural\""]""}",2021-04-09 12:59:27
232,"{""preferred_transport"": ""road"", ""budget_range"": ""low"", ""interest_tags"": ""[\""adventurous\"", \""scenic\"", \""historic\""]""}",2020-05-28 08:27:24
233,"{""preferred_transport"": ""train"", ""budget_range"": ""medium"", ""interest_tags"": ""[\""romantic\"", \""historic\"", \""family\"", \""adventurous\""]""}",2025-01-28 00:05:16
234,"{""preferred_transport"": ""flight"", ""budget_range"": ""high"", ""interest_tags"": ""[\""adventurous\"", \""budget\"", \""cultural\"", \""scenic\""]""}",2023-08-26 14:22:18
235,"{""preferred_transport"": ""flight"", ""budget_range"": ""high"", ""interest_tags"": ""[\""adventurous\"", \""luxury\"", \""romantic\""]""}",2021-08-04 23:08:14
236,"{""preferred_transport"": ""flight"", ""budget_range"": ""high"", ""interest_tags"": ""[\""cultural\"", \""luxury\"", \""family\""]""}",2024-04-25 05:05:41
237,"{""preferred_transport"": ""flight"", ""budget_range"": ""medium"", ""interest_tags"": ""[\""historic\"", \""budget\"", \""adventurous\""]""}",2023-03-05 19:26:37
238,"{""preferred_transport"": ""cruise"", ""budget_range"": ""high"", ""interest_tags"": ""[\""budget\"", \""family\""]""}",2020-07-28 21:36:20
239,"{""preferred_transport"": ""cruise"", ""budget_range"": ""low"", ""interest_tags"": ""[\""cultural\"", \""family\"", \""luxury\"", \""scenic\""]""}",2021-02-18 11:44:25
240,"{""preferred_transport"": ""flight"", ""budget_range"": ""medium"", ""interest_tags"": ""[\""budget\"", \""family\"", \""romantic\"", \""cultural\""]""}",2023-12-14 12:47:38
241,"{""preferred_transport"": ""road"", ""budget_range"": ""high"", ""interest_tags"": ""[\""scenic\"", \""historic\""]""}",2023-11-22 23:03:46
242,"{""preferred_transport"": ""flight"", ""budget_range"": ""medium"", ""interest_tags"": ""[\""historic\"", \""family\""]""}",2021-09-11 17:32:55
243,"{""preferred_transport"": ""flight"", ""budget_range"": ""medium"", ""interest_tags"": ""[\""family\"", \""romantic\"", \""luxury\""]""}",2024-01-10 19:14:42
244,"{""preferred_transport"": ""cruise"", ""budget_range"": ""low"", ""interest_tags"": ""[\""adventurous\"", \""scenic\"", \""family\"", \""historic\""]""}",2022-10-28 06:05:54
245,"{""preferred_transport"": ""cruise"", ""budget_range"": ""low"", ""interest_tags"": ""[\""family\"", \""adventurous\"", \""budget\""]""}",2023-09-28 05:08:23
246,"{""preferred_transport"": ""road"", ""budget_range"": ""medium"", ""interest_tags"": ""[\""romantic\"", \""budget\""]""}",2024-03-25 18:01:58
247,"{""preferred_transport"": ""cruise"", ""budget_range"": ""high"", ""interest_tags"": ""[\""cultural\"", \""budget\"", \""adventurous\""]""}",2020-09-02 05:13:26
248,"{""preferred_transport"": ""road"", ""budget_range"": ""high"", ""interest_tags"": ""[\""luxury\"", \""scenic\""]""}",2020-11-14 18:15:17
249,"{""preferred_transport"": ""flight"", ""budget_range"": ""medium"", ""interest_tags"": ""[\""luxury\"", \""scenic\"", \""adventurous\"", \""romantic\""]""}",2023-08-16 21:31:02
250,"{""preferred_transport"": ""train"", ""budget_range"": ""high"", ""interest_tags"": ""[\""budget\"", \""adventurous\"", \""historic\""]""}",2022-12-31 08:43:39
251,"{""preferred_transport"": ""road"", ""budget_range"": ""medium"", ""interest_tags"": ""[\""historic\"", \""romantic\"", \""budget\"", \""adventurous\""]""}",2023-02-02 18:26:29
252,"{""preferred_transport"": ""train"", ""budget_range"": ""low"", ""interest_tags"": ""[\""romantic\"", \""historic\""]""}",2021-01-27 04:23:34
253,"{""preferred_transport"": ""flight"", ""budget_range"": ""low"", ""interest_tags"": ""[\""budget\"", \""scenic\"", \""adventurous\"", \""luxury\""]""}",2020-04-10 14:49:28
254,"{""preferred_transport"": ""train"", ""budget_range"": ""high"", ""interest_tags"": ""[\""budget\"", \""scenic\"", \""adventurous\""]""}",2020-08-26 20:59:35
255,"{""preferred_transport"": ""train"", ""budget_range"": ""high"", ""interest_tags"": ""[\""family\"", \""scenic\"", \""budget\""]""}",2022-05-15 20:36:55
256,"{""preferred_transport"": ""train"", ""budget_range"": ""low"", ""interest_tags"": ""[\""scenic\"", \""adventurous\""]""}",2024-05-27 13:53:08
257,"{""preferred_transport"": ""road"", ""budget_range"": ""high"", ""interest_tags"": ""[\""luxury\"", \""family\""]""}",2022-03-19 16:36:42
258,"{""preferred_transport"": ""road"", ""budget_range"": ""low"", ""interest_tags"": ""[\""luxury\"", \""budget\"", \""adventurous\"", \""cultural\""]""}",2021-01-16 00:30:32
259,"{""preferred_transport"": ""train"", ""budget_range"": ""low"", ""interest_tags"": ""[\""scenic\"", \""budget\"", \""adventurous\""]""}",2020-09-29 18:09:06
260,"{""preferred_transport"": ""cruise"", ""budget_range"": ""high"", ""interest_tags"": ""[\""cultural\"", \""luxury\"", \""family\""]""}",2022-06-21 02:58:50
261,"{""preferred_transport"": ""cruise"", ""budget_range"": ""low"", ""interest_tags"": ""[\""scenic\"", \""family\"", \""romantic\"", \""luxury\""]""}",2021-11-27 16:40:00
262,"{""preferred_transport"": ""flight"", ""budget_range"": ""low"", ""interest_tags"": ""[\""adventurous\"", \""family\""]""}",2024-03-14 20:56:44
263,"{""preferred_transport"": ""flight"", ""budget_range"": ""medium"", ""interest_tags"": ""[\""budget\"", \""adventurous\"", \""luxury\"", \""cultural\""]""}",2020-09-24 20:41:32
264,"{""preferred_transport"": ""flight"", ""budget_range"": ""medium"", ""interest_tags"": ""[\""romantic\"", \""luxury\"", \""adventurous\""]""}",2023-06-26 01:34:34
265,"{""preferred_transport"": ""flight"", ""budget_range"": ""low"", ""interest_tags"": ""[\""cultural\"", \""adventurous\"", \""family\""]""}",2024-05-26 09:09:31
266,"{""preferred_transport"": ""cruise"", ""budget_range"": ""low"", ""interest_tags"": ""[\""scenic\"", \""family\"", \""cultural\"", \""adventurous\""]""}",2024-04-11 08:14:29
267,"{""preferred_transport"": ""flight"", ""budget_range"": ""low"", ""interest_tags"": ""[\""scenic\"", \""romantic\"", \""cultural\"", \""budget\""]""}",2022-09-29 11:19:44
268,"{""preferred_transport"": ""train"", ""budget_range"": ""medium"", ""interest_tags"": ""[\""luxury\"", \""family\"", \""historic\"", \""scenic\""]""}",2021-09-01 21:19:54
269,"{""preferred_transport"": ""cruise"", ""budget_range"": ""low"", ""interest_tags"": ""[\""luxury\"", \""romantic\"", \""family\"", \""historic\""]""}",2024-04-10 10:34:11
270,"{""preferred_transport"": ""train"", ""budget_range"": ""high"", ""interest_tags"": ""[\""scenic\"", \""cultural\"", \""budget\"", \""luxury\""]""}",2022-11-14 22:44:27
271,"{""preferred_transport"": ""flight"", ""budget_range"": ""low"", ""interest_tags"": ""[\""historic\"", \""budget\""]""}",2024-11-26 23:10:49
272,"{""preferred_transport"": ""cruise"", ""budget_range"": ""high"", ""interest_tags"": ""[\""family\"", \""luxury\""]""}",2020-04-04 02:16:49
273,"{""preferred_transport"": ""road"", ""budget_range"": ""high"", ""interest_tags"": ""[\""luxury\"", \""budget\"", \""scenic\"", \""adventurous\""]""}",2022-01-30 19:25:12
274,"{""preferred_transport"": ""road"", ""budget_range"": ""medium"", ""interest_tags"": ""[\""cultural\"", \""budget\"", \""historic\""]""}",2021-05-06 03:19:57
275,"{""preferred_transport"": ""road"", ""budget_range"": ""medium"", ""interest_tags"": ""[\""romantic\"", \""cultural\"", \""scenic\""]""}",2021-03-22 08:42:50
276,"{""preferred_transport"": ""cruise"", ""budget_range"": ""high"", ""interest_tags"": ""[\""budget\"", \""adventurous\"", \""cultural\""]""}",2023-02-25 05:28:46
277,"{""preferred_transport"": ""flight"", ""budget_range"": ""medium"", ""interest_tags"": ""[\""romantic\"", \""historic\""]""}",2022-04-11 00:08:01
278,"{""preferred_transport"": ""road"", ""budget_range"": ""low"", ""interest_tags"": ""[\""cultural\"", \""historic\""]""}",2022-06-20 15:46:30
279,"{""preferred_transport"": ""road"", ""budget_range"": ""high"", ""interest_tags"": ""[\""adventurous\"", \""family\"", \""cultural\""]""}",2022-10-14 07:23:02
280,"{""preferred_transport"": ""cruise"", ""budget_range"": ""low"", ""interest_tags"": ""[\""romantic\"", \""luxury\""]""}",2023-12-21 08:15:29
281,"{""preferred_transport"": ""road"", ""budget_range"": ""medium"", ""interest_tags"": ""[\""historic\"", \""romantic\"", \""adventurous\""]""}",2024-04-19 08:40:14
282,"{""preferred_transport"": ""road"", ""budget_range"": ""low"", ""interest_tags"": ""[\""budget\"", \""historic\""]""}",2020-06-06 00:33:56
283,"{""preferred_transport"": ""cruise"", ""budget_range"": ""medium"", ""interest_tags"": ""[\""romantic\"", \""scenic\"", \""luxury\"", \""historic\""]""}",2020-11-29 23:33:48
284,"{""preferred_transport"": ""road"", ""budget_range"": ""low"", ""interest_tags"": ""[\""budget\"", \""family\"", \""adventurous\""]""}",2023-02-10 22:16:00
285,"{""preferred_transport"": ""flight"", ""budget_range"": ""medium"", ""interest_tags"": ""[\""adventurous\"", \""scenic\""]""}",2024-09-14 19:17:29
286,"{""preferred_transport"": ""cruise"", ""budget_range"": ""low"", ""interest_tags"": ""[\""romantic\"", \""family\"", \""luxury\""]""}",2022-05-19 01:29:07
287,"{""preferred_transport"": ""flight"", ""budget_range"": ""low"", ""interest_tags"": ""[\""family\"", \""scenic\""]""}",2022-11-19 12:01:56
288,"{""preferred_transport"": ""cruise"", ""budget_range"": ""low"", ""interest_tags"": ""[\""family\"", \""luxury\""]""}",2020-05-05 01:37:25
289,"{""preferred_transport"": ""flight"", ""budget_range"": ""low"", ""interest_tags"": ""[\""budget\"", \""family\""]""}",2024-01-11 20:55:27
290,"{""preferred_transport"": ""road"", ""budget_range"": ""low"", ""interest_tags"": ""[\""scenic\"", \""romantic\"", \""luxury\"", \""family\""]""}",2021-05-19 21:01:50
291,"{""preferred_transport"": ""road"", ""budget_range"": ""high"", ""interest_tags"": ""[\""luxury\"", \""romantic\"", \""scenic\"", \""family\""]""}",2024-05-02 15:02:16
292,"{""preferred_transport"": ""road"", ""budget_range"": ""high"", ""interest_tags"": ""[\""luxury\"", \""adventurous\"", \""historic\"", \""scenic\""]""}",2022-10-26 03:00:50
293,"{""preferred_transport"": ""flight"", ""budget_range"": ""medium"", ""interest_tags"": ""[\""luxury\"", \""family\"", \""budget\"", \""historic\""]""}",2025-01-28 12:48:24
294,"{""preferred_transport"": ""road"", ""budget_range"": ""medium"", ""interest_tags"": ""[\""adventurous\"", \""budget\"", \""historic\"", \""luxury\""]""}",2024-02-01 16:51:29
295,"{""preferred_transport"": ""train"", ""budget_range"": ""high"", ""interest_tags"": ""[\""family\"", \""cultural\"", \""budget\"", \""romantic\""]""}",2020-04-08 02:04:04
296,"{""preferred_transport"": ""flight"", ""budget_range"": ""low"", ""interest_tags"": ""[\""romantic\"", \""scenic\""]""}",2023-07-25 02:31:20
297,"{""preferred_transport"": ""train"", ""budget_range"": ""medium"", ""interest_tags"": ""[\""adventurous\"", \""romantic\"", \""luxury\"", \""budget\""]""}",2024-01-05 05:27:06
298,"{""preferred_transport"": ""flight"", ""budget_range"": ""high"", ""interest_tags"": ""[\""adventurous\"", \""luxury\""]""}",2022-10-06 21:26:59
299,"{""preferred_transport"": ""road"", ""budget_range"": ""high"", ""interest_tags"": ""[\""budget\"", \""cultural\"", \""adventurous\""]""}",2024-07-14 08:50:06
300,"{""preferred_transport"": ""cruise"", ""budget_range"": ""high"", ""interest_tags"": ""[\""luxury\"", \""romantic\"", \""adventurous\""]""}",2021-08-20 08:15:19
301,"{""preferred_transport"": ""train"", ""budget_range"": ""medium"", ""interest_tags"": ""[\""luxury\"", \""cultural\"", \""scenic\"", \""budget\""]""}",2021-10-05 23:45:09
302,"{""preferred_transport"": ""road"", ""budget_range"": ""medium"", ""interest_tags"": ""[\""budget\"", \""luxury\"", \""romantic\""]""}",2022-04-29 14:28:18
303,"{""preferred_transport"": ""cruise"", ""budget_range"": ""low"", ""interest_tags"": ""[\""family\"", \""adventurous\"", \""scenic\"", \""cultural\""]""}",2022-06-21 09:43:11
304,"{""preferred_transport"": ""flight"", ""budget_range"": ""medium"", ""interest_tags"": ""[\""cultural\"", \""scenic\"", \""adventurous\"", \""family\""]""}",2024-01-28 10:44:21
305,"{""preferred_transport"": ""train"", ""budget_range"": ""low"", ""interest_tags"": ""[\""luxury\"", \""romantic\"", \""budget\"", \""scenic\""]""}",2021-03-02 11:48:49
306,"{""preferred_transport"": ""flight"", ""budget_range"": ""high"", ""interest_tags"": ""[\""adventurous\"", \""cultural\"", \""historic\"", \""luxury\""]""}",2021-12-02 03:17:51
307,"{""preferred_transport"": ""train"", ""budget_range"": ""low"", ""interest_tags"": ""[\""family\"", \""scenic\""]""}",2024-01-07 16:59:18
308,"{""preferred_transport"": ""flight"", ""budget_range"": ""high"", ""interest_tags"": ""[\""historic\"", \""luxury\""]""}",2021-05-05 16:56:25
309,"{""preferred_transport"": ""road"", ""budget_range"": ""high"", ""interest_tags"": ""[\""romantic\"", \""budget\"", \""cultural\""]""}",2022-06-11 10:32:33
310,"{""preferred_transport"": ""cruise"", ""budget_range"": ""medium"", ""interest_tags"": ""[\""historic\"", \""family\"", \""romantic\"", \""luxury\""]""}",2021-12-22 11:35:34
311,"{""preferred_transport"": ""flight"", ""budget_range"": ""low"", ""interest_tags"": ""[\""scenic\"", \""historic\"", \""adventurous\""]""}",2024-03-19 02:30:02
312,"{""preferred_transport"": ""train"", ""budget_range"": ""high"", ""interest_tags"": ""[\""historic\"", \""romantic\"", \""scenic\""]""}",2024-10-30 14:18:22
313,"{""preferred_transport"": ""flight"", ""budget_range"": ""medium"", ""interest_tags"": ""[\""romantic\"", \""budget\"", \""luxury\""]""}",2024-06-17 00:01:24
314,"{""preferred_transport"": ""road"", ""budget_range"": ""low"", ""interest_tags"": ""[\""romantic\"", \""scenic\"", \""cultural\"", \""historic\""]""}",2022-10-24 09:35:37
315,"{""preferred_transport"": ""train"", ""budget_range"": ""high"", ""interest_tags"": ""[\""luxury\"", \""budget\"", \""cultural\""]""}",2020-02-13 18:11:36
316,"{""preferred_transport"": ""cruise"", ""budget_range"": ""medium"", ""interest_tags"": ""[\""adventurous\"", \""cultural\"", \""luxury\"", \""romantic\""]""}",2023-08-21 19:51:57
317,"{""preferred_transport"": ""cruise"", ""budget_range"": ""low"", ""interest_tags"": ""[\""cultural\"", \""romantic\"", \""family\""]""}",2024-01-23 09:33:29
318,"{""preferred_transport"": ""cruise"", ""budget_range"": ""low"", ""interest_tags"": ""[\""luxury\"", \""adventurous\""]""}",2022-01-01 17:44:14
319,"{""preferred_transport"": ""road"", ""budget_range"": ""medium"", ""interest_tags"": ""[\""luxury\"", \""romantic\"", \""budget\""]""}",2024-11-14 20:49:53
320,"{""preferred_transport"": ""flight"", ""budget_range"": ""medium"", ""interest_tags"": ""[\""budget\"", \""romantic\"", \""cultural\"", \""historic\""]""}",2021-01-02 07:29:01
321,"{""preferred_transport"": ""road"", ""budget_range"": ""medium"", ""interest_tags"": ""[\""family\"", \""budget\""]""}",2024-04-10 06:38:30
322,"{""preferred_transport"": ""cruise"", ""budget_range"": ""high"", ""interest_tags"": ""[\""luxury\"", \""scenic\""]""}",2021-11-17 03:42:46
323,"{""preferred_transport"": ""train"", ""budget_range"": ""low"", ""interest_tags"": ""[\""scenic\"", \""adventurous\"", \""budget\""]""}",2023-03-06 19:29:14
324,"{""preferred_transport"": ""road"", ""budget_range"": ""high"", ""interest_tags"": ""[\""romantic\"", \""family\"", \""luxury\"", \""cultural\""]""}",2022-02-07 20:21:35
325,"{""preferred_transport"": ""flight"", ""budget_range"": ""high"", ""interest_tags"": ""[\""budget\"", \""historic\"", \""luxury\""]""}",2020-12-14 14:53:39
326,"{""preferred_transport"": ""flight"", ""budget_range"": ""high"", ""interest_tags"": ""[\""adventurous\"", \""luxury\"", \""family\"", \""cultural\""]""}",2021-05-26 04:46:46
327,"{""preferred_transport"": ""cruise"", ""budget_range"": ""high"", ""interest_tags"": ""[\""cultural\"", \""budget\"", \""romantic\""]""}",2024-12-16 18:38:32
328,"{""preferred_transport"": ""road"", ""budget_range"": ""low"", ""interest_tags"": ""[\""romantic\"", \""family\"", \""historic\"", \""adventurous\""]""}",2021-02-13 22:28:58
329,"{""preferred_transport"": ""road"", ""budget_range"": ""medium"", ""interest_tags"": ""[\""historic\"", \""luxury\"", \""adventurous\"", \""scenic\""]""}",2020-03-08 15:19:22
330,"{""preferred_transport"": ""road"", ""budget_range"": ""medium"", ""interest_tags"": ""[\""adventurous\"", \""luxury\""]""}",2020-08-14 21:28:34
331,"{""preferred_transport"": ""flight"", ""budget_range"": ""medium"", ""interest_tags"": ""[\""cultural\"", \""luxury\"", \""historic\""]""}",2020-08-02 10:26:25
332,"{""preferred_transport"": ""road"", ""budget_range"": ""low"", ""interest_tags"": ""[\""family\"", \""cultural\"", \""romantic\""]""}",2023-07-30 00:27:29
333,"{""preferred_transport"": ""cruise"", ""budget_range"": ""medium"", ""interest_tags"": ""[\""family\"", \""adventurous\"", \""historic\""]""}",2024-08-02 13:08:32
334,"{""preferred_transport"": ""train"", ""budget_range"": ""high"", ""interest_tags"": ""[\""cultural\"", \""romantic\"", \""luxury\""]""}",2023-05-06 04:34:32
335,"{""preferred_transport"": ""train"", ""budget_range"": ""high"", ""interest_tags"": ""[\""historic\"", \""family\""]""}",2020-03-11 15:16:06
336,"{""preferred_transport"": ""cruise"", ""budget_range"": ""medium"", ""interest_tags"": ""[\""family\"", \""luxury\"", \""adventurous\"", \""cultural\""]""}",2022-02-07 23:50:07
337,"{""preferred_transport"": ""road"", ""budget_range"": ""medium"", ""interest_tags"": ""[\""luxury\"", \""cultural\""]""}",2020-12-16 14:18:23
338,"{""preferred_transport"": ""flight"", ""budget_range"": ""high"", ""interest_tags"": ""[\""historic\"", \""cultural\"", \""family\""]""}",2020-07-28 01:34:25
339,"{""preferred_transport"": ""flight"", ""budget_range"": ""high"", ""interest_tags"": ""[\""romantic\"", \""luxury\""]""}",2020-05-31 05:34:10
340,"{""preferred_transport"": ""train"", ""budget_range"": ""high"", ""interest_tags"": ""[\""family\"", \""adventurous\""]""}",2021-12-29 01:36:10
341,"{""preferred_transport"": ""train"", ""budget_range"": ""low"", ""interest_tags"": ""[\""luxury\"", \""cultural\""]""}",2024-11-24 21:54:01
342,"{""preferred_transport"": ""cruise"", ""budget_range"": ""high"", ""interest_tags"": ""[\""budget\"", \""cultural\"", \""scenic\"", \""family\""]""}",2024-06-07 11:17:45
343,"{""preferred_transport"": ""train"", ""budget_range"": ""medium"", ""interest_tags"": ""[\""luxury\"", \""historic\"", \""romantic\""]""}",2025-01-12 05:53:53
344,"{""preferred_transport"": ""train"", ""budget_range"": ""high"", ""interest_tags"": ""[\""family\"", \""luxury\"", \""adventurous\"", \""historic\""]""}",2022-12-06 01:25:50
345,"{""preferred_transport"": ""road"", ""budget_range"": ""high"", ""interest_tags"": ""[\""family\"", \""adventurous\"", \""cultural\""]""}",2022-07-20 17:18:24
346,"{""preferred_transport"": ""road"", ""budget_range"": ""low"", ""interest_tags"": ""[\""romantic\"", \""cultural\"", \""family\"", \""scenic\""]""}",2021-03-24 11:38:46
347,"{""preferred_transport"": ""road"", ""budget_range"": ""low"", ""interest_tags"": ""[\""family\"", \""adventurous\"", \""luxury\"", \""budget\""]""}",2021-02-20 14:40:48
348,"{""preferred_transport"": ""road"", ""budget_range"": ""low"", ""interest_tags"": ""[\""adventurous\"", \""scenic\"", \""budget\""]""}",2020-09-02 15:55:07
349,"{""preferred_transport"": ""road"", ""budget_range"": ""medium"", ""interest_tags"": ""[\""adventurous\"", \""historic\""]""}",2022-04-14 01:56:48
350,"{""preferred_transport"": ""road"", ""budget_range"": ""high"", ""interest_tags"": ""[\""historic\"", \""family\"", \""romantic\"", \""cultural\""]""}",2024-12-30 13:24:55
351,"{""preferred_transport"": ""train"", ""budget_range"": ""medium"", ""interest_tags"": ""[\""budget\"", \""scenic\""]""}",2020-02-17 15:21:51
352,"{""preferred_transport"": ""train"", ""budget_range"": ""low"", ""interest_tags"": ""[\""cultural\"", \""budget\"", \""adventurous\"", \""romantic\""]""}",2021-09-27 09:36:19
353,"{""preferred_transport"": ""road"", ""budget_range"": ""low"", ""interest_tags"": ""[\""budget\"", \""family\"", \""scenic\"", \""adventurous\""]""}",2023-12-19 14:09:15
354,"{""preferred_transport"": ""cruise"", ""budget_range"": ""medium"", ""interest_tags"": ""[\""budget\"", \""luxury\"", \""adventurous\""]""}",2023-12-18 19:46:55
355,"{""preferred_transport"": ""flight"", ""budget_range"": ""high"", ""interest_tags"": ""[\""budget\"", \""cultural\"", \""scenic\""]""}",2022-08-30 05:09:25
356,"{""preferred_transport"": ""road"", ""budget_range"": ""low"", ""interest_tags"": ""[\""adventurous\"", \""budget\"", \""cultural\"", \""historic\""]""}",2022-03-21 04:43:37
357,"{""preferred_transport"": ""road"", ""budget_range"": ""medium"", ""interest_tags"": ""[\""adventurous\"", \""scenic\""]""}",2021-12-15 15:25:54
358,"{""preferred_transport"": ""road"", ""budget_range"": ""high"", ""interest_tags"": ""[\""romantic\"", \""luxury\""]""}",2022-11-14 18:37:02
359,"{""preferred_transport"": ""cruise"", ""budget_range"": ""medium"", ""interest_tags"": ""[\""romantic\"", \""adventurous\"", \""cultural\"", \""scenic\""]""}",2021-06-09 21:21:59
360,"{""preferred_transport"": ""train"", ""budget_range"": ""high"", ""interest_tags"": ""[\""romantic\"", \""cultural\"", \""luxury\"", \""historic\""]""}",2024-06-15 20:07:38
361,"{""preferred_transport"": ""flight"", ""budget_range"": ""low"", ""interest_tags"": ""[\""historic\"", \""family\"", \""romantic\"", \""adventurous\""]""}",2021-03-03 04:06:40
362,"{""preferred_transport"": ""train"", ""budget_range"": ""low"", ""interest_tags"": ""[\""scenic\"", \""historic\"", \""cultural\"", \""luxury\""]""}",2023-11-17 18:32:41
363,"{""preferred_transport"": ""cruise"", ""budget_range"": ""low"", ""interest_tags"": ""[\""romantic\"", \""budget\"", \""adventurous\"", \""historic\""]""}",2020-01-21 13:03:10
364,"{""preferred_transport"": ""road"", ""budget_range"": ""low"", ""interest_tags"": ""[\""luxury\"", \""romantic\""]""}",2022-06-09 17:02:49
365,"{""preferred_transport"": ""flight"", ""budget_range"": ""high"", ""interest_tags"": ""[\""family\"", \""romantic\"", \""cultural\"", \""historic\""]""}",2020-10-26 05:41:02
366,"{""preferred_transport"": ""train"", ""budget_range"": ""low"", ""interest_tags"": ""[\""luxury\"", \""family\""]""}",2023-01-06 05:02:38
367,"{""preferred_transport"": ""cruise"", ""budget_range"": ""medium"", ""interest_tags"": ""[\""budget\"", \""adventurous\""]""}",2023-11-27 01:21:09
368,"{""preferred_transport"": ""train"", ""budget_range"": ""high"", ""interest_tags"": ""[\""luxury\"", \""budget\""]""}",2020-09-07 11:13:59
369,"{""preferred_transport"": ""flight"", ""budget_range"": ""low"", ""interest_tags"": ""[\""family\"", \""adventurous\"", \""luxury\""]""}",2024-01-18 21:30:46
370,"{""preferred_transport"": ""flight"", ""budget_range"": ""high"", ""interest_tags"": ""[\""scenic\"", \""historic\""]""}",2024-04-02 00:08:34
371,"{""preferred_transport"": ""road"", ""budget_range"": ""high"", ""interest_tags"": ""[\""cultural\"", \""luxury\"", \""historic\""]""}",2021-12-14 20:37:55
372,"{""preferred_transport"": ""train"", ""budget_range"": ""high"", ""interest_tags"": ""[\""romantic\"", \""scenic\"", \""historic\"", \""budget\""]""}",2022-05-21 02:07:36
373,"{""preferred_transport"": ""flight"", ""budget_range"": ""low"", ""interest_tags"": ""[\""historic\"", \""cultural\"", \""luxury\""]""}",2021-03-23 23:42:07
374,"{""preferred_transport"": ""road"", ""budget_range"": ""low"", ""interest_tags"": ""[\""scenic\"", \""luxury\"", \""cultural\""]""}",2024-10-26 15:54:36
375,"{""preferred_transport"": ""road"", ""budget_range"": ""high"", ""interest_tags"": ""[\""budget\"", \""adventurous\"", \""romantic\"", \""cultural\""]""}",2020-08-31 15:59:32
376,"{""preferred_transport"": ""cruise"", ""budget_range"": ""low"", ""interest_tags"": ""[\""family\"", \""cultural\""]""}",2020-08-24 04:19:53
377,"{""preferred_transport"": ""cruise"", ""budget_range"": ""high"", ""interest_tags"": ""[\""family\"", \""romantic\"", \""scenic\"", \""historic\""]""}",2022-04-29 04:44:24
378,"{""preferred_transport"": ""road"", ""budget_range"": ""medium"", ""interest_tags"": ""[\""budget\"", \""luxury\""]""}",2023-03-12 09:51:56
379,"{""preferred_transport"": ""road"", ""budget_range"": ""low"", ""interest_tags"": ""[\""family\"", \""historic\"", \""luxury\"", \""scenic\""]""}",2022-02-04 16:37:39
380,"{""preferred_transport"": ""flight"", ""budget_range"": ""low"", ""interest_tags"": ""[\""scenic\"", \""adventurous\"", \""budget\""]""}",2021-04-24 07:43:06
381,"{""preferred_transport"": ""road"", ""budget_range"": ""medium"", ""interest_tags"": ""[\""cultural\"", \""historic\"", \""family\""]""}",2022-08-15 18:05:15
382,"{""preferred_transport"": ""road"", ""budget_range"": ""medium"", ""interest_tags"": ""[\""cultural\"", \""romantic\"", \""historic\""]""}",2021-08-05 04:56:39
383,"{""preferred_transport"": ""road"", ""budget_range"": ""medium"", ""interest_tags"": ""[\""family\"", \""historic\"", \""romantic\"", \""budget\""]""}",2023-01-04 13:45:42
384,"{""preferred_transport"": ""flight"", ""budget_range"": ""high"", ""interest_tags"": ""[\""budget\"", \""family\"", \""adventurous\"", \""historic\""]""}",2022-06-25 17:42:57
385,"{""preferred_transport"": ""road"", ""budget_range"": ""medium"", ""interest_tags"": ""[\""adventurous\"", \""luxury\""]""}",2024-06-07 00:22:13
386,"{""preferred_transport"": ""train"", ""budget_range"": ""high"", ""interest_tags"": ""[\""scenic\"", \""cultural\"", \""romantic\""]""}",2022-07-24 13:58:28
387,"{""preferred_transport"": ""cruise"", ""budget_range"": ""medium"", ""interest_tags"": ""[\""cultural\"", \""romantic\""]""}",2023-09-12 11:48:43
388,"{""preferred_transport"": ""cruise"", ""budget_range"": ""medium"", ""interest_tags"": ""[\""romantic\"", \""family\"", \""historic\""]""}",2023-01-26 23:25:31
389,"{""preferred_transport"": ""cruise"", ""budget_range"": ""low"", ""interest_tags"": ""[\""romantic\"", \""luxury\"", \""family\"", \""cultural\""]""}",2023-11-23 12:38:17
390,"{""preferred_transport"": ""flight"", ""budget_range"": ""low"", ""interest_tags"": ""[\""historic\"", \""adventurous\"", \""scenic\""]""}",2023-03-26 06:38:53
391,"{""preferred_transport"": ""cruise"", ""budget_range"": ""medium"", ""interest_tags"": ""[\""family\"", \""romantic\"", \""budget\""]""}",2025-01-20 17:08:55
392,"{""preferred_transport"": ""train"", ""budget_range"": ""medium"", ""interest_tags"": ""[\""adventurous\"", \""romantic\"", \""scenic\""]""}",2021-07-05 21:35:41
393,"{""preferred_transport"": ""road"", ""budget_range"": ""medium"", ""interest_tags"": ""[\""romantic\"", \""luxury\"", \""cultural\""]""}",2022-10-09 11:50:21
394,"{""preferred_transport"": ""road"", ""budget_range"": ""medium"", ""interest_tags"": ""[\""budget\"", \""historic\"", \""luxury\""]""}",2021-09-12 18:10:16
395,"{""preferred_transport"": ""train"", ""budget_range"": ""high"", ""interest_tags"": ""[\""historic\"", \""budget\"", \""adventurous\"", \""cultural\""]""}",2023-09-24 05:34:15
396,"{""preferred_transport"": ""cruise"", ""budget_range"": ""high"", ""interest_tags"": ""[\""family\"", \""budget\""]""}",2024-03-31 06:44:46
397,"{""preferred_transport"": ""train"", ""budget_range"": ""high"", ""interest_tags"": ""[\""adventurous\"", \""scenic\"", \""budget\""]""}",2021-04-23 21:45:08
398,"{""preferred_transport"": ""road"", ""budget_range"": ""medium"", ""interest_tags"": ""[\""romantic\"", \""luxury\""]""}",2024-01-28 22:19:44
399,"{""preferred_transport"": ""road"", ""budget_range"": ""high"", ""interest_tags"": ""[\""family\"", \""luxury\"", \""historic\"", \""scenic\""]""}",2024-07-26 02:36:43
400,"{""preferred_transport"": ""flight"", ""budget_range"": ""low"", ""interest_tags"": ""[\""budget\"", \""cultural\""]""}",2020-05-17 15:00:02
401,"{""preferred_transport"": ""road"", ""budget_range"": ""medium"", ""interest_tags"": ""[\""cultural\"", \""historic\"", \""family\""]""}",2022-03-14 20:55:53
402,"{""preferred_transport"": ""train"", ""budget_range"": ""high"", ""interest_tags"": ""[\""adventurous\"", \""romantic\"", \""scenic\"", \""family\""]""}",2023-12-09 16:29:43
403,"{""preferred_transport"": ""train"", ""budget_range"": ""medium"", ""interest_tags"": ""[\""romantic\"", \""historic\""]""}",2022-07-06 21:01:23
404,"{""preferred_transport"": ""road"", ""budget_range"": ""low"", ""interest_tags"": ""[\""scenic\"", \""romantic\""]""}",2022-08-27 00:13:47
405,"{""preferred_transport"": ""cruise"", ""budget_range"": ""medium"", ""interest_tags"": ""[\""romantic\"", \""scenic\""]""}",2024-01-19 09:15:06
406,"{""preferred_transport"": ""flight"", ""budget_range"": ""medium"", ""interest_tags"": ""[\""romantic\"", \""scenic\"", \""historic\"", \""family\""]""}",2020-05-18 19:48:35
407,"{""preferred_transport"": ""flight"", ""budget_range"": ""low"", ""interest_tags"": ""[\""cultural\"", \""budget\"", \""romantic\""]""}",2022-01-27 19:28:03
408,"{""preferred_transport"": ""train"", ""budget_range"": ""high"", ""interest_tags"": ""[\""budget\"", \""luxury\""]""}",2023-08-17 16:24:19
409,"{""preferred_transport"": ""road"", ""budget_range"": ""low"", ""interest_tags"": ""[\""scenic\"", \""cultural\"", \""budget\""]""}",2023-09-04 14:16:49
410,"{""preferred_transport"": ""road"", ""budget_range"": ""low"", ""interest_tags"": ""[\""adventurous\"", \""romantic\"", \""luxury\"", \""family\""]""}",2023-04-23 01:41:51
411,"{""preferred_transport"": ""flight"", ""budget_range"": ""high"", ""interest_tags"": ""[\""adventurous\"", \""scenic\""]""}",2020-07-13 09:05:28
412,"{""preferred_transport"": ""flight"", ""budget_range"": ""high"", ""interest_tags"": ""[\""budget\"", \""scenic\""]""}",2021-09-04 06:55:23
413,"{""preferred_transport"": ""road"", ""budget_range"": ""low"", ""interest_tags"": ""[\""romantic\"", \""luxury\"", \""budget\""]""}",2022-08-31 17:06:15
414,"{""preferred_transport"": ""road"", ""budget_range"": ""high"", ""interest_tags"": ""[\""cultural\"", \""scenic\"", \""family\""]""}",2023-11-23 12:33:34
415,"{""preferred_transport"": ""train"", ""budget_range"": ""high"", ""interest_tags"": ""[\""luxury\"", \""romantic\"", \""family\"", \""historic\""]""}",2021-02-20 03:52:10
416,"{""preferred_transport"": ""cruise"", ""budget_range"": ""low"", ""interest_tags"": ""[\""luxury\"", \""historic\""]""}",2021-07-22 16:47:19
417,"{""preferred_transport"": ""cruise"", ""budget_range"": ""high"", ""interest_tags"": ""[\""family\"", \""adventurous\""]""}",2025-01-27 00:43:56
418,"{""preferred_transport"": ""train"", ""budget_range"": ""high"", ""interest_tags"": ""[\""family\"", \""cultural\"", \""adventurous\""]""}",2024-07-27 13:54:09
419,"{""preferred_transport"": ""train"", ""budget_range"": ""high"", ""interest_tags"": ""[\""romantic\"", \""scenic\""]""}",2021-03-11 21:16:05
420,"{""preferred_transport"": ""train"", ""budget_range"": ""medium"", ""interest_tags"": ""[\""historic\"", \""family\"", \""scenic\""]""}",2020-01-30 18:35:35
421,"{""preferred_transport"": ""road"", ""budget_range"": ""low"", ""interest_tags"": ""[\""family\"", \""luxury\""]""}",2024-04-19 08:11:24
422,"{""preferred_transport"": ""road"", ""budget_range"": ""medium"", ""interest_tags"": ""[\""romantic\"", \""adventurous\"", \""budget\"", \""family\""]""}",2024-02-27 08:04:37
423,"{""preferred_transport"": ""train"", ""budget_range"": ""low"", ""interest_tags"": ""[\""historic\"", \""family\"", \""cultural\"", \""scenic\""]""}",2020-04-11 13:55:20
424,"{""preferred_transport"": ""cruise"", ""budget_range"": ""low"", ""interest_tags"": ""[\""luxury\"", \""cultural\"", \""adventurous\"", \""romantic\""]""}",2024-03-18 21:14:23
425,"{""preferred_transport"": ""flight"", ""budget_range"": ""high"", ""interest_tags"": ""[\""luxury\"", \""family\""]""}",2024-08-14 08:55:54
426,"{""preferred_transport"": ""cruise"", ""budget_range"": ""high"", ""interest_tags"": ""[\""romantic\"", \""luxury\""]""}",2021-11-09 23:40:03
427,"{""preferred_transport"": ""road"", ""budget_range"": ""low"", ""interest_tags"": ""[\""adventurous\"", \""scenic\"", \""historic\"", \""romantic\""]""}",2022-03-27 12:55:24
428,"{""preferred_transport"": ""cruise"", ""budget_range"": ""low"", ""interest_tags"": ""[\""cultural\"", \""family\"", \""romantic\""]""}",2021-10-14 01:39:01
429,"{""preferred_transport"": ""cruise"", ""budget_range"": ""high"", ""interest_tags"": ""[\""family\"", \""cultural\"", \""luxury\"", \""romantic\""]""}",2021-10-03 22:40:41
430,"{""preferred_transport"": ""train"", ""budget_range"": ""low"", ""interest_tags"": ""[\""budget\"", \""luxury\"", \""scenic\"", \""family\""]""}",2024-07-31 21:29:41
431,"{""preferred_transport"": ""train"", ""budget_range"": ""medium"", ""interest_tags"": ""[\""luxury\"", \""scenic\"", \""romantic\"", \""family\""]""}",2024-05-17 05:33:41
432,"{""preferred_transport"": ""flight"", ""budget_range"": ""low"", ""interest_tags"": ""[\""historic\"", \""scenic\"", \""budget\""]""}",2021-01-29 05:28:02
433,"{""preferred_transport"": ""train"", ""budget_range"": ""low"", ""interest_tags"": ""[\""budget\"", \""family\""]""}",2022-02-08 03:01:08
434,"{""preferred_transport"": ""road"", ""budget_range"": ""medium"", ""interest_tags"": ""[\""luxury\"", \""budget\""]""}",2023-07-10 22:51:41
435,"{""preferred_transport"": ""road"", ""budget_range"": ""medium"", ""interest_tags"": ""[\""cultural\"", \""adventurous\""]""}",2024-05-20 22:55:37
436,"{""preferred_transport"": ""cruise"", ""budget_range"": ""high"", ""interest_tags"": ""[\""romantic\"", \""adventurous\"", \""scenic\""]""}",2024-12-13 01:45:03
437,"{""preferred_transport"": ""flight"", ""budget_range"": ""high"", ""interest_tags"": ""[\""romantic\"", \""budget\""]""}",2023-01-17 23:01:21
438,"{""preferred_transport"": ""flight"", ""budget_range"": ""high"", ""interest_tags"": ""[\""adventurous\"", \""romantic\"", \""cultural\""]""}",2024-03-17 00:37:12
439,"{""preferred_transport"": ""cruise"", ""budget_range"": ""medium"", ""interest_tags"": ""[\""budget\"", \""luxury\"", \""family\""]""}",2021-02-09 17:48:46
440,"{""preferred_transport"": ""road"", ""budget_range"": ""medium"", ""interest_tags"": ""[\""historic\"", \""romantic\"", \""family\"", \""adventurous\""]""}",2020-02-20 14:01:32
441,"{""preferred_transport"": ""flight"", ""budget_range"": ""low"", ""interest_tags"": ""[\""romantic\"", \""historic\"", \""adventurous\""]""}",2021-09-20 13:56:18
442,"{""preferred_transport"": ""train"", ""budget_range"": ""high"", ""interest_tags"": ""[\""scenic\"", \""family\"", \""romantic\""]""}",2020-10-16 23:56:01
443,"{""preferred_transport"": ""cruise"", ""budget_range"": ""medium"", ""interest_tags"": ""[\""budget\"", \""romantic\""]""}",2021-05-29 06:26:41
444,"{""preferred_transport"": ""flight"", ""budget_range"": ""medium"", ""interest_tags"": ""[\""luxury\"", \""budget\"", \""family\"", \""cultural\""]""}",2023-08-26 13:46:42
445,"{""preferred_transport"": ""flight"", ""budget_range"": ""high"", ""interest_tags"": ""[\""historic\"", \""cultural\""]""}",2024-01-21 09:17:07
446,"{""preferred_transport"": ""flight"", ""budget_range"": ""low"", ""interest_tags"": ""[\""adventurous\"", \""luxury\"", \""budget\"", \""romantic\""]""}",2020-01-29 20:29:06
447,"{""preferred_transport"": ""flight"", ""budget_range"": ""high"", ""interest_tags"": ""[\""cultural\"", \""family\"", \""adventurous\""]""}",2021-02-14 15:41:36
448,"{""preferred_transport"": ""road"", ""budget_range"": ""low"", ""interest_tags"": ""[\""family\"", \""historic\""]""}",2020-11-14 05:31:25
449,"{""preferred_transport"": ""flight"", ""budget_range"": ""medium"", ""interest_tags"": ""[\""luxury\"", \""cultural\"", \""adventurous\""]""}",2021-02-17 16:06:08
450,"{""preferred_transport"": ""train"", ""budget_range"": ""low"", ""interest_tags"": ""[\""historic\"", \""luxury\"", \""budget\"", \""cultural\""]""}",2023-09-29 08:11:28
451,"{""preferred_transport"": ""cruise"", ""budget_range"": ""high"", ""interest_tags"": ""[\""scenic\"", \""adventurous\""]""}",2023-10-06 10:31:54
452,"{""preferred_transport"": ""train"", ""budget_range"": ""low"", ""interest_tags"": ""[\""scenic\"", \""family\""]""}",2021-01-17 15:16:04
453,"{""preferred_transport"": ""road"", ""budget_range"": ""medium"", ""interest_tags"": ""[\""budget\"", \""family\"", \""cultural\""]""}",2022-02-08 20:17:29
454,"{""preferred_transport"": ""cruise"", ""budget_range"": ""high"", ""interest_tags"": ""[\""adventurous\"", \""luxury\""]""}",2022-06-04 05:14:07
455,"{""preferred_transport"": ""flight"", ""budget_range"": ""high"", ""interest_tags"": ""[\""adventurous\"", \""luxury\"", \""family\""]""}",2024-05-02 00:45:23
456,"{""preferred_transport"": ""train"", ""budget_range"": ""high"", ""interest_tags"": ""[\""luxury\"", \""budget\"", \""historic\""]""}",2022-01-13 14:33:50
457,"{""preferred_transport"": ""road"", ""budget_range"": ""medium"", ""interest_tags"": ""[\""adventurous\"", \""romantic\""]""}",2025-01-19 06:36:49
458,"{""preferred_transport"": ""flight"", ""budget_range"": ""high"", ""interest_tags"": ""[\""budget\"", \""scenic\""]""}",2021-02-14 01:21:25
459,"{""preferred_transport"": ""road"", ""budget_range"": ""high"", ""interest_tags"": ""[\""budget\"", \""luxury\"", \""romantic\""]""}",2021-06-20 18:41:17
460,"{""preferred_transport"": ""road"", ""budget_range"": ""low"", ""interest_tags"": ""[\""cultural\"", \""historic\""]""}",2022-03-25 13:57:04
461,"{""preferred_transport"": ""train"", ""budget_range"": ""low"", ""interest_tags"": ""[\""family\"", \""luxury\""]""}",2022-06-09 02:04:42
462,"{""preferred_transport"": ""road"", ""budget_range"": ""medium"", ""interest_tags"": ""[\""family\"", \""historic\"", \""budget\"", \""luxury\""]""}",2024-07-28 10:29:21
463,"{""preferred_transport"": ""train"", ""budget_range"": ""medium"", ""interest_tags"": ""[\""luxury\"", \""historic\""]""}",2024-05-07 13:38:28
464,"{""preferred_transport"": ""train"", ""budget_range"": ""low"", ""interest_tags"": ""[\""budget\"", \""adventurous\"", \""luxury\"", \""historic\""]""}",2022-08-21 15:54:48
465,"{""preferred_transport"": ""road"", ""budget_range"": ""high"", ""interest_tags"": ""[\""historic\"", \""cultural\""]""}",2020-09-24 20:29:30
466,"{""preferred_transport"": ""road"", ""budget_range"": ""low"", ""interest_tags"": ""[\""historic\"", \""scenic\"", \""budget\""]""}",2021-06-29 17:06:28
467,"{""preferred_transport"": ""flight"", ""budget_range"": ""low"", ""interest_tags"": ""[\""scenic\"", \""budget\"", \""historic\"", \""cultural\""]""}",2024-03-22 07:13:51
468,"{""preferred_transport"": ""cruise"", ""budget_range"": ""high"", ""interest_tags"": ""[\""luxury\"", \""cultural\"", \""scenic\"", \""family\""]""}",2022-04-15 00:31:57
469,"{""preferred_transport"": ""flight"", ""budget_range"": ""low"", ""interest_tags"": ""[\""family\"", \""scenic\"", \""luxury\""]""}",2020-07-17 10:38:26
470,"{""preferred_transport"": ""cruise"", ""budget_range"": ""high"", ""interest_tags"": ""[\""cultural\"", \""adventurous\"", \""family\"", \""luxury\""]""}",2023-01-23 20:47:02
471,"{""preferred_transport"": ""flight"", ""budget_range"": ""medium"", ""interest_tags"": ""[\""scenic\"", \""romantic\"", \""cultural\"", \""family\""]""}",2020-11-15 17:08:46
472,"{""preferred_transport"": ""flight"", ""budget_range"": ""low"", ""interest_tags"": ""[\""historic\"", \""romantic\"", \""family\"", \""cultural\""]""}",2020-05-22 20:37:52
473,"{""preferred_transport"": ""road"", ""budget_range"": ""medium"", ""interest_tags"": ""[\""scenic\"", \""cultural\"", \""historic\""]""}",2024-09-13 16:35:10
474,"{""preferred_transport"": ""road"", ""budget_range"": ""low"", ""interest_tags"": ""[\""adventurous\"", \""romantic\"", \""budget\""]""}",2022-09-21 00:05:34
475,"{""preferred_transport"": ""cruise"", ""budget_range"": ""low"", ""interest_tags"": ""[\""budget\"", \""historic\"", \""luxury\"", \""family\""]""}",2021-07-11 04:53:03
476,"{""preferred_transport"": ""train"", ""budget_range"": ""high"", ""interest_tags"": ""[\""family\"", \""historic\""]""}",2023-12-15 23:56:06
477,"{""preferred_transport"": ""cruise"", ""budget_range"": ""medium"", ""interest_tags"": ""[\""cultural\"", \""luxury\"", \""adventurous\""]""}",2020-01-25 18:13:29
478,"{""preferred_transport"": ""cruise"", ""budget_range"": ""low"", ""interest_tags"": ""[\""luxury\"", \""budget\"", \""romantic\""]""}",2022-01-23 16:22:25
479,"{""preferred_transport"": ""road"", ""budget_range"": ""medium"", ""interest_tags"": ""[\""romantic\"", \""family\"", \""cultural\"", \""luxury\""]""}",2022-01-31 13:59:04
480,"{""preferred_transport"": ""train"", ""budget_range"": ""low"", ""interest_tags"": ""[\""historic\"", \""cultural\"", \""luxury\""]""}",2022-12-12 07:13:23
481,"{""preferred_transport"": ""flight"", ""budget_range"": ""medium"", ""interest_tags"": ""[\""family\"", \""romantic\""]""}",2022-08-13 09:39:19
482,"{""preferred_transport"": ""flight"", ""budget_range"": ""low"", ""interest_tags"": ""[\""adventurous\"", \""romantic\"", \""family\"", \""historic\""]""}",2021-03-18 08:08:10
483,"{""preferred_transport"": ""cruise"", ""budget_range"": ""low"", ""interest_tags"": ""[\""adventurous\"", \""family\""]""}",2024-06-02 20:03:22
484,"{""preferred_transport"": ""road"", ""budget_range"": ""high"", ""interest_tags"": ""[\""romantic\"", \""budget\"", \""historic\""]""}",2024-12-09 09:23:49
485,"{""preferred_transport"": ""flight"", ""budget_range"": ""high"", ""interest_tags"": ""[\""family\"", \""historic\""]""}",2025-01-12 22:56:49
486,"{""preferred_transport"": ""flight"", ""budget_range"": ""medium"", ""interest_tags"": ""[\""scenic\"", \""cultural\"", \""romantic\"", \""budget\""]""}",2022-09-05 16:46:00
487,"{""preferred_transport"": ""road"", ""budget_range"": ""high"", ""interest_tags"": ""[\""budget\"", \""scenic\"", \""adventurous\"", \""family\""]""}",2021-12-26 19:18:56
488,"{""preferred_transport"": ""flight"", ""budget_range"": ""low"", ""interest_tags"": ""[\""cultural\"", \""romantic\""]""}",2020-11-24 06:24:46
489,"{""preferred_transport"": ""train"", ""budget_range"": ""medium"", ""interest_tags"": ""[\""budget\"", \""adventurous\"", \""historic\""]""}",2024-07-23 01:25:51
490,"{""preferred_transport"": ""cruise"", ""budget_range"": ""low"", ""interest_tags"": ""[\""luxury\"", \""adventurous\"", \""scenic\""]""}",2021-01-07 13:24:11
491,"{""preferred_transport"": ""flight"", ""budget_range"": ""low"", ""interest_tags"": ""[\""luxury\"", \""family\"", \""budget\"", \""romantic\""]""}",2020-05-05 07:12:31
492,"{""preferred_transport"": ""train"", ""budget_range"": ""medium"", ""interest_tags"": ""[\""cultural\"", \""budget\""]""}",2022-02-10 04:32:03
493,"{""preferred_transport"": ""cruise"", ""budget_range"": ""medium"", ""interest_tags"": ""[\""historic\"", \""budget\"", \""scenic\"", \""family\""]""}",2021-06-24 04:31:05
494,"{""preferred_transport"": ""flight"", ""budget_range"": ""medium"", ""interest_tags"": ""[\""adventurous\"", \""historic\"", \""romantic\""]""}",2020-11-12 14:45:44
495,"{""preferred_transport"": ""train"", ""budget_range"": ""low"", ""interest_tags"": ""[\""historic\"", \""family\""]""}",2021-11-21 15:00:17
496,"{""preferred_transport"": ""train"", ""budget_range"": ""low"", ""interest_tags"": ""[\""budget\"", \""romantic\"", \""family\""]""}",2020-09-18 02:26:01
497,"{""preferred_transport"": ""cruise"", ""budget_range"": ""low"", ""interest_tags"": ""[\""cultural\"", \""romantic\""]""}",2023-10-09 16:38:09
498,"{""preferred_transport"": ""train"", ""budget_range"": ""low"", ""interest_tags"": ""[\""cultural\"", \""historic\"", \""adventurous\""]""}",2020-06-06 07:49:14
499,"{""preferred_transport"": ""train"", ""budget_range"": ""high"", ""interest_tags"": ""[\""family\"", \""adventurous\"", \""historic\""]""}",2023-04-04 02:22:31
500,"{""preferred_transport"": ""road"", ""budget_range"": ""low"", ""interest_tags"": ""[\""adventurous\"", \""cultural\"", \""scenic\""]""}",2022-05-19 11:28:04
501,"{""preferred_transport"": ""road"", ""budget_range"": ""low"", ""interest_tags"": ""[\""adventurous\"", \""budget\""]""}",2022-07-05 20:38:09
502,"{""preferred_transport"": ""road"", ""budget_range"": ""medium"", ""interest_tags"": ""[\""romantic\"", \""historic\"", \""family\"", \""scenic\""]""}",2023-04-04 23:41:21
503,"{""preferred_transport"": ""train"", ""budget_range"": ""medium"", ""interest_tags"": ""[\""adventurous\"", \""budget\""]""}",2024-08-16 01:58:48
504,"{""preferred_transport"": ""flight"", ""budget_range"": ""medium"", ""interest_tags"": ""[\""budget\"", \""adventurous\"", \""luxury\"", \""family\""]""}",2022-12-04 21:02:35
505,"{""preferred_transport"": ""cruise"", ""budget_range"": ""medium"", ""interest_tags"": ""[\""scenic\"", \""historic\"", \""romantic\""]""}",2025-01-29 04:13:20
506,"{""preferred_transport"": ""train"", ""budget_range"": ""low"", ""interest_tags"": ""[\""historic\"", \""family\"", \""adventurous\""]""}",2024-07-02 21:19:58
507,"{""preferred_transport"": ""cruise"", ""budget_range"": ""high"", ""interest_tags"": ""[\""scenic\"", \""historic\""]""}",2022-02-09 01:33:41
508,"{""preferred_transport"": ""train"", ""budget_range"": ""medium"", ""interest_tags"": ""[\""historic\"", \""family\"", \""cultural\"", \""luxury\""]""}",2023-04-21 18:52:57
509,"{""preferred_transport"": ""cruise"", ""budget_range"": ""low"", ""interest_tags"": ""[\""adventurous\"", \""luxury\""]""}",2022-09-15 00:07:27
510,"{""preferred_transport"": ""cruise"", ""budget_range"": ""high"", ""interest_tags"": ""[\""budget\"", \""luxury\""]""}",2024-10-17 01:32:44
511,"{""preferred_transport"": ""train"", ""budget_range"": ""high"", ""interest_tags"": ""[\""romantic\"", \""luxury\""]""}",2022-08-18 04:40:03
512,"{""preferred_transport"": ""train"", ""budget_range"": ""medium"", ""interest_tags"": ""[\""cultural\"", \""historic\""]""}",2021-12-23 17:39:16
513,"{""preferred_transport"": ""train"", ""budget_range"": ""low"", ""interest_tags"": ""[\""romantic\"", \""historic\"", \""scenic\"", \""luxury\""]""}",2021-09-17 22:16:22
514,"{""preferred_transport"": ""train"", ""budget_range"": ""medium"", ""interest_tags"": ""[\""scenic\"", \""family\"", \""romantic\"", \""historic\""]""}",2020-03-09 01:56:39
515,"{""preferred_transport"": ""train"", ""budget_range"": ""high"", ""interest_tags"": ""[\""scenic\"", \""family\"", \""historic\"", \""luxury\""]""}",2023-02-07 16:09:32
516,"{""preferred_transport"": ""flight"", ""budget_range"": ""medium"", ""interest_tags"": ""[\""family\"", \""luxury\"", \""historic\"", \""scenic\""]""}",2022-07-26 13:14:26
517,"{""preferred_transport"": ""cruise"", ""budget_range"": ""low"", ""interest_tags"": ""[\""family\"", \""romantic\""]""}",2024-02-22 16:15:59
518,"{""preferred_transport"": ""cruise"", ""budget_range"": ""low"", ""interest_tags"": ""[\""budget\"", \""cultural\"", \""romantic\"", \""luxury\""]""}",2021-06-28 19:09:54
519,"{""preferred_transport"": ""road"", ""budget_range"": ""medium"", ""interest_tags"": ""[\""luxury\"", \""cultural\"", \""family\"", \""historic\""]""}",2024-11-14 17:39:28
520,"{""preferred_transport"": ""road"", ""budget_range"": ""high"", ""interest_tags"": ""[\""scenic\"", \""luxury\""]""}",2022-09-15 15:58:21
521,"{""preferred_transport"": ""train"", ""budget_range"": ""high"", ""interest_tags"": ""[\""cultural\"", \""adventurous\"", \""romantic\"", \""scenic\""]""}",2020-08-29 17:41:00
522,"{""preferred_transport"": ""train"", ""budget_range"": ""medium"", ""interest_tags"": ""[\""scenic\"", \""budget\"", \""historic\""]""}",2022-11-09 03:17:41
523,"{""preferred_transport"": ""road"", ""budget_range"": ""low"", ""interest_tags"": ""[\""adventurous\"", \""cultural\"", \""budget\""]""}",2020-07-29 15:08:42
524,"{""preferred_transport"": ""cruise"", ""budget_range"": ""medium"", ""interest_tags"": ""[\""historic\"", \""romantic\""]""}",2023-04-14 01:33:20
525,"{""preferred_transport"": ""road"", ""budget_range"": ""high"", ""interest_tags"": ""[\""scenic\"", \""adventurous\"", \""family\""]""}",2023-03-22 14:51:23
526,"{""preferred_transport"": ""cruise"", ""budget_range"": ""high"", ""interest_tags"": ""[\""cultural\"", \""family\"", \""adventurous\""]""}",2024-11-30 22:56:29
527,"{""preferred_transport"": ""train"", ""budget_range"": ""low"", ""interest_tags"": ""[\""cultural\"", \""family\"", \""historic\""]""}",2022-07-05 05:58:48
528,"{""preferred_transport"": ""flight"", ""budget_range"": ""medium"", ""interest_tags"": ""[\""cultural\"", \""historic\"", \""scenic\""]""}",2021-06-12 11:57:47
529,"{""preferred_transport"": ""road"", ""budget_range"": ""low"", ""interest_tags"": ""[\""cultural\"", \""luxury\"", \""historic\"", \""scenic\""]""}",2025-01-19 14:07:38
530,"{""preferred_transport"": ""road"", ""budget_range"": ""high"", ""interest_tags"": ""[\""family\"", \""budget\""]""}",2021-05-27 15:04:56
531,"{""preferred_transport"": ""road"", ""budget_range"": ""low"", ""interest_tags"": ""[\""cultural\"", \""scenic\""]""}",2021-09-30 14:57:14
532,"{""preferred_transport"": ""train"", ""budget_range"": ""medium"", ""interest_tags"": ""[\""luxury\"", \""budget\"", \""scenic\"", \""family\""]""}",2022-01-08 00:53:02
533,"{""preferred_transport"": ""flight"", ""budget_range"": ""low"", ""interest_tags"": ""[\""romantic\"", \""cultural\"", \""historic\""]""}",2023-01-26 01:21:17
534,"{""preferred_transport"": ""flight"", ""budget_range"": ""medium"", ""interest_tags"": ""[\""luxury\"", \""family\""]""}",2024-02-01 07:52:52
535,"{""preferred_transport"": ""train"", ""budget_range"": ""low"", ""interest_tags"": ""[\""adventurous\"", \""cultural\""]""}",2022-06-25 15:02:22
536,"{""preferred_transport"": ""flight"", ""budget_range"": ""medium"", ""interest_tags"": ""[\""luxury\"", \""family\""]""}",2023-05-19 21:18:49
537,"{""preferred_transport"": ""road"", ""budget_range"": ""medium"", ""interest_tags"": ""[\""luxury\"", \""historic\"", \""budget\"", \""romantic\""]""}",2023-04-19 00:06:58
538,"{""preferred_transport"": ""train"", ""budget_range"": ""medium"", ""interest_tags"": ""[\""budget\"", \""cultural\"", \""adventurous\""]""}",2020-05-18 14:52:44
539,"{""preferred_transport"": ""cruise"", ""budget_range"": ""medium"", ""interest_tags"": ""[\""luxury\"", \""cultural\"", \""scenic\""]""}",2024-10-19 01:16:30
540,"{""preferred_transport"": ""flight"", ""budget_range"": ""low"", ""interest_tags"": ""[\""cultural\"", \""historic\"", \""budget\"", \""scenic\""]""}",2024-08-09 05:21:51
541,"{""preferred_transport"": ""road"", ""budget_range"": ""high"", ""interest_tags"": ""[\""historic\"", \""family\""]""}",2023-04-17 16:43:21
542,"{""preferred_transport"": ""road"", ""budget_range"": ""high"", ""interest_tags"": ""[\""romantic\"", \""luxury\"", \""cultural\"", \""adventurous\""]""}",2022-07-17 12:01:42
543,"{""preferred_transport"": ""flight"", ""budget_range"": ""medium"", ""interest_tags"": ""[\""historic\"", \""luxury\"", \""family\"", \""budget\""]""}",2024-11-10 13:02:24
544,"{""preferred_transport"": ""train"", ""budget_range"": ""low"", ""interest_tags"": ""[\""scenic\"", \""cultural\"", \""family\""]""}",2021-08-21 18:41:54
545,"{""preferred_transport"": ""train"", ""budget_range"": ""low"", ""interest_tags"": ""[\""cultural\"", \""budget\"", \""adventurous\""]""}",2021-09-19 08:11:33
546,"{""preferred_transport"": ""train"", ""budget_range"": ""high"", ""interest_tags"": ""[\""budget\"", \""romantic\"", \""historic\""]""}",2020-09-27 09:14:11
547,"{""preferred_transport"": ""road"", ""budget_range"": ""high"", ""interest_tags"": ""[\""budget\"", \""family\"", \""scenic\""]""}",2024-06-02 14:45:33
548,"{""preferred_transport"": ""road"", ""budget_range"": ""low"", ""interest_tags"": ""[\""family\"", \""historic\"", \""adventurous\"", \""cultural\""]""}",2021-04-05 10:34:24
549,"{""preferred_transport"": ""flight"", ""budget_range"": ""low"", ""interest_tags"": ""[\""cultural\"", \""family\"", \""scenic\"", \""luxury\""]""}",2022-12-04 08:44:39
550,"{""preferred_transport"": ""road"", ""budget_range"": ""medium"", ""interest_tags"": ""[\""romantic\"", \""luxury\"", \""family\""]""}",2024-01-09 16:54:45
551,"{""preferred_transport"": ""flight"", ""budget_range"": ""low"", ""interest_tags"": ""[\""family\"", \""cultural\"", \""luxury\""]""}",2023-06-02 02:24:25
552,"{""preferred_transport"": ""flight"", ""budget_range"": ""medium"", ""interest_tags"": ""[\""adventurous\"", \""historic\"", \""budget\""]""}",2024-01-16 10:50:11
553,"{""preferred_transport"": ""cruise"", ""budget_range"": ""medium"", ""interest_tags"": ""[\""budget\"", \""family\""]""}",2022-07-30 13:24:55
554,"{""preferred_transport"": ""cruise"", ""budget_range"": ""medium"", ""interest_tags"": ""[\""cultural\"", \""family\"", \""romantic\""]""}",2021-02-21 12:30:38
555,"{""preferred_transport"": ""cruise"", ""budget_range"": ""high"", ""interest_tags"": ""[\""budget\"", \""scenic\"", \""romantic\""]""}",2023-07-18 20:49:37
556,"{""preferred_transport"": ""flight"", ""budget_range"": ""low"", ""interest_tags"": ""[\""adventurous\"", \""family\"", \""romantic\""]""}",2024-02-14 03:58:49
557,"{""preferred_transport"": ""cruise"", ""budget_range"": ""low"", ""interest_tags"": ""[\""scenic\"", \""historic\"", \""romantic\"", \""luxury\""]""}",2023-06-07 06:34:35
558,"{""preferred_transport"": ""train"", ""budget_range"": ""high"", ""interest_tags"": ""[\""historic\"", \""cultural\"", \""family\"", \""budget\""]""}",2020-06-28 01:01:08
559,"{""preferred_transport"": ""train"", ""budget_range"": ""low"", ""interest_tags"": ""[\""historic\"", \""scenic\"", \""budget\""]""}",2021-09-10 14:42:02
560,"{""preferred_transport"": ""cruise"", ""budget_range"": ""medium"", ""interest_tags"": ""[\""family\"", \""budget\"", \""historic\""]""}",2020-04-04 22:57:24
561,"{""preferred_transport"": ""train"", ""budget_range"": ""medium"", ""interest_tags"": ""[\""romantic\"", \""cultural\"", \""adventurous\""]""}",2024-12-28 08:57:47
562,"{""preferred_transport"": ""cruise"", ""budget_range"": ""medium"", ""interest_tags"": ""[\""luxury\"", \""budget\""]""}",2020-10-07 20:06:37
563,"{""preferred_transport"": ""cruise"", ""budget_range"": ""low"", ""interest_tags"": ""[\""historic\"", \""cultural\"", \""luxury\""]""}",2021-10-27 20:45:06
564,"{""preferred_transport"": ""train"", ""budget_range"": ""high"", ""interest_tags"": ""[\""adventurous\"", \""scenic\""]""}",2023-06-26 07:04:11
565,"{""preferred_transport"": ""flight"", ""budget_range"": ""high"", ""interest_tags"": ""[\""romantic\"", \""cultural\""]""}",2021-06-22 02:46:36
566,"{""preferred_transport"": ""flight"", ""budget_range"": ""low"", ""interest_tags"": ""[\""luxury\"", \""budget\"", \""family\""]""}",2022-05-05 13:42:48
567,"{""preferred_transport"": ""road"", ""budget_range"": ""medium"", ""interest_tags"": ""[\""romantic\"", \""scenic\"", \""cultural\""]""}",2023-12-20 23:31:35
568,"{""preferred_transport"": ""cruise"", ""budget_range"": ""high"", ""interest_tags"": ""[\""family\"", \""luxury\"", \""historic\"", \""budget\""]""}",2024-05-08 05:13:36
569,"{""preferred_transport"": ""cruise"", ""budget_range"": ""high"", ""interest_tags"": ""[\""luxury\"", \""scenic\"", \""budget\"", \""historic\""]""}",2024-02-05 17:01:13
570,"{""preferred_transport"": ""flight"", ""budget_range"": ""medium"", ""interest_tags"": ""[\""budget\"", \""family\"", \""scenic\""]""}",2022-03-22 08:31:28
571,"{""preferred_transport"": ""cruise"", ""budget_range"": ""low"", ""interest_tags"": ""[\""adventurous\"", \""historic\""]""}",2023-06-09 11:45:45
572,"{""preferred_transport"": ""cruise"", ""budget_range"": ""high"", ""interest_tags"": ""[\""historic\"", \""budget\""]""}",2024-03-25 06:48:20
573,"{""preferred_transport"": ""cruise"", ""budget_range"": ""medium"", ""interest_tags"": ""[\""family\"", \""adventurous\"", \""budget\""]""}",2020-04-19 17:34:33
574,"{""preferred_transport"": ""train"", ""budget_range"": ""medium"", ""interest_tags"": ""[\""adventurous\"", \""budget\"", \""luxury\"", \""romantic\""]""}",2023-01-18 19:29:00
575,"{""preferred_transport"": ""cruise"", ""budget_range"": ""low"", ""interest_tags"": ""[\""scenic\"", \""romantic\"", \""historic\"", \""adventurous\""]""}",2021-02-01 12:12:23
576,"{""preferred_transport"": ""cruise"", ""budget_range"": ""high"", ""interest_tags"": ""[\""scenic\"", \""budget\"", \""romantic\"", \""historic\""]""}",2021-11-21 12:25:22
577,"{""preferred_transport"": ""cruise"", ""budget_range"": ""low"", ""interest_tags"": ""[\""luxury\"", \""adventurous\"", \""scenic\"", \""budget\""]""}",2022-03-20 12:42:16
578,"{""preferred_transport"": ""cruise"", ""budget_range"": ""medium"", ""interest_tags"": ""[\""romantic\"", \""historic\""]""}",2024-12-18 02:28:39
579,"{""preferred_transport"": ""flight"", ""budget_range"": ""medium"", ""interest_tags"": ""[\""cultural\"", \""family\""]""}",2023-03-31 19:19:10
580,"{""preferred_transport"": ""cruise"", ""budget_range"": ""medium"", ""interest_tags"": ""[\""scenic\"", \""cultural\""]""}",2021-09-14 07:11:47
581,"{""preferred_transport"": ""cruise"", ""budget_range"": ""medium"", ""interest_tags"": ""[\""romantic\"", \""cultural\"", \""scenic\"", \""family\""]""}",2020-09-08 01:44:22
582,"{""preferred_transport"": ""road"", ""budget_range"": ""medium"", ""interest_tags"": ""[\""scenic\"", \""romantic\"", \""budget\"", \""historic\""]""}",2020-01-15 15:27:50
583,"{""preferred_transport"": ""road"", ""budget_range"": ""medium"", ""interest_tags"": ""[\""scenic\"", \""luxury\""]""}",2021-05-07 05:46:43
584,"{""preferred_transport"": ""road"", ""budget_range"": ""low"", ""interest_tags"": ""[\""family\"", \""budget\""]""}",2023-08-27 03:06:34
585,"{""preferred_transport"": ""road"", ""budget_range"": ""medium"", ""interest_tags"": ""[\""family\"", \""historic\"", \""romantic\""]""}",2024-07-16 09:42:56
586,"{""preferred_transport"": ""train"", ""budget_range"": ""high"", ""interest_tags"": ""[\""historic\"", \""scenic\"", \""luxury\""]""}",2021-08-15 02:25:47
587,"{""preferred_transport"": ""flight"", ""budget_range"": ""high"", ""interest_tags"": ""[\""adventurous\"", \""cultural\""]""}",2022-12-05 20:34:48
588,"{""preferred_transport"": ""cruise"", ""budget_range"": ""low"", ""interest_tags"": ""[\""family\"", \""luxury\""]""}",2025-01-02 22:28:04
589,"{""preferred_transport"": ""cruise"", ""budget_range"": ""low"", ""interest_tags"": ""[\""historic\"", \""scenic\""]""}",2022-06-22 13:41:31
590,"{""preferred_transport"": ""road"", ""budget_range"": ""high"", ""interest_tags"": ""[\""budget\"", \""adventurous\"", \""romantic\"", \""cultural\""]""}",2022-11-30 20:00:44
591,"{""preferred_transport"": ""road"", ""budget_range"": ""medium"", ""interest_tags"": ""[\""scenic\"", \""family\""]""}",2023-06-07 07:03:41
592,"{""preferred_transport"": ""flight"", ""budget_range"": ""low"", ""interest_tags"": ""[\""scenic\"", \""cultural\""]""}",2020-03-09 01:58:18
593,"{""preferred_transport"": ""train"", ""budget_range"": ""low"", ""interest_tags"": ""[\""historic\"", \""adventurous\"", \""budget\""]""}",2022-03-05 17:01:23
594,"{""preferred_transport"": ""flight"", ""budget_range"": ""high"", ""interest_tags"": ""[\""cultural\"", \""budget\""]""}",2020-03-02 08:03:11
595,"{""preferred_transport"": ""flight"", ""budget_range"": ""high"", ""interest_tags"": ""[\""family\"", \""adventurous\""]""}",2023-03-27 09:46:32
596,"{""preferred_transport"": ""flight"", ""budget_range"": ""high"", ""interest_tags"": ""[\""romantic\"", \""budget\"", \""cultural\""]""}",2021-09-30 10:48:40
597,"{""preferred_transport"": ""flight"", ""budget_range"": ""medium"", ""interest_tags"": ""[\""cultural\"", \""budget\"", \""luxury\""]""}",2022-04-18 18:57:19
598,"{""preferred_transport"": ""train"", ""budget_range"": ""medium"", ""interest_tags"": ""[\""cultural\"", \""scenic\""]""}",2020-12-20 05:23:30
599,"{""preferred_transport"": ""flight"", ""budget_range"": ""medium"", ""interest_tags"": ""[\""adventurous\"", \""family\""]""}",2022-03-28 02:14:51
600,"{""preferred_transport"": ""train"", ""budget_range"": ""medium"", ""interest_tags"": ""[\""family\"", \""scenic\"", \""cultural\"", \""historic\""]""}",2024-08-30 00:11:19
601,"{""preferred_transport"": ""road"", ""budget_range"": ""low"", ""interest_tags"": ""[\""romantic\"", \""scenic\"", \""cultural\"", \""historic\""]""}",2020-02-09 14:39:50
602,"{""preferred_transport"": ""flight"", ""budget_range"": ""low"", ""interest_tags"": ""[\""romantic\"", \""cultural\"", \""historic\"", \""luxury\""]""}",2020-08-21 04:00:00
603,"{""preferred_transport"": ""flight"", ""budget_range"": ""medium"", ""interest_tags"": ""[\""adventurous\"", \""romantic\"", \""scenic\"", \""budget\""]""}",2023-12-13 11:01:45
604,"{""preferred_transport"": ""flight"", ""budget_range"": ""low"", ""interest_tags"": ""[\""historic\"", \""family\""]""}",2022-06-21 18:15:33
605,"{""preferred_transport"": ""cruise"", ""budget_range"": ""high"", ""interest_tags"": ""[\""family\"", \""budget\"", \""historic\""]""}",2020-10-22 03:35:56
606,"{""preferred_transport"": ""flight"", ""budget_range"": ""low"", ""interest_tags"": ""[\""scenic\"", \""romantic\""]""}",2023-01-15 19:10:30
607,"{""preferred_transport"": ""road"", ""budget_range"": ""high"", ""interest_tags"": ""[\""cultural\"", \""scenic\"", \""family\""]""}",2021-07-22 03:43:57
608,"{""preferred_transport"": ""flight"", ""budget_range"": ""medium"", ""interest_tags"": ""[\""romantic\"", \""scenic\"", \""adventurous\""]""}",2024-01-25 20:31:57
609,"{""preferred_transport"": ""road"", ""budget_range"": ""high"", ""interest_tags"": ""[\""cultural\"", \""romantic\""]""}",2020-07-01 04:59:31
610,"{""preferred_transport"": ""train"", ""budget_range"": ""low"", ""interest_tags"": ""[\""romantic\"", \""family\"", \""luxury\""]""}",2023-09-23 07:47:13
611,"{""preferred_transport"": ""train"", ""budget_range"": ""high"", ""interest_tags"": ""[\""budget\"", \""luxury\"", \""historic\""]""}",2021-02-09 22:22:02
612,"{""preferred_transport"": ""road"", ""budget_range"": ""medium"", ""interest_tags"": ""[\""family\"", \""adventurous\""]""}",2020-05-22 19:56:43
613,"{""preferred_transport"": ""flight"", ""budget_range"": ""medium"", ""interest_tags"": ""[\""budget\"", \""historic\"", \""romantic\"", \""luxury\""]""}",2024-11-26 14:03:58
614,"{""preferred_transport"": ""train"", ""budget_range"": ""high"", ""interest_tags"": ""[\""cultural\"", \""adventurous\"", \""budget\""]""}",2022-02-11 07:14:38
615,"{""preferred_transport"": ""road"", ""budget_range"": ""medium"", ""interest_tags"": ""[\""family\"", \""cultural\"", \""luxury\"", \""budget\""]""}",2020-06-18 12:44:40
616,"{""preferred_transport"": ""flight"", ""budget_range"": ""high"", ""interest_tags"": ""[\""romantic\"", \""family\""]""}",2024-03-20 12:07:54
617,"{""preferred_transport"": ""train"", ""budget_range"": ""low"", ""interest_tags"": ""[\""budget\"", \""cultural\"", \""scenic\""]""}",2022-05-14 04:53:56
618,"{""preferred_transport"": ""flight"", ""budget_range"": ""high"", ""interest_tags"": ""[\""family\"", \""adventurous\""]""}",2021-12-31 02:52:13
619,"{""preferred_transport"": ""flight"", ""budget_range"": ""medium"", ""interest_tags"": ""[\""romantic\"", \""historic\"", \""adventurous\""]""}",2023-10-20 23:48:55
620,"{""preferred_transport"": ""cruise"", ""budget_range"": ""low"", ""interest_tags"": ""[\""historic\"", \""romantic\"", \""adventurous\""]""}",2023-07-05 02:11:27
621,"{""preferred_transport"": ""flight"", ""budget_range"": ""high"", ""interest_tags"": ""[\""historic\"", \""family\"", \""romantic\"", \""luxury\""]""}",2022-08-04 08:28:11
622,"{""preferred_transport"": ""train"", ""budget_range"": ""high"", ""interest_tags"": ""[\""romantic\"", \""scenic\"", \""family\"", \""historic\""]""}",2021-11-23 13:58:44
623,"{""preferred_transport"": ""road"", ""budget_range"": ""medium"", ""interest_tags"": ""[\""romantic\"", \""budget\"", \""family\"", \""scenic\""]""}",2023-11-06 23:15:56
624,"{""preferred_transport"": ""flight"", ""budget_range"": ""low"", ""interest_tags"": ""[\""adventurous\"", \""historic\"", \""scenic\"", \""budget\""]""}",2022-06-26 03:52:21
625,"{""preferred_transport"": ""cruise"", ""budget_range"": ""high"", ""interest_tags"": ""[\""historic\"", \""cultural\""]""}",2024-03-09 21:39:23
626,"{""preferred_transport"": ""train"", ""budget_range"": ""high"", ""interest_tags"": ""[\""family\"", \""historic\"", \""scenic\"", \""luxury\""]""}",2021-08-31 16:57:49
627,"{""preferred_transport"": ""train"", ""budget_range"": ""low"", ""interest_tags"": ""[\""adventurous\"", \""romantic\"", \""cultural\""]""}",2022-11-15 22:09:07
628,"{""preferred_transport"": ""flight"", ""budget_range"": ""medium"", ""interest_tags"": ""[\""cultural\"", \""family\""]""}",2023-10-31 16:03:27
629,"{""preferred_transport"": ""road"", ""budget_range"": ""high"", ""interest_tags"": ""[\""scenic\"", \""adventurous\"", \""historic\"", \""luxury\""]""}",2020-05-30 21:45:41
630,"{""preferred_transport"": ""road"", ""budget_range"": ""high"", ""interest_tags"": ""[\""scenic\"", \""budget\"", \""luxury\""]""}",2021-06-23 12:18:08
631,"{""preferred_transport"": ""train"", ""budget_range"": ""low"", ""interest_tags"": ""[\""budget\"", \""luxury\"", \""adventurous\""]""}",2023-07-24 17:54:20
632,"{""preferred_transport"": ""train"", ""budget_range"": ""medium"", ""interest_tags"": ""[\""budget\"", \""scenic\"", \""adventurous\""]""}",2021-02-18 08:55:28
633,"{""preferred_transport"": ""train"", ""budget_range"": ""medium"", ""interest_tags"": ""[\""luxury\"", \""family\"", \""budget\"", \""romantic\""]""}",2022-09-02 06:53:06
634,"{""preferred_transport"": ""train"", ""budget_range"": ""low"", ""interest_tags"": ""[\""luxury\"", \""budget\""]""}",2022-12-08 18:57:18
635,"{""preferred_transport"": ""train"", ""budget_range"": ""high"", ""interest_tags"": ""[\""scenic\"", \""luxury\"", \""family\"", \""romantic\""]""}",2020-12-24 13:14:21
636,"{""preferred_transport"": ""cruise"", ""budget_range"": ""high"", ""interest_tags"": ""[\""family\"", \""budget\"", \""romantic\""]""}",2024-07-16 18:40:43
637,"{""preferred_transport"": ""cruise"", ""budget_range"": ""medium"", ""interest_tags"": ""[\""cultural\"", \""historic\""]""}",2023-03-29 07:44:56
638,"{""preferred_transport"": ""train"", ""budget_range"": ""low"", ""interest_tags"": ""[\""historic\"", \""cultural\"", \""scenic\"", \""family\""]""}",2022-06-09 11:36:15
639,"{""preferred_transport"": ""cruise"", ""budget_range"": ""low"", ""interest_tags"": ""[\""luxury\"", \""cultural\""]""}",2024-08-08 08:42:56
640,"{""preferred_transport"": ""flight"", ""budget_range"": ""medium"", ""interest_tags"": ""[\""cultural\"", \""luxury\"", \""budget\""]""}",2024-10-11 17:10:50
641,"{""preferred_transport"": ""train"", ""budget_range"": ""high"", ""interest_tags"": ""[\""family\"", \""cultural\"", \""luxury\"", \""scenic\""]""}",2020-05-25 23:04:25
642,"{""preferred_transport"": ""road"", ""budget_range"": ""medium"", ""interest_tags"": ""[\""budget\"", \""luxury\"", \""historic\""]""}",2020-02-10 06:45:29
643,"{""preferred_transport"": ""cruise"", ""budget_range"": ""low"", ""interest_tags"": ""[\""romantic\"", \""family\"", \""cultural\"", \""scenic\""]""}",2025-01-02 01:11:27
644,"{""preferred_transport"": ""train"", ""budget_range"": ""high"", ""interest_tags"": ""[\""luxury\"", \""adventurous\""]""}",2021-07-05 05:50:00
645,"{""preferred_transport"": ""flight"", ""budget_range"": ""low"", ""interest_tags"": ""[\""cultural\"", \""adventurous\""]""}",2020-05-06 05:54:28
646,"{""preferred_transport"": ""road"", ""budget_range"": ""medium"", ""interest_tags"": ""[\""luxury\"", \""cultural\"", \""family\"", \""romantic\""]""}",2022-03-03 07:22:57
647,"{""preferred_transport"": ""flight"", ""budget_range"": ""medium"", ""interest_tags"": ""[\""scenic\"", \""historic\"", \""cultural\""]""}",2022-09-29 09:02:18
648,"{""preferred_transport"": ""flight"", ""budget_range"": ""high"", ""interest_tags"": ""[\""luxury\"", \""adventurous\"", \""romantic\"", \""budget\""]""}",2023-01-17 12:47:48
649,"{""preferred_transport"": ""flight"", ""budget_range"": ""high"", ""interest_tags"": ""[\""adventurous\"", \""cultural\"", \""luxury\""]""}",2020-07-30 19:36:21
650,"{""preferred_transport"": ""train"", ""budget_range"": ""medium"", ""interest_tags"": ""[\""family\"", \""historic\"", \""scenic\"", \""cultural\""]""}",2021-10-24 20:48:47
651,"{""preferred_transport"": ""cruise"", ""budget_range"": ""medium"", ""interest_tags"": ""[\""luxury\"", \""cultural\"", \""romantic\""]""}",2024-07-06 04:51:53
652,"{""preferred_transport"": ""road"", ""budget_range"": ""high"", ""interest_tags"": ""[\""historic\"", \""romantic\"", \""budget\"", \""scenic\""]""}",2023-10-16 15:21:30
653,"{""preferred_transport"": ""train"", ""budget_range"": ""high"", ""interest_tags"": ""[\""adventurous\"", \""historic\"", \""budget\"", \""scenic\""]""}",2023-03-30 21:12:09
654,"{""preferred_transport"": ""flight"", ""budget_range"": ""medium"", ""interest_tags"": ""[\""luxury\"", \""historic\"", \""romantic\""]""}",2023-03-10 22:53:53
655,"{""preferred_transport"": ""road"", ""budget_range"": ""medium"", ""interest_tags"": ""[\""luxury\"", \""budget\""]""}",2021-08-21 02:45:51
656,"{""preferred_transport"": ""cruise"", ""budget_range"": ""high"", ""interest_tags"": ""[\""cultural\"", \""romantic\""]""}",2024-07-29 10:18:38
657,"{""preferred_transport"": ""flight"", ""budget_range"": ""high"", ""interest_tags"": ""[\""adventurous\"", \""budget\""]""}",2021-10-24 07:29:23
658,"{""preferred_transport"": ""road"", ""budget_range"": ""low"", ""interest_tags"": ""[\""family\"", \""budget\""]""}",2020-08-12 01:41:37
659,"{""preferred_transport"": ""train"", ""budget_range"": ""low"", ""interest_tags"": ""[\""budget\"", \""historic\"", \""family\""]""}",2020-08-15 13:46:08
660,"{""preferred_transport"": ""flight"", ""budget_range"": ""low"", ""interest_tags"": ""[\""cultural\"", \""luxury\"", \""romantic\""]""}",2022-03-14 14:11:23
661,"{""preferred_transport"": ""road"", ""budget_range"": ""medium"", ""interest_tags"": ""[\""family\"", \""adventurous\"", \""scenic\""]""}",2020-02-22 11:28:55
662,"{""preferred_transport"": ""road"", ""budget_range"": ""high"", ""interest_tags"": ""[\""historic\"", \""budget\""]""}",2020-07-15 11:20:11
663,"{""preferred_transport"": ""flight"", ""budget_range"": ""high"", ""interest_tags"": ""[\""budget\"", \""luxury\""]""}",2020-11-25 18:02:22
664,"{""preferred_transport"": ""cruise"", ""budget_range"": ""high"", ""interest_tags"": ""[\""cultural\"", \""scenic\"", \""adventurous\""]""}",2023-03-31 00:15:27
665,"{""preferred_transport"": ""road"", ""budget_range"": ""high"", ""interest_tags"": ""[\""romantic\"", \""cultural\""]""}",2024-07-15 10:14:23
666,"{""preferred_transport"": ""train"", ""budget_range"": ""low"", ""interest_tags"": ""[\""family\"", \""romantic\"", \""luxury\"", \""scenic\""]""}",2021-03-23 15:03:02
667,"{""preferred_transport"": ""cruise"", ""budget_range"": ""high"", ""interest_tags"": ""[\""budget\"", \""historic\"", \""luxury\"", \""romantic\""]""}",2021-03-15 05:35:59
668,"{""preferred_transport"": ""flight"", ""budget_range"": ""low"", ""interest_tags"": ""[\""family\"", \""luxury\""]""}",2024-08-28 02:27:23
669,"{""preferred_transport"": ""flight"", ""budget_range"": ""medium"", ""interest_tags"": ""[\""budget\"", \""cultural\""]""}",2023-07-06 01:44:57
670,"{""preferred_transport"": ""train"", ""budget_range"": ""low"", ""interest_tags"": ""[\""adventurous\"", \""luxury\""]""}",2022-02-24 05:47:35
671,"{""preferred_transport"": ""train"", ""budget_range"": ""low"", ""interest_tags"": ""[\""historic\"", \""family\""]""}",2024-09-01 05:18:19
672,"{""preferred_transport"": ""road"", ""budget_range"": ""high"", ""interest_tags"": ""[\""cultural\"", \""scenic\"", \""budget\"", \""historic\""]""}",2022-02-17 20:37:25
673,"{""preferred_transport"": ""flight"", ""budget_range"": ""low"", ""interest_tags"": ""[\""romantic\"", \""scenic\"", \""family\"", \""cultural\""]""}",2021-12-29 16:02:12
674,"{""preferred_transport"": ""flight"", ""budget_range"": ""medium"", ""interest_tags"": ""[\""cultural\"", \""romantic\"", \""scenic\"", \""adventurous\""]""}",2023-11-01 02:35:59
675,"{""preferred_transport"": ""cruise"", ""budget_range"": ""high"", ""interest_tags"": ""[\""luxury\"", \""budget\"", \""romantic\"", \""cultural\""]""}",2024-10-23 02:36:50
676,"{""preferred_transport"": ""cruise"", ""budget_range"": ""medium"", ""interest_tags"": ""[\""scenic\"", \""historic\"", \""romantic\""]""}",2022-02-03 20:08:55
677,"{""preferred_transport"": ""train"", ""budget_range"": ""high"", ""interest_tags"": ""[\""family\"", \""scenic\"", \""romantic\"", \""cultural\""]""}",2022-10-27 03:07:31
678,"{""preferred_transport"": ""road"", ""budget_range"": ""medium"", ""interest_tags"": ""[\""budget\"", \""family\"", \""scenic\""]""}",2024-02-21 23:13:05
679,"{""preferred_transport"": ""flight"", ""budget_range"": ""low"", ""interest_tags"": ""[\""cultural\"", \""family\"", \""scenic\"", \""romantic\""]""}",2024-07-31 10:16:18
680,"{""preferred_transport"": ""train"", ""budget_range"": ""medium"", ""interest_tags"": ""[\""cultural\"", \""budget\"", \""historic\"", \""family\""]""}",2024-04-24 17:57:21
681,"{""preferred_transport"": ""flight"", ""budget_range"": ""high"", ""interest_tags"": ""[\""family\"", \""romantic\"", \""luxury\"", \""cultural\""]""}",2020-04-23 21:17:32
682,"{""preferred_transport"": ""cruise"", ""budget_range"": ""high"", ""interest_tags"": ""[\""romantic\"", \""budget\"", \""cultural\"", \""scenic\""]""}",2023-05-04 10:47:53
683,"{""preferred_transport"": ""train"", ""budget_range"": ""high"", ""interest_tags"": ""[\""luxury\"", \""cultural\"", \""adventurous\"", \""romantic\""]""}",2024-05-04 19:04:36
684,"{""preferred_transport"": ""flight"", ""budget_range"": ""medium"", ""interest_tags"": ""[\""historic\"", \""budget\"", \""cultural\""]""}",2021-05-30 06:11:28
685,"{""preferred_transport"": ""train"", ""budget_range"": ""medium"", ""interest_tags"": ""[\""scenic\"", \""luxury\""]""}",2024-10-23 22:02:24
686,"{""preferred_transport"": ""train"", ""budget_range"": ""high"", ""interest_tags"": ""[\""romantic\"", \""scenic\"", \""historic\"", \""cultural\""]""}",2024-02-24 01:14:02
687,"{""preferred_transport"": ""train"", ""budget_range"": ""low"", ""interest_tags"": ""[\""budget\"", \""cultural\"", \""historic\""]""}",2021-10-04 10:11:33
688,"{""preferred_transport"": ""cruise"", ""budget_range"": ""medium"", ""interest_tags"": ""[\""romantic\"", \""historic\"", \""family\""]""}",2022-10-03 20:29:37
689,"{""preferred_transport"": ""flight"", ""budget_range"": ""high"", ""interest_tags"": ""[\""luxury\"", \""family\"", \""budget\"", \""scenic\""]""}",2024-12-02 17:53:13
690,"{""preferred_transport"": ""train"", ""budget_range"": ""medium"", ""interest_tags"": ""[\""family\"", \""scenic\"", \""luxury\"", \""historic\""]""}",2024-05-24 05:10:40
691,"{""preferred_transport"": ""cruise"", ""budget_range"": ""medium"", ""interest_tags"": ""[\""family\"", \""scenic\""]""}",2022-12-07 23:28:29
692,"{""preferred_transport"": ""road"", ""budget_range"": ""medium"", ""interest_tags"": ""[\""historic\"", \""luxury\"", \""cultural\"", \""adventurous\""]""}",2021-05-29 12:27:54
693,"{""preferred_transport"": ""train"", ""budget_range"": ""low"", ""interest_tags"": ""[\""luxury\"", \""cultural\"", \""family\"", \""budget\""]""}",2021-05-03 21:24:52
694,"{""preferred_transport"": ""cruise"", ""budget_range"": ""high"", ""interest_tags"": ""[\""cultural\"", \""budget\"", \""romantic\"", \""adventurous\""]""}",2022-10-22 23:20:35
695,"{""preferred_transport"": ""flight"", ""budget_range"": ""medium"", ""interest_tags"": ""[\""romantic\"", \""adventurous\"", \""cultural\"", \""luxury\""]""}",2021-05-15 23:23:33
696,"{""preferred_transport"": ""road"", ""budget_range"": ""low"", ""interest_tags"": ""[\""historic\"", \""cultural\""]""}",2024-11-16 18:15:13
697,"{""preferred_transport"": ""train"", ""budget_range"": ""low"", ""interest_tags"": ""[\""historic\"", \""luxury\"", \""cultural\"", \""romantic\""]""}",2021-05-31 19:18:40
698,"{""preferred_transport"": ""cruise"", ""budget_range"": ""low"", ""interest_tags"": ""[\""family\"", \""luxury\"", \""romantic\"", \""historic\""]""}",2022-05-30 15:54:30
699,"{""preferred_transport"": ""flight"", ""budget_range"": ""low"", ""interest_tags"": ""[\""romantic\"", \""family\"", \""adventurous\""]""}",2021-06-13 22:22:52
700,"{""preferred_transport"": ""train"", ""budget_range"": ""medium"", ""interest_tags"": ""[\""scenic\"", \""family\"", \""luxury\"", \""cultural\""]""}",2024-05-06 00:22:29
701,"{""preferred_transport"": ""cruise"", ""budget_range"": ""low"", ""interest_tags"": ""[\""budget\"", \""adventurous\"", \""luxury\"", \""romantic\""]""}",2020-08-01 21:17:55
702,"{""preferred_transport"": ""train"", ""budget_range"": ""medium"", ""interest_tags"": ""[\""scenic\"", \""historic\"", \""family\""]""}",2021-09-20 16:12:05
703,"{""preferred_transport"": ""road"", ""budget_range"": ""low"", ""interest_tags"": ""[\""cultural\"", \""romantic\"", \""adventurous\"", \""luxury\""]""}",2020-05-01 06:46:37
704,"{""preferred_transport"": ""flight"", ""budget_range"": ""low"", ""interest_tags"": ""[\""scenic\"", \""luxury\"", \""family\""]""}",2020-01-04 17:29:37
705,"{""preferred_transport"": ""road"", ""budget_range"": ""high"", ""interest_tags"": ""[\""budget\"", \""family\"", \""historic\""]""}",2024-07-04 01:58:58
706,"{""preferred_transport"": ""road"", ""budget_range"": ""low"", ""interest_tags"": ""[\""family\"", \""scenic\"", \""luxury\""]""}",2024-11-24 22:40:55
707,"{""preferred_transport"": ""flight"", ""budget_range"": ""medium"", ""interest_tags"": ""[\""luxury\"", \""adventurous\""]""}",2021-12-23 09:25:02
708,"{""preferred_transport"": ""flight"", ""budget_range"": ""medium"", ""interest_tags"": ""[\""family\"", \""scenic\"", \""cultural\"", \""historic\""]""}",2020-01-23 02:27:51
709,"{""preferred_transport"": ""flight"", ""budget_range"": ""high"", ""interest_tags"": ""[\""family\"", \""budget\""]""}",2021-09-30 05:07:41
710,"{""preferred_transport"": ""cruise"", ""budget_range"": ""medium"", ""interest_tags"": ""[\""cultural\"", \""romantic\"", \""adventurous\""]""}",2024-12-23 16:21:53
711,"{""preferred_transport"": ""cruise"", ""budget_range"": ""medium"", ""interest_tags"": ""[\""family\"", \""luxury\"", \""scenic\"", \""romantic\""]""}",2022-05-06 03:16:58
712,"{""preferred_transport"": ""road"", ""budget_range"": ""low"", ""interest_tags"": ""[\""romantic\"", \""cultural\"", \""scenic\""]""}",2024-10-03 01:03:26
713,"{""preferred_transport"": ""road"", ""budget_range"": ""medium"", ""interest_tags"": ""[\""budget\"", \""family\"", \""romantic\""]""}",2023-05-21 22:42:21
714,"{""preferred_transport"": ""train"", ""budget_range"": ""high"", ""interest_tags"": ""[\""adventurous\"", \""romantic\""]""}",2021-05-17 16:19:07
715,"{""preferred_transport"": ""flight"", ""budget_range"": ""low"", ""interest_tags"": ""[\""family\"", \""romantic\"", \""scenic\"", \""luxury\""]""}",2020-06-10 17:20:17
716,"{""preferred_transport"": ""train"", ""budget_range"": ""medium"", ""interest_tags"": ""[\""historic\"", \""family\"", \""romantic\"", \""cultural\""]""}",2024-01-05 10:09:51
717,"{""preferred_transport"": ""road"", ""budget_range"": ""low"", ""interest_tags"": ""[\""luxury\"", \""cultural\""]""}",2023-02-26 03:28:17
718,"{""preferred_transport"": ""flight"", ""budget_range"": ""high"", ""interest_tags"": ""[\""family\"", \""adventurous\""]""}",2024-06-06 16:59:20
719,"{""preferred_transport"": ""cruise"", ""budget_range"": ""high"", ""interest_tags"": ""[\""historic\"", \""family\"", \""cultural\"", \""adventurous\""]""}",2023-09-25 20:07:42
720,"{""preferred_transport"": ""flight"", ""budget_range"": ""low"", ""interest_tags"": ""[\""luxury\"", \""cultural\"", \""historic\"", \""romantic\""]""}",2024-05-05 05:12:24
721,"{""preferred_transport"": ""train"", ""budget_range"": ""high"", ""interest_tags"": ""[\""historic\"", \""scenic\""]""}",2022-01-13 08:16:01
722,"{""preferred_transport"": ""flight"", ""budget_range"": ""low"", ""interest_tags"": ""[\""luxury\"", \""family\""]""}",2023-05-25 23:56:05
723,"{""preferred_transport"": ""cruise"", ""budget_range"": ""high"", ""interest_tags"": ""[\""family\"", \""luxury\"", \""cultural\""]""}",2024-05-27 13:41:38
724,"{""preferred_transport"": ""flight"", ""budget_range"": ""high"", ""interest_tags"": ""[\""cultural\"", \""historic\"", \""luxury\"", \""scenic\""]""}",2024-10-03 02:33:04
725,"{""preferred_transport"": ""cruise"", ""budget_range"": ""medium"", ""interest_tags"": ""[\""adventurous\"", \""luxury\"", \""cultural\""]""}",2023-11-13 21:17:21
726,"{""preferred_transport"": ""road"", ""budget_range"": ""high"", ""interest_tags"": ""[\""luxury\"", \""cultural\""]""}",2023-06-18 22:09:28
727,"{""preferred_transport"": ""flight"", ""budget_range"": ""high"", ""interest_tags"": ""[\""luxury\"", \""scenic\""]""}",2020-12-29 12:49:23
728,"{""preferred_transport"": ""cruise"", ""budget_range"": ""high"", ""interest_tags"": ""[\""luxury\"", \""budget\"", \""adventurous\"", \""family\""]""}",2024-10-15 16:53:41
729,"{""preferred_transport"": ""road"", ""budget_range"": ""low"", ""interest_tags"": ""[\""romantic\"", \""budget\"", \""adventurous\""]""}",2024-12-28 04:57:23
730,"{""preferred_transport"": ""flight"", ""budget_range"": ""medium"", ""interest_tags"": ""[\""luxury\"", \""historic\""]""}",2023-04-03 22:11:07
731,"{""preferred_transport"": ""train"", ""budget_range"": ""high"", ""interest_tags"": ""[\""adventurous\"", \""family\"", \""scenic\"", \""romantic\""]""}",2023-01-02 00:45:57
732,"{""preferred_transport"": ""flight"", ""budget_range"": ""high"", ""interest_tags"": ""[\""adventurous\"", \""scenic\"", \""historic\""]""}",2023-05-24 10:25:26
733,"{""preferred_transport"": ""cruise"", ""budget_range"": ""low"", ""interest_tags"": ""[\""scenic\"", \""adventurous\"", \""romantic\"", \""budget\""]""}",2021-11-10 01:28:18
734,"{""preferred_transport"": ""cruise"", ""budget_range"": ""low"", ""interest_tags"": ""[\""adventurous\"", \""romantic\"", \""budget\"", \""cultural\""]""}",2021-12-30 16:31:59
735,"{""preferred_transport"": ""train"", ""budget_range"": ""medium"", ""interest_tags"": ""[\""adventurous\"", \""cultural\""]""}",2022-02-14 18:38:27
736,"{""preferred_transport"": ""cruise"", ""budget_range"": ""low"", ""interest_tags"": ""[\""cultural\"", \""historic\""]""}",2024-03-10 15:45:16
737,"{""preferred_transport"": ""flight"", ""budget_range"": ""high"", ""interest_tags"": ""[\""romantic\"", \""scenic\""]""}",2022-09-06 23:11:21
738,"{""preferred_transport"": ""road"", ""budget_range"": ""high"", ""interest_tags"": ""[\""romantic\"", \""cultural\"", \""luxury\""]""}",2022-05-20 18:11:39
739,"{""preferred_transport"": ""road"", ""budget_range"": ""low"", ""interest_tags"": ""[\""scenic\"", \""historic\"", \""luxury\"", \""adventurous\""]""}",2024-01-26 02:07:47
740,"{""preferred_transport"": ""flight"", ""budget_range"": ""high"", ""interest_tags"": ""[\""family\"", \""romantic\"", \""budget\""]""}",2021-06-27 02:03:34
741,"{""preferred_transport"": ""road"", ""budget_range"": ""low"", ""interest_tags"": ""[\""romantic\"", \""scenic\"", \""budget\"", \""historic\""]""}",2020-02-06 17:21:41
742,"{""preferred_transport"": ""train"", ""budget_range"": ""medium"", ""interest_tags"": ""[\""cultural\"", \""scenic\"", \""family\"", \""luxury\""]""}",2022-03-17 20:41:35
743,"{""preferred_transport"": ""train"", ""budget_range"": ""high"", ""interest_tags"": ""[\""adventurous\"", \""scenic\"", \""romantic\""]""}",2022-12-01 23:07:35
744,"{""preferred_transport"": ""cruise"", ""budget_range"": ""low"", ""interest_tags"": ""[\""family\"", \""cultural\"", \""adventurous\""]""}",2023-03-02 17:25:05
745,"{""preferred_transport"": ""cruise"", ""budget_range"": ""medium"", ""interest_tags"": ""[\""romantic\"", \""cultural\"", \""luxury\""]""}",2021-02-11 10:26:41
746,"{""preferred_transport"": ""train"", ""budget_range"": ""low"", ""interest_tags"": ""[\""luxury\"", \""family\"", \""cultural\"", \""romantic\""]""}",2023-09-04 20:33:56
747,"{""preferred_transport"": ""road"", ""budget_range"": ""low"", ""interest_tags"": ""[\""scenic\"", \""adventurous\""]""}",2020-01-31 06:26:17
748,"{""preferred_transport"": ""train"", ""budget_range"": ""medium"", ""interest_tags"": ""[\""scenic\"", \""family\"", \""budget\""]""}",2024-05-25 06:50:03
749,"{""preferred_transport"": ""cruise"", ""budget_range"": ""medium"", ""interest_tags"": ""[\""luxury\"", \""romantic\"", \""family\""]""}",2020-05-28 05:27:48
750,"{""preferred_transport"": ""road"", ""budget_range"": ""low"", ""interest_tags"": ""[\""scenic\"", \""historic\"", \""cultural\"", \""romantic\""]""}",2024-01-20 13:21:16
751,"{""preferred_transport"": ""flight"", ""budget_range"": ""medium"", ""interest_tags"": ""[\""budget\"", \""scenic\"", \""family\"", \""romantic\""]""}",2024-10-06 22:43:36
752,"{""preferred_transport"": ""cruise"", ""budget_range"": ""medium"", ""interest_tags"": ""[\""family\"", \""historic\""]""}",2022-12-26 19:12:14
753,"{""preferred_transport"": ""train"", ""budget_range"": ""high"", ""interest_tags"": ""[\""scenic\"", \""family\"", \""romantic\"", \""budget\""]""}",2022-10-07 00:29:19
754,"{""preferred_transport"": ""road"", ""budget_range"": ""high"", ""interest_tags"": ""[\""cultural\"", \""adventurous\"", \""luxury\""]""}",2022-06-09 04:44:46
755,"{""preferred_transport"": ""road"", ""budget_range"": ""high"", ""interest_tags"": ""[\""scenic\"", \""budget\""]""}",2022-11-14 05:29:45
756,"{""preferred_transport"": ""road"", ""budget_range"": ""high"", ""interest_tags"": ""[\""family\"", \""romantic\"", \""historic\"", \""budget\""]""}",2021-05-18 07:33:27
757,"{""preferred_transport"": ""cruise"", ""budget_range"": ""low"", ""interest_tags"": ""[\""budget\"", \""romantic\"", \""scenic\""]""}",2022-04-11 00:11:13
758,"{""preferred_transport"": ""road"", ""budget_range"": ""medium"", ""interest_tags"": ""[\""budget\"", \""romantic\"", \""luxury\""]""}",2024-06-06 11:46:49
759,"{""preferred_transport"": ""road"", ""budget_range"": ""medium"", ""interest_tags"": ""[\""scenic\"", \""family\""]""}",2020-03-12 18:32:32
760,"{""preferred_transport"": ""train"", ""budget_range"": ""high"", ""interest_tags"": ""[\""luxury\"", \""budget\""]""}",2020-09-05 18:03:34
761,"{""preferred_transport"": ""train"", ""budget_range"": ""low"", ""interest_tags"": ""[\""cultural\"", \""historic\"", \""family\""]""}",2024-01-10 03:17:24
762,"{""preferred_transport"": ""flight"", ""budget_range"": ""low"", ""interest_tags"": ""[\""cultural\"", \""historic\"", \""scenic\""]""}",2021-04-27 10:05:44
763,"{""preferred_transport"": ""flight"", ""budget_range"": ""high"", ""interest_tags"": ""[\""luxury\"", \""cultural\"", \""family\""]""}",2022-06-01 21:38:40
764,"{""preferred_transport"": ""road"", ""budget_range"": ""high"", ""interest_tags"": ""[\""scenic\"", \""luxury\""]""}",2021-06-14 01:27:13
765,"{""preferred_transport"": ""flight"", ""budget_range"": ""low"", ""interest_tags"": ""[\""budget\"", \""family\"", \""scenic\"", \""adventurous\""]""}",2023-12-22 12:28:13
766,"{""preferred_transport"": ""cruise"", ""budget_range"": ""high"", ""interest_tags"": ""[\""scenic\"", \""budget\"", \""luxury\""]""}",2021-07-04 00:48:31
767,"{""preferred_transport"": ""road"", ""budget_range"": ""high"", ""interest_tags"": ""[\""family\"", \""luxury\"", \""budget\"", \""romantic\""]""}",2022-08-20 02:01:19
768,"{""preferred_transport"": ""cruise"", ""budget_range"": ""medium"", ""interest_tags"": ""[\""adventurous\"", \""family\"", \""historic\"", \""romantic\""]""}",2022-08-14 12:18:56
769,"{""preferred_transport"": ""cruise"", ""budget_range"": ""medium"", ""interest_tags"": ""[\""scenic\"", \""romantic\"", \""historic\""]""}",2020-01-01 06:53:09
770,"{""preferred_transport"": ""train"", ""budget_range"": ""medium"", ""interest_tags"": ""[\""romantic\"", \""luxury\"", \""historic\""]""}",2024-03-08 09:04:56
771,"{""preferred_transport"": ""road"", ""budget_range"": ""medium"", ""interest_tags"": ""[\""family\"", \""romantic\""]""}",2022-06-29 01:53:34
772,"{""preferred_transport"": ""train"", ""budget_range"": ""low"", ""interest_tags"": ""[\""budget\"", \""cultural\"", \""adventurous\"", \""luxury\""]""}",2023-09-20 01:00:47
773,"{""preferred_transport"": ""road"", ""budget_range"": ""low"", ""interest_tags"": ""[\""family\"", \""romantic\""]""}",2023-03-21 12:25:18
774,"{""preferred_transport"": ""train"", ""budget_range"": ""medium"", ""interest_tags"": ""[\""family\"", \""budget\""]""}",2022-01-14 07:01:24
775,"{""preferred_transport"": ""cruise"", ""budget_range"": ""medium"", ""interest_tags"": ""[\""luxury\"", \""adventurous\"", \""cultural\"", \""historic\""]""}",2021-07-20 17:15:54
776,"{""preferred_transport"": ""train"", ""budget_range"": ""medium"", ""interest_tags"": ""[\""romantic\"", \""luxury\""]""}",2023-11-07 16:46:19
777,"{""preferred_transport"": ""cruise"", ""budget_range"": ""high"", ""interest_tags"": ""[\""romantic\"", \""cultural\"", \""scenic\"", \""historic\""]""}",2021-04-17 17:04:28
778,"{""preferred_transport"": ""flight"", ""budget_range"": ""high"", ""interest_tags"": ""[\""scenic\"", \""historic\""]""}",2022-05-26 11:59:04
779,"{""preferred_transport"": ""cruise"", ""budget_range"": ""low"", ""interest_tags"": ""[\""romantic\"", \""budget\"", \""historic\"", \""cultural\""]""}",2020-10-07 05:34:29
780,"{""preferred_transport"": ""train"", ""budget_range"": ""low"", ""interest_tags"": ""[\""adventurous\"", \""scenic\"", \""romantic\""]""}",2022-08-26 00:50:28
781,"{""preferred_transport"": ""road"", ""budget_range"": ""medium"", ""interest_tags"": ""[\""historic\"", \""scenic\"", \""romantic\""]""}",2021-03-29 21:05:53
782,"{""preferred_transport"": ""flight"", ""budget_range"": ""medium"", ""interest_tags"": ""[\""cultural\"", \""luxury\"", \""adventurous\""]""}",2021-07-18 05:21:22
783,"{""preferred_transport"": ""train"", ""budget_range"": ""medium"", ""interest_tags"": ""[\""historic\"", \""romantic\"", \""budget\""]""}",2022-02-12 11:58:45
784,"{""preferred_transport"": ""road"", ""budget_range"": ""medium"", ""interest_tags"": ""[\""historic\"", \""cultural\""]""}",2023-12-02 18:19:15
785,"{""preferred_transport"": ""flight"", ""budget_range"": ""high"", ""interest_tags"": ""[\""adventurous\"", \""romantic\"", \""family\"", \""scenic\""]""}",2022-09-30 17:20:14
786,"{""preferred_transport"": ""train"", ""budget_range"": ""high"", ""interest_tags"": ""[\""historic\"", \""budget\"", \""luxury\"", \""family\""]""}",2021-01-14 11:31:52
787,"{""preferred_transport"": ""cruise"", ""budget_range"": ""medium"", ""interest_tags"": ""[\""luxury\"", \""cultural\"", \""scenic\"", \""historic\""]""}",2021-11-07 15:28:07
788,"{""preferred_transport"": ""flight"", ""budget_range"": ""low"", ""interest_tags"": ""[\""family\"", \""scenic\"", \""historic\"", \""cultural\""]""}",2022-05-07 19:30:40
789,"{""preferred_transport"": ""flight"", ""budget_range"": ""medium"", ""interest_tags"": ""[\""historic\"", \""romantic\""]""}",2024-12-10 08:14:35
790,"{""preferred_transport"": ""road"", ""budget_range"": ""high"", ""interest_tags"": ""[\""scenic\"", \""romantic\"", \""historic\"", \""cultural\""]""}",2021-05-04 22:50:56
791,"{""preferred_transport"": ""road"", ""budget_range"": ""low"", ""interest_tags"": ""[\""budget\"", \""family\"", \""romantic\"", \""historic\""]""}",2020-07-04 17:09:24
792,"{""preferred_transport"": ""cruise"", ""budget_range"": ""high"", ""interest_tags"": ""[\""cultural\"", \""romantic\""]""}",2024-02-24 16:12:06
793,"{""preferred_transport"": ""train"", ""budget_range"": ""medium"", ""interest_tags"": ""[\""budget\"", \""family\"", \""adventurous\"", \""cultural\""]""}",2020-03-07 08:10:56
794,"{""preferred_transport"": ""road"", ""budget_range"": ""medium"", ""interest_tags"": ""[\""scenic\"", \""romantic\"", \""historic\"", \""adventurous\""]""}",2023-09-21 06:21:52
795,"{""preferred_transport"": ""cruise"", ""budget_range"": ""high"", ""interest_tags"": ""[\""romantic\"", \""cultural\"", \""luxury\"", \""family\""]""}",2024-08-15 23:17:09
796,"{""preferred_transport"": ""cruise"", ""budget_range"": ""medium"", ""interest_tags"": ""[\""romantic\"", \""scenic\"", \""luxury\"", \""budget\""]""}",2021-05-13 04:04:17
797,"{""preferred_transport"": ""flight"", ""budget_range"": ""high"", ""interest_tags"": ""[\""romantic\"", \""scenic\""]""}",2022-03-29 04:44:41
798,"{""preferred_transport"": ""cruise"", ""budget_range"": ""medium"", ""interest_tags"": ""[\""family\"", \""budget\""]""}",2021-07-30 10:26:21
799,"{""preferred_transport"": ""flight"", ""budget_range"": ""high"", ""interest_tags"": ""[\""adventurous\"", \""scenic\"", \""budget\""]""}",2020-07-15 19:06:13
800,"{""preferred_transport"": ""road"", ""budget_range"": ""low"", ""interest_tags"": ""[\""romantic\"", \""family\"", \""luxury\"", \""cultural\""]""}",2022-05-29 15:38:05
801,"{""preferred_transport"": ""cruise"", ""budget_range"": ""medium"", ""interest_tags"": ""[\""budget\"", \""historic\"", \""family\"", \""luxury\""]""}",2020-07-26 04:00:34
802,"{""preferred_transport"": ""flight"", ""budget_range"": ""low"", ""interest_tags"": ""[\""historic\"", \""cultural\""]""}",2020-11-28 14:36:43
803,"{""preferred_transport"": ""road"", ""budget_range"": ""low"", ""interest_tags"": ""[\""historic\"", \""luxury\""]""}",2023-04-22 08:01:40
804,"{""preferred_transport"": ""road"", ""budget_range"": ""high"", ""interest_tags"": ""[\""luxury\"", \""historic\"", \""scenic\"", \""cultural\""]""}",2020-08-08 04:44:45
805,"{""preferred_transport"": ""flight"", ""budget_range"": ""low"", ""interest_tags"": ""[\""romantic\"", \""family\"", \""historic\"", \""adventurous\""]""}",2020-07-07 14:08:02
806,"{""preferred_transport"": ""cruise"", ""budget_range"": ""high"", ""interest_tags"": ""[\""family\"", \""romantic\"", \""scenic\"", \""historic\""]""}",2022-04-05 20:39:01
807,"{""preferred_transport"": ""flight"", ""budget_range"": ""high"", ""interest_tags"": ""[\""luxury\"", \""historic\""]""}",2021-11-01 18:40:31
808,"{""preferred_transport"": ""flight"", ""budget_range"": ""low"", ""interest_tags"": ""[\""adventurous\"", \""luxury\"", \""romantic\"", \""cultural\""]""}",2021-08-23 00:01:47
809,"{""preferred_transport"": ""train"", ""budget_range"": ""high"", ""interest_tags"": ""[\""scenic\"", \""luxury\"", \""budget\"", \""family\""]""}",2023-07-13 22:24:26
810,"{""preferred_transport"": ""flight"", ""budget_range"": ""high"", ""interest_tags"": ""[\""budget\"", \""romantic\"", \""adventurous\"", \""family\""]""}",2020-11-19 10:26:15
811,"{""preferred_transport"": ""train"", ""budget_range"": ""low"", ""interest_tags"": ""[\""family\"", \""luxury\"", \""scenic\"", \""cultural\""]""}",2024-07-16 18:30:16
812,"{""preferred_transport"": ""road"", ""budget_range"": ""medium"", ""interest_tags"": ""[\""budget\"", \""family\"", \""scenic\""]""}",2023-07-05 02:32:38
813,"{""preferred_transport"": ""road"", ""budget_range"": ""high"", ""interest_tags"": ""[\""adventurous\"", \""luxury\"", \""family\""]""}",2021-10-26 15:38:16
814,"{""preferred_transport"": ""road"", ""budget_range"": ""high"", ""interest_tags"": ""[\""luxury\"", \""scenic\"", \""adventurous\"", \""budget\""]""}",2023-05-18 17:13:07
815,"{""preferred_transport"": ""flight"", ""budget_range"": ""high"", ""interest_tags"": ""[\""luxury\"", \""romantic\""]""}",2020-02-20 15:35:54
816,"{""preferred_transport"": ""train"", ""budget_range"": ""medium"", ""interest_tags"": ""[\""luxury\"", \""cultural\""]""}",2021-10-29 10:20:59
817,"{""preferred_transport"": ""cruise"", ""budget_range"": ""low"", ""interest_tags"": ""[\""luxury\"", \""romantic\"", \""family\"", \""budget\""]""}",2024-11-08 00:06:19
818,"{""preferred_transport"": ""train"", ""budget_range"": ""low"", ""interest_tags"": ""[\""romantic\"", \""scenic\""]""}",2021-04-30 00:11:22
819,"{""preferred_transport"": ""train"", ""budget_range"": ""medium"", ""interest_tags"": ""[\""adventurous\"", \""cultural\"", \""scenic\""]""}",2022-07-22 00:10:20
820,"{""preferred_transport"": ""flight"", ""budget_range"": ""high"", ""interest_tags"": ""[\""adventurous\"", \""budget\"", \""historic\""]""}",2022-10-05 18:47:38
821,"{""preferred_transport"": ""road"", ""budget_range"": ""low"", ""interest_tags"": ""[\""cultural\"", \""luxury\"", \""budget\""]""}",2022-07-22 06:56:40
822,"{""preferred_transport"": ""flight"", ""budget_range"": ""high"", ""interest_tags"": ""[\""family\"", \""historic\"", \""romantic\"", \""scenic\""]""}",2022-12-16 23:33:22
823,"{""preferred_transport"": ""road"", ""budget_range"": ""medium"", ""interest_tags"": ""[\""adventurous\"", \""budget\""]""}",2020-02-05 12:36:33
824,"{""preferred_transport"": ""road"", ""budget_range"": ""low"", ""interest_tags"": ""[\""historic\"", \""scenic\"", \""luxury\""]""}",2024-10-21 02:57:31
825,"{""preferred_transport"": ""train"", ""budget_range"": ""medium"", ""interest_tags"": ""[\""adventurous\"", \""cultural\"", \""historic\"", \""romantic\""]""}",2023-10-16 11:33:16
826,"{""preferred_transport"": ""flight"", ""budget_range"": ""low"", ""interest_tags"": ""[\""luxury\"", \""family\"", \""adventurous\""]""}",2021-04-04 20:36:16
827,"{""preferred_transport"": ""train"", ""budget_range"": ""medium"", ""interest_tags"": ""[\""romantic\"", \""luxury\""]""}",2020-06-02 04:54:06
828,"{""preferred_transport"": ""road"", ""budget_range"": ""medium"", ""interest_tags"": ""[\""family\"", \""luxury\""]""}",2023-09-11 22:00:19
829,"{""preferred_transport"": ""train"", ""budget_range"": ""low"", ""interest_tags"": ""[\""adventurous\"", \""romantic\"", \""family\""]""}",2024-11-10 01:30:13
830,"{""preferred_transport"": ""train"", ""budget_range"": ""high"", ""interest_tags"": ""[\""adventurous\"", \""cultural\"", \""historic\"", \""scenic\""]""}",2023-08-29 04:01:31
831,"{""preferred_transport"": ""cruise"", ""budget_range"": ""high"", ""interest_tags"": ""[\""cultural\"", \""historic\"", \""budget\"", \""adventurous\""]""}",2023-08-08 21:28:34
832,"{""preferred_transport"": ""cruise"", ""budget_range"": ""medium"", ""interest_tags"": ""[\""budget\"", \""scenic\""]""}",2025-01-19 02:41:22
833,"{""preferred_transport"": ""flight"", ""budget_range"": ""medium"", ""interest_tags"": ""[\""budget\"", \""luxury\""]""}",2023-10-05 21:34:30
834,"{""preferred_transport"": ""train"", ""budget_range"": ""medium"", ""interest_tags"": ""[\""adventurous\"", \""cultural\""]""}",2023-03-07 10:05:55
835,"{""preferred_transport"": ""train"", ""budget_range"": ""high"", ""interest_tags"": ""[\""cultural\"", \""budget\""]""}",2020-06-18 10:38:57
836,"{""preferred_transport"": ""train"", ""budget_range"": ""high"", ""interest_tags"": ""[\""luxury\"", \""historic\""]""}",2022-12-02 12:10:07
837,"{""preferred_transport"": ""flight"", ""budget_range"": ""medium"", ""interest_tags"": ""[\""romantic\"", \""historic\"", \""scenic\""]""}",2021-10-11 08:52:51
838,"{""preferred_transport"": ""train"", ""budget_range"": ""low"", ""interest_tags"": ""[\""luxury\"", \""romantic\"", \""adventurous\"", \""family\""]""}",2021-03-15 03:37:38
839,"{""preferred_transport"": ""flight"", ""budget_range"": ""medium"", ""interest_tags"": ""[\""historic\"", \""scenic\"", \""cultural\"", \""romantic\""]""}",2022-06-01 09:35:04
840,"{""preferred_transport"": ""train"", ""budget_range"": ""high"", ""interest_tags"": ""[\""luxury\"", \""historic\"", \""adventurous\"", \""family\""]""}",2020-07-25 21:53:29
841,"{""preferred_transport"": ""road"", ""budget_range"": ""high"", ""interest_tags"": ""[\""budget\"", \""family\"", \""historic\""]""}",2020-02-29 06:34:59
842,"{""preferred_transport"": ""cruise"", ""budget_range"": ""high"", ""interest_tags"": ""[\""adventurous\"", \""romantic\"", \""luxury\""]""}",2020-11-05 10:59:27
843,"{""preferred_transport"": ""cruise"", ""budget_range"": ""medium"", ""interest_tags"": ""[\""cultural\"", \""romantic\"", \""family\"", \""luxury\""]""}",2023-11-23 21:55:50
844,"{""preferred_transport"": ""flight"", ""budget_range"": ""low"", ""interest_tags"": ""[\""luxury\"", \""scenic\""]""}",2024-03-02 04:02:26
845,"{""preferred_transport"": ""road"", ""budget_range"": ""high"", ""interest_tags"": ""[\""historic\"", \""scenic\""]""}",2022-12-29 08:32:29
846,"{""preferred_transport"": ""cruise"", ""budget_range"": ""high"", ""interest_tags"": ""[\""adventurous\"", \""luxury\"", \""scenic\""]""}",2020-07-11 15:46:41
847,"{""preferred_transport"": ""cruise"", ""budget_range"": ""medium"", ""interest_tags"": ""[\""luxury\"", \""cultural\""]""}",2021-04-16 08:10:55
848,"{""preferred_transport"": ""cruise"", ""budget_range"": ""medium"", ""interest_tags"": ""[\""scenic\"", \""historic\"", \""budget\"", \""adventurous\""]""}",2024-06-05 19:32:11
849,"{""preferred_transport"": ""train"", ""budget_range"": ""medium"", ""interest_tags"": ""[\""scenic\"", \""adventurous\""]""}",2022-08-28 12:56:49
850,"{""preferred_transport"": ""cruise"", ""budget_range"": ""medium"", ""interest_tags"": ""[\""scenic\"", \""cultural\"", \""budget\"", \""family\""]""}",2024-12-10 04:47:21
851,"{""preferred_transport"": ""train"", ""budget_range"": ""low"", ""interest_tags"": ""[\""scenic\"", \""adventurous\"", \""cultural\""]""}",2024-10-20 21:50:32
852,"{""preferred_transport"": ""train"", ""budget_range"": ""medium"", ""interest_tags"": ""[\""cultural\"", \""romantic\""]""}",2022-09-13 17:47:33
853,"{""preferred_transport"": ""train"", ""budget_range"": ""high"", ""interest_tags"": ""[\""budget\"", \""adventurous\""]""}",2023-07-01 17:09:14
854,"{""preferred_transport"": ""cruise"", ""budget_range"": ""medium"", ""interest_tags"": ""[\""luxury\"", \""cultural\"", \""family\"", \""historic\""]""}",2021-02-12 16:46:19
855,"{""preferred_transport"": ""train"", ""budget_range"": ""low"", ""interest_tags"": ""[\""luxury\"", \""romantic\"", \""family\"", \""budget\""]""}",2021-12-18 09:59:52
856,"{""preferred_transport"": ""train"", ""budget_range"": ""low"", ""interest_tags"": ""[\""historic\"", \""scenic\"", \""romantic\"", \""adventurous\""]""}",2021-02-20 14:13:24
857,"{""preferred_transport"": ""road"", ""budget_range"": ""high"", ""interest_tags"": ""[\""budget\"", \""cultural\"", \""adventurous\"", \""romantic\""]""}",2024-01-12 04:35:15
858,"{""preferred_transport"": ""train"", ""budget_range"": ""low"", ""interest_tags"": ""[\""adventurous\"", \""historic\""]""}",2023-06-23 10:36:56
859,"{""preferred_transport"": ""flight"", ""budget_range"": ""medium"", ""interest_tags"": ""[\""adventurous\"", \""budget\"", \""family\""]""}",2021-09-22 04:22:03
860,"{""preferred_transport"": ""train"", ""budget_range"": ""low"", ""interest_tags"": ""[\""romantic\"", \""family\""]""}",2024-03-02 04:47:24
861,"{""preferred_transport"": ""cruise"", ""budget_range"": ""medium"", ""interest_tags"": ""[\""family\"", \""adventurous\""]""}",2020-05-09 22:47:35
862,"{""preferred_transport"": ""road"", ""budget_range"": ""high"", ""interest_tags"": ""[\""family\"", \""luxury\"", \""budget\""]""}",2024-11-11 22:31:25
863,"{""preferred_transport"": ""flight"", ""budget_range"": ""high"", ""interest_tags"": ""[\""romantic\"", \""adventurous\""]""}",2020-05-11 18:45:35
864,"{""preferred_transport"": ""train"", ""budget_range"": ""high"", ""interest_tags"": ""[\""family\"", \""budget\"", \""historic\"", \""luxury\""]""}",2023-04-18 14:28:39
865,"{""preferred_transport"": ""flight"", ""budget_range"": ""low"", ""interest_tags"": ""[\""romantic\"", \""adventurous\"", \""scenic\""]""}",2022-06-07 07:20:13
866,"{""preferred_transport"": ""road"", ""budget_range"": ""low"", ""interest_tags"": ""[\""luxury\"", \""romantic\"", \""historic\""]""}",2024-05-25 04:03:03
867,"{""preferred_transport"": ""train"", ""budget_range"": ""medium"", ""interest_tags"": ""[\""romantic\"", \""historic\"", \""budget\"", \""luxury\""]""}",2020-12-17 14:41:07
868,"{""preferred_transport"": ""train"", ""budget_range"": ""high"", ""interest_tags"": ""[\""scenic\"", \""adventurous\"", \""family\"", \""romantic\""]""}",2023-11-01 20:29:11
869,"{""preferred_transport"": ""flight"", ""budget_range"": ""low"", ""interest_tags"": ""[\""adventurous\"", \""romantic\"", \""historic\""]""}",2022-02-15 23:29:15
870,"{""preferred_transport"": ""cruise"", ""budget_range"": ""high"", ""interest_tags"": ""[\""scenic\"", \""budget\"", \""family\"", \""historic\""]""}",2020-10-10 07:42:42
871,"{""preferred_transport"": ""flight"", ""budget_range"": ""high"", ""interest_tags"": ""[\""budget\"", \""historic\"", \""luxury\""]""}",2023-04-08 07:37:49
872,"{""preferred_transport"": ""train"", ""budget_range"": ""medium"", ""interest_tags"": ""[\""family\"", \""historic\"", \""cultural\"", \""scenic\""]""}",2024-10-22 22:06:28
873,"{""preferred_transport"": ""train"", ""budget_range"": ""low"", ""interest_tags"": ""[\""scenic\"", \""family\""]""}",2020-06-08 09:59:15
874,"{""preferred_transport"": ""road"", ""budget_range"": ""medium"", ""interest_tags"": ""[\""romantic\"", \""scenic\"", \""budget\""]""}",2021-07-15 09:40:20
875,"{""preferred_transport"": ""flight"", ""budget_range"": ""low"", ""interest_tags"": ""[\""historic\"", \""luxury\""]""}",2022-02-25 09:19:20
876,"{""preferred_transport"": ""flight"", ""budget_range"": ""medium"", ""interest_tags"": ""[\""romantic\"", \""luxury\"", \""historic\""]""}",2024-03-13 03:33:04
877,"{""preferred_transport"": ""train"", ""budget_range"": ""low"", ""interest_tags"": ""[\""romantic\"", \""adventurous\"", \""family\"", \""budget\""]""}",2020-09-03 16:51:35
878,"{""preferred_transport"": ""flight"", ""budget_range"": ""low"", ""interest_tags"": ""[\""luxury\"", \""romantic\"", \""budget\"", \""family\""]""}",2021-10-07 02:34:54
879,"{""preferred_transport"": ""flight"", ""budget_range"": ""low"", ""interest_tags"": ""[\""historic\"", \""budget\""]""}",2022-12-20 08:48:18
880,"{""preferred_transport"": ""flight"", ""budget_range"": ""low"", ""interest_tags"": ""[\""luxury\"", \""scenic\""]""}",2020-09-29 11:35:11
881,"{""preferred_transport"": ""flight"", ""budget_range"": ""low"", ""interest_tags"": ""[\""scenic\"", \""cultural\"", \""budget\""]""}",2022-06-02 12:57:00
882,"{""preferred_transport"": ""train"", ""budget_range"": ""medium"", ""interest_tags"": ""[\""budget\"", \""historic\"", \""family\"", \""scenic\""]""}",2022-09-29 23:20:31
883,"{""preferred_transport"": ""cruise"", ""budget_range"": ""medium"", ""interest_tags"": ""[\""family\"", \""romantic\""]""}",2024-09-06 06:05:57
884,"{""preferred_transport"": ""flight"", ""budget_range"": ""medium"", ""interest_tags"": ""[\""scenic\"", \""historic\"", \""budget\""]""}",2022-05-02 14:07:46
885,"{""preferred_transport"": ""cruise"", ""budget_range"": ""high"", ""interest_tags"": ""[\""adventurous\"", \""budget\"", \""cultural\""]""}",2020-06-29 18:33:26
886,"{""preferred_transport"": ""flight"", ""budget_range"": ""high"", ""interest_tags"": ""[\""cultural\"", \""adventurous\"", \""budget\"", \""luxury\""]""}",2022-06-11 06:14:15
887,"{""preferred_transport"": ""road"", ""budget_range"": ""high"", ""interest_tags"": ""[\""luxury\"", \""romantic\"", \""family\""]""}",2023-01-04 09:13:03
888,"{""preferred_transport"": ""train"", ""budget_range"": ""high"", ""interest_tags"": ""[\""romantic\"", \""luxury\"", \""budget\"", \""adventurous\""]""}",2024-03-10 03:47:37
889,"{""preferred_transport"": ""train"", ""budget_range"": ""high"", ""interest_tags"": ""[\""luxury\"", \""cultural\""]""}",2020-01-05 21:52:54
890,"{""preferred_transport"": ""flight"", ""budget_range"": ""low"", ""interest_tags"": ""[\""cultural\"", \""budget\"", \""romantic\""]""}",2023-07-12 05:12:34
891,"{""preferred_transport"": ""road"", ""budget_range"": ""low"", ""interest_tags"": ""[\""budget\"", \""luxury\"", \""romantic\""]""}",2021-10-21 17:03:50
892,"{""preferred_transport"": ""flight"", ""budget_range"": ""high"", ""interest_tags"": ""[\""luxury\"", \""scenic\""]""}",2020-07-29 18:13:24
893,"{""preferred_transport"": ""cruise"", ""budget_range"": ""medium"", ""interest_tags"": ""[\""budget\"", \""family\"", \""historic\"", \""romantic\""]""}",2022-11-01 11:22:25
894,"{""preferred_transport"": ""cruise"", ""budget_range"": ""medium"", ""interest_tags"": ""[\""historic\"", \""family\"", \""cultural\"", \""budget\""]""}",2022-10-23 20:58:19
895,"{""preferred_transport"": ""cruise"", ""budget_range"": ""high"", ""interest_tags"": ""[\""romantic\"", \""family\"", \""historic\""]""}",2021-02-25 18:32:39
896,"{""preferred_transport"": ""road"", ""budget_range"": ""low"", ""interest_tags"": ""[\""romantic\"", \""family\"", \""luxury\"", \""scenic\""]""}",2023-12-07 20:16:04
897,"{""preferred_transport"": ""road"", ""budget_range"": ""high"", ""interest_tags"": ""[\""luxury\"", \""romantic\""]""}",2022-09-07 05:35:48
898,"{""preferred_transport"": ""flight"", ""budget_range"": ""low"", ""interest_tags"": ""[\""budget\"", \""family\"", \""scenic\"", \""historic\""]""}",2021-04-08 20:58:51
899,"{""preferred_transport"": ""cruise"", ""budget_range"": ""low"", ""interest_tags"": ""[\""family\"", \""budget\"", \""luxury\""]""}",2021-05-30 15:34:54
900,"{""preferred_transport"": ""road"", ""budget_range"": ""low"", ""interest_tags"": ""[\""cultural\"", \""family\"", \""scenic\"", \""budget\""]""}",2020-04-08 06:22:14
901,"{""preferred_transport"": ""cruise"", ""budget_range"": ""medium"", ""interest_tags"": ""[\""romantic\"", \""cultural\""]""}",2023-02-28 11:16:46
902,"{""preferred_transport"": ""road"", ""budget_range"": ""medium"", ""interest_tags"": ""[\""luxury\"", \""cultural\""]""}",2020-12-14 16:34:12
903,"{""preferred_transport"": ""cruise"", ""budget_range"": ""low"", ""interest_tags"": ""[\""cultural\"", \""adventurous\""]""}",2024-04-21 01:41:56
904,"{""preferred_transport"": ""flight"", ""budget_range"": ""medium"", ""interest_tags"": ""[\""scenic\"", \""cultural\"", \""romantic\"", \""adventurous\""]""}",2024-06-14 20:31:50
905,"{""preferred_transport"": ""cruise"", ""budget_range"": ""medium"", ""interest_tags"": ""[\""cultural\"", \""family\""]""}",2024-05-22 14:40:53
906,"{""preferred_transport"": ""train"", ""budget_range"": ""low"", ""interest_tags"": ""[\""historic\"", \""adventurous\"", \""family\"", \""luxury\""]""}",2020-12-25 21:21:26
907,"{""preferred_transport"": ""flight"", ""budget_range"": ""medium"", ""interest_tags"": ""[\""cultural\"", \""scenic\""]""}",2023-12-21 12:47:25
908,"{""preferred_transport"": ""flight"", ""budget_range"": ""low"", ""interest_tags"": ""[\""luxury\"", \""historic\"", \""romantic\"", \""scenic\""]""}",2021-10-13 23:13:42
909,"{""preferred_transport"": ""cruise"", ""budget_range"": ""low"", ""interest_tags"": ""[\""luxury\"", \""scenic\""]""}",2024-07-11 17:21:39
910,"{""preferred_transport"": ""cruise"", ""budget_range"": ""medium"", ""interest_tags"": ""[\""cultural\"", \""scenic\"", \""romantic\"", \""budget\""]""}",2022-04-30 03:50:43
911,"{""preferred_transport"": ""flight"", ""budget_range"": ""low"", ""interest_tags"": ""[\""cultural\"", \""romantic\"", \""luxury\"", \""scenic\""]""}",2024-09-02 19:40:21
912,"{""preferred_transport"": ""cruise"", ""budget_range"": ""medium"", ""interest_tags"": ""[\""luxury\"", \""romantic\""]""}",2022-01-30 15:28:50
913,"{""preferred_transport"": ""train"", ""budget_range"": ""low"", ""interest_tags"": ""[\""budget\"", \""luxury\"", \""adventurous\""]""}",2020-06-06 14:25:06
914,"{""preferred_transport"": ""train"", ""budget_range"": ""low"", ""interest_tags"": ""[\""historic\"", \""romantic\"", \""adventurous\""]""}",2020-06-16 03:36:34
915,"{""preferred_transport"": ""flight"", ""budget_range"": ""medium"", ""interest_tags"": ""[\""scenic\"", \""budget\"", \""luxury\""]""}",2025-01-15 15:06:27
916,"{""preferred_transport"": ""road"", ""budget_range"": ""high"", ""interest_tags"": ""[\""luxury\"", \""scenic\"", \""cultural\""]""}",2024-07-15 11:31:11
917,"{""preferred_transport"": ""flight"", ""budget_range"": ""medium"", ""interest_tags"": ""[\""scenic\"", \""historic\"", \""budget\"", \""adventurous\""]""}",2020-10-29 04:27:17
918,"{""preferred_transport"": ""road"", ""budget_range"": ""medium"", ""interest_tags"": ""[\""romantic\"", \""adventurous\"", \""cultural\"", \""budget\""]""}",2021-03-22 12:39:55
919,"{""preferred_transport"": ""cruise"", ""budget_range"": ""medium"", ""interest_tags"": ""[\""scenic\"", \""budget\"", \""family\""]""}",2022-10-23 07:02:15
920,"{""preferred_transport"": ""cruise"", ""budget_range"": ""medium"", ""interest_tags"": ""[\""historic\"", \""romantic\"", \""adventurous\""]""}",2020-12-16 17:28:09
921,"{""preferred_transport"": ""cruise"", ""budget_range"": ""medium"", ""interest_tags"": ""[\""scenic\"", \""romantic\"", \""family\""]""}",2024-11-20 11:07:00
922,"{""preferred_transport"": ""train"", ""budget_range"": ""high"", ""interest_tags"": ""[\""family\"", \""romantic\""]""}",2020-11-28 09:06:13
923,"{""preferred_transport"": ""cruise"", ""budget_range"": ""high"", ""interest_tags"": ""[\""cultural\"", \""family\"", \""scenic\"", \""luxury\""]""}",2023-12-03 04:46:35
924,"{""preferred_transport"": ""road"", ""budget_range"": ""high"", ""interest_tags"": ""[\""adventurous\"", \""luxury\"", \""cultural\""]""}",2024-08-29 10:02:24
925,"{""preferred_transport"": ""train"", ""budget_range"": ""medium"", ""interest_tags"": ""[\""cultural\"", \""scenic\"", \""romantic\""]""}",2025-01-10 01:55:55
926,"{""preferred_transport"": ""road"", ""budget_range"": ""medium"", ""interest_tags"": ""[\""budget\"", \""luxury\"", \""romantic\"", \""cultural\""]""}",2021-06-21 18:11:13
927,"{""preferred_transport"": ""flight"", ""budget_range"": ""high"", ""interest_tags"": ""[\""romantic\"", \""historic\"", \""luxury\"", \""budget\""]""}",2023-12-09 04:57:17
928,"{""preferred_transport"": ""cruise"", ""budget_range"": ""high"", ""interest_tags"": ""[\""romantic\"", \""cultural\""]""}",2022-08-15 00:48:28
929,"{""preferred_transport"": ""road"", ""budget_range"": ""low"", ""interest_tags"": ""[\""cultural\"", \""budget\"", \""luxury\"", \""adventurous\""]""}",2022-10-14 05:19:40
930,"{""preferred_transport"": ""road"", ""budget_range"": ""high"", ""interest_tags"": ""[\""historic\"", \""romantic\"", \""cultural\"", \""budget\""]""}",2024-12-09 09:11:33
931,"{""preferred_transport"": ""flight"", ""budget_range"": ""low"", ""interest_tags"": ""[\""scenic\"", \""adventurous\"", \""luxury\"", \""romantic\""]""}",2023-04-26 15:12:53
932,"{""preferred_transport"": ""road"", ""budget_range"": ""low"", ""interest_tags"": ""[\""budget\"", \""scenic\""]""}",2024-11-06 18:53:27
933,"{""preferred_transport"": ""cruise"", ""budget_range"": ""medium"", ""interest_tags"": ""[\""budget\"", \""historic\"", \""luxury\"", \""family\""]""}",2024-05-04 19:57:46
934,"{""preferred_transport"": ""road"", ""budget_range"": ""low"", ""interest_tags"": ""[\""historic\"", \""scenic\"", \""luxury\""]""}",2020-06-14 01:27:35
935,"{""preferred_transport"": ""flight"", ""budget_range"": ""high"", ""interest_tags"": ""[\""budget\"", \""historic\"", \""scenic\"", \""family\""]""}",2021-12-31 20:51:11
936,"{""preferred_transport"": ""road"", ""budget_range"": ""high"", ""interest_tags"": ""[\""family\"", \""budget\"", \""scenic\"", \""adventurous\""]""}",2023-06-15 11:59:20
937,"{""preferred_transport"": ""road"", ""budget_range"": ""medium"", ""interest_tags"": ""[\""adventurous\"", \""budget\"", \""cultural\"", \""romantic\""]""}",2021-03-08 01:43:34
938,"{""preferred_transport"": ""train"", ""budget_range"": ""high"", ""interest_tags"": ""[\""budget\"", \""family\"", \""adventurous\""]""}",2021-04-24 07:00:11
939,"{""preferred_transport"": ""cruise"", ""budget_range"": ""high"", ""interest_tags"": ""[\""scenic\"", \""historic\""]""}",2020-08-10 21:46:08
940,"{""preferred_transport"": ""flight"", ""budget_range"": ""low"", ""interest_tags"": ""[\""romantic\"", \""budget\"", \""adventurous\"", \""cultural\""]""}",2020-09-20 00:57:50
941,"{""preferred_transport"": ""train"", ""budget_range"": ""high"", ""interest_tags"": ""[\""romantic\"", \""family\"", \""budget\""]""}",2023-08-15 14:48:13
942,"{""preferred_transport"": ""train"", ""budget_range"": ""medium"", ""interest_tags"": ""[\""family\"", \""luxury\"", \""adventurous\"", \""budget\""]""}",2023-01-08 21:37:38
943,"{""preferred_transport"": ""train"", ""budget_range"": ""low"", ""interest_tags"": ""[\""historic\"", \""luxury\"", \""adventurous\""]""}",2022-01-05 13:21:24
944,"{""preferred_transport"": ""cruise"", ""budget_range"": ""medium"", ""interest_tags"": ""[\""budget\"", \""historic\"", \""family\"", \""luxury\""]""}",2024-02-10 11:05:01
945,"{""preferred_transport"": ""cruise"", ""budget_range"": ""low"", ""interest_tags"": ""[\""romantic\"", \""budget\"", \""historic\"", \""cultural\""]""}",2024-06-23 11:49:44
946,"{""preferred_transport"": ""cruise"", ""budget_range"": ""medium"", ""interest_tags"": ""[\""cultural\"", \""luxury\"", \""family\"", \""historic\""]""}",2022-01-31 21:46:16
947,"{""preferred_transport"": ""road"", ""budget_range"": ""high"", ""interest_tags"": ""[\""cultural\"", \""budget\"", \""family\"", \""luxury\""]""}",2024-12-05 20:13:44
948,"{""preferred_transport"": ""cruise"", ""budget_range"": ""high"", ""interest_tags"": ""[\""budget\"", \""luxury\""]""}",2020-02-03 12:04:06
949,"{""preferred_transport"": ""road"", ""budget_range"": ""medium"", ""interest_tags"": ""[\""romantic\"", \""luxury\"", \""budget\"", \""scenic\""]""}",2023-08-01 01:14:11
950,"{""preferred_transport"": ""cruise"", ""budget_range"": ""medium"", ""interest_tags"": ""[\""scenic\"", \""historic\"", \""budget\""]""}",2025-01-30 19:00:31
951,"{""preferred_transport"": ""cruise"", ""budget_range"": ""high"", ""interest_tags"": ""[\""luxury\"", \""historic\"", \""budget\"", \""adventurous\""]""}",2024-12-01 05:19:27
952,"{""preferred_transport"": ""train"", ""budget_range"": ""high"", ""interest_tags"": ""[\""luxury\"", \""family\""]""}",2020-03-25 19:29:34
953,"{""preferred_transport"": ""cruise"", ""budget_range"": ""medium"", ""interest_tags"": ""[\""scenic\"", \""luxury\""]""}",2020-08-26 19:15:54
954,"{""preferred_transport"": ""cruise"", ""budget_range"": ""medium"", ""interest_tags"": ""[\""luxury\"", \""scenic\""]""}",2022-03-09 08:00:27
955,"{""preferred_transport"": ""flight"", ""budget_range"": ""high"", ""interest_tags"": ""[\""scenic\"", \""luxury\""]""}",2021-04-14 13:29:16
956,"{""preferred_transport"": ""road"", ""budget_range"": ""medium"", ""interest_tags"": ""[\""luxury\"", \""family\""]""}",2022-01-03 20:02:29
957,"{""preferred_transport"": ""road"", ""budget_range"": ""low"", ""interest_tags"": ""[\""historic\"", \""scenic\"", \""romantic\"", \""cultural\""]""}",2025-01-24 06:59:08
958,"{""preferred_transport"": ""train"", ""budget_range"": ""medium"", ""interest_tags"": ""[\""family\"", \""cultural\"", \""budget\""]""}",2023-09-29 14:34:22
959,"{""preferred_transport"": ""train"", ""budget_range"": ""low"", ""interest_tags"": ""[\""budget\"", \""historic\"", \""romantic\"", \""scenic\""]""}",2020-12-26 09:10:00
960,"{""preferred_transport"": ""flight"", ""budget_range"": ""low"", ""interest_tags"": ""[\""family\"", \""adventurous\"", \""scenic\""]""}",2024-01-19 16:59:04
961,"{""preferred_transport"": ""train"", ""budget_range"": ""medium"", ""interest_tags"": ""[\""family\"", \""adventurous\"", \""scenic\"", \""cultural\""]""}",2024-07-06 00:37:54
962,"{""preferred_transport"": ""road"", ""budget_range"": ""low"", ""interest_tags"": ""[\""romantic\"", \""adventurous\"", \""budget\""]""}",2022-09-07 19:26:59
963,"{""preferred_transport"": ""flight"", ""budget_range"": ""low"", ""interest_tags"": ""[\""budget\"", \""family\"", \""adventurous\"", \""luxury\""]""}",2022-04-26 21:49:40
964,"{""preferred_transport"": ""cruise"", ""budget_range"": ""medium"", ""interest_tags"": ""[\""cultural\"", \""scenic\"", \""budget\""]""}",2024-12-19 23:22:55
965,"{""preferred_transport"": ""road"", ""budget_range"": ""medium"", ""interest_tags"": ""[\""adventurous\"", \""budget\"", \""family\"", \""luxury\""]""}",2021-08-28 14:42:44
966,"{""preferred_transport"": ""cruise"", ""budget_range"": ""high"", ""interest_tags"": ""[\""scenic\"", \""romantic\"", \""luxury\"", \""historic\""]""}",2020-01-27 08:01:43
967,"{""preferred_transport"": ""flight"", ""budget_range"": ""low"", ""interest_tags"": ""[\""cultural\"", \""luxury\"", \""historic\""]""}",2023-10-17 11:51:38
968,"{""preferred_transport"": ""cruise"", ""budget_range"": ""low"", ""interest_tags"": ""[\""luxury\"", \""scenic\"", \""cultural\"", \""historic\""]""}",2020-03-14 15:14:07
969,"{""preferred_transport"": ""flight"", ""budget_range"": ""low"", ""interest_tags"": ""[\""adventurous\"", \""luxury\"", \""budget\"", \""historic\""]""}",2021-01-07 18:08:31
970,"{""preferred_transport"": ""flight"", ""budget_range"": ""high"", ""interest_tags"": ""[\""family\"", \""budget\""]""}",2024-10-24 17:08:57
971,"{""preferred_transport"": ""train"", ""budget_range"": ""low"", ""interest_tags"": ""[\""scenic\"", \""romantic\"", \""family\"", \""adventurous\""]""}",2020-08-23 05:39:29
972,"{""preferred_transport"": ""road"", ""budget_range"": ""medium"", ""interest_tags"": ""[\""budget\"", \""scenic\"", \""cultural\""]""}",2020-08-17 21:37:15
973,"{""preferred_transport"": ""cruise"", ""budget_range"": ""low"", ""interest_tags"": ""[\""family\"", \""scenic\"", \""historic\""]""}",2022-03-13 07:39:56
974,"{""preferred_transport"": ""cruise"", ""budget_range"": ""low"", ""interest_tags"": ""[\""cultural\"", \""adventurous\"", \""romantic\""]""}",2023-05-04 20:56:46
975,"{""preferred_transport"": ""train"", ""budget_range"": ""high"", ""interest_tags"": ""[\""cultural\"", \""romantic\"", \""luxury\""]""}",2023-09-01 20:35:51
976,"{""preferred_transport"": ""train"", ""budget_range"": ""high"", ""interest_tags"": ""[\""cultural\"", \""adventurous\"", \""budget\"", \""scenic\""]""}",2020-11-16 21:38:44
977,"{""preferred_transport"": ""flight"", ""budget_range"": ""low"", ""interest_tags"": ""[\""luxury\"", \""family\""]""}",2023-10-17 07:22:33
978,"{""preferred_transport"": ""flight"", ""budget_range"": ""medium"", ""interest_tags"": ""[\""historic\"", \""romantic\""]""}",2023-04-28 04:35:03
979,"{""preferred_transport"": ""cruise"", ""budget_range"": ""low"", ""interest_tags"": ""[\""budget\"", \""adventurous\"", \""luxury\"", \""historic\""]""}",2024-05-20 05:44:31
980,"{""preferred_transport"": ""road"", ""budget_range"": ""medium"", ""interest_tags"": ""[\""family\"", \""romantic\"", \""budget\""]""}",2020-08-05 19:00:41
981,"{""preferred_transport"": ""train"", ""budget_range"": ""low"", ""interest_tags"": ""[\""romantic\"", \""historic\"", \""luxury\""]""}",2024-07-21 03:09:52
982,"{""preferred_transport"": ""cruise"", ""budget_range"": ""medium"", ""interest_tags"": ""[\""luxury\"", \""adventurous\"", \""historic\"", \""budget\""]""}",2023-02-09 02:52:13
983,"{""preferred_transport"": ""cruise"", ""budget_range"": ""low"", ""interest_tags"": ""[\""luxury\"", \""budget\"", \""cultural\""]""}",2021-07-02 17:36:55
984,"{""preferred_transport"": ""flight"", ""budget_range"": ""medium"", ""interest_tags"": ""[\""adventurous\"", \""scenic\"", \""budget\"", \""romantic\""]""}",2020-11-27 17:12:01
985,"{""preferred_transport"": ""cruise"", ""budget_range"": ""medium"", ""interest_tags"": ""[\""romantic\"", \""budget\""]""}",2021-08-11 15:29:49
986,"{""preferred_transport"": ""train"", ""budget_range"": ""low"", ""interest_tags"": ""[\""historic\"", \""budget\""]""}",2025-01-16 05:12:56
987,"{""preferred_transport"": ""train"", ""budget_range"": ""medium"", ""interest_tags"": ""[\""cultural\"", \""family\"", \""luxury\""]""}",2022-08-14 02:04:39
988,"{""preferred_transport"": ""road"", ""budget_range"": ""high"", ""interest_tags"": ""[\""historic\"", \""romantic\"", \""scenic\""]""}",2020-06-23 03:43:22
989,"{""preferred_transport"": ""cruise"", ""budget_range"": ""high"", ""interest_tags"": ""[\""family\"", \""historic\""]""}",2021-10-19 15:52:06
990,"{""preferred_transport"": ""road"", ""budget_range"": ""high"", ""interest_tags"": ""[\""scenic\"", \""budget\"", \""luxury\"", \""cultural\""]""}",2020-08-11 19:12:19
991,"{""preferred_transport"": ""flight"", ""budget_range"": ""high"", ""interest_tags"": ""[\""romantic\"", \""budget\""]""}",2020-02-29 05:26:26
992,"{""preferred_transport"": ""road"", ""budget_range"": ""high"", ""interest_tags"": ""[\""adventurous\"", \""budget\""]""}",2021-02-09 13:35:56
993,"{""preferred_transport"": ""flight"", ""budget_range"": ""low"", ""interest_tags"": ""[\""historic\"", \""scenic\"", \""romantic\"", \""adventurous\""]""}",2021-06-14 07:31:23
994,"{""preferred_transport"": ""flight"", ""budget_range"": ""low"", ""interest_tags"": ""[\""romantic\"", \""luxury\""]""}",2021-11-16 07:04:47
995,"{""preferred_transport"": ""flight"", ""budget_range"": ""low"", ""interest_tags"": ""[\""budget\"", \""family\"", \""romantic\""]""}",2023-06-02 23:56:04
996,"{""preferred_transport"": ""cruise"", ""budget_range"": ""low"", ""interest_tags"": ""[\""scenic\"", \""romantic\"", \""cultural\"", \""historic\""]""}",2025-01-16 15:38:30
997,"{""preferred_transport"": ""train"", ""budget_range"": ""medium"", ""interest_tags"": ""[\""cultural\"", \""scenic\""]""}",2021-03-14 19:22:45
998,"{""preferred_transport"": ""road"", ""budget_range"": ""low"", ""interest_tags"": ""[\""budget\"", \""luxury\"", \""cultural\"", \""adventurous\""]""}",2022-01-26 23:27:30
999,"{""preferred_transport"": ""flight"", ""budget_range"": ""low"", ""interest_tags"": ""[\""family\"", \""romantic\""]""}",2021-05-05 02:57:56
1000,"{""preferred_transport"": ""flight"", ""budget_range"": ""medium"", ""interest_tags"": ""[\""historic\"", \""romantic\""]""}",2021-07-11 09:59:31
