visit_id,user_id,destination_id,visit_timestamp,region,number_of_persons,total_price
1,949,2,2022-05-31 12:33:27,South America,5,15786.1
2,711,13,2021-01-29 05:47:05,Europe,4,2671.96
3,147,11,2024-06-13 04:11:00,South America,3,3863.57
4,422,4,2020-04-26 21:14:27,Africa,2,2159.39
5,185,12,2020-09-30 11:20:08,Oceania,4,3636.36
6,847,13,2022-12-16 17:50:30,South America,3,2003.97
7,5,9,2021-08-19 05:18:53,North America,2,2678.89
8,543,2,2023-01-29 09:19:01,Africa,5,15786.1
9,520,4,2021-10-08 13:42:35,Asia,4,4318.78
10,55,4,2021-04-08 14:27:24,Oceania,1,1079.69
11,865,8,2021-07-01 19:39:25,Europe,4,12316.14
12,687,1,2023-02-05 12:12:13,Asia,1,3377.42
13,215,7,2022-11-04 14:48:50,Africa,3,5636.95
14,825,13,2020-05-14 13:59:08,North America,4,2671.96
15,759,1,2021-06-30 11:07:50,Europe,5,16887.1
16,805,1,2024-05-18 18:00:14,North America,4,13509.68
17,73,4,2025-01-15 11:24:43,Africa,4,4318.78
18,334,7,2022-10-08 20:49:50,Europe,2,3757.97
19,798,2,2021-12-08 16:39:42,North America,3,9471.66
20,243,12,2021-09-13 05:47:15,South America,4,3636.36
21,913,4,2024-01-03 07:34:44,Africa,1,1079.69
22,497,1,2021-03-26 07:36:16,Europe,4,13509.68
23,951,10,2021-07-07 05:10:22,South America,4,2553.12
24,383,3,2021-08-26 05:14:24,Oceania,4,9681.92
25,368,5,2022-11-09 13:52:25,Europe,2,7024.54
26,33,12,2020-07-04 07:57:17,Asia,5,4545.45
27,140,2,2023-11-25 18:07:22,South America,4,12628.88
28,176,13,2021-11-14 01:28:11,Asia,3,2003.97
29,619,3,2021-06-11 23:18:28,Africa,5,12102.4
30,994,9,2020-09-25 15:59:36,South America,2,2678.89
31,878,9,2021-11-03 11:07:49,Africa,4,5357.77
32,485,14,2022-05-17 08:29:22,North America,4,6918.85
33,748,7,2022-02-08 23:39:06,Asia,2,3757.97
34,445,10,2025-01-12 13:41:27,Europe,2,1276.56
35,936,10,2023-07-21 23:19:37,North America,1,638.28
36,42,8,2020-04-14 10:55:48,South America,5,15395.18
37,544,7,2020-10-31 11:21:01,South America,4,7515.94
38,508,4,2024-10-01 03:48:22,North America,1,1079.69
39,710,12,2021-11-08 07:44:31,Europe,4,3636.36
40,368,5,2020-10-08 21:16:57,North America,2,7024.54
41,492,11,2021-05-17 16:53:36,Oceania,3,3863.57
42,471,14,2024-12-18 08:51:09,North America,5,8648.56
43,1000,8,2021-03-06 16:32:53,Oceania,4,12316.14
44,416,3,2023-12-13 12:24:11,Oceania,3,7261.44
45,649,1,2023-04-10 18:40:41,Oceania,1,3377.42
46,341,9,2022-07-10 11:21:07,South America,1,1339.44
47,771,5,2024-08-12 06:53:35,Africa,5,17561.34
48,814,4,2022-11-08 23:12:32,Oceania,1,1079.69
49,955,1,2023-02-04 21:06:01,North America,5,16887.1
50,114,7,2023-12-16 19:13:30,Africa,3,5636.95
51,42,6,2021-06-28 12:53:05,Oceania,3,9294.24
52,573,12,2024-10-08 05:09:45,Oceania,1,909.09
53,793,4,2022-11-06 14:10:01,Europe,2,2159.39
54,553,2,2024-12-07 08:50:10,Oceania,4,12628.88
55,215,13,2022-09-22 15:30:50,Asia,2,1335.98
56,920,5,2023-08-06 23:52:52,Asia,5,17561.34
57,56,2,2022-12-08 13:57:35,South America,3,9471.66
58,498,9,2021-01-16 05:52:43,South America,5,6697.22
59,727,9,2022-06-27 00:48:35,South America,5,6697.22
60,636,6,2021-08-08 04:39:39,South America,1,3098.08
61,90,2,2021-07-09 13:10:33,Asia,4,12628.88
62,982,2,2021-05-26 21:51:34,Asia,1,3157.22
63,115,12,2024-03-22 00:57:10,Europe,2,1818.18
64,896,4,2020-03-11 11:54:33,Asia,5,5398.47
65,427,11,2021-02-14 04:40:26,South America,5,6439.28
66,356,7,2020-03-07 17:50:10,Asia,4,7515.94
67,194,2,2021-12-22 19:38:09,Africa,1,3157.22
68,661,6,2024-12-02 23:20:35,Asia,4,12392.32
69,672,11,2024-02-19 09:51:05,Africa,3,3863.57
70,682,12,2024-08-31 00:47:28,South America,5,4545.45
71,469,5,2021-02-13 23:13:19,Asia,5,17561.34
72,176,13,2021-12-05 14:05:12,South America,3,2003.97
73,381,5,2021-04-05 20:54:28,Asia,1,3512.27
74,292,8,2021-05-14 13:21:45,Oceania,2,6158.07
75,549,5,2021-06-28 19:44:25,Oceania,2,7024.54
76,710,11,2021-05-16 00:01:22,Europe,2,2575.71
77,120,1,2024-11-19 23:42:06,Europe,3,10132.26
78,452,5,2021-07-27 05:03:45,Europe,3,10536.8
79,576,12,2022-09-11 17:02:23,Asia,1,909.09
80,152,6,2024-08-04 07:22:14,Europe,4,12392.32
81,547,5,2020-03-18 10:33:29,South America,1,3512.27
82,954,8,2023-11-24 01:59:33,Asia,2,6158.07
83,160,1,2024-04-25 11:09:34,Asia,5,16887.1
84,663,12,2024-01-12 09:20:26,Asia,3,2727.27
85,993,13,2021-04-01 23:20:19,Africa,5,3339.95
86,747,8,2020-12-14 22:51:34,Oceania,3,9237.11
87,491,1,2024-09-07 18:33:17,North America,2,6754.84
88,316,1,2021-11-15 15:35:24,South America,4,13509.68
89,366,2,2020-06-19 23:36:19,Africa,3,9471.66
90,657,4,2024-06-23 13:45:08,Europe,5,5398.47
91,801,13,2021-08-31 01:37:07,North America,3,2003.97
92,86,9,2020-09-28 11:17:47,Africa,4,5357.77
93,404,4,2022-09-14 05:44:23,Africa,4,4318.78
94,620,9,2023-01-26 18:56:53,South America,1,1339.44
95,152,12,2023-02-22 09:36:28,South America,4,3636.36
96,382,1,2022-12-07 15:06:55,Asia,3,10132.26
97,316,8,2020-09-29 03:49:39,Europe,5,15395.18
98,746,8,2023-10-06 19:31:01,Asia,4,12316.14
99,168,13,2023-07-10 20:31:38,Europe,4,2671.96
100,856,10,2020-09-24 10:26:21,Europe,5,3191.4
101,213,5,2024-06-20 01:17:05,Asia,4,14049.07
102,68,10,2020-10-01 19:10:55,North America,4,2553.12
103,420,11,2023-07-11 20:24:19,Europe,3,3863.57
104,570,8,2021-03-01 10:01:12,Europe,5,15395.18
105,191,14,2022-06-18 07:56:17,Africa,4,6918.85
106,503,1,2024-12-23 04:17:24,Asia,3,10132.26
107,506,9,2021-11-28 13:26:28,North America,4,5357.77
108,811,1,2022-03-27 02:37:06,Asia,2,6754.84
109,979,11,2021-01-20 19:18:09,Oceania,4,5151.42
110,682,5,2021-07-11 06:58:07,South America,4,14049.07
111,929,12,2020-03-29 08:49:59,North America,2,1818.18
112,784,5,2020-07-26 07:21:49,Africa,4,14049.07
113,764,6,2024-02-01 19:37:33,Africa,5,15490.4
114,447,14,2024-01-19 00:10:05,Oceania,3,5189.14
115,838,2,2024-05-11 08:41:54,Oceania,3,9471.66
116,590,1,2021-05-20 22:46:11,Africa,3,10132.26
117,60,3,2023-12-03 09:55:47,Oceania,3,7261.44
118,139,6,2020-06-13 07:38:23,Asia,2,6196.16
119,370,7,2020-05-31 08:26:47,Asia,3,5636.95
120,299,9,2024-05-15 12:39:47,Europe,1,1339.44
121,785,11,2020-10-20 15:04:32,Africa,2,2575.71
122,771,3,2022-09-29 07:18:39,Asia,5,12102.4
123,847,14,2022-04-23 09:26:52,Oceania,3,5189.14
124,715,12,2020-10-24 17:51:24,Africa,3,2727.27
125,594,6,2020-02-10 01:43:11,Europe,2,6196.16
126,531,5,2024-02-15 12:41:30,South America,3,10536.8
127,349,3,2021-11-07 22:01:41,Europe,1,2420.48
128,516,4,2024-10-01 16:21:06,Africa,2,2159.39
129,707,14,2024-07-11 03:55:39,Oceania,5,8648.56
130,565,12,2023-07-20 15:35:33,South America,1,909.09
131,939,2,2021-02-11 17:22:43,North America,1,3157.22
132,492,6,2023-01-31 11:04:18,Europe,3,9294.24
133,837,8,2024-06-13 06:44:12,Asia,5,15395.18
134,177,12,2020-03-30 08:27:58,Oceania,3,2727.27
135,835,2,2021-02-03 21:38:49,Oceania,2,6314.44
136,146,12,2022-08-13 03:31:02,Europe,2,1818.18
137,215,3,2023-08-12 19:45:43,Oceania,1,2420.48
138,782,13,2020-08-29 12:21:51,North America,1,667.99
139,794,8,2020-05-12 02:17:34,Europe,4,12316.14
140,111,1,2025-01-16 22:25:16,North America,5,16887.1
141,481,2,2020-05-14 11:18:09,North America,3,9471.66
142,309,11,2020-10-26 19:49:47,North America,1,1287.86
143,943,10,2024-12-30 14:51:31,Europe,2,1276.56
144,190,11,2020-03-31 21:43:04,North America,3,3863.57
145,150,14,2024-12-06 05:23:38,Asia,3,5189.14
146,361,3,2022-01-21 07:35:38,Africa,5,12102.4
147,584,2,2024-12-01 04:46:17,North America,1,3157.22
148,542,4,2022-05-25 16:45:56,Europe,2,2159.39
149,924,13,2020-01-14 10:47:16,Oceania,5,3339.95
150,102,4,2024-01-14 21:21:13,Asia,5,5398.47
151,715,10,2023-09-27 23:51:37,Oceania,2,1276.56
152,981,2,2023-01-07 09:28:16,South America,2,6314.44
153,435,4,2021-12-07 23:40:19,South America,5,5398.47
154,116,13,2021-01-19 01:25:57,South America,3,2003.97
155,113,9,2024-03-20 10:43:18,Asia,2,2678.89
156,722,5,2020-05-06 03:59:38,North America,5,17561.34
157,336,8,2023-04-10 11:21:35,Asia,1,3079.04
158,468,10,2023-10-11 07:44:56,Europe,3,1914.84
159,568,7,2023-08-22 15:08:05,Europe,3,5636.95
160,878,2,2023-02-15 14:24:58,Europe,4,12628.88
161,14,11,2020-11-22 18:11:03,South America,4,5151.42
162,449,9,2021-01-05 09:31:36,Europe,1,1339.44
163,405,7,2020-11-12 00:57:12,Oceania,5,9394.92
164,948,3,2023-02-04 00:10:56,Europe,1,2420.48
165,347,4,2023-06-10 01:58:31,North America,5,5398.47
166,239,14,2024-03-30 16:20:50,Asia,4,6918.85
167,784,12,2025-01-18 09:45:01,Asia,5,4545.45
168,775,13,2023-01-11 08:32:23,South America,4,2671.96
169,683,10,2024-02-14 09:23:18,Africa,4,2553.12
170,286,3,2020-12-01 15:47:53,North America,4,9681.92
171,257,8,2021-12-18 03:19:13,Oceania,4,12316.14
172,966,3,2020-11-05 10:58:00,Oceania,1,2420.48
173,55,14,2024-03-27 15:37:50,Oceania,1,1729.71
174,28,3,2022-10-12 19:35:52,Europe,4,9681.92
175,311,10,2020-10-26 07:09:21,North America,5,3191.4
176,677,13,2024-03-09 04:09:38,South America,5,3339.95
177,207,5,2024-03-03 03:42:58,Africa,4,14049.07
178,268,9,2024-08-06 08:45:45,Africa,3,4018.33
179,19,13,2023-08-30 05:25:39,North America,1,667.99
180,393,8,2023-03-15 05:41:16,South America,3,9237.11
181,471,1,2021-07-03 12:19:16,Africa,1,3377.42
182,676,14,2021-05-24 23:28:54,South America,3,5189.14
183,442,3,2023-04-23 19:56:39,South America,3,7261.44
184,783,2,2024-03-04 02:20:09,Oceania,5,15786.1
185,568,11,2024-11-12 19:05:14,South America,5,6439.28
186,488,9,2024-04-23 05:10:32,North America,2,2678.89
187,401,5,2025-01-10 07:31:04,South America,4,14049.07
188,632,11,2022-06-02 17:12:00,Asia,3,3863.57
189,63,1,2020-05-20 04:16:33,Europe,5,16887.1
190,858,6,2024-12-19 07:44:03,North America,3,9294.24
191,784,11,2023-03-28 09:36:28,North America,3,3863.57
192,439,6,2023-07-03 19:41:50,Asia,3,9294.24
193,58,11,2022-02-08 07:25:58,Europe,2,2575.71
194,664,5,2020-09-20 21:42:53,Oceania,5,17561.34
195,68,14,2020-12-21 15:35:55,Asia,3,5189.14
196,174,1,2022-10-10 05:02:03,North America,5,16887.1
197,472,11,2024-10-30 20:50:00,Africa,4,5151.42
198,924,7,2020-03-04 09:18:13,Oceania,3,5636.95
199,481,10,2022-09-10 09:01:08,South America,1,638.28
200,585,7,2024-11-13 19:34:33,North America,3,5636.95
201,828,8,2021-10-01 17:38:13,Asia,1,3079.04
202,509,9,2021-06-01 16:37:33,Africa,3,4018.33
203,307,6,2021-09-18 20:12:48,South America,4,12392.32
204,651,14,2024-07-22 18:40:51,Europe,1,1729.71
205,295,5,2022-07-12 17:48:20,Africa,1,3512.27
206,412,13,2020-10-12 16:52:23,Oceania,2,1335.98
207,865,10,2025-01-12 20:37:39,Asia,1,638.28
208,280,2,2024-07-07 22:58:34,South America,5,15786.1
209,438,4,2020-08-26 04:18:09,Oceania,3,3239.08
210,844,5,2022-07-20 18:50:15,South America,5,17561.34
211,680,9,2021-09-13 14:49:16,South America,3,4018.33
212,412,5,2024-05-20 04:42:54,South America,5,17561.34
213,688,13,2021-07-15 02:34:30,North America,5,3339.95
214,643,12,2021-08-02 13:21:04,Africa,5,4545.45
215,512,4,2022-04-12 10:45:08,Oceania,4,4318.78
216,546,13,2023-09-09 12:50:29,Africa,5,3339.95
217,745,11,2024-06-10 15:14:34,Europe,1,1287.86
218,374,8,2022-01-16 19:34:50,Europe,2,6158.07
219,765,11,2023-09-14 16:56:27,South America,3,3863.57
220,327,14,2021-09-24 10:23:14,South America,1,1729.71
221,274,14,2021-05-13 22:02:02,Asia,3,5189.14
222,704,10,2023-06-14 23:33:29,Europe,2,1276.56
223,117,3,2020-03-27 01:46:23,Europe,2,4840.96
224,817,14,2023-12-13 02:15:21,South America,3,5189.14
225,574,7,2020-04-24 23:11:54,Europe,4,7515.94
226,164,5,2020-03-31 12:58:31,Asia,2,7024.54
227,809,13,2024-09-06 23:37:27,Europe,3,2003.97
228,660,14,2024-02-18 11:00:09,North America,1,1729.71
229,57,14,2022-09-02 06:26:10,Africa,1,1729.71
230,306,14,2023-06-18 12:37:48,Asia,1,1729.71
231,688,11,2023-05-18 02:38:23,Oceania,1,1287.86
232,863,3,2020-12-13 18:16:55,Africa,2,4840.96
233,753,9,2024-06-09 15:58:35,Oceania,1,1339.44
234,849,10,2022-02-21 08:10:10,South America,5,3191.4
235,906,2,2021-01-14 21:37:16,Asia,2,6314.44
236,338,14,2023-04-26 12:49:44,Oceania,5,8648.56
237,762,4,2021-11-08 07:53:00,Europe,4,4318.78
238,110,3,2022-05-02 23:43:58,South America,2,4840.96
239,419,5,2020-06-22 18:06:00,South America,5,17561.34
240,547,6,2022-09-10 07:12:03,Africa,1,3098.08
241,434,8,2022-05-12 21:19:49,Europe,2,6158.07
242,372,8,2022-08-15 10:55:30,North America,3,9237.11
243,661,10,2020-06-18 20:39:55,Oceania,1,638.28
244,940,13,2022-02-24 23:46:19,Africa,2,1335.98
245,394,5,2021-01-14 04:59:18,Africa,3,10536.8
246,888,4,2023-04-21 22:29:55,North America,4,4318.78
247,932,7,2022-07-23 19:50:48,North America,3,5636.95
248,959,14,2022-07-13 01:27:32,Europe,2,3459.42
249,881,3,2022-09-12 10:58:46,Oceania,4,9681.92
250,417,13,2022-05-01 09:38:38,North America,1,667.99
251,843,13,2024-01-03 15:06:43,Oceania,4,2671.96
252,423,14,2023-08-05 05:53:28,North America,3,5189.14
253,845,3,2024-04-22 03:02:17,North America,3,7261.44
254,361,7,2024-08-28 17:32:22,Oceania,5,9394.92
255,335,8,2020-06-10 20:46:10,Oceania,1,3079.04
256,657,3,2021-02-26 19:46:18,North America,4,9681.92
257,411,4,2022-09-01 16:47:35,Africa,3,3239.08
258,85,2,2022-02-14 11:47:27,Africa,2,6314.44
259,731,13,2025-01-19 13:03:08,Oceania,2,1335.98
260,421,13,2023-11-03 17:31:37,South America,3,2003.97
261,895,12,2022-03-20 21:42:02,Europe,2,1818.18
262,704,10,2022-05-25 12:19:55,Europe,3,1914.84
263,87,7,2021-07-19 02:38:45,South America,3,5636.95
264,898,7,2021-11-28 10:58:26,North America,5,9394.92
265,971,1,2021-12-11 13:38:53,North America,5,16887.1
266,998,8,2022-03-24 07:58:03,Oceania,2,6158.07
267,873,3,2023-05-30 23:19:48,Africa,1,2420.48
268,440,10,2021-04-08 16:58:35,North America,3,1914.84
269,982,6,2024-10-28 08:41:46,North America,2,6196.16
270,15,12,2023-09-13 23:47:13,South America,5,4545.45
271,848,11,2021-01-03 04:55:16,Europe,4,5151.42
272,731,4,2022-04-07 01:31:22,Asia,2,2159.39
273,765,8,2021-02-08 12:21:56,South America,4,12316.14
274,877,4,2021-10-31 17:48:36,Asia,5,5398.47
275,745,11,2023-07-23 17:01:11,Europe,2,2575.71
276,419,13,2020-03-30 09:28:45,Asia,2,1335.98
277,1000,5,2023-11-02 03:15:33,Europe,2,7024.54
278,379,10,2020-09-23 09:08:21,North America,4,2553.12
279,481,3,2023-05-20 03:49:40,Oceania,3,7261.44
280,218,12,2023-08-08 02:51:38,Oceania,4,3636.36
281,612,5,2020-10-23 00:32:54,Africa,1,3512.27
282,61,1,2021-12-30 15:02:49,South America,3,10132.26
283,931,6,2020-05-21 09:36:40,North America,5,15490.4
284,260,9,2023-03-29 12:46:18,Asia,5,6697.22
285,405,11,2021-02-14 20:23:55,Africa,3,3863.57
286,43,10,2022-03-19 16:45:09,Europe,2,1276.56
287,516,8,2023-12-25 06:56:14,Europe,3,9237.11
288,92,6,2023-09-07 01:34:30,Europe,5,15490.4
289,267,2,2020-05-17 04:58:08,Europe,3,9471.66
290,512,14,2023-01-25 07:42:13,South America,3,5189.14
291,290,5,2022-03-30 11:13:02,Africa,5,17561.34
292,321,7,2022-09-07 08:35:06,Oceania,2,3757.97
293,504,13,2024-09-22 10:06:33,Oceania,2,1335.98
294,652,13,2020-06-14 08:32:03,Europe,4,2671.96
295,153,1,2021-07-23 00:00:24,North America,2,6754.84
296,482,5,2023-12-22 07:56:56,South America,2,7024.54
297,119,8,2023-10-03 18:05:38,Asia,1,3079.04
298,727,9,2023-11-23 05:02:15,South America,4,5357.77
299,116,14,2021-01-19 04:19:41,Asia,2,3459.42
300,96,4,2021-07-15 06:36:36,Europe,3,3239.08
301,768,9,2024-10-15 22:46:08,Oceania,3,4018.33
302,600,4,2020-01-13 19:38:10,Africa,5,5398.47
303,786,10,2023-07-17 18:27:00,North America,2,1276.56
304,253,13,2020-10-19 23:54:25,Asia,4,2671.96
305,27,5,2023-05-09 15:25:51,Asia,1,3512.27
306,605,2,2021-04-22 18:19:49,North America,3,9471.66
307,84,8,2023-11-11 16:49:58,Oceania,4,12316.14
308,979,5,2020-01-19 00:52:44,Asia,5,17561.34
309,994,1,2023-11-08 17:44:01,Asia,5,16887.1
310,971,12,2021-02-05 18:48:46,Europe,5,4545.45
311,884,1,2022-10-01 01:21:52,North America,3,10132.26
312,762,2,2023-03-30 22:34:09,North America,5,15786.1
313,409,5,2022-01-15 21:40:18,South America,2,7024.54
314,92,1,2021-05-21 05:44:17,South America,2,6754.84
315,799,7,2021-04-23 21:06:49,North America,3,5636.95
316,306,8,2022-08-21 10:49:45,Oceania,4,12316.14
317,618,3,2020-10-25 14:35:33,Asia,3,7261.44
318,525,4,2023-10-15 22:35:36,South America,4,4318.78
319,488,5,2023-08-07 10:25:44,North America,5,17561.34
320,775,7,2021-08-01 23:41:52,South America,3,5636.95
321,646,7,2020-05-05 15:16:57,Africa,1,1878.98
322,350,8,2021-04-26 18:50:04,South America,2,6158.07
323,540,11,2020-09-17 21:15:52,Asia,5,6439.28
324,480,7,2024-01-23 21:17:04,Asia,1,1878.98
325,153,3,2022-02-11 12:56:57,Africa,3,7261.44
326,438,5,2020-05-28 06:52:40,Africa,5,17561.34
327,79,1,2020-11-30 09:38:10,Africa,5,16887.1
328,436,7,2023-12-14 15:17:57,Oceania,1,1878.98
329,738,10,2023-01-09 08:50:33,Asia,3,1914.84
330,600,2,2020-02-20 13:04:54,North America,5,15786.1
331,759,11,2021-07-11 20:22:54,Europe,4,5151.42
332,864,7,2020-09-15 18:35:40,South America,1,1878.98
333,898,12,2022-09-02 09:32:13,Africa,3,2727.27
334,742,8,2022-04-03 13:22:44,Asia,4,12316.14
335,990,14,2021-10-17 18:23:55,Europe,2,3459.42
336,81,12,2022-03-16 16:07:36,Oceania,5,4545.45
337,109,7,2020-02-25 15:51:21,North America,5,9394.92
338,405,2,2021-06-17 13:30:57,Oceania,1,3157.22
339,489,8,2024-02-21 04:39:34,Asia,4,12316.14
340,634,14,2023-01-25 17:53:15,Oceania,5,8648.56
341,690,12,2022-07-29 07:42:58,North America,4,3636.36
342,129,3,2021-08-15 19:14:04,North America,1,2420.48
343,836,1,2020-03-24 07:29:37,Europe,2,6754.84
344,493,11,2022-01-21 04:26:22,South America,2,2575.71
345,863,11,2021-08-16 03:36:48,North America,5,6439.28
346,309,13,2021-04-05 08:01:52,South America,4,2671.96
347,433,1,2021-05-31 01:43:23,Europe,1,3377.42
348,757,12,2024-02-15 23:42:49,South America,4,3636.36
349,21,14,2024-12-23 05:38:00,Europe,4,6918.85
350,207,5,2023-05-02 01:45:33,North America,5,17561.34
351,342,1,2023-09-03 12:26:34,South America,1,3377.42
352,869,8,2025-01-25 05:01:01,Oceania,5,15395.18
353,568,5,2024-02-23 14:22:29,South America,1,3512.27
354,498,9,2024-02-24 20:34:20,Europe,5,6697.22
355,732,1,2020-02-29 02:12:31,South America,5,16887.1
356,591,6,2020-07-16 07:41:28,Asia,5,15490.4
357,915,11,2024-01-10 14:38:15,North America,4,5151.42
358,507,10,2023-10-24 21:33:50,Oceania,3,1914.84
359,447,1,2022-06-13 19:38:25,Oceania,2,6754.84
360,197,8,2023-09-23 03:54:02,Europe,3,9237.11
361,520,4,2022-11-19 17:04:49,Africa,5,5398.47
362,874,14,2021-02-11 11:53:29,Asia,4,6918.85
363,741,12,2023-07-19 03:24:52,Oceania,4,3636.36
364,669,12,2024-01-07 11:05:34,Europe,3,2727.27
365,637,4,2020-09-24 18:56:00,Oceania,3,3239.08
366,495,3,2021-09-11 18:37:18,Europe,2,4840.96
367,621,8,2023-07-16 10:02:31,South America,1,3079.04
368,311,4,2024-09-26 00:17:33,North America,2,2159.39
369,19,6,2023-01-14 07:07:14,Oceania,3,9294.24
370,163,3,2020-04-09 07:51:23,North America,5,12102.4
371,346,7,2021-12-05 07:15:02,North America,1,1878.98
372,576,4,2022-03-12 00:36:42,Asia,4,4318.78
373,804,6,2024-09-26 14:35:49,Asia,1,3098.08
374,918,3,2020-11-19 13:23:30,Oceania,5,12102.4
375,52,8,2020-12-10 15:36:11,North America,4,12316.14
376,801,10,2020-11-12 11:49:52,Africa,5,3191.4
377,43,9,2021-06-02 23:52:29,Oceania,1,1339.44
378,121,14,2023-01-28 13:42:59,Europe,2,3459.42
379,746,5,2024-04-20 18:23:09,South America,4,14049.07
380,751,14,2021-04-24 09:07:24,Oceania,1,1729.71
381,373,6,2021-01-17 02:18:42,Europe,2,6196.16
382,450,7,2022-02-01 04:05:28,South America,1,1878.98
383,350,5,2021-06-16 02:12:19,North America,5,17561.34
384,273,6,2023-01-25 11:31:16,Oceania,4,12392.32
385,681,4,2024-07-03 13:35:13,South America,2,2159.39
386,807,4,2023-08-25 07:20:56,South America,2,2159.39
387,941,7,2024-05-22 15:19:40,Oceania,4,7515.94
388,371,1,2021-03-28 07:33:08,North America,4,13509.68
389,735,13,2020-08-04 04:20:58,North America,5,3339.95
390,347,6,2021-05-25 12:56:10,South America,4,12392.32
391,63,7,2021-04-13 23:48:14,Africa,1,1878.98
392,60,11,2022-07-07 18:48:40,South America,5,6439.28
393,412,11,2022-08-03 11:58:09,Oceania,5,6439.28
394,761,6,2020-01-25 13:13:58,Asia,3,9294.24
395,922,9,2021-04-01 06:48:37,Oceania,5,6697.22
396,414,8,2024-08-18 11:17:30,Africa,2,6158.07
397,808,10,2022-12-08 15:45:05,Oceania,4,2553.12
398,415,13,2022-07-25 19:48:43,North America,2,1335.98
399,38,9,2023-04-26 16:01:33,Oceania,3,4018.33
400,737,12,2024-06-05 01:02:01,Africa,2,1818.18
401,291,4,2024-05-08 17:00:00,Africa,1,1079.69
402,320,9,2021-05-12 04:30:12,North America,3,4018.33
403,29,13,2025-01-14 20:16:15,Asia,5,3339.95
404,248,14,2023-08-06 10:13:02,Africa,3,5189.14
405,114,12,2023-03-04 19:19:12,Asia,1,909.09
406,643,9,2021-01-19 16:10:04,North America,3,4018.33
407,775,11,2023-10-26 04:14:51,Asia,1,1287.86
408,587,12,2023-11-08 21:06:04,Asia,1,909.09
409,242,13,2024-10-23 05:59:08,Oceania,5,3339.95
410,916,11,2025-01-24 07:20:45,Europe,5,6439.28
411,359,5,2024-11-14 12:30:31,Oceania,3,10536.8
412,144,12,2024-06-02 13:09:13,Oceania,4,3636.36
413,254,2,2024-05-23 13:26:20,Africa,3,9471.66
414,198,14,2023-11-12 11:46:43,North America,3,5189.14
415,151,12,2023-07-04 04:53:43,North America,4,3636.36
416,95,1,2021-02-08 02:13:27,South America,4,13509.68
417,220,8,2023-02-21 08:34:21,Oceania,1,3079.04
418,539,7,2024-10-02 15:42:31,Africa,5,9394.92
419,798,7,2024-12-20 08:50:50,South America,3,5636.95
420,652,7,2024-02-29 22:49:39,Oceania,4,7515.94
421,997,7,2021-03-24 11:13:53,Africa,2,3757.97
422,131,8,2021-02-05 23:39:30,Oceania,4,12316.14
423,526,14,2021-01-01 19:03:14,Oceania,5,8648.56
424,218,8,2020-04-11 07:22:58,Oceania,4,12316.14
425,161,9,2021-01-03 23:50:21,Africa,3,4018.33
426,873,7,2021-01-10 12:27:14,Asia,1,1878.98
427,586,5,2024-06-12 05:06:56,Europe,1,3512.27
428,121,6,2023-03-09 09:44:36,Asia,3,9294.24
429,302,8,2021-03-19 21:06:51,Europe,1,3079.04
430,803,10,2020-05-31 03:41:05,Asia,4,2553.12
431,911,5,2021-07-22 19:13:12,Oceania,2,7024.54
432,501,1,2024-08-28 03:20:24,Asia,1,3377.42
433,70,14,2023-07-21 08:39:36,South America,1,1729.71
434,587,5,2023-11-06 11:28:55,Asia,5,17561.34
435,801,7,2021-02-16 15:00:07,Europe,4,7515.94
436,517,11,2023-10-29 21:10:00,Oceania,4,5151.42
437,460,3,2020-10-04 11:48:26,Africa,3,7261.44
438,681,10,2023-04-18 02:20:37,Europe,4,2553.12
439,922,7,2024-08-07 19:28:12,North America,3,5636.95
440,982,11,2022-05-11 18:35:10,Oceania,4,5151.42
441,91,14,2020-03-18 01:31:36,Africa,2,3459.42
442,646,13,2024-10-09 02:29:56,Oceania,3,2003.97
443,127,11,2020-09-21 13:23:45,Europe,5,6439.28
444,979,10,2024-11-27 05:28:11,North America,5,3191.4
445,981,10,2021-08-11 10:22:46,South America,5,3191.4
446,515,1,2024-07-10 10:18:51,Europe,1,3377.42
447,986,1,2021-10-01 09:55:58,Europe,3,10132.26
448,850,12,2023-10-12 04:09:00,North America,5,4545.45
449,827,9,2022-09-22 13:04:44,South America,5,6697.22
450,604,1,2020-03-13 06:38:01,Asia,4,13509.68
451,448,3,2020-03-15 17:48:55,Africa,4,9681.92
452,325,7,2020-10-09 19:19:20,North America,3,5636.95
453,102,9,2022-06-05 13:22:01,Europe,2,2678.89
454,188,5,2021-04-24 04:01:34,Asia,1,3512.27
455,976,7,2020-07-02 00:55:34,Africa,2,3757.97
456,985,6,2020-03-25 10:01:50,Oceania,2,6196.16
457,60,5,2020-11-02 18:54:09,Asia,4,14049.07
458,146,7,2022-03-12 08:58:29,South America,3,5636.95
459,965,14,2020-06-10 04:18:46,Europe,1,1729.71
460,246,13,2024-12-25 17:29:42,Europe,5,3339.95
461,505,9,2023-04-11 07:18:37,North America,5,6697.22
462,276,1,2023-12-15 03:45:17,Africa,3,10132.26
463,417,2,2020-03-30 19:25:13,South America,4,12628.88
464,649,4,2022-04-16 06:00:16,Africa,1,1079.69
465,987,10,2022-02-04 06:39:32,Africa,1,638.28
466,668,13,2022-08-04 09:34:46,Africa,2,1335.98
467,417,8,2024-04-03 18:56:33,Europe,1,3079.04
468,802,3,2024-08-06 02:06:31,Europe,3,7261.44
469,801,4,2023-08-09 13:16:23,Africa,5,5398.47
470,463,1,2023-12-14 14:58:04,Africa,1,3377.42
471,297,11,2020-01-02 16:29:02,North America,2,2575.71
472,956,8,2022-02-18 11:38:11,Oceania,3,9237.11
473,390,6,2024-12-23 00:37:46,Africa,2,6196.16
474,289,1,2024-07-17 08:35:01,Africa,2,6754.84
475,72,5,2023-05-13 04:04:10,Oceania,1,3512.27
476,126,14,2024-09-24 22:05:15,Asia,2,3459.42
477,900,7,2024-04-17 10:07:32,Asia,2,3757.97
478,906,11,2022-03-23 00:27:12,Oceania,3,3863.57
479,464,5,2022-09-26 07:05:11,Asia,2,7024.54
480,216,8,2022-10-17 11:32:51,North America,5,15395.18
481,936,12,2020-01-07 08:40:25,Africa,2,1818.18
482,488,1,2021-06-23 03:47:01,South America,1,3377.42
483,570,12,2023-05-05 08:37:32,Africa,4,3636.36
484,84,13,2024-07-31 12:36:18,North America,1,667.99
485,914,14,2021-01-18 10:32:00,Asia,4,6918.85
486,996,14,2023-01-17 03:51:37,South America,4,6918.85
487,182,14,2021-01-22 15:04:04,South America,1,1729.71
488,380,4,2020-01-30 02:10:42,Europe,4,4318.78
489,761,1,2023-01-16 17:04:09,Europe,3,10132.26
490,93,14,2022-07-30 22:37:47,Oceania,5,8648.56
491,227,4,2023-02-01 19:10:51,North America,4,4318.78
492,288,8,2021-10-11 14:36:22,North America,5,15395.18
493,201,14,2020-12-10 16:46:21,Asia,4,6918.85
494,583,9,2021-06-13 15:41:36,Africa,4,5357.77
495,199,11,2024-10-21 19:54:36,Europe,5,6439.28
496,67,10,2020-07-21 02:25:45,Europe,2,1276.56
497,266,10,2024-06-13 03:40:06,Oceania,2,1276.56
498,802,5,2020-03-12 19:45:56,Oceania,2,7024.54
499,695,9,2022-02-24 19:09:42,Oceania,5,6697.22
500,574,8,2023-08-19 23:57:49,Oceania,1,3079.04
501,690,11,2022-09-30 12:34:15,South America,1,1287.86
502,865,7,2021-01-13 03:55:45,Oceania,3,5636.95
503,531,8,2023-01-28 01:17:38,Africa,4,12316.14
504,778,1,2020-05-25 21:56:16,Asia,2,6754.84
505,941,7,2023-10-26 13:32:21,Asia,5,9394.92
506,6,7,2022-11-05 21:28:29,North America,2,3757.97
507,902,10,2021-12-02 00:02:34,Oceania,1,638.28
508,434,2,2021-09-03 16:11:59,Europe,2,6314.44
509,338,5,2020-10-27 12:25:14,North America,1,3512.27
510,492,7,2025-01-14 22:17:47,Oceania,1,1878.98
511,958,6,2022-02-06 21:06:21,North America,3,9294.24
512,485,4,2020-06-18 02:48:29,Asia,3,3239.08
513,533,13,2020-08-14 12:37:32,Africa,2,1335.98
514,635,8,2023-10-19 02:11:11,Africa,1,3079.04
515,128,2,2020-04-13 14:17:04,South America,1,3157.22
516,321,14,2021-01-31 05:45:29,North America,1,1729.71
517,942,13,2020-06-19 05:21:05,Asia,4,2671.96
518,626,11,2020-07-23 09:40:38,North America,4,5151.42
519,694,1,2020-06-11 04:32:54,Asia,5,16887.1
520,871,7,2020-10-24 17:37:17,Africa,4,7515.94
521,771,7,2020-02-02 22:52:53,South America,2,3757.97
522,394,8,2020-11-10 15:49:46,Asia,4,12316.14
523,667,11,2023-11-11 18:25:02,Africa,1,1287.86
524,337,10,2020-12-01 13:33:18,North America,2,1276.56
525,13,10,2025-01-16 00:49:17,Europe,1,638.28
526,927,10,2024-04-30 02:11:08,Asia,2,1276.56
527,364,7,2023-10-13 09:35:31,Europe,4,7515.94
528,249,3,2020-07-06 22:32:58,Europe,1,2420.48
529,320,10,2024-05-13 05:25:40,Oceania,4,2553.12
530,773,6,2024-12-18 09:17:06,Africa,3,9294.24
531,795,3,2023-12-29 18:13:45,Asia,2,4840.96
532,618,6,2023-02-19 21:57:26,North America,3,9294.24
533,531,10,2020-06-27 01:54:49,Europe,2,1276.56
534,520,14,2020-06-18 15:48:52,South America,5,8648.56
535,353,4,2021-09-17 07:07:31,North America,2,2159.39
536,350,4,2023-12-23 04:02:53,Africa,4,4318.78
537,710,6,2024-10-24 19:14:41,Asia,5,15490.4
538,631,5,2022-10-17 23:36:44,Europe,4,14049.07
539,108,8,2024-03-20 19:16:17,Europe,1,3079.04
540,943,1,2021-12-16 10:28:28,South America,2,6754.84
541,639,4,2024-02-02 15:02:06,Oceania,2,2159.39
542,787,14,2023-03-13 22:00:56,Europe,3,5189.14
543,410,3,2023-02-01 05:36:27,North America,1,2420.48
544,76,6,2024-09-19 08:48:14,North America,1,3098.08
545,146,5,2021-08-26 23:46:17,Oceania,4,14049.07
546,600,13,2020-05-16 09:46:50,North America,3,2003.97
547,204,4,2021-06-25 01:18:45,Europe,3,3239.08
548,907,5,2022-11-21 18:37:42,Africa,2,7024.54
549,252,3,2020-03-07 18:33:42,Europe,2,4840.96
550,864,5,2020-03-06 05:24:29,Oceania,1,3512.27
551,141,7,2022-11-17 07:41:08,Europe,1,1878.98
552,313,8,2023-02-22 10:24:16,Asia,2,6158.07
553,677,3,2023-09-09 12:21:45,Oceania,5,12102.4
554,67,2,2021-02-10 08:45:29,Europe,2,6314.44
555,197,9,2023-03-08 18:29:53,Asia,4,5357.77
556,614,7,2020-05-23 12:33:46,Africa,2,3757.97
557,602,4,2022-07-02 23:51:19,Europe,5,5398.47
558,336,4,2022-05-20 03:46:44,Europe,1,1079.69
559,872,9,2024-02-28 05:47:05,Europe,5,6697.22
560,745,2,2020-07-20 13:17:05,Europe,4,12628.88
561,521,7,2023-03-08 19:18:09,South America,5,9394.92
562,532,8,2022-09-26 20:52:18,Oceania,2,6158.07
563,383,9,2024-03-17 06:22:02,South America,4,5357.77
564,275,10,2024-12-19 08:54:01,Oceania,4,2553.12
565,38,4,2021-09-22 16:48:50,South America,2,2159.39
566,884,4,2021-11-10 03:31:47,Asia,4,4318.78
567,436,7,2021-05-03 10:22:38,Asia,5,9394.92
568,261,9,2021-02-21 08:23:38,North America,1,1339.44
569,303,8,2022-12-28 07:19:43,Europe,5,15395.18
570,598,1,2024-05-10 13:01:46,Africa,4,13509.68
571,345,7,2023-12-23 15:07:42,South America,4,7515.94
572,419,6,2022-09-11 22:45:22,Asia,4,12392.32
573,392,1,2023-10-04 06:40:52,Europe,2,6754.84
574,272,11,2023-01-20 15:54:35,North America,1,1287.86
575,302,14,2024-05-12 04:28:02,Africa,5,8648.56
576,660,2,2021-12-08 13:38:39,North America,3,9471.66
577,122,2,2020-04-28 22:28:01,Africa,3,9471.66
578,206,6,2022-10-19 22:00:36,Asia,2,6196.16
579,310,12,2021-08-15 07:19:48,Oceania,3,2727.27
580,619,3,2022-03-22 07:40:13,North America,5,12102.4
581,789,5,2022-12-12 22:46:54,South America,3,10536.8
582,969,7,2020-02-06 22:38:11,South America,5,9394.92
583,670,9,2023-05-20 00:08:32,Europe,2,2678.89
584,233,12,2024-01-14 00:40:48,Europe,2,1818.18
585,529,10,2023-12-27 07:39:47,Oceania,5,3191.4
586,834,8,2020-09-23 19:22:05,Asia,3,9237.11
587,867,4,2023-07-21 17:03:53,Europe,4,4318.78
588,450,8,2020-04-03 12:43:20,Asia,5,15395.18
589,143,10,2022-08-07 09:05:41,Oceania,2,1276.56
590,10,8,2022-11-21 18:58:58,Europe,3,9237.11
591,430,7,2024-07-28 06:39:37,Asia,4,7515.94
592,334,10,2024-10-29 09:38:25,North America,1,638.28
593,945,3,2022-10-23 01:15:50,Africa,2,4840.96
594,645,13,2024-11-17 23:29:58,South America,5,3339.95
595,391,4,2020-07-16 22:30:20,Africa,4,4318.78
596,396,4,2020-12-03 12:39:46,Asia,4,4318.78
597,584,8,2020-10-16 16:35:26,Europe,3,9237.11
598,107,11,2021-07-05 21:30:27,North America,5,6439.28
599,847,12,2024-02-27 01:39:01,North America,5,4545.45
600,192,4,2023-04-13 22:21:03,Asia,1,1079.69
601,211,4,2024-06-17 05:46:38,North America,3,3239.08
602,466,1,2024-05-30 00:31:29,North America,3,10132.26
603,176,6,2023-04-30 02:55:22,Europe,4,12392.32
604,114,3,2023-07-23 23:08:59,South America,5,12102.4
605,761,2,2021-10-03 12:14:30,Europe,4,12628.88
606,892,4,2023-09-04 19:13:04,Oceania,3,3239.08
607,681,8,2024-11-21 17:55:16,Asia,2,6158.07
608,602,4,2023-11-26 22:16:20,Asia,5,5398.47
609,207,1,2023-10-16 20:09:20,North America,2,6754.84
610,845,7,2022-02-05 21:44:01,Africa,5,9394.92
611,337,10,2023-11-30 19:20:21,South America,4,2553.12
612,590,1,2022-06-13 12:15:30,Oceania,1,3377.42
613,903,8,2022-07-13 03:23:04,South America,3,9237.11
614,628,14,2023-07-13 12:34:36,Europe,2,3459.42
615,184,10,2023-11-23 10:08:28,South America,4,2553.12
616,933,11,2024-11-01 15:01:39,North America,2,2575.71
617,403,12,2022-01-14 16:58:24,Europe,1,909.09
618,281,11,2022-06-25 20:51:54,Oceania,5,6439.28
619,939,2,2024-03-13 05:06:03,South America,2,6314.44
620,781,9,2023-02-19 14:39:21,North America,1,1339.44
621,774,2,2022-10-09 21:18:05,South America,5,15786.1
622,462,3,2021-10-06 06:47:03,Africa,3,7261.44
623,46,8,2020-08-15 09:51:05,Oceania,1,3079.04
624,712,11,2023-03-30 05:01:08,Asia,4,5151.42
625,764,7,2023-05-17 10:10:54,North America,2,3757.97
626,11,5,2021-02-28 00:43:44,Asia,1,3512.27
627,687,12,2024-02-15 02:16:06,South America,4,3636.36
628,70,2,2022-01-22 18:43:14,Oceania,5,15786.1
629,973,8,2024-01-02 16:28:38,Asia,2,6158.07
630,862,3,2020-02-26 03:06:29,Africa,2,4840.96
631,103,3,2021-01-20 17:23:52,Africa,3,7261.44
632,760,7,2020-08-29 01:10:45,Oceania,2,3757.97
633,782,1,2021-04-21 21:31:37,South America,3,10132.26
634,367,3,2020-04-17 00:23:37,Oceania,2,4840.96
635,546,4,2020-05-28 08:56:48,Oceania,4,4318.78
636,831,9,2023-04-28 14:37:04,Oceania,1,1339.44
637,316,8,2020-01-15 11:54:08,North America,1,3079.04
638,791,7,2022-02-14 18:57:54,Asia,2,3757.97
639,931,4,2020-10-10 22:15:58,North America,2,2159.39
640,432,1,2022-11-13 09:14:18,Europe,1,3377.42
641,697,11,2021-11-16 06:43:50,North America,1,1287.86
642,817,14,2021-06-02 23:56:46,North America,2,3459.42
643,426,9,2022-10-13 09:26:09,Asia,1,1339.44
644,576,11,2021-10-05 11:56:06,Africa,2,2575.71
645,405,7,2021-12-23 01:36:25,Europe,1,1878.98
646,109,6,2021-06-23 10:09:43,North America,3,9294.24
647,412,11,2020-02-07 05:23:46,South America,3,3863.57
648,218,8,2020-07-24 02:31:51,Oceania,2,6158.07
649,835,5,2023-02-20 09:08:24,North America,5,17561.34
650,69,4,2022-07-25 20:01:22,Africa,4,4318.78
651,512,2,2024-11-03 11:00:20,Europe,5,15786.1
652,258,2,2022-10-04 17:36:31,Oceania,5,15786.1
653,714,7,2022-10-28 15:11:07,Europe,2,3757.97
654,651,13,2024-02-06 22:14:49,North America,3,2003.97
655,344,1,2024-12-22 15:30:51,South America,5,16887.1
656,392,9,2024-04-13 01:43:08,Africa,2,2678.89
657,722,1,2020-03-06 21:47:03,Africa,2,6754.84
658,778,2,2022-01-04 10:59:14,Oceania,3,9471.66
659,439,13,2020-09-03 15:43:15,North America,2,1335.98
660,141,6,2022-07-10 13:11:50,Europe,4,12392.32
661,156,7,2020-04-27 18:31:47,Europe,2,3757.97
662,946,12,2023-10-10 14:37:25,Oceania,5,4545.45
663,899,6,2022-05-14 02:36:39,Asia,2,6196.16
664,660,13,2024-06-06 07:05:42,South America,1,667.99
665,664,14,2020-03-14 14:42:10,Europe,3,5189.14
666,868,12,2022-11-30 19:40:58,Europe,3,2727.27
667,211,9,2022-02-10 13:25:36,Oceania,1,1339.44
668,713,12,2023-03-31 05:39:07,Africa,2,1818.18
669,330,3,2020-01-19 18:34:25,North America,4,9681.92
670,891,8,2021-08-20 23:15:50,North America,1,3079.04
671,650,3,2021-01-25 02:30:24,North America,2,4840.96
672,178,10,2021-09-26 23:10:49,Europe,5,3191.4
673,520,2,2023-12-22 03:34:49,Asia,4,12628.88
674,169,12,2022-01-30 22:55:43,South America,2,1818.18
675,181,10,2022-07-30 16:49:36,Asia,2,1276.56
676,591,8,2022-04-24 15:24:33,South America,2,6158.07
677,82,6,2023-03-19 12:39:27,Europe,4,12392.32
678,483,8,2024-04-18 21:20:37,Africa,4,12316.14
679,753,7,2024-02-06 12:34:45,North America,2,3757.97
680,781,7,2020-09-15 14:17:29,Asia,4,7515.94
681,610,9,2024-09-13 15:38:35,Oceania,2,2678.89
682,180,5,2023-12-11 12:20:31,Asia,4,14049.07
683,465,5,2024-10-12 12:21:11,Africa,4,14049.07
684,493,2,2021-02-28 13:50:08,Oceania,3,9471.66
685,481,4,2021-08-12 03:31:32,North America,2,2159.39
686,14,14,2023-03-08 18:41:06,South America,5,8648.56
687,415,7,2023-03-05 07:42:00,South America,4,7515.94
688,502,5,2020-08-09 07:37:06,South America,5,17561.34
689,907,1,2023-04-10 14:42:24,Africa,1,3377.42
690,167,4,2022-03-04 01:26:49,Oceania,4,4318.78
691,357,9,2023-02-17 21:31:51,Oceania,4,5357.77
692,60,11,2023-08-10 10:44:20,Oceania,4,5151.42
693,253,4,2020-04-17 05:04:15,Asia,4,4318.78
694,647,12,2021-04-04 11:03:04,Asia,1,909.09
695,620,8,2022-03-01 01:05:25,Europe,2,6158.07
696,617,10,2020-02-08 07:56:32,North America,2,1276.56
697,790,2,2023-05-20 12:11:41,Oceania,4,12628.88
698,601,2,2021-08-09 15:40:55,South America,5,15786.1
699,170,14,2022-02-24 15:26:45,Oceania,4,6918.85
700,310,9,2023-04-04 06:47:14,Africa,5,6697.22
701,316,12,2020-10-03 02:53:02,North America,4,3636.36
702,652,10,2021-03-19 09:29:18,Asia,3,1914.84
703,767,4,2022-08-15 05:37:37,North America,4,4318.78
704,173,14,2020-01-05 21:42:27,North America,4,6918.85
705,72,13,2024-06-19 00:00:11,South America,4,2671.96
706,671,5,2021-06-14 03:24:44,Europe,4,14049.07
707,384,3,2021-09-07 05:28:50,South America,2,4840.96
708,187,9,2023-11-01 03:42:13,Africa,1,1339.44
709,834,4,2021-09-16 07:14:09,North America,2,2159.39
710,768,3,2022-03-16 18:40:49,South America,2,4840.96
711,452,11,2020-12-05 06:12:09,Oceania,5,6439.28
712,171,2,2020-09-23 06:46:54,South America,3,9471.66
713,128,5,2022-11-29 00:41:47,North America,1,3512.27
714,600,4,2024-02-16 10:42:47,Oceania,4,4318.78
715,779,2,2020-07-08 16:42:01,Asia,1,3157.22
716,770,1,2020-05-10 01:15:33,North America,5,16887.1
717,217,9,2023-03-13 03:40:21,Africa,1,1339.44
718,533,13,2024-02-18 17:16:48,South America,3,2003.97
719,776,6,2023-08-27 06:22:59,Asia,5,15490.4
720,380,11,2022-09-06 08:47:24,Europe,3,3863.57
721,964,6,2023-03-21 18:12:39,Africa,4,12392.32
722,59,6,2020-11-07 05:45:56,North America,3,9294.24
723,468,14,2021-03-07 10:22:41,North America,4,6918.85
724,617,2,2022-05-18 06:36:32,Oceania,5,15786.1
725,770,14,2023-02-18 16:07:27,South America,2,3459.42
726,634,11,2024-05-18 18:46:15,South America,4,5151.42
727,677,4,2022-09-27 23:44:55,North America,1,1079.69
728,649,6,2022-10-08 08:55:04,Oceania,1,3098.08
729,455,4,2024-02-14 09:38:01,South America,5,5398.47
730,757,10,2022-12-18 05:39:44,South America,1,638.28
731,962,8,2023-04-10 17:07:59,Asia,1,3079.04
732,622,4,2024-06-03 18:04:06,Africa,2,2159.39
733,804,14,2020-04-08 15:08:04,Europe,5,8648.56
734,510,13,2022-07-25 06:09:28,Oceania,1,667.99
735,562,14,2021-06-06 02:55:42,South America,4,6918.85
736,978,2,2024-08-06 19:07:17,Europe,4,12628.88
737,250,4,2020-10-04 20:31:10,North America,2,2159.39
738,446,12,2021-05-12 20:00:29,Asia,1,909.09
739,925,7,2021-11-15 16:25:41,Oceania,3,5636.95
740,264,11,2021-01-17 10:51:36,Oceania,4,5151.42
741,140,9,2020-10-07 23:49:33,Oceania,4,5357.77
742,341,14,2024-11-24 11:35:28,Africa,2,3459.42
743,67,11,2023-03-17 07:55:36,Oceania,3,3863.57
744,761,12,2024-10-11 18:17:47,South America,4,3636.36
745,828,4,2022-03-15 23:26:42,North America,2,2159.39
746,298,2,2020-10-03 22:43:02,Asia,1,3157.22
747,759,10,2020-12-26 17:30:27,Africa,2,1276.56
748,377,3,2023-03-27 05:24:06,Africa,3,7261.44
749,755,1,2020-07-11 06:28:31,Africa,3,10132.26
750,549,4,2023-08-09 09:14:59,Asia,4,4318.78
751,790,6,2024-06-02 19:28:19,Oceania,2,6196.16
752,617,10,2020-11-27 03:37:21,South America,2,1276.56
753,10,9,2022-09-08 13:10:00,Europe,4,5357.77
754,836,5,2024-04-01 22:13:28,Oceania,2,7024.54
755,467,3,2022-05-30 11:18:02,Europe,5,12102.4
756,765,11,2022-09-21 15:19:14,Asia,1,1287.86
757,515,12,2022-04-29 14:05:57,Oceania,1,909.09
758,588,8,2024-03-17 23:46:42,Asia,2,6158.07
759,722,7,2022-11-01 01:03:29,Europe,1,1878.98
760,848,12,2021-11-30 06:33:52,Oceania,2,1818.18
761,754,1,2024-02-23 14:58:52,Oceania,2,6754.84
762,402,5,2020-03-08 00:03:51,Africa,2,7024.54
763,402,6,2024-01-10 20:52:27,Asia,4,12392.32
764,776,7,2020-08-11 03:31:38,Africa,4,7515.94
765,745,5,2021-08-29 03:07:36,Oceania,3,10536.8
766,877,9,2020-10-29 08:40:23,Europe,4,5357.77
767,332,13,2020-06-17 03:43:33,Oceania,5,3339.95
768,312,8,2024-11-28 03:58:32,Europe,2,6158.07
769,453,12,2022-06-23 08:36:53,Europe,4,3636.36
770,215,4,2020-01-29 08:58:10,Asia,2,2159.39
771,744,14,2020-11-12 17:46:54,Oceania,5,8648.56
772,805,14,2023-03-15 22:02:04,South America,2,3459.42
773,696,14,2020-06-24 00:22:54,North America,2,3459.42
774,365,8,2020-06-12 00:36:17,North America,2,6158.07
775,528,11,2025-01-17 14:32:37,South America,3,3863.57
776,994,3,2022-01-31 04:35:56,North America,4,9681.92
777,122,4,2024-02-27 02:35:15,Asia,4,4318.78
778,705,10,2023-03-12 05:44:17,Oceania,2,1276.56
779,815,11,2023-12-11 14:01:20,Oceania,1,1287.86
780,392,5,2023-02-15 05:35:32,North America,4,14049.07
781,123,2,2021-01-14 04:49:27,South America,1,3157.22
782,657,11,2021-11-29 20:22:20,North America,5,6439.28
783,601,10,2024-01-29 17:59:22,Asia,5,3191.4
784,711,12,2025-01-16 00:15:47,Europe,1,909.09
785,394,8,2022-07-15 23:35:00,Africa,4,12316.14
786,129,2,2020-07-16 06:46:35,Oceania,3,9471.66
787,931,14,2021-07-28 10:23:10,South America,5,8648.56
788,833,12,2023-05-08 11:35:55,Africa,1,909.09
789,838,9,2024-02-26 21:55:02,North America,5,6697.22
790,532,14,2024-08-01 13:23:40,Oceania,5,8648.56
791,839,13,2021-10-06 13:37:10,Oceania,1,667.99
792,920,2,2021-07-13 01:07:01,North America,2,6314.44
793,569,8,2021-01-17 06:55:23,North America,3,9237.11
794,132,10,2021-05-15 20:42:31,North America,2,1276.56
795,576,5,2020-09-19 21:00:11,North America,1,3512.27
796,519,5,2024-08-18 11:25:51,Europe,3,10536.8
797,434,11,2022-02-10 13:21:19,Asia,1,1287.86
798,48,9,2024-07-17 09:33:40,South America,3,4018.33
799,144,10,2022-08-30 06:12:10,Africa,4,2553.12
800,933,6,2024-07-30 03:48:29,Africa,5,15490.4
801,215,12,2020-05-18 23:43:29,Europe,1,909.09
802,38,4,2022-07-20 03:56:23,Europe,2,2159.39
803,981,3,2024-09-11 05:22:11,Europe,5,12102.4
804,606,6,2021-02-03 05:03:59,Oceania,3,9294.24
805,638,7,2024-09-04 07:41:03,Asia,1,1878.98
806,267,7,2023-05-27 22:35:20,South America,2,3757.97
807,86,5,2021-03-21 01:02:34,Africa,4,14049.07
808,209,2,2021-08-21 11:20:29,Oceania,3,9471.66
809,382,10,2021-05-24 15:56:17,South America,5,3191.4
810,842,3,2023-09-09 05:34:56,South America,3,7261.44
811,27,10,2020-08-28 20:39:10,Asia,2,1276.56
812,128,9,2024-08-30 17:20:25,South America,1,1339.44
813,68,6,2023-02-01 05:46:52,Asia,1,3098.08
814,797,5,2021-12-02 10:17:37,Asia,2,7024.54
815,11,2,2021-11-21 10:20:23,South America,4,12628.88
816,975,2,2021-06-29 23:28:51,Africa,1,3157.22
817,746,5,2024-03-01 04:36:33,North America,5,17561.34
818,542,6,2022-05-26 03:11:59,Africa,5,15490.4
819,278,10,2020-05-29 00:24:06,Europe,1,638.28
820,326,13,2021-07-15 07:55:01,Asia,4,2671.96
821,826,12,2024-09-09 23:37:22,Africa,5,4545.45
822,904,14,2024-01-21 13:23:53,Africa,4,6918.85
823,131,5,2024-05-14 14:12:46,Oceania,1,3512.27
824,160,11,2021-03-19 06:15:24,South America,2,2575.71
825,582,12,2020-06-13 05:52:19,Oceania,3,2727.27
826,655,6,2023-07-23 10:30:50,Oceania,2,6196.16
827,469,3,2023-01-04 20:15:31,South America,4,9681.92
828,515,5,2023-08-22 00:28:35,Africa,3,10536.8
829,965,12,2022-08-06 04:25:27,Oceania,2,1818.18
830,879,2,2023-06-16 23:56:21,Asia,3,9471.66
831,866,2,2020-08-26 06:39:36,Oceania,1,3157.22
832,246,2,2024-11-22 10:43:20,North America,2,6314.44
833,87,12,2024-09-17 17:08:51,South America,3,2727.27
834,828,14,2023-08-10 06:30:36,Oceania,1,1729.71
835,521,12,2024-01-30 05:44:23,South America,2,1818.18
836,528,11,2021-01-22 09:40:42,South America,5,6439.28
837,15,10,2020-01-23 15:36:02,Oceania,2,1276.56
838,436,12,2022-12-08 01:35:06,Europe,5,4545.45
839,757,11,2020-05-11 14:17:27,Africa,5,6439.28
840,460,3,2021-11-30 06:19:46,Europe,5,12102.4
841,77,6,2024-05-14 23:05:29,Asia,2,6196.16
842,976,1,2024-03-19 11:44:38,South America,4,13509.68
843,175,6,2022-11-16 00:01:09,Oceania,1,3098.08
844,256,14,2021-01-01 04:40:52,Asia,5,8648.56
845,307,8,2022-04-02 13:14:59,Europe,3,9237.11
846,3,12,2023-05-07 22:32:40,Europe,5,4545.45
847,946,5,2020-04-20 01:47:13,South America,5,17561.34
848,914,10,2020-06-27 15:16:01,Asia,4,2553.12
849,7,10,2022-10-17 18:35:53,Asia,4,2553.12
850,363,2,2022-12-22 13:08:23,Oceania,1,3157.22
851,191,7,2020-01-28 12:55:41,North America,3,5636.95
852,442,8,2020-09-20 06:57:14,Africa,2,6158.07
853,527,3,2021-01-19 18:22:36,South America,4,9681.92
854,8,3,2021-12-03 10:52:57,South America,3,7261.44
855,405,6,2023-02-06 10:46:09,South America,3,9294.24
856,914,3,2022-04-17 06:00:37,North America,5,12102.4
857,450,11,2021-05-17 19:14:25,Europe,4,5151.42
858,363,12,2020-01-19 01:14:28,Asia,4,3636.36
859,905,14,2020-12-09 19:49:42,Europe,2,3459.42
860,292,1,2023-05-10 19:28:57,South America,2,6754.84
861,762,6,2021-05-13 01:45:58,Oceania,1,3098.08
862,204,8,2021-01-04 01:47:47,South America,3,9237.11
863,501,9,2021-01-30 22:10:01,Asia,4,5357.77
864,770,13,2024-04-08 05:17:16,Oceania,4,2671.96
865,946,12,2021-02-12 07:12:42,North America,4,3636.36
866,981,2,2021-01-26 20:27:20,Europe,1,3157.22
867,353,9,2022-01-04 19:05:10,North America,1,1339.44
868,695,14,2023-08-27 22:08:52,Africa,3,5189.14
869,756,1,2024-01-31 21:47:11,Asia,4,13509.68
870,289,8,2023-08-25 16:58:29,Europe,1,3079.04
871,633,3,2021-08-03 13:18:33,Europe,5,12102.4
872,288,13,2022-03-29 18:16:31,Oceania,1,667.99
873,254,11,2021-09-08 10:42:19,South America,4,5151.42
874,724,13,2024-04-09 16:44:00,Africa,1,667.99
875,186,4,2021-04-07 01:49:18,Europe,5,5398.47
876,124,3,2020-04-29 04:48:30,Asia,4,9681.92
877,197,3,2020-02-24 20:55:30,Africa,4,9681.92
878,205,2,2023-03-27 17:08:56,South America,1,3157.22
879,538,5,2021-11-20 00:45:36,Asia,2,7024.54
880,437,8,2024-05-03 02:11:32,South America,1,3079.04
881,660,1,2020-12-07 22:17:31,Asia,3,10132.26
882,373,5,2023-07-22 21:52:18,Europe,3,10536.8
883,328,1,2020-05-07 00:54:52,North America,2,6754.84
884,54,11,2021-10-20 14:11:31,Asia,3,3863.57
885,484,5,2020-11-09 01:20:12,South America,5,17561.34
886,190,5,2023-02-03 14:34:56,Asia,4,14049.07
887,312,2,2020-02-12 10:40:52,Oceania,1,3157.22
888,566,13,2022-10-26 00:56:13,Asia,2,1335.98
889,760,13,2025-01-03 16:23:32,Africa,3,2003.97
890,620,6,2022-05-07 08:05:44,Europe,2,6196.16
891,599,7,2020-11-26 11:11:16,Europe,1,1878.98
892,645,12,2021-01-08 22:16:14,North America,5,4545.45
893,601,11,2021-08-22 09:43:03,Oceania,2,2575.71
894,457,2,2024-08-25 03:53:09,Africa,1,3157.22
895,352,5,2021-09-19 14:08:45,Africa,4,14049.07
896,739,3,2021-02-01 03:50:27,Europe,1,2420.48
897,429,9,2024-10-06 22:25:46,Asia,3,4018.33
898,917,6,2020-12-30 20:08:09,South America,4,12392.32
899,70,8,2024-06-15 06:34:55,Africa,4,12316.14
900,810,1,2022-05-01 18:00:15,Oceania,2,6754.84
901,991,3,2020-05-21 04:38:28,Africa,3,7261.44
902,63,13,2023-05-19 23:17:16,South America,2,1335.98
903,702,9,2020-08-20 23:19:34,Europe,5,6697.22
904,449,13,2023-04-08 12:19:53,Africa,5,3339.95
905,799,7,2022-04-23 12:04:26,Europe,4,7515.94
906,189,1,2024-11-11 19:48:14,Europe,2,6754.84
907,607,12,2024-05-12 04:49:01,South America,1,909.09
908,516,12,2022-03-15 04:06:29,Asia,5,4545.45
909,873,4,2022-04-14 05:54:12,Africa,3,3239.08
910,122,3,2020-05-21 17:06:43,Africa,2,4840.96
911,244,5,2021-04-05 06:04:46,Asia,1,3512.27
912,950,3,2020-06-09 01:36:27,Oceania,3,7261.44
913,255,14,2024-07-18 22:17:13,North America,2,3459.42
914,2,11,2023-02-20 18:50:54,Asia,3,3863.57
915,86,12,2022-03-31 08:06:48,Oceania,5,4545.45
916,137,7,2022-07-05 04:59:25,Asia,5,9394.92
917,59,11,2023-01-09 10:44:42,Europe,1,1287.86
918,749,5,2022-03-06 07:47:23,North America,2,7024.54
919,551,11,2020-11-26 16:56:43,Oceania,5,6439.28
920,764,12,2022-03-10 13:02:46,Oceania,4,3636.36
921,650,10,2021-10-02 12:19:46,South America,5,3191.4
922,226,6,2021-09-25 13:16:30,Africa,3,9294.24
923,645,13,2021-04-28 13:28:10,South America,4,2671.96
924,238,12,2023-02-19 07:47:28,Europe,4,3636.36
925,924,8,2024-03-20 21:32:45,Europe,1,3079.04
926,471,3,2021-08-09 18:24:59,Africa,2,4840.96
927,503,12,2022-05-26 06:44:37,North America,2,1818.18
928,318,3,2023-05-09 17:29:01,Oceania,2,4840.96
929,623,4,2021-03-21 21:48:10,North America,1,1079.69
930,437,4,2023-06-04 12:53:44,North America,4,4318.78
931,742,9,2020-02-06 15:00:59,Africa,2,2678.89
932,103,7,2020-03-05 08:41:26,North America,4,7515.94
933,847,1,2021-02-14 15:59:03,Europe,1,3377.42
934,789,2,2021-03-19 03:40:53,Oceania,3,9471.66
935,615,1,2020-11-26 09:12:23,Africa,1,3377.42
936,754,14,2020-09-20 23:27:50,Europe,3,5189.14
937,143,8,2023-10-12 11:21:45,Europe,5,15395.18
938,315,6,2021-04-25 01:20:54,Europe,4,12392.32
939,58,9,2024-08-15 22:42:59,North America,3,4018.33
940,22,14,2020-11-15 10:27:54,Africa,1,1729.71
941,304,2,2023-07-14 05:52:11,Europe,5,15786.1
942,2,4,2021-12-05 06:07:25,South America,1,1079.69
943,395,3,2022-06-10 04:48:12,Europe,3,7261.44
944,944,11,2020-12-15 05:47:52,South America,4,5151.42
945,174,2,2020-11-12 02:00:17,Asia,2,6314.44
946,366,2,2022-11-02 20:19:26,North America,5,15786.1
947,370,2,2021-04-14 11:03:14,Europe,1,3157.22
948,439,9,2021-07-17 11:35:26,Oceania,3,4018.33
949,436,3,2022-06-10 16:41:06,Asia,3,7261.44
950,897,2,2024-03-31 02:50:10,Oceania,3,9471.66
951,378,5,2020-01-07 18:27:37,Europe,1,3512.27
952,797,11,2022-09-22 00:01:06,Europe,2,2575.71
953,400,8,2020-07-28 03:16:06,North America,4,12316.14
954,592,7,2021-03-25 11:12:53,North America,3,5636.95
955,331,3,2023-04-11 04:58:41,Asia,2,4840.96
956,327,8,2024-02-04 07:28:31,Oceania,4,12316.14
957,997,7,2022-11-02 00:57:48,Europe,5,9394.92
958,822,11,2023-04-05 12:21:37,South America,2,2575.71
959,563,8,2024-07-16 08:49:26,South America,5,15395.18
960,546,9,2023-04-09 23:53:12,North America,2,2678.89
961,595,12,2024-06-25 03:56:15,Africa,4,3636.36
962,796,12,2020-09-28 01:50:52,Europe,2,1818.18
963,371,1,2020-02-23 07:08:37,Asia,2,6754.84
964,572,8,2020-12-08 05:51:01,North America,2,6158.07
965,934,6,2021-03-08 22:38:06,Asia,3,9294.24
966,472,3,2023-08-01 05:46:28,Europe,5,12102.4
967,216,14,2020-06-22 13:38:44,Oceania,2,3459.42
968,142,2,2023-03-18 17:30:57,Oceania,2,6314.44
969,27,12,2023-02-28 18:47:06,North America,4,3636.36
970,719,2,2020-08-17 04:42:42,South America,5,15786.1
971,858,10,2020-04-03 18:48:40,Europe,2,1276.56
972,375,3,2022-01-31 07:56:23,North America,1,2420.48
973,13,10,2021-04-10 03:43:30,Europe,4,2553.12
974,482,12,2024-06-26 17:31:30,Oceania,2,1818.18
975,972,5,2023-07-02 13:20:24,Oceania,4,14049.07
976,346,8,2022-06-09 23:03:06,North America,1,3079.04
977,160,1,2021-06-23 07:04:40,Africa,1,3377.42
978,165,1,2023-08-09 03:27:13,Oceania,4,13509.68
979,971,8,2022-03-12 17:55:38,Africa,5,15395.18
980,514,5,2023-08-09 07:08:38,Europe,2,7024.54
981,279,2,2023-03-19 00:56:05,Europe,5,15786.1
982,761,4,2020-06-22 23:25:33,Europe,4,4318.78
983,402,3,2020-08-27 21:08:17,Oceania,5,12102.4
984,480,8,2023-06-12 14:26:09,South America,3,9237.11
985,169,1,2023-08-11 00:16:37,Europe,3,10132.26
986,277,2,2020-08-29 17:49:41,Asia,1,3157.22
987,618,13,2020-03-28 03:28:29,Europe,3,2003.97
988,289,3,2020-11-26 18:34:18,North America,5,12102.4
989,217,10,2022-08-18 09:39:59,Europe,1,638.28
990,565,4,2022-01-16 16:41:17,Asia,1,1079.69
991,88,10,2020-05-19 10:05:16,Africa,5,3191.4
992,810,8,2020-05-29 06:47:09,Asia,1,3079.04
993,96,5,2023-01-13 01:41:15,Asia,1,3512.27
994,982,7,2021-08-28 11:34:56,Asia,5,9394.92
995,770,7,2021-02-06 09:28:44,Oceania,3,5636.95
996,691,2,2023-06-19 09:29:13,Oceania,3,9471.66
997,516,2,2021-04-11 14:43:44,North America,5,15786.1
998,602,13,2024-01-21 20:11:44,Africa,4,2671.96
999,890,14,2022-06-20 08:52:09,Europe,1,1729.71
1000,156,11,2020-09-01 16:14:18,Oceania,4,5151.42
1001,96,12,2021-10-31 23:49:12,Oceania,2,1818.18
1002,670,3,2024-04-07 11:29:30,Africa,2,4840.96
1003,747,10,2022-11-26 17:46:08,South America,5,3191.4
1004,805,3,2022-06-22 14:43:14,Asia,3,7261.44
1005,639,14,2020-05-04 07:34:41,Oceania,4,6918.85
1006,793,11,2022-01-12 21:22:51,Europe,4,5151.42
1007,626,10,2021-04-18 11:52:21,Africa,1,638.28
1008,643,8,2020-02-16 10:08:16,Europe,1,3079.04
1009,785,14,2024-08-26 21:25:14,North America,3,5189.14
1010,511,2,2022-09-01 16:33:43,Europe,4,12628.88
1011,957,5,2020-07-30 18:30:55,Asia,2,7024.54
1012,591,6,2020-10-04 05:24:53,North America,3,9294.24
1013,184,12,2022-03-12 09:42:20,South America,4,3636.36
1014,263,13,2021-03-12 08:30:19,North America,4,2671.96
1015,996,10,2020-05-03 00:14:29,Asia,4,2553.12
1016,880,5,2023-06-24 19:43:41,Africa,4,14049.07
1017,940,11,2023-10-01 14:29:38,Asia,2,2575.71
1018,525,14,2022-09-01 11:05:48,Asia,5,8648.56
1019,86,11,2024-04-20 21:48:06,South America,4,5151.42
1020,270,11,2020-06-26 06:36:11,Oceania,1,1287.86
1021,810,4,2020-01-25 16:16:09,Europe,5,5398.47
1022,874,2,2023-03-13 15:17:46,Europe,3,9471.66
1023,584,7,2021-11-23 23:54:35,South America,1,1878.98
1024,896,8,2022-12-20 02:42:01,South America,1,3079.04
1025,480,11,2023-12-15 05:57:06,North America,5,6439.28
1026,88,3,2023-05-18 06:21:18,South America,1,2420.48
1027,205,7,2020-07-19 07:20:45,Asia,3,5636.95
1028,351,10,2021-10-22 15:13:42,Oceania,4,2553.12
1029,760,8,2022-05-14 21:08:56,South America,1,3079.04
1030,40,9,2023-12-31 03:19:13,Europe,2,2678.89
1031,656,4,2024-10-31 08:33:10,North America,3,3239.08
1032,616,13,2020-07-12 20:54:01,Asia,4,2671.96
1033,809,7,2021-10-25 01:48:38,North America,4,7515.94
1034,217,14,2023-08-06 23:13:37,Asia,1,1729.71
1035,259,11,2020-09-16 17:01:05,Europe,2,2575.71
1036,71,5,2020-09-10 20:40:23,Asia,4,14049.07
1037,895,12,2023-07-28 00:43:49,Africa,4,3636.36
1038,220,11,2021-07-25 21:52:19,North America,3,3863.57
1039,95,7,2022-07-11 10:50:24,Europe,3,5636.95
1040,204,6,2024-02-05 08:34:55,South America,4,12392.32
1041,549,12,2023-09-19 00:58:28,Asia,2,1818.18
1042,935,12,2023-04-24 00:13:47,North America,5,4545.45
1043,575,13,2021-09-08 21:42:18,North America,5,3339.95
1044,741,11,2021-03-25 07:26:35,Asia,5,6439.28
1045,681,14,2020-02-14 01:50:34,Europe,3,5189.14
1046,919,8,2024-03-31 17:22:04,Asia,2,6158.07
1047,117,13,2022-03-27 11:59:20,Africa,4,2671.96
1048,740,1,2021-01-25 14:09:14,Oceania,4,13509.68
1049,461,11,2020-10-29 18:06:17,North America,5,6439.28
1050,224,12,2023-07-29 10:36:05,Oceania,2,1818.18
1051,560,13,2023-03-19 00:39:30,Europe,2,1335.98
1052,357,4,2024-11-27 04:02:29,North America,2,2159.39
1053,380,14,2020-02-20 07:18:31,Asia,3,5189.14
1054,919,5,2021-01-22 13:41:15,Oceania,5,17561.34
1055,512,11,2023-07-10 10:05:00,South America,4,5151.42
1056,361,6,2023-08-16 01:37:02,Africa,5,15490.4
1057,998,13,2020-12-18 06:13:31,Europe,3,2003.97
1058,470,7,2021-07-03 14:15:33,Africa,3,5636.95
1059,610,3,2023-09-16 05:16:56,South America,5,12102.4
1060,292,14,2022-05-30 00:31:42,Oceania,4,6918.85
1061,636,14,2020-09-29 05:26:02,North America,1,1729.71
1062,92,11,2023-07-01 19:14:04,North America,1,1287.86
1063,509,12,2024-08-19 10:17:30,North America,5,4545.45
1064,649,8,2024-12-10 19:55:00,North America,5,15395.18
1065,684,5,2021-10-20 06:15:23,Europe,4,14049.07
1066,796,8,2023-03-29 23:22:18,North America,5,15395.18
1067,201,14,2021-01-21 14:57:39,Asia,4,6918.85
1068,991,13,2023-07-06 22:38:45,Oceania,4,2671.96
1069,721,13,2020-01-24 15:04:47,Asia,4,2671.96
1070,801,4,2022-05-31 03:04:42,Asia,5,5398.47
1071,901,11,2022-08-13 01:09:28,South America,3,3863.57
1072,690,4,2023-07-11 23:35:06,North America,1,1079.69
1073,16,1,2023-03-09 05:42:55,Africa,2,6754.84
1074,840,12,2022-09-13 08:21:03,Asia,5,4545.45
1075,175,10,2022-01-21 08:14:04,Africa,4,2553.12
1076,997,7,2023-05-06 23:53:46,North America,2,3757.97
1077,821,10,2021-02-04 09:16:40,Oceania,4,2553.12
1078,400,12,2023-06-06 10:43:56,Asia,2,1818.18
1079,530,3,2021-12-18 14:20:05,North America,4,9681.92
1080,728,13,2024-04-15 16:07:50,North America,2,1335.98
1081,647,10,2022-03-19 12:09:50,Africa,4,2553.12
1082,163,6,2020-10-16 17:33:15,North America,2,6196.16
1083,27,7,2025-01-17 06:46:27,Europe,1,1878.98
1084,29,10,2020-09-01 17:42:12,Africa,5,3191.4
1085,392,1,2023-11-10 14:47:26,Oceania,2,6754.84
1086,647,13,2021-08-02 14:33:43,Europe,3,2003.97
1087,669,4,2021-08-25 04:55:52,Africa,3,3239.08
1088,861,4,2022-03-20 06:46:33,Oceania,4,4318.78
1089,53,5,2021-03-22 16:13:58,Oceania,1,3512.27
1090,24,11,2020-11-17 07:29:48,North America,5,6439.28
1091,471,10,2020-11-28 16:12:51,Europe,1,638.28
1092,290,5,2020-10-15 05:57:54,North America,2,7024.54
1093,507,14,2021-10-08 03:33:01,South America,3,5189.14
1094,104,8,2023-07-09 11:04:23,North America,1,3079.04
1095,499,11,2021-10-15 08:48:14,Oceania,1,1287.86
1096,430,7,2023-11-01 19:56:23,Europe,3,5636.95
1097,185,5,2021-07-09 03:07:40,Oceania,1,3512.27
1098,581,11,2020-04-07 17:07:03,North America,5,6439.28
1099,1000,6,2024-02-12 11:01:07,Africa,3,9294.24
1100,615,9,2021-05-07 02:17:06,Africa,1,1339.44
1101,760,5,2021-08-22 03:35:04,Africa,1,3512.27
1102,31,9,2024-05-28 08:30:03,Africa,1,1339.44
1103,780,3,2023-02-07 16:13:07,North America,2,4840.96
1104,921,4,2022-10-14 15:07:57,Europe,1,1079.69
1105,226,2,2022-04-11 08:59:46,Asia,2,6314.44
1106,494,4,2022-12-18 22:01:25,Oceania,1,1079.69
1107,565,11,2023-12-22 01:18:21,Oceania,3,3863.57
1108,829,8,2024-05-11 18:26:33,South America,4,12316.14
1109,945,4,2021-06-21 08:47:47,Europe,3,3239.08
1110,704,14,2023-05-05 11:13:26,North America,3,5189.14
1111,598,13,2022-08-26 01:28:16,Europe,5,3339.95
1112,814,4,2023-09-08 17:59:24,South America,4,4318.78
1113,434,10,2022-09-17 07:37:29,Africa,3,1914.84
1114,111,10,2023-08-26 19:53:44,Europe,4,2553.12
1115,581,6,2020-07-18 16:02:20,South America,3,9294.24
1116,172,1,2022-02-25 05:47:38,Africa,5,16887.1
1117,420,5,2024-07-06 04:48:42,Asia,5,17561.34
1118,408,1,2021-07-12 22:37:55,Asia,1,3377.42
1119,440,13,2023-01-16 11:21:52,Europe,2,1335.98
1120,75,4,2023-03-01 15:40:02,Europe,3,3239.08
1121,799,6,2020-01-30 22:17:19,Asia,1,3098.08
1122,705,1,2021-10-26 04:01:39,South America,3,10132.26
1123,582,13,2021-12-23 19:32:51,Africa,3,2003.97
1124,68,7,2021-10-21 04:55:37,Africa,3,5636.95
1125,223,2,2022-05-13 20:47:47,Oceania,5,15786.1
1126,623,13,2024-11-18 04:41:38,Oceania,1,667.99
1127,432,11,2022-09-14 07:38:22,Asia,4,5151.42
1128,203,4,2024-03-14 14:24:28,South America,1,1079.69
1129,48,5,2021-01-05 12:35:51,North America,4,14049.07
1130,464,3,2022-10-12 13:32:54,Africa,5,12102.4
1131,393,4,2020-03-07 01:54:32,Asia,5,5398.47
1132,19,11,2020-01-15 10:30:22,South America,5,6439.28
1133,292,3,2020-04-24 23:31:51,Africa,4,9681.92
1134,941,9,2022-11-14 05:36:42,Oceania,1,1339.44
1135,17,2,2020-10-22 12:38:50,South America,4,12628.88
1136,741,5,2022-09-12 11:22:31,Asia,3,10536.8
1137,410,2,2022-08-30 23:59:43,South America,5,15786.1
1138,628,1,2022-07-16 05:35:00,Oceania,4,13509.68
1139,466,8,2023-03-07 16:27:29,Africa,1,3079.04
1140,106,1,2020-05-28 14:46:45,North America,2,6754.84
1141,143,2,2023-09-15 14:50:20,Europe,3,9471.66
1142,175,2,2023-02-20 01:39:05,Africa,2,6314.44
1143,6,12,2022-03-17 19:43:03,North America,1,909.09
1144,114,1,2020-08-21 03:33:00,Asia,3,10132.26
1145,338,12,2023-03-25 05:46:52,Asia,5,4545.45
1146,716,3,2024-12-17 17:25:27,South America,2,4840.96
1147,123,3,2021-04-04 19:47:24,Africa,3,7261.44
1148,910,14,2023-10-20 02:18:42,Oceania,4,6918.85
1149,126,9,2022-01-17 06:43:40,Africa,5,6697.22
1150,490,11,2022-05-21 14:41:53,Asia,4,5151.42
1151,792,12,2021-12-02 15:08:38,North America,4,3636.36
1152,271,13,2020-09-14 05:35:19,Asia,3,2003.97
1153,572,14,2021-10-01 16:21:47,Oceania,2,3459.42
1154,80,2,2020-07-06 05:49:41,Europe,4,12628.88
1155,14,11,2023-12-25 11:49:22,South America,2,2575.71
1156,193,8,2022-11-23 17:48:08,Europe,1,3079.04
1157,834,10,2024-05-15 17:11:53,Asia,5,3191.4
1158,779,5,2021-04-23 10:59:31,Africa,4,14049.07
1159,109,3,2023-02-03 19:14:45,South America,2,4840.96
1160,999,8,2024-05-14 06:39:14,Europe,5,15395.18
1161,799,7,2020-08-01 06:07:04,Asia,2,3757.97
1162,434,3,2024-11-28 10:18:15,Oceania,3,7261.44
1163,105,3,2020-11-28 23:25:36,Oceania,4,9681.92
1164,113,4,2023-12-02 19:13:47,Europe,1,1079.69
1165,274,1,2024-07-07 09:41:06,South America,4,13509.68
1166,361,5,2024-09-05 17:39:36,North America,1,3512.27
1167,363,7,2021-04-12 23:02:40,South America,2,3757.97
1168,515,7,2022-11-02 21:25:16,North America,5,9394.92
1169,452,5,2020-10-30 21:26:37,North America,3,10536.8
1170,665,7,2021-08-25 12:35:25,Asia,4,7515.94
1171,194,7,2025-01-19 15:30:59,Asia,2,3757.97
1172,543,10,2024-05-30 06:59:42,South America,4,2553.12
1173,112,11,2022-02-12 10:37:41,North America,1,1287.86
1174,225,2,2020-04-20 21:05:12,Africa,1,3157.22
1175,273,4,2024-07-11 06:37:02,North America,1,1079.69
1176,283,4,2023-06-10 22:08:06,South America,5,5398.47
1177,403,2,2022-04-13 11:26:00,South America,2,6314.44
1178,211,3,2022-12-16 01:24:13,Oceania,2,4840.96
1179,295,12,2022-06-13 17:14:35,Oceania,5,4545.45
1180,4,2,2024-04-12 12:18:19,Oceania,2,6314.44
1181,638,8,2022-01-11 08:45:31,Europe,3,9237.11
1182,323,11,2021-06-01 17:59:09,Europe,1,1287.86
1183,341,8,2020-02-09 13:34:39,Oceania,2,6158.07
1184,486,7,2020-03-05 16:57:44,Europe,3,5636.95
1185,998,5,2021-06-14 10:11:12,Oceania,1,3512.27
1186,779,14,2025-01-19 12:14:04,Asia,1,1729.71
1187,993,8,2020-01-04 03:02:53,South America,5,15395.18
1188,895,4,2020-12-05 20:24:41,North America,4,4318.78
1189,839,1,2022-06-22 01:04:24,Europe,5,16887.1
1190,538,9,2021-03-31 10:01:02,North America,2,2678.89
1191,103,5,2023-11-07 05:31:17,South America,3,10536.8
1192,753,6,2022-03-10 12:37:28,Oceania,5,15490.4
1193,499,5,2023-11-26 06:56:10,North America,3,10536.8
1194,848,6,2022-11-02 21:22:24,Africa,3,9294.24
1195,794,11,2024-02-13 20:06:53,North America,5,6439.28
1196,277,11,2020-03-05 09:32:17,Europe,5,6439.28
1197,421,14,2021-03-16 00:55:53,Asia,2,3459.42
1198,510,1,2024-11-29 11:47:58,Oceania,2,6754.84
1199,713,7,2021-10-02 23:24:13,Oceania,3,5636.95
1200,92,4,2020-12-01 07:58:03,Asia,4,4318.78
1201,899,11,2023-10-27 19:57:00,Africa,5,6439.28
1202,180,5,2022-10-25 23:44:20,South America,3,10536.8
1203,604,7,2022-08-19 00:49:01,Europe,3,5636.95
1204,43,10,2022-12-02 12:23:51,Africa,5,3191.4
1205,126,7,2024-10-26 13:24:47,Asia,4,7515.94
1206,296,2,2024-03-30 02:41:40,Oceania,1,3157.22
1207,151,8,2024-06-13 11:35:17,Asia,2,6158.07
1208,639,9,2022-08-01 09:27:24,South America,2,2678.89
1209,296,2,2020-02-18 10:39:12,South America,3,9471.66
1210,42,4,2025-01-16 14:37:31,North America,3,3239.08
1211,55,8,2020-01-16 19:33:22,South America,3,9237.11
1212,361,11,2020-06-04 00:57:58,Asia,1,1287.86
1213,142,6,2024-04-08 15:19:42,Oceania,3,9294.24
1214,982,13,2021-04-26 16:23:50,North America,5,3339.95
1215,731,5,2021-09-03 05:03:32,South America,2,7024.54
1216,600,2,2021-11-10 23:13:05,North America,3,9471.66
1217,485,6,2023-04-15 00:12:15,South America,2,6196.16
1218,409,2,2022-07-27 08:26:29,Africa,3,9471.66
1219,319,3,2023-09-16 00:48:59,Oceania,5,12102.4
1220,897,6,2021-03-08 09:44:29,Oceania,5,15490.4
1221,787,4,2021-02-25 13:50:08,South America,3,3239.08
1222,568,4,2022-08-05 14:09:27,North America,3,3239.08
1223,305,10,2024-08-22 20:05:07,Europe,4,2553.12
1224,385,13,2020-10-25 09:25:58,Europe,4,2671.96
1225,540,8,2024-04-14 07:10:54,Oceania,3,9237.11
1226,730,6,2023-01-05 10:36:27,South America,4,12392.32
1227,478,7,2023-12-04 03:49:36,North America,4,7515.94
1228,935,9,2023-07-31 17:58:02,North America,1,1339.44
1229,774,3,2022-07-28 11:49:53,Europe,5,12102.4
1230,595,9,2021-01-30 10:18:05,Africa,3,4018.33
1231,557,10,2020-06-15 07:56:07,South America,3,1914.84
1232,129,7,2023-12-08 21:27:07,Africa,1,1878.98
1233,472,14,2020-09-20 00:38:23,North America,1,1729.71
1234,277,14,2022-11-02 02:19:43,Africa,1,1729.71
1235,100,14,2024-10-22 18:30:56,South America,3,5189.14
1236,708,6,2021-01-12 07:25:21,Oceania,1,3098.08
1237,599,11,2020-06-13 17:28:39,Oceania,5,6439.28
1238,210,9,2024-10-12 05:25:47,Oceania,2,2678.89
1239,991,8,2021-11-25 12:37:02,Oceania,2,6158.07
1240,656,14,2022-07-23 20:08:56,Oceania,2,3459.42
1241,319,12,2024-02-15 16:52:34,Africa,1,909.09
1242,705,4,2020-07-27 14:28:31,North America,1,1079.69
1243,157,10,2024-06-03 00:46:46,North America,1,638.28
1244,254,4,2024-01-11 20:47:38,North America,1,1079.69
1245,853,9,2023-04-28 21:44:22,North America,4,5357.77
1246,949,2,2023-06-10 21:58:53,South America,3,9471.66
1247,189,14,2024-08-25 14:20:30,Asia,2,3459.42
1248,842,10,2021-01-17 18:11:56,South America,4,2553.12
1249,150,11,2021-07-28 04:16:20,Europe,1,1287.86
1250,839,12,2021-06-14 13:56:36,Africa,2,1818.18
1251,760,12,2021-09-14 11:15:22,South America,5,4545.45
1252,492,5,2020-11-06 18:00:29,Africa,3,10536.8
1253,505,6,2023-04-30 09:10:56,South America,3,9294.24
1254,715,13,2023-12-12 11:38:27,South America,1,667.99
1255,834,7,2020-03-27 21:38:36,Asia,2,3757.97
1256,469,2,2023-04-24 21:57:38,North America,5,15786.1
1257,595,5,2023-10-12 22:47:07,North America,1,3512.27
1258,930,6,2023-12-24 17:40:57,Oceania,2,6196.16
1259,470,5,2021-05-06 20:47:12,Asia,1,3512.27
1260,513,14,2021-10-16 20:54:22,Asia,5,8648.56
1261,925,12,2023-04-28 15:03:39,Africa,5,4545.45
1262,65,3,2022-12-29 05:06:19,Oceania,2,4840.96
1263,737,10,2023-11-28 13:26:31,Oceania,3,1914.84
1264,880,13,2022-05-14 18:32:42,Oceania,2,1335.98
1265,311,7,2024-02-11 22:36:59,South America,1,1878.98
1266,986,8,2021-07-14 09:42:00,Africa,5,15395.18
1267,726,9,2022-03-16 09:17:34,Europe,5,6697.22
1268,715,6,2024-12-09 05:58:24,Asia,5,15490.4
1269,599,10,2020-07-28 22:22:56,North America,4,2553.12
1270,31,14,2021-12-20 21:07:32,North America,2,3459.42
1271,682,2,2024-01-20 03:55:42,Asia,4,12628.88
1272,779,4,2020-11-23 13:33:55,Europe,2,2159.39
1273,746,7,2020-07-18 23:46:04,North America,4,7515.94
1274,627,5,2020-04-26 06:06:31,Oceania,1,3512.27
1275,75,8,2020-04-01 12:39:21,Europe,3,9237.11
1276,329,2,2023-03-19 06:03:18,Europe,4,12628.88
1277,653,10,2021-09-12 13:16:43,Europe,5,3191.4
1278,259,8,2022-06-07 20:22:01,Europe,4,12316.14
1279,207,12,2023-09-10 14:05:01,Africa,2,1818.18
1280,829,13,2020-09-24 05:59:21,Africa,2,1335.98
1281,25,11,2021-09-24 09:00:48,North America,1,1287.86
1282,830,3,2023-01-22 02:48:41,South America,1,2420.48
1283,582,9,2022-11-24 13:16:37,Europe,1,1339.44
1284,699,12,2024-03-21 13:31:29,Europe,5,4545.45
1285,853,4,2024-01-11 20:04:58,Africa,5,5398.47
1286,361,6,2024-10-01 19:29:26,Europe,5,15490.4
1287,821,2,2023-08-21 05:35:10,Oceania,4,12628.88
1288,386,14,2024-11-03 07:04:50,North America,1,1729.71
1289,131,13,2022-07-15 13:24:56,North America,5,3339.95
1290,121,8,2020-06-08 22:33:11,Africa,2,6158.07
1291,554,6,2021-11-27 00:13:58,Asia,1,3098.08
1292,945,14,2023-04-28 00:18:10,Oceania,3,5189.14
1293,367,2,2022-06-13 23:58:53,North America,2,6314.44
1294,548,10,2024-05-27 14:57:54,Africa,2,1276.56
1295,513,5,2020-06-24 23:59:44,Africa,4,14049.07
1296,715,2,2024-01-03 06:43:03,Asia,5,15786.1
1297,669,1,2022-11-16 06:28:48,South America,1,3377.42
1298,268,4,2020-07-03 12:35:10,Europe,3,3239.08
1299,210,9,2020-07-12 15:33:01,Europe,3,4018.33
1300,506,2,2020-04-19 20:47:14,Asia,5,15786.1
1301,73,7,2020-09-07 09:29:08,Africa,5,9394.92
1302,491,3,2020-05-09 16:25:58,North America,3,7261.44
1303,37,8,2021-11-30 19:29:14,Oceania,5,15395.18
1304,359,7,2022-07-31 16:30:43,Europe,4,7515.94
1305,22,1,2021-09-01 11:48:53,Africa,1,3377.42
1306,623,14,2020-02-26 05:15:02,Africa,4,6918.85
1307,494,1,2023-03-18 00:08:38,Oceania,4,13509.68
1308,129,7,2024-09-03 09:02:22,Europe,4,7515.94
1309,119,8,2023-02-16 10:20:45,Asia,1,3079.04
1310,199,6,2020-06-28 23:00:54,Europe,4,12392.32
1311,238,2,2020-02-01 05:21:23,Europe,5,15786.1
1312,423,12,2024-10-30 20:46:29,North America,5,4545.45
1313,822,1,2020-06-25 17:33:10,North America,2,6754.84
1314,59,3,2021-07-15 02:01:33,Asia,4,9681.92
1315,45,6,2022-01-28 20:10:41,Asia,3,9294.24
1316,133,10,2024-01-27 06:33:39,Oceania,4,2553.12
1317,126,11,2020-08-25 07:08:48,Asia,1,1287.86
1318,961,9,2024-03-17 16:35:59,Oceania,2,2678.89
1319,753,14,2021-11-15 09:48:39,South America,3,5189.14
1320,731,5,2024-09-09 03:47:59,Asia,3,10536.8
1321,890,11,2024-06-24 20:20:59,Asia,2,2575.71
1322,327,12,2024-04-13 03:36:36,North America,5,4545.45
1323,56,6,2024-02-19 14:16:25,Asia,4,12392.32
1324,81,4,2024-06-06 16:11:56,Europe,2,2159.39
1325,313,12,2021-10-16 20:07:23,North America,5,4545.45
1326,382,12,2020-04-21 10:29:14,Europe,2,1818.18
1327,716,8,2020-12-20 22:15:01,North America,4,12316.14
1328,511,14,2022-04-19 18:55:21,Asia,1,1729.71
1329,603,7,2020-09-19 12:16:37,North America,3,5636.95
1330,286,14,2023-04-07 20:21:44,South America,5,8648.56
1331,20,14,2023-04-10 02:34:14,South America,4,6918.85
1332,46,4,2023-03-24 12:40:10,Europe,2,2159.39
1333,676,7,2020-06-11 08:45:42,Oceania,5,9394.92
1334,313,1,2022-12-16 14:11:09,North America,5,16887.1
1335,932,10,2022-03-26 15:51:34,Africa,3,1914.84
1336,222,13,2022-11-25 06:39:20,Oceania,1,667.99
1337,850,10,2023-08-21 08:22:41,Oceania,4,2553.12
1338,951,12,2020-12-05 07:18:11,Africa,1,909.09
1339,398,12,2024-07-19 10:41:55,South America,3,2727.27
1340,435,10,2024-05-31 04:56:50,Asia,5,3191.4
1341,167,7,2022-01-10 03:29:09,Europe,4,7515.94
1342,930,1,2022-05-02 12:12:43,North America,3,10132.26
1343,256,13,2022-07-08 02:18:17,Asia,5,3339.95
1344,585,7,2022-05-02 03:02:41,Asia,1,1878.98
1345,276,11,2020-02-08 08:04:16,North America,3,3863.57
1346,315,10,2022-04-01 19:51:27,Europe,3,1914.84
1347,455,8,2023-09-28 18:00:48,North America,1,3079.04
1348,478,1,2024-01-31 22:53:49,Oceania,3,10132.26
1349,865,9,2023-06-23 12:14:10,North America,2,2678.89
1350,594,2,2024-09-09 06:56:00,Asia,3,9471.66
1351,977,2,2021-07-12 15:09:05,Asia,4,12628.88
1352,785,13,2022-03-17 08:45:53,South America,3,2003.97
1353,131,4,2021-04-01 09:47:26,Africa,2,2159.39
1354,672,1,2020-12-21 13:45:15,Oceania,2,6754.84
1355,40,3,2023-09-29 23:48:35,Africa,5,12102.4
1356,325,1,2021-12-09 05:21:53,North America,5,16887.1
1357,975,12,2022-03-10 20:29:47,North America,3,2727.27
1358,695,14,2024-08-06 02:13:41,Oceania,3,5189.14
1359,46,10,2022-12-22 13:43:58,North America,2,1276.56
1360,80,9,2020-12-17 15:30:13,Africa,4,5357.77
1361,80,4,2022-10-09 04:35:31,Africa,2,2159.39
1362,381,14,2020-08-09 19:27:38,Oceania,4,6918.85
1363,437,5,2020-03-17 17:21:46,Asia,2,7024.54
1364,622,13,2022-11-06 18:21:01,South America,3,2003.97
1365,919,11,2024-01-02 08:49:10,Asia,3,3863.57
1366,637,1,2023-02-18 06:34:52,North America,2,6754.84
1367,298,3,2020-03-20 08:02:57,North America,5,12102.4
1368,624,4,2024-05-05 23:43:14,Oceania,3,3239.08
1369,800,12,2024-12-11 14:46:33,Oceania,5,4545.45
1370,353,4,2024-12-15 08:14:08,North America,4,4318.78
1371,673,12,2023-03-30 00:06:16,Oceania,2,1818.18
1372,81,2,2024-10-22 15:27:26,Africa,2,6314.44
1373,589,11,2023-07-22 22:18:47,Africa,5,6439.28
1374,751,2,2020-06-08 19:00:39,Africa,5,15786.1
1375,484,11,2024-06-04 15:03:51,South America,5,6439.28
1376,325,5,2024-11-22 05:16:55,Asia,2,7024.54
1377,933,4,2022-01-25 04:51:43,Asia,3,3239.08
1378,237,8,2020-12-24 14:06:33,Oceania,3,9237.11
1379,247,8,2023-01-29 07:48:55,North America,4,12316.14
1380,361,9,2020-08-25 12:03:36,Asia,5,6697.22
1381,670,8,2021-12-16 16:07:43,South America,5,15395.18
1382,806,7,2024-11-03 21:14:06,Europe,2,3757.97
1383,948,9,2023-06-20 10:09:32,Oceania,2,2678.89
1384,599,11,2022-03-19 15:48:18,Asia,2,2575.71
1385,350,6,2020-09-10 05:31:29,South America,1,3098.08
1386,432,9,2024-11-24 14:32:57,South America,2,2678.89
1387,648,13,2021-07-12 23:29:14,South America,2,1335.98
1388,16,3,2023-07-24 14:59:14,Asia,1,2420.48
1389,784,9,2020-11-09 18:45:39,Europe,4,5357.77
1390,891,1,2020-03-15 08:27:32,Oceania,4,13509.68
1391,171,2,2024-05-18 17:30:34,Africa,2,6314.44
1392,941,7,2023-01-05 23:34:35,Europe,4,7515.94
1393,412,12,2022-01-20 02:41:29,Oceania,5,4545.45
1394,301,2,2022-11-11 21:44:01,Africa,3,9471.66
1395,624,10,2020-05-20 13:10:02,North America,1,638.28
1396,757,6,2023-06-24 07:54:33,Oceania,4,12392.32
1397,461,12,2022-06-17 19:06:38,South America,4,3636.36
1398,717,3,2025-01-05 16:38:25,Africa,2,4840.96
1399,86,3,2025-01-18 02:32:26,Africa,1,2420.48
1400,379,11,2023-03-24 16:13:09,Asia,4,5151.42
1401,450,3,2025-01-01 02:29:19,Asia,5,12102.4
1402,968,13,2021-12-22 14:49:30,Asia,1,667.99
1403,506,6,2024-10-18 16:40:53,Africa,1,3098.08
1404,919,9,2024-04-28 00:13:04,South America,5,6697.22
1405,293,6,2022-09-16 18:55:11,Europe,4,12392.32
1406,977,3,2021-10-16 13:29:26,South America,1,2420.48
1407,532,5,2022-09-03 16:55:54,North America,5,17561.34
1408,356,5,2021-01-03 07:48:33,Asia,2,7024.54
1409,281,8,2021-11-25 19:18:43,Europe,4,12316.14
1410,296,5,2020-11-25 16:50:22,Europe,5,17561.34
1411,683,5,2020-10-25 04:29:25,Europe,2,7024.54
1412,566,14,2021-06-08 14:32:57,North America,5,8648.56
1413,613,1,2024-07-29 05:55:04,Europe,5,16887.1
1414,7,8,2023-02-22 02:56:28,Europe,1,3079.04
1415,289,10,2023-10-14 00:31:55,Africa,4,2553.12
1416,130,14,2022-07-05 08:26:16,North America,4,6918.85
1417,734,12,2023-10-12 17:14:35,South America,1,909.09
1418,506,5,2021-03-01 01:53:30,Asia,1,3512.27
1419,750,11,2023-01-03 23:21:41,North America,1,1287.86
1420,763,13,2020-08-18 23:57:44,Asia,2,1335.98
1421,161,9,2022-05-07 20:06:24,South America,3,4018.33
1422,646,12,2020-08-18 04:26:21,Oceania,5,4545.45
1423,705,6,2023-09-08 10:58:40,North America,1,3098.08
1424,955,12,2022-09-13 12:32:39,Europe,5,4545.45
1425,862,9,2020-01-25 18:19:48,Europe,1,1339.44
1426,141,10,2021-11-15 04:00:51,Oceania,4,2553.12
1427,201,5,2021-04-15 11:40:15,South America,4,14049.07
1428,834,3,2022-05-28 00:09:32,Europe,4,9681.92
1429,204,11,2024-05-23 02:34:57,Oceania,1,1287.86
1430,768,4,2023-09-11 09:09:21,North America,1,1079.69
1431,503,9,2021-10-09 22:23:21,Oceania,5,6697.22
1432,183,1,2022-03-28 08:12:19,Africa,4,13509.68
1433,390,11,2021-12-30 05:40:39,Oceania,5,6439.28
1434,358,8,2021-07-13 10:34:10,Asia,5,15395.18
1435,861,4,2024-02-16 00:41:28,South America,3,3239.08
1436,816,11,2023-01-14 13:23:03,Africa,4,5151.42
1437,493,5,2021-11-11 04:38:36,North America,1,3512.27
1438,987,13,2023-07-27 15:11:52,South America,3,2003.97
1439,334,4,2020-12-25 20:06:14,Europe,4,4318.78
1440,476,6,2022-12-15 21:20:12,Oceania,1,3098.08
1441,408,12,2024-02-11 22:10:27,South America,2,1818.18
1442,616,7,2020-03-30 23:36:14,Asia,2,3757.97
1443,275,9,2023-06-24 17:41:04,North America,2,2678.89
1444,576,13,2022-03-23 18:42:04,Oceania,3,2003.97
1445,326,7,2023-10-05 02:17:45,South America,4,7515.94
1446,409,5,2022-04-13 15:10:59,South America,1,3512.27
1447,746,4,2020-05-21 18:18:36,Asia,3,3239.08
1448,459,7,2024-11-13 17:07:06,Europe,2,3757.97
1449,549,4,2022-10-21 07:02:02,Europe,1,1079.69
1450,620,9,2020-03-06 14:38:57,South America,1,1339.44
1451,93,13,2022-12-31 19:15:54,Africa,3,2003.97
1452,65,11,2024-05-30 09:16:20,Europe,1,1287.86
1453,371,9,2021-05-02 18:14:23,Africa,2,2678.89
1454,406,14,2022-06-20 13:56:49,Europe,2,3459.42
1455,933,6,2023-07-08 08:59:11,Europe,3,9294.24
1456,567,12,2020-02-12 09:08:18,North America,2,1818.18
1457,866,1,2020-11-14 12:29:59,Africa,5,16887.1
1458,408,13,2020-05-11 09:00:38,Europe,4,2671.96
1459,290,5,2021-12-15 14:26:01,Oceania,1,3512.27
1460,791,12,2020-04-14 22:40:16,Asia,2,1818.18
1461,768,2,2023-05-30 02:09:20,Europe,4,12628.88
1462,838,12,2020-09-20 19:50:35,North America,3,2727.27
1463,76,9,2020-03-03 14:48:16,North America,4,5357.77
1464,761,14,2021-04-16 18:34:29,North America,5,8648.56
1465,754,10,2021-08-26 14:52:14,Africa,4,2553.12
1466,880,5,2023-08-13 21:41:01,Africa,3,10536.8
1467,762,1,2022-05-01 10:37:47,South America,3,10132.26
1468,208,2,2024-11-25 04:40:27,South America,3,9471.66
1469,386,5,2020-10-16 03:14:06,Europe,4,14049.07
1470,991,7,2022-05-15 10:46:56,South America,5,9394.92
1471,292,12,2024-04-22 22:20:58,Europe,5,4545.45
1472,392,1,2023-05-08 00:18:42,Asia,4,13509.68
1473,782,9,2023-11-06 03:43:19,Europe,1,1339.44
1474,592,1,2021-12-22 03:47:23,South America,4,13509.68
1475,379,8,2020-12-04 11:47:06,Oceania,5,15395.18
1476,319,6,2020-09-16 20:14:37,North America,2,6196.16
1477,575,3,2024-03-01 18:59:23,Africa,2,4840.96
1478,256,2,2023-06-06 16:24:12,Africa,2,6314.44
1479,859,8,2024-10-26 11:40:53,Europe,5,15395.18
1480,61,13,2022-02-22 00:15:37,South America,4,2671.96
1481,319,12,2021-04-12 22:26:35,North America,3,2727.27
1482,330,12,2023-06-17 01:23:35,North America,5,4545.45
1483,275,12,2024-10-13 08:17:29,South America,2,1818.18
1484,559,8,2022-01-02 09:59:56,Asia,3,9237.11
1485,473,12,2024-05-17 06:45:50,Africa,4,3636.36
1486,880,12,2020-11-22 08:38:20,South America,1,909.09
1487,717,2,2021-01-30 10:52:10,North America,4,12628.88
1488,166,9,2021-05-31 08:32:40,Europe,1,1339.44
1489,449,14,2020-05-01 08:40:10,South America,1,1729.71
1490,508,3,2024-02-22 15:46:17,Europe,5,12102.4
1491,767,14,2023-07-23 03:19:33,South America,5,8648.56
1492,10,5,2023-09-14 23:41:50,Asia,1,3512.27
1493,738,11,2024-06-11 06:56:24,Asia,3,3863.57
1494,630,6,2021-05-30 13:48:23,Europe,5,15490.4
1495,298,9,2023-02-27 10:39:11,Africa,2,2678.89
1496,620,5,2023-12-09 02:50:49,Europe,4,14049.07
1497,959,6,2021-05-25 06:29:19,Africa,2,6196.16
1498,733,14,2020-01-31 12:19:15,Asia,4,6918.85
1499,427,3,2024-01-01 18:32:00,North America,2,4840.96
1500,6,5,2021-09-11 02:28:19,Oceania,2,7024.54
1501,97,9,2022-10-25 11:46:06,North America,4,5357.77
1502,63,10,2025-01-20 21:44:15,Europe,4,2553.12
1503,69,6,2021-12-03 05:58:54,Asia,5,15490.4
1504,644,1,2022-05-03 02:12:52,Asia,2,6754.84
1505,841,14,2024-12-20 21:07:16,Oceania,4,6918.85
1506,314,6,2023-06-06 21:52:04,Asia,5,15490.4
1507,575,9,2020-08-28 17:02:18,Africa,2,2678.89
1508,157,2,2022-05-19 21:14:05,Europe,2,6314.44
1509,270,10,2021-01-28 15:44:29,Africa,1,638.28
1510,602,11,2022-10-22 18:31:41,Africa,4,5151.42
1511,791,14,2022-05-11 08:19:34,Oceania,5,8648.56
1512,893,10,2021-10-12 07:02:23,Europe,4,2553.12
1513,3,13,2021-11-03 11:11:38,North America,2,1335.98
1514,952,13,2021-03-31 03:12:34,Europe,5,3339.95
1515,169,8,2022-10-01 13:49:10,North America,1,3079.04
1516,918,1,2024-05-08 19:30:34,South America,2,6754.84
1517,436,11,2022-10-13 05:33:02,Asia,4,5151.42
1518,513,13,2022-01-18 01:19:40,Africa,1,667.99
1519,403,7,2024-01-14 03:38:39,Asia,4,7515.94
1520,320,14,2022-09-11 19:08:22,Africa,5,8648.56
1521,81,10,2021-05-31 02:31:46,Oceania,2,1276.56
1522,854,5,2023-09-20 11:13:09,Africa,2,7024.54
1523,453,8,2021-01-08 13:43:45,Africa,3,9237.11
1524,922,7,2021-07-07 01:34:02,North America,3,5636.95
1525,887,6,2022-12-10 23:00:01,Oceania,4,12392.32
1526,435,4,2024-10-05 05:16:02,Europe,5,5398.47
1527,392,6,2020-02-03 03:47:37,Europe,2,6196.16
1528,453,6,2021-08-28 11:56:53,North America,5,15490.4
1529,601,5,2020-10-19 09:14:12,Asia,3,10536.8
1530,938,5,2020-02-10 08:56:25,Africa,5,17561.34
1531,280,1,2024-01-27 09:03:33,South America,3,10132.26
1532,45,12,2022-05-01 19:52:57,Oceania,3,2727.27
1533,59,10,2024-01-02 18:05:04,Africa,1,638.28
1534,648,8,2021-06-23 21:18:08,South America,4,12316.14
1535,768,14,2020-11-18 18:23:51,North America,5,8648.56
1536,379,1,2021-04-20 22:48:17,Oceania,5,16887.1
1537,754,3,2020-09-14 07:51:04,South America,2,4840.96
1538,855,14,2020-06-23 03:14:28,South America,1,1729.71
1539,653,12,2022-09-03 07:10:33,North America,1,909.09
1540,879,9,2021-08-26 07:17:15,Oceania,3,4018.33
1541,629,12,2022-10-30 13:17:57,Oceania,1,909.09
1542,869,6,2024-12-28 06:31:13,Oceania,2,6196.16
1543,967,6,2020-02-14 00:40:54,Oceania,5,15490.4
1544,413,7,2020-07-20 19:23:18,Europe,1,1878.98
1545,845,13,2021-04-03 07:26:12,Oceania,5,3339.95
1546,274,2,2023-10-09 14:12:58,North America,2,6314.44
1547,283,10,2024-04-19 10:15:50,South America,2,1276.56
1548,178,11,2022-08-24 18:06:30,Asia,1,1287.86
1549,575,6,2022-11-26 20:32:34,South America,1,3098.08
1550,582,14,2024-10-25 02:07:58,South America,1,1729.71
1551,91,2,2021-07-21 00:15:30,Oceania,1,3157.22
1552,89,3,2025-01-10 15:13:44,Oceania,3,7261.44
1553,989,1,2020-02-02 10:21:58,Europe,2,6754.84
1554,654,6,2020-09-09 12:17:52,Oceania,4,12392.32
1555,966,4,2021-08-16 16:24:32,Oceania,3,3239.08
1556,774,12,2022-08-22 15:35:37,North America,2,1818.18
1557,389,12,2021-07-07 00:56:34,Asia,3,2727.27
1558,144,10,2023-07-10 04:47:34,Europe,3,1914.84
1559,856,4,2021-09-10 23:15:59,Europe,3,3239.08
1560,303,5,2022-04-01 21:54:56,North America,4,14049.07
1561,502,6,2023-02-03 16:57:54,Asia,5,15490.4
1562,791,11,2023-10-29 02:03:34,Oceania,5,6439.28
1563,704,14,2020-04-24 02:52:06,Africa,2,3459.42
1564,395,3,2024-11-01 22:11:19,Europe,5,12102.4
1565,720,7,2022-06-15 22:12:44,Europe,3,5636.95
1566,351,12,2024-09-09 19:06:45,Oceania,5,4545.45
1567,814,5,2024-05-13 16:22:04,Europe,1,3512.27
1568,265,4,2022-03-21 10:04:52,North America,4,4318.78
1569,945,2,2021-08-02 04:53:36,South America,5,15786.1
1570,144,8,2022-09-30 11:57:05,Asia,5,15395.18
1571,578,7,2020-04-15 04:01:22,Asia,5,9394.92
1572,719,2,2020-01-25 12:56:24,Europe,3,9471.66
1573,432,8,2022-11-12 00:04:18,Oceania,3,9237.11
1574,925,2,2023-01-17 06:45:11,Asia,2,6314.44
1575,167,8,2021-08-01 09:08:58,North America,5,15395.18
1576,450,13,2023-11-19 03:03:23,Africa,5,3339.95
1577,590,12,2023-05-25 16:27:44,South America,4,3636.36
1578,855,4,2023-03-05 12:54:39,Africa,3,3239.08
1579,346,8,2022-07-21 14:32:36,North America,4,12316.14
1580,995,4,2020-12-01 02:16:30,South America,5,5398.47
1581,437,13,2024-11-29 04:37:32,South America,3,2003.97
1582,608,1,2024-05-10 08:43:28,Europe,2,6754.84
1583,945,5,2024-06-16 06:38:39,Europe,5,17561.34
1584,975,10,2021-02-07 13:21:43,Oceania,2,1276.56
1585,342,13,2020-10-07 20:36:42,Asia,1,667.99
1586,812,13,2022-12-11 07:16:08,South America,2,1335.98
1587,406,3,2020-01-03 14:52:26,Oceania,4,9681.92
1588,152,4,2022-07-25 01:14:20,Asia,2,2159.39
1589,83,3,2021-09-23 16:47:08,South America,2,4840.96
1590,93,12,2021-04-23 21:21:27,Oceania,2,1818.18
1591,569,14,2020-01-16 08:42:34,South America,3,5189.14
1592,164,6,2024-01-02 17:26:39,Africa,1,3098.08
1593,704,7,2024-01-07 09:41:02,Oceania,2,3757.97
1594,386,14,2022-01-24 04:09:21,North America,4,6918.85
1595,397,3,2021-02-18 20:26:25,South America,3,7261.44
1596,792,6,2023-08-12 03:54:24,Africa,3,9294.24
1597,404,9,2022-12-13 16:17:31,South America,1,1339.44
1598,686,12,2020-03-24 13:31:53,Europe,5,4545.45
1599,907,10,2021-12-31 14:37:13,Asia,2,1276.56
1600,371,6,2020-01-05 22:40:25,Africa,5,15490.4
1601,614,13,2020-08-28 01:38:28,Oceania,4,2671.96
1602,236,3,2021-08-07 00:06:00,North America,4,9681.92
1603,217,5,2020-10-15 11:25:27,Asia,4,14049.07
1604,394,11,2023-08-15 15:20:12,Europe,2,2575.71
1605,292,5,2024-02-02 08:00:54,North America,4,14049.07
1606,268,7,2021-05-23 02:38:26,South America,2,3757.97
1607,699,9,2023-12-15 11:08:56,North America,1,1339.44
1608,355,11,2023-06-10 15:44:01,North America,1,1287.86
1609,165,6,2024-11-20 11:24:40,Africa,2,6196.16
1610,394,11,2020-02-06 00:06:47,South America,4,5151.42
1611,670,11,2023-08-05 12:40:55,North America,4,5151.42
1612,311,7,2020-12-26 06:29:11,Africa,3,5636.95
1613,827,13,2024-04-08 20:25:30,Asia,4,2671.96
1614,800,8,2024-07-20 06:17:35,Asia,3,9237.11
1615,115,13,2023-08-10 12:35:15,Africa,2,1335.98
1616,778,7,2021-04-12 05:41:02,North America,1,1878.98
1617,346,12,2022-03-12 01:41:12,Europe,5,4545.45
1618,528,14,2023-11-14 14:27:56,South America,5,8648.56
1619,50,8,2020-05-03 19:01:02,North America,3,9237.11
1620,889,8,2023-02-14 13:16:03,North America,4,12316.14
1621,911,10,2022-02-22 22:51:01,South America,3,1914.84
1622,346,11,2020-03-14 02:32:59,Africa,3,3863.57
1623,274,3,2023-01-13 19:18:04,South America,3,7261.44
1624,18,8,2022-07-13 20:52:45,Oceania,3,9237.11
1625,37,10,2023-01-14 22:04:45,Oceania,1,638.28
1626,38,9,2022-02-11 10:57:06,Europe,4,5357.77
1627,87,9,2021-01-26 15:18:51,Oceania,1,1339.44
1628,149,11,2023-09-01 09:11:10,Asia,4,5151.42
1629,354,8,2022-01-28 09:28:03,Oceania,5,15395.18
1630,841,9,2023-11-25 06:14:27,North America,5,6697.22
1631,79,6,2020-04-28 22:54:50,Europe,3,9294.24
1632,624,12,2023-04-01 13:29:48,Africa,1,909.09
1633,743,2,2022-07-27 05:42:23,South America,3,9471.66
1634,411,1,2022-03-09 00:43:15,Oceania,2,6754.84
1635,669,12,2023-09-08 15:16:36,North America,1,909.09
1636,813,4,2022-03-21 19:45:42,Asia,5,5398.47
1637,631,9,2022-01-27 07:29:47,Oceania,5,6697.22
1638,819,1,2024-11-16 07:01:55,South America,3,10132.26
1639,221,13,2022-05-03 17:35:07,Oceania,4,2671.96
1640,706,13,2022-05-10 03:42:59,Africa,2,1335.98
1641,688,1,2023-05-23 15:02:13,Europe,5,16887.1
1642,695,5,2020-01-16 16:38:01,South America,3,10536.8
1643,213,1,2021-02-07 04:07:29,Asia,4,13509.68
1644,274,8,2022-09-15 11:41:03,North America,5,15395.18
1645,227,4,2022-10-05 12:35:20,Europe,1,1079.69
1646,66,10,2023-12-02 04:07:02,Africa,3,1914.84
1647,431,11,2022-10-18 09:31:37,Africa,5,6439.28
1648,399,8,2020-02-09 01:04:48,Asia,5,15395.18
1649,349,6,2023-10-12 15:36:11,Europe,3,9294.24
1650,474,14,2021-10-16 10:15:45,Africa,4,6918.85
1651,715,3,2022-03-05 09:49:19,South America,4,9681.92
1652,34,11,2020-09-01 05:28:32,Oceania,5,6439.28
1653,499,9,2020-09-15 03:47:19,Europe,3,4018.33
1654,766,9,2022-08-02 14:19:24,Asia,3,4018.33
1655,769,6,2023-12-23 02:23:13,North America,4,12392.32
1656,160,10,2021-06-02 00:36:38,Africa,5,3191.4
1657,361,10,2023-07-14 13:56:47,North America,4,2553.12
1658,770,5,2024-03-04 17:29:05,Europe,5,17561.34
1659,385,9,2023-03-21 17:41:59,Africa,2,2678.89
1660,972,14,2020-10-28 07:20:22,South America,1,1729.71
1661,224,4,2024-11-08 05:49:59,Asia,1,1079.69
1662,183,14,2023-05-31 05:24:52,Africa,2,3459.42
1663,419,6,2023-07-23 05:45:37,Africa,2,6196.16
1664,286,6,2020-11-24 04:59:53,Oceania,3,9294.24
1665,906,11,2024-04-09 14:33:03,Africa,3,3863.57
1666,546,7,2023-06-09 01:53:08,South America,2,3757.97
1667,775,8,2023-10-28 09:51:46,Europe,3,9237.11
1668,947,14,2023-05-27 22:12:55,Asia,2,3459.42
1669,4,9,2023-12-12 15:56:59,Oceania,3,4018.33
1670,177,11,2023-04-06 00:54:11,Africa,1,1287.86
1671,669,7,2023-06-28 17:43:24,Europe,4,7515.94
1672,652,1,2021-11-27 13:00:46,Europe,5,16887.1
1673,625,10,2020-09-07 02:56:54,Africa,5,3191.4
1674,585,12,2020-03-11 22:35:53,Asia,4,3636.36
1675,625,4,2024-11-03 18:32:34,Oceania,2,2159.39
1676,484,11,2023-02-24 11:15:53,North America,1,1287.86
1677,761,10,2024-09-11 04:22:49,Africa,4,2553.12
1678,885,4,2023-11-23 05:43:23,Asia,2,2159.39
1679,741,14,2021-06-28 08:40:43,South America,2,3459.42
1680,960,12,2022-09-29 16:03:38,Europe,2,1818.18
1681,301,2,2021-10-05 03:34:50,Africa,1,3157.22
1682,473,8,2023-10-10 09:10:47,Europe,2,6158.07
1683,816,3,2024-04-03 02:43:45,Oceania,4,9681.92
1684,114,13,2022-10-26 04:28:43,Europe,5,3339.95
1685,251,8,2020-01-22 09:15:25,Oceania,1,3079.04
1686,34,11,2024-06-02 20:40:29,South America,4,5151.42
1687,883,7,2023-07-19 20:27:19,Asia,1,1878.98
1688,905,12,2021-01-10 21:04:10,Oceania,5,4545.45
1689,796,10,2020-03-14 16:42:02,South America,5,3191.4
1690,493,14,2022-06-29 04:54:34,South America,1,1729.71
1691,849,14,2023-02-02 23:04:28,South America,1,1729.71
1692,734,9,2023-08-24 13:52:39,North America,4,5357.77
1693,107,3,2024-12-06 09:54:52,North America,3,7261.44
1694,740,3,2023-07-06 19:32:15,Oceania,3,7261.44
1695,348,3,2024-02-08 08:35:36,Europe,2,4840.96
1696,271,2,2020-08-18 03:01:34,South America,3,9471.66
1697,921,12,2022-01-30 08:16:31,Asia,4,3636.36
1698,351,5,2022-10-24 07:53:12,South America,4,14049.07
1699,717,5,2022-05-05 07:46:46,Africa,5,17561.34
1700,37,13,2021-04-04 21:28:03,Africa,2,1335.98
1701,296,1,2023-02-26 04:39:49,Africa,2,6754.84
1702,372,12,2022-08-10 18:25:49,Oceania,3,2727.27
1703,163,10,2024-01-16 15:48:22,Oceania,3,1914.84
1704,451,11,2021-04-24 19:58:36,Oceania,3,3863.57
1705,825,12,2021-03-31 05:46:50,Africa,2,1818.18
1706,300,14,2022-03-10 10:06:28,Oceania,4,6918.85
1707,234,1,2024-12-17 00:48:31,Asia,2,6754.84
1708,152,10,2022-03-16 23:50:41,Asia,1,638.28
1709,739,9,2023-06-14 21:58:09,South America,5,6697.22
1710,634,3,2021-04-29 07:01:15,Africa,3,7261.44
1711,874,9,2024-06-13 22:51:59,Asia,3,4018.33
1712,388,14,2021-06-09 10:33:59,Africa,4,6918.85
1713,494,3,2023-03-26 05:20:13,North America,4,9681.92
1714,685,2,2021-11-29 12:10:49,Asia,3,9471.66
1715,212,4,2022-05-14 16:42:40,Africa,2,2159.39
1716,797,12,2021-09-03 21:04:30,Asia,1,909.09
1717,511,8,2020-02-07 21:45:22,Oceania,5,15395.18
1718,867,14,2021-12-10 12:35:58,Oceania,5,8648.56
1719,208,6,2023-05-23 01:39:32,Oceania,1,3098.08
1720,102,6,2020-07-27 18:37:33,Asia,5,15490.4
1721,567,9,2020-09-03 20:01:09,North America,5,6697.22
1722,458,10,2022-02-09 10:07:42,Europe,5,3191.4
1723,263,13,2022-01-31 11:00:54,Europe,2,1335.98
1724,707,12,2021-07-05 06:11:25,North America,4,3636.36
1725,624,5,2022-05-12 02:09:06,North America,5,17561.34
1726,761,4,2021-02-15 19:33:55,Africa,1,1079.69
1727,311,1,2021-12-08 02:03:38,Europe,2,6754.84
1728,600,13,2024-01-22 20:44:53,South America,5,3339.95
1729,101,9,2022-09-17 15:48:03,Oceania,1,1339.44
1730,75,4,2020-12-27 15:53:22,South America,4,4318.78
1731,86,8,2020-11-06 07:17:15,Africa,2,6158.07
1732,604,4,2024-02-22 18:33:06,Asia,5,5398.47
1733,583,1,2023-08-28 04:54:13,North America,5,16887.1
1734,738,8,2025-01-03 18:21:56,Oceania,2,6158.07
1735,630,13,2020-01-02 12:55:08,Asia,4,2671.96
1736,773,7,2022-04-21 04:04:34,South America,5,9394.92
1737,647,3,2024-04-25 02:30:22,South America,3,7261.44
1738,527,5,2022-03-31 20:10:20,Africa,3,10536.8
1739,255,6,2024-10-09 18:54:03,Africa,3,9294.24
1740,317,11,2020-12-12 07:48:35,Europe,4,5151.42
1741,500,1,2024-05-02 02:38:51,South America,3,10132.26
1742,508,3,2020-07-22 16:28:07,South America,2,4840.96
1743,690,5,2023-10-08 23:15:46,Asia,1,3512.27
1744,654,11,2021-07-21 11:47:38,Europe,5,6439.28
1745,798,2,2021-10-24 10:34:14,Asia,2,6314.44
1746,514,5,2024-07-05 21:27:16,South America,3,10536.8
1747,106,11,2021-10-15 08:30:09,Africa,3,3863.57
1748,689,3,2021-04-30 21:06:50,Europe,3,7261.44
1749,785,7,2021-05-05 17:05:45,Africa,2,3757.97
1750,679,3,2024-05-23 14:31:04,South America,3,7261.44
1751,670,10,2022-04-16 22:39:58,Europe,4,2553.12
1752,956,5,2022-08-01 07:24:28,Asia,4,14049.07
1753,149,5,2023-01-04 15:11:59,Oceania,3,10536.8
1754,323,8,2023-08-14 08:30:38,Africa,3,9237.11
1755,403,13,2020-01-18 14:58:26,South America,4,2671.96
1756,57,7,2021-03-10 17:57:29,South America,3,5636.95
1757,786,5,2021-09-20 06:06:05,Europe,1,3512.27
1758,678,12,2022-07-04 21:38:57,Asia,3,2727.27
1759,25,6,2023-04-03 02:16:59,Asia,4,12392.32
1760,572,9,2021-10-29 22:03:35,Africa,2,2678.89
1761,516,8,2020-11-27 22:09:49,North America,3,9237.11
1762,249,3,2024-01-30 07:44:03,Oceania,3,7261.44
1763,608,8,2023-04-26 21:12:22,Oceania,1,3079.04
1764,983,12,2022-02-15 05:52:39,Asia,4,3636.36
1765,622,10,2020-07-03 06:58:59,North America,4,2553.12
1766,58,11,2022-05-07 15:29:53,Africa,3,3863.57
1767,379,8,2020-12-10 23:03:20,South America,3,9237.11
1768,138,12,2022-10-05 07:52:02,Oceania,1,909.09
1769,424,14,2021-04-12 08:05:47,Africa,2,3459.42
1770,307,10,2024-10-11 13:33:27,North America,2,1276.56
1771,449,4,2024-11-14 10:04:48,Africa,3,3239.08
1772,782,11,2024-09-25 12:39:15,Africa,3,3863.57
1773,837,5,2021-03-12 10:01:14,North America,1,3512.27
1774,892,13,2023-01-27 07:13:54,South America,3,2003.97
1775,766,4,2022-09-25 03:24:49,South America,2,2159.39
1776,234,8,2022-10-31 15:10:55,Europe,3,9237.11
1777,694,12,2022-03-04 08:51:21,Africa,3,2727.27
1778,766,1,2021-01-05 07:28:59,Oceania,2,6754.84
1779,421,7,2024-02-20 01:26:45,North America,4,7515.94
1780,852,9,2024-05-10 12:59:55,Asia,1,1339.44
1781,17,10,2020-04-09 16:21:26,Africa,4,2553.12
1782,895,13,2024-08-01 00:32:24,South America,3,2003.97
1783,290,10,2020-07-27 12:02:42,Oceania,3,1914.84
1784,78,10,2024-09-30 13:10:02,North America,1,638.28
1785,545,3,2020-09-29 13:38:31,Africa,5,12102.4
1786,945,8,2021-08-16 01:36:01,North America,5,15395.18
1787,786,11,2022-05-10 04:32:39,South America,4,5151.42
1788,463,12,2022-10-23 14:36:18,North America,2,1818.18
1789,187,11,2022-11-21 18:02:56,South America,5,6439.28
1790,541,13,2020-03-07 17:55:41,South America,4,2671.96
1791,589,5,2023-04-26 12:35:35,North America,1,3512.27
1792,9,4,2023-08-20 02:35:10,Europe,3,3239.08
1793,266,14,2024-12-20 14:16:06,Oceania,2,3459.42
1794,787,6,2023-11-23 04:33:40,Oceania,5,15490.4
1795,682,4,2023-01-06 20:16:15,Oceania,5,5398.47
1796,889,10,2021-08-09 17:28:50,Europe,2,1276.56
1797,212,5,2020-11-09 11:23:17,North America,2,7024.54
1798,547,10,2021-01-30 13:55:52,Africa,1,638.28
1799,357,2,2022-09-06 17:10:28,Europe,3,9471.66
1800,674,4,2022-07-30 04:03:40,Europe,2,2159.39
1801,435,5,2021-11-05 22:16:33,Asia,2,7024.54
1802,28,3,2021-01-17 11:45:15,South America,4,9681.92
1803,27,8,2023-03-27 21:54:55,North America,2,6158.07
1804,458,8,2021-09-09 03:30:11,Europe,4,12316.14
1805,790,7,2021-01-22 06:31:36,North America,5,9394.92
1806,993,3,2024-12-01 17:26:12,Oceania,5,12102.4
1807,529,2,2021-10-13 07:44:25,North America,2,6314.44
1808,964,8,2023-01-18 11:31:17,Oceania,5,15395.18
1809,325,7,2021-10-15 11:09:07,North America,2,3757.97
1810,819,9,2024-01-25 00:41:38,Asia,3,4018.33
1811,521,2,2020-02-20 03:53:35,North America,4,12628.88
1812,390,13,2023-05-28 17:09:13,North America,4,2671.96
1813,364,6,2020-07-21 21:32:19,South America,3,9294.24
1814,969,14,2021-12-13 14:14:02,Oceania,3,5189.14
1815,87,11,2024-01-04 11:15:29,North America,4,5151.42
1816,975,5,2020-05-20 22:59:40,Europe,3,10536.8
1817,868,4,2024-10-20 02:04:48,North America,2,2159.39
1818,132,9,2021-03-11 15:35:17,Oceania,2,2678.89
1819,482,13,2020-07-09 02:01:13,Africa,1,667.99
1820,822,4,2023-02-28 20:15:42,Africa,3,3239.08
1821,425,14,2023-07-26 12:44:12,Europe,2,3459.42
1822,179,9,2021-07-18 06:10:22,Asia,2,2678.89
1823,901,2,2020-04-03 03:28:49,South America,2,6314.44
1824,209,5,2023-03-05 10:37:29,Asia,4,14049.07
1825,637,6,2020-03-21 06:01:36,Asia,1,3098.08
1826,30,8,2021-03-24 10:49:50,South America,1,3079.04
1827,48,9,2024-06-19 18:05:36,Europe,4,5357.77
1828,162,2,2022-12-19 06:27:05,Europe,1,3157.22
1829,95,7,2020-12-15 05:56:26,South America,1,1878.98
1830,476,7,2023-09-30 07:47:04,Europe,5,9394.92
1831,878,10,2022-08-25 13:58:11,South America,1,638.28
1832,481,5,2022-09-30 03:24:48,Oceania,2,7024.54
1833,553,6,2020-10-26 11:58:38,South America,5,15490.4
1834,505,12,2021-09-01 20:13:37,Europe,5,4545.45
1835,225,9,2021-03-19 00:41:37,Europe,2,2678.89
1836,676,2,2023-06-08 16:23:00,Asia,1,3157.22
1837,909,10,2022-02-15 00:51:25,Europe,1,638.28
1838,257,3,2022-10-18 00:06:44,Oceania,3,7261.44
1839,998,8,2024-06-03 07:48:57,Africa,5,15395.18
1840,592,5,2022-10-15 21:16:40,South America,2,7024.54
1841,384,11,2024-12-05 00:51:03,Oceania,2,2575.71
1842,958,14,2023-04-11 05:55:07,Oceania,1,1729.71
1843,50,13,2021-07-19 23:45:50,North America,2,1335.98
1844,147,11,2022-01-08 21:50:25,Europe,1,1287.86
1845,407,6,2024-11-12 09:52:43,South America,1,3098.08
1846,496,14,2021-08-06 07:31:30,Oceania,3,5189.14
1847,891,14,2023-06-14 07:58:03,South America,5,8648.56
1848,220,8,2022-03-27 12:08:02,Africa,5,15395.18
1849,451,2,2024-05-17 11:13:20,Asia,3,9471.66
1850,346,3,2022-11-25 09:32:04,South America,3,7261.44
1851,791,9,2020-10-26 19:48:57,Oceania,4,5357.77
1852,877,6,2022-03-27 16:30:43,North America,5,15490.4
1853,801,6,2020-03-19 23:00:14,Africa,4,12392.32
1854,130,2,2023-11-22 04:42:33,North America,2,6314.44
1855,124,9,2021-01-27 09:33:16,Asia,3,4018.33
1856,315,8,2024-09-15 00:55:45,North America,4,12316.14
1857,990,14,2021-07-21 08:33:56,South America,5,8648.56
1858,840,9,2021-03-16 06:32:44,Oceania,2,2678.89
1859,228,13,2021-09-09 06:26:22,Oceania,1,667.99
1860,763,6,2021-04-16 12:52:49,Africa,5,15490.4
1861,881,9,2020-05-26 00:13:02,Africa,5,6697.22
1862,372,9,2024-07-07 08:32:30,Europe,2,2678.89
1863,384,3,2021-05-29 14:40:45,Oceania,1,2420.48
1864,650,14,2021-12-03 22:58:52,Oceania,5,8648.56
1865,156,9,2023-08-10 08:54:18,Europe,5,6697.22
1866,286,1,2022-07-10 04:22:34,South America,4,13509.68
1867,923,9,2024-01-20 13:49:56,South America,4,5357.77
1868,330,3,2020-01-02 02:22:02,North America,3,7261.44
1869,258,12,2022-08-26 02:58:44,Europe,5,4545.45
1870,946,12,2025-01-19 10:43:34,North America,5,4545.45
1871,61,13,2021-03-11 21:46:12,Europe,4,2671.96
1872,493,14,2022-01-23 07:21:22,South America,2,3459.42
1873,806,3,2023-04-29 19:02:53,Africa,4,9681.92
1874,199,4,2020-08-07 03:13:12,Europe,3,3239.08
1875,987,5,2023-06-01 05:34:33,North America,2,7024.54
1876,744,12,2021-04-16 18:28:25,Europe,5,4545.45
1877,455,3,2022-10-14 09:53:30,North America,3,7261.44
1878,653,2,2022-08-24 17:48:55,Africa,5,15786.1
1879,106,13,2024-01-03 16:27:28,Europe,5,3339.95
1880,677,8,2021-01-22 22:34:16,Africa,3,9237.11
1881,761,10,2021-04-22 10:57:30,North America,4,2553.12
1882,902,13,2022-04-25 09:27:15,North America,3,2003.97
1883,391,14,2020-12-16 13:46:45,Oceania,3,5189.14
1884,478,7,2021-06-07 08:59:24,Oceania,5,9394.92
1885,709,14,2022-06-23 10:30:21,Europe,4,6918.85
1886,536,2,2023-01-31 09:38:28,Europe,1,3157.22
1887,891,14,2023-09-05 15:50:44,South America,4,6918.85
1888,59,11,2022-05-20 13:29:31,Oceania,1,1287.86
1889,751,5,2024-04-26 18:04:07,Asia,3,10536.8
1890,430,11,2023-01-13 02:35:37,North America,3,3863.57
1891,14,2,2022-01-24 04:19:14,Africa,4,12628.88
1892,507,4,2023-09-09 16:00:50,Oceania,5,5398.47
1893,273,2,2024-10-07 22:38:30,Africa,4,12628.88
1894,858,10,2024-05-31 08:58:05,Oceania,4,2553.12
1895,392,1,2020-11-30 21:58:38,Africa,5,16887.1
1896,859,13,2024-11-23 09:45:01,North America,1,667.99
1897,121,13,2023-01-25 15:48:10,Africa,2,1335.98
1898,689,12,2023-08-03 13:52:27,South America,5,4545.45
1899,736,12,2022-12-15 00:53:49,Oceania,1,909.09
1900,808,8,2024-11-16 07:41:45,Africa,4,12316.14
1901,39,7,2020-03-20 15:53:58,Europe,4,7515.94
1902,581,3,2022-10-19 01:12:11,North America,1,2420.48
1903,300,7,2023-11-19 16:17:28,Asia,1,1878.98
1904,368,14,2022-12-30 19:14:28,Europe,3,5189.14
1905,284,8,2022-10-05 05:23:54,South America,1,3079.04
1906,716,11,2021-05-13 22:36:57,Europe,3,3863.57
1907,572,13,2022-09-27 01:11:52,Oceania,5,3339.95
1908,411,13,2021-06-18 13:34:30,South America,3,2003.97
1909,878,2,2022-12-29 00:27:34,Africa,3,9471.66
1910,552,12,2022-09-10 10:29:47,Asia,2,1818.18
1911,104,12,2023-06-15 14:25:15,Asia,1,909.09
1912,637,8,2023-04-03 23:54:39,Europe,2,6158.07
1913,272,14,2022-12-25 06:10:34,Asia,4,6918.85
1914,826,8,2021-05-09 16:06:27,Europe,3,9237.11
1915,331,1,2021-08-12 15:44:59,Africa,1,3377.42
1916,318,9,2022-07-09 06:32:53,Africa,5,6697.22
1917,552,3,2020-08-23 22:09:00,Europe,4,9681.92
1918,96,2,2023-06-11 03:55:41,Asia,5,15786.1
1919,150,12,2024-07-13 10:31:00,Asia,3,2727.27
1920,407,3,2020-11-17 22:54:58,Oceania,4,9681.92
1921,835,13,2024-11-06 06:14:32,North America,3,2003.97
1922,332,4,2020-05-06 16:14:36,Europe,4,4318.78
1923,562,3,2020-03-22 21:29:00,South America,3,7261.44
1924,230,14,2022-02-01 06:45:04,Europe,2,3459.42
1925,451,11,2021-03-27 16:04:21,North America,2,2575.71
1926,304,4,2024-02-10 11:28:04,South America,1,1079.69
1927,425,9,2024-10-30 23:32:24,Europe,5,6697.22
1928,423,3,2024-12-09 18:42:59,South America,5,12102.4
1929,643,10,2022-03-23 10:16:39,Oceania,4,2553.12
1930,816,6,2023-09-02 01:09:18,Asia,3,9294.24
1931,374,4,2024-08-05 20:50:28,Asia,3,3239.08
1932,79,12,2022-09-26 08:53:53,Oceania,2,1818.18
1933,253,13,2024-12-03 18:16:21,Europe,5,3339.95
1934,99,13,2024-01-18 01:34:28,Africa,5,3339.95
1935,322,2,2021-12-08 19:49:12,Oceania,5,15786.1
1936,357,12,2021-11-26 19:57:05,South America,5,4545.45
1937,276,10,2023-11-30 21:53:50,Africa,1,638.28
1938,449,8,2023-09-17 04:15:19,North America,5,15395.18
1939,977,3,2024-10-05 17:32:56,South America,1,2420.48
1940,573,11,2022-12-15 23:09:56,South America,1,1287.86
1941,889,12,2020-07-17 03:32:43,Oceania,2,1818.18
1942,363,2,2024-11-05 03:54:35,Asia,3,9471.66
1943,971,12,2024-03-04 21:25:56,South America,1,909.09
1944,722,13,2023-05-16 02:14:40,Europe,2,1335.98
1945,678,8,2024-07-30 17:41:34,Oceania,3,9237.11
1946,691,5,2021-12-23 13:15:16,Africa,3,10536.8
1947,818,9,2021-03-24 02:47:49,Africa,4,5357.77
1948,698,10,2020-01-22 01:12:21,Africa,3,1914.84
1949,55,12,2024-12-30 03:16:24,North America,3,2727.27
1950,794,2,2020-07-16 16:30:08,Africa,5,15786.1
1951,424,12,2021-08-27 15:50:30,Europe,2,1818.18
1952,616,13,2021-07-17 02:05:31,North America,2,1335.98
1953,665,8,2022-10-27 20:03:51,North America,1,3079.04
1954,97,7,2023-04-18 18:27:03,South America,5,9394.92
1955,391,12,2021-03-06 08:01:00,Asia,4,3636.36
1956,188,2,2023-01-08 10:25:19,Europe,3,9471.66
1957,725,7,2024-04-01 10:58:38,North America,3,5636.95
1958,189,5,2021-09-15 06:21:50,Europe,4,14049.07
1959,360,11,2022-11-21 11:22:19,South America,1,1287.86
1960,770,2,2022-03-11 20:33:44,North America,5,15786.1
1961,901,10,2024-09-26 22:30:12,North America,1,638.28
1962,700,6,2021-06-07 13:14:54,North America,1,3098.08
1963,987,9,2020-01-15 11:33:05,Asia,1,1339.44
1964,394,5,2024-10-30 23:00:52,Africa,1,3512.27
1965,384,14,2021-06-19 14:33:02,Europe,1,1729.71
1966,652,10,2021-07-18 18:59:56,Africa,4,2553.12
1967,224,6,2021-04-25 13:07:05,Africa,1,3098.08
1968,384,10,2023-10-01 04:47:37,Oceania,2,1276.56
1969,867,13,2024-04-25 05:10:18,Europe,2,1335.98
1970,834,14,2020-04-04 06:26:19,Africa,4,6918.85
1971,40,9,2022-08-26 07:27:09,Asia,1,1339.44
1972,111,6,2025-01-07 09:31:00,Africa,2,6196.16
1973,172,2,2021-08-23 03:01:51,Africa,4,12628.88
1974,159,10,2023-11-13 14:26:07,Oceania,3,1914.84
1975,562,14,2023-10-23 16:29:51,North America,4,6918.85
1976,685,9,2022-11-17 04:45:11,Europe,1,1339.44
1977,375,3,2024-03-04 18:19:32,Europe,2,4840.96
1978,814,7,2023-01-18 06:22:50,North America,1,1878.98
1979,939,8,2020-11-02 21:35:52,Africa,5,15395.18
1980,94,11,2024-06-26 09:07:59,Africa,3,3863.57
1981,589,12,2024-06-08 18:44:41,South America,5,4545.45
1982,776,9,2022-05-27 21:19:00,Asia,2,2678.89
1983,139,8,2022-06-29 04:37:02,Oceania,2,6158.07
1984,437,7,2023-03-17 12:08:58,North America,4,7515.94
1985,503,1,2020-11-20 02:33:04,Asia,4,13509.68
1986,575,8,2023-04-22 23:40:29,Asia,5,15395.18
1987,510,13,2020-06-20 05:42:44,Africa,3,2003.97
1988,852,1,2020-10-04 02:18:07,Asia,2,6754.84
1989,914,10,2024-08-13 09:08:05,Europe,5,3191.4
1990,657,6,2024-07-17 23:42:32,North America,1,3098.08
1991,49,5,2021-08-07 20:07:04,Asia,4,14049.07
1992,988,9,2023-09-09 18:46:31,Oceania,1,1339.44
1993,521,9,2024-04-29 14:49:13,Asia,2,2678.89
1994,698,12,2021-10-28 09:46:11,North America,1,909.09
1995,469,3,2022-09-22 04:05:03,North America,2,4840.96
1996,732,4,2021-10-04 07:25:24,Africa,4,4318.78
1997,656,10,2020-05-20 12:52:57,South America,1,638.28
1998,211,12,2022-06-21 08:54:05,North America,1,909.09
1999,927,4,2021-07-04 02:22:57,South America,3,3239.08
2000,847,4,2023-06-02 20:12:56,North America,3,3239.08
2001,160,3,2022-02-03 20:00:04,Africa,5,12102.4
2002,685,5,2024-11-07 14:31:33,Oceania,4,14049.07
2003,885,11,2021-09-28 12:40:57,Oceania,3,3863.57
2004,755,5,2020-02-01 18:36:37,South America,4,14049.07
2005,844,7,2022-05-13 23:38:44,Europe,4,7515.94
2006,837,13,2022-02-26 08:46:24,Africa,4,2671.96
2007,11,11,2020-05-09 20:47:07,Oceania,4,5151.42
2008,786,8,2021-11-23 18:11:26,North America,2,6158.07
2009,653,2,2021-05-08 18:13:11,South America,1,3157.22
2010,69,3,2022-10-14 03:06:54,Europe,5,12102.4
2011,967,12,2023-05-22 04:16:57,Asia,3,2727.27
2012,550,5,2024-11-06 06:21:30,Asia,3,10536.8
2013,112,13,2023-05-11 22:20:36,Europe,1,667.99
2014,974,2,2024-03-27 03:07:36,Europe,5,15786.1
2015,131,9,2023-12-27 23:58:03,South America,1,1339.44
2016,112,2,2020-04-28 03:48:56,South America,2,6314.44
2017,189,2,2022-01-21 02:19:26,South America,1,3157.22
2018,631,6,2021-03-19 12:51:38,South America,4,12392.32
2019,612,13,2024-04-13 16:34:33,Europe,1,667.99
2020,787,4,2020-05-15 22:49:30,Africa,3,3239.08
2021,15,3,2022-02-18 05:09:52,Europe,3,7261.44
2022,359,8,2020-06-24 07:35:18,South America,2,6158.07
2023,390,3,2024-04-19 19:51:56,North America,3,7261.44
2024,231,3,2022-11-09 13:40:17,Oceania,2,4840.96
2025,739,8,2023-09-30 16:20:04,North America,1,3079.04
2026,864,4,2024-06-30 04:02:13,Asia,5,5398.47
2027,571,3,2024-08-26 20:28:27,Asia,2,4840.96
2028,59,2,2023-06-27 14:09:41,Africa,1,3157.22
2029,548,1,2021-06-11 21:47:54,Oceania,5,16887.1
2030,956,6,2020-04-29 09:33:01,Europe,3,9294.24
2031,924,2,2020-01-19 08:03:20,South America,2,6314.44
2032,4,10,2023-04-19 00:07:38,Africa,1,638.28
2033,123,14,2020-04-19 08:20:45,Africa,2,3459.42
2034,559,2,2024-01-20 05:03:51,Africa,1,3157.22
2035,661,7,2023-04-16 15:26:53,South America,3,5636.95
2036,933,12,2024-03-04 02:58:44,Africa,2,1818.18
2037,257,6,2024-01-28 14:27:13,Europe,4,12392.32
2038,466,9,2021-11-26 10:42:29,Europe,3,4018.33
2039,294,11,2023-04-21 21:03:49,Asia,2,2575.71
2040,904,3,2020-03-06 01:11:06,South America,3,7261.44
2041,825,5,2020-05-12 05:07:21,South America,2,7024.54
2042,421,12,2021-12-06 05:16:25,South America,5,4545.45
2043,129,14,2021-10-08 13:07:45,South America,3,5189.14
2044,432,7,2023-11-06 06:48:46,South America,4,7515.94
2045,976,7,2023-02-03 13:01:04,Asia,4,7515.94
2046,334,11,2021-02-17 13:44:58,Oceania,4,5151.42
2047,543,4,2021-11-05 01:39:30,Oceania,2,2159.39
2048,196,10,2023-02-03 02:10:45,South America,2,1276.56
2049,562,14,2023-03-10 12:21:15,Oceania,4,6918.85
2050,315,4,2021-03-15 02:26:23,South America,4,4318.78
2051,112,9,2022-07-22 01:30:09,Africa,4,5357.77
2052,423,1,2021-11-05 17:58:32,Asia,2,6754.84
2053,565,3,2024-05-26 19:39:38,South America,4,9681.92
2054,185,8,2021-10-03 10:16:21,South America,1,3079.04
2055,582,11,2022-04-29 04:12:53,Oceania,2,2575.71
2056,697,10,2023-06-02 14:04:56,Africa,2,1276.56
2057,801,13,2021-04-13 03:45:29,South America,2,1335.98
2058,325,8,2021-02-09 14:53:33,South America,2,6158.07
2059,324,10,2024-07-06 11:31:00,Oceania,5,3191.4
2060,644,1,2020-07-22 01:31:25,North America,1,3377.42
2061,22,1,2022-10-26 23:04:31,North America,1,3377.42
2062,321,6,2021-04-12 21:46:07,Europe,2,6196.16
2063,315,14,2023-02-01 14:46:21,Africa,1,1729.71
2064,932,6,2023-10-19 14:10:44,South America,5,15490.4
2065,347,12,2022-06-19 04:39:31,Asia,2,1818.18
2066,104,13,2021-05-11 12:28:34,Europe,5,3339.95
2067,168,7,2024-07-11 19:33:03,Africa,1,1878.98
2068,420,3,2024-09-12 00:03:14,Oceania,5,12102.4
2069,481,12,2022-02-13 19:51:03,North America,3,2727.27
2070,680,3,2020-10-28 13:59:03,North America,4,9681.92
2071,139,7,2023-03-24 15:51:32,South America,4,7515.94
2072,175,13,2024-12-26 04:24:13,Oceania,1,667.99
2073,838,6,2024-12-22 04:38:56,Africa,4,12392.32
2074,187,8,2024-03-07 20:48:27,Oceania,1,3079.04
2075,581,6,2020-09-21 02:50:34,Asia,3,9294.24
2076,71,3,2022-07-21 09:24:58,Oceania,2,4840.96
2077,404,3,2021-09-04 11:12:50,Oceania,1,2420.48
2078,329,5,2023-01-07 01:13:57,Africa,1,3512.27
2079,819,8,2025-01-08 01:39:12,South America,1,3079.04
2080,174,6,2021-08-19 14:17:00,Africa,3,9294.24
2081,287,9,2024-03-01 03:53:49,Asia,1,1339.44
2082,928,3,2022-01-11 22:30:41,Oceania,1,2420.48
2083,314,5,2023-09-07 03:04:03,Asia,4,14049.07
2084,42,5,2020-09-06 07:26:24,Asia,4,14049.07
2085,565,1,2020-02-03 04:12:01,Oceania,2,6754.84
2086,588,1,2023-03-28 16:53:45,Europe,3,10132.26
2087,927,8,2023-04-21 16:59:23,North America,4,12316.14
2088,712,11,2023-03-11 12:36:43,Asia,3,3863.57
2089,376,13,2023-08-11 22:04:29,South America,5,3339.95
2090,725,6,2022-12-11 17:27:29,Oceania,2,6196.16
2091,268,9,2024-02-27 17:50:17,Asia,2,2678.89
2092,274,2,2020-09-20 10:47:45,Oceania,4,12628.88
2093,936,6,2020-12-18 17:03:29,North America,5,15490.4
2094,831,3,2022-01-24 20:29:15,North America,1,2420.48
2095,182,6,2021-04-23 11:31:44,Africa,1,3098.08
2096,821,4,2020-08-22 07:05:33,North America,1,1079.69
2097,741,1,2020-08-06 16:07:12,Europe,3,10132.26
2098,597,11,2022-10-25 01:44:23,Oceania,4,5151.42
2099,109,10,2020-06-23 12:04:17,Oceania,1,638.28
2100,143,4,2021-07-30 13:27:39,North America,1,1079.69
2101,736,2,2023-09-07 04:32:09,Oceania,1,3157.22
2102,239,4,2020-09-03 17:23:04,South America,1,1079.69
2103,329,11,2021-08-21 12:10:26,South America,5,6439.28
2104,838,4,2021-08-01 02:00:11,South America,4,4318.78
2105,295,12,2020-07-09 08:20:59,South America,5,4545.45
2106,190,9,2020-09-04 04:17:48,Europe,1,1339.44
2107,998,4,2021-03-23 01:25:21,Africa,3,3239.08
2108,590,4,2020-08-23 10:32:55,Europe,1,1079.69
2109,192,14,2021-12-08 11:42:06,Europe,3,5189.14
2110,405,11,2022-07-10 21:00:32,Africa,5,6439.28
2111,423,9,2021-11-09 02:30:47,South America,3,4018.33
2112,257,14,2022-01-18 01:09:50,Africa,3,5189.14
2113,8,11,2022-05-24 10:22:07,Europe,3,3863.57
2114,67,1,2024-03-14 13:34:18,Asia,1,3377.42
2115,925,12,2023-08-29 06:11:29,North America,1,909.09
2116,691,13,2020-02-07 06:42:21,Oceania,4,2671.96
2117,691,2,2025-01-01 06:47:39,Asia,3,9471.66
2118,715,11,2020-07-23 16:16:48,Africa,5,6439.28
2119,269,12,2023-11-01 13:06:40,Asia,3,2727.27
2120,761,13,2023-02-24 22:15:40,South America,4,2671.96
2121,308,13,2022-08-31 22:21:57,Africa,4,2671.96
2122,763,4,2024-12-29 10:58:38,Europe,2,2159.39
2123,44,12,2023-06-26 23:51:42,South America,3,2727.27
2124,902,8,2023-06-06 19:52:44,South America,3,9237.11
2125,890,8,2021-04-19 09:00:27,Europe,4,12316.14
2126,756,13,2023-07-27 15:25:54,North America,4,2671.96
2127,895,3,2023-03-31 03:31:17,Oceania,3,7261.44
2128,153,7,2020-02-13 08:11:59,South America,3,5636.95
2129,811,14,2021-04-14 06:15:28,Africa,2,3459.42
2130,969,3,2020-10-21 16:14:45,North America,2,4840.96
2131,401,8,2022-04-21 15:01:42,Asia,2,6158.07
2132,203,1,2023-05-03 14:55:49,Europe,4,13509.68
2133,311,14,2022-05-12 16:32:45,Europe,5,8648.56
2134,195,8,2024-03-30 18:20:38,South America,5,15395.18
2135,446,14,2024-02-23 02:51:48,Oceania,2,3459.42
2136,62,6,2020-07-26 20:52:43,Asia,1,3098.08
2137,723,8,2022-06-17 21:24:05,Europe,5,15395.18
2138,241,9,2021-11-03 08:14:27,South America,4,5357.77
2139,503,1,2021-05-07 18:15:07,Asia,3,10132.26
2140,646,5,2023-08-25 20:22:00,Africa,5,17561.34
2141,125,10,2024-07-03 12:34:35,Asia,2,1276.56
2142,350,12,2021-02-02 02:19:39,Asia,3,2727.27
2143,579,8,2020-02-25 00:32:14,South America,1,3079.04
2144,379,7,2021-10-12 18:10:12,Asia,2,3757.97
2145,705,4,2024-01-19 11:07:37,Asia,3,3239.08
2146,569,6,2022-10-25 13:40:34,Oceania,5,15490.4
2147,200,3,2024-11-12 23:54:49,Europe,3,7261.44
2148,726,10,2022-01-06 09:20:00,Europe,5,3191.4
2149,501,10,2020-03-01 06:22:00,Asia,4,2553.12
2150,524,2,2021-04-05 22:11:04,Africa,4,12628.88
2151,330,2,2024-03-05 07:10:31,South America,5,15786.1
2152,618,12,2020-07-26 22:19:22,South America,3,2727.27
2153,399,13,2022-05-08 03:44:15,Oceania,2,1335.98
2154,147,6,2024-01-11 21:07:54,Europe,1,3098.08
2155,229,11,2022-10-13 14:52:21,Asia,1,1287.86
2156,845,10,2024-10-11 16:39:11,Europe,4,2553.12
2157,803,5,2024-02-14 21:40:50,Asia,3,10536.8
2158,620,9,2021-08-07 16:50:25,Africa,2,2678.89
2159,620,2,2020-07-07 03:54:03,Oceania,3,9471.66
2160,907,4,2024-04-15 06:36:04,Asia,5,5398.47
2161,255,13,2023-08-07 04:31:09,Oceania,4,2671.96
2162,839,14,2022-07-15 09:41:22,Asia,1,1729.71
2163,210,3,2020-03-19 13:17:21,North America,3,7261.44
2164,668,11,2020-09-01 13:01:06,Asia,4,5151.42
2165,477,13,2023-10-19 19:15:17,Oceania,2,1335.98
2166,392,9,2025-01-19 00:17:51,South America,2,2678.89
2167,777,6,2022-04-29 21:31:10,South America,1,3098.08
2168,283,4,2023-11-09 10:59:41,Asia,5,5398.47
2169,167,10,2022-09-29 21:59:23,North America,2,1276.56
2170,127,1,2024-09-12 18:59:15,South America,3,10132.26
2171,378,3,2023-03-11 04:11:33,Africa,3,7261.44
2172,27,11,2022-10-03 06:33:31,South America,4,5151.42
2173,183,6,2020-04-17 07:02:26,Oceania,5,15490.4
2174,290,6,2024-11-01 08:38:30,North America,5,15490.4
2175,905,9,2021-02-13 16:41:53,South America,1,1339.44
2176,66,2,2021-04-15 21:52:23,North America,2,6314.44
2177,536,3,2020-10-12 09:32:01,Asia,2,4840.96
2178,996,6,2020-09-09 03:37:58,South America,3,9294.24
2179,352,13,2024-03-10 00:09:30,South America,1,667.99
2180,559,1,2023-07-17 13:31:24,Oceania,5,16887.1
2181,809,7,2024-08-29 21:06:46,North America,2,3757.97
2182,834,4,2021-05-09 04:24:26,North America,4,4318.78
2183,782,14,2021-12-07 11:53:10,Europe,3,5189.14
2184,58,11,2020-03-16 06:21:43,North America,5,6439.28
2185,659,14,2024-01-27 05:57:16,North America,2,3459.42
2186,44,4,2021-04-19 04:58:23,Europe,2,2159.39
2187,513,6,2023-04-18 23:58:40,Oceania,3,9294.24
2188,687,7,2024-05-04 06:46:11,Asia,1,1878.98
2189,505,1,2024-09-04 21:17:25,North America,4,13509.68
2190,42,4,2020-04-21 20:46:16,Europe,5,5398.47
2191,236,10,2020-01-23 05:19:11,Asia,4,2553.12
2192,719,2,2023-02-17 16:53:05,Africa,5,15786.1
2193,921,14,2023-05-18 23:59:54,Europe,2,3459.42
2194,156,9,2022-05-24 07:59:01,Asia,1,1339.44
2195,570,6,2023-04-21 18:40:43,Europe,5,15490.4
2196,855,4,2022-03-07 05:29:23,Asia,5,5398.47
2197,201,6,2023-05-04 20:47:49,North America,3,9294.24
2198,667,5,2020-03-30 12:47:12,South America,4,14049.07
2199,618,11,2023-06-14 10:30:01,Europe,5,6439.28
2200,190,2,2023-04-18 18:31:10,North America,1,3157.22
2201,761,14,2021-09-13 19:42:59,Africa,2,3459.42
2202,754,12,2021-10-27 22:31:47,Africa,3,2727.27
2203,838,5,2023-12-11 21:55:35,North America,3,10536.8
2204,664,11,2024-10-27 03:08:43,Asia,2,2575.71
2205,223,9,2022-08-20 19:56:08,North America,1,1339.44
2206,222,14,2022-11-03 11:46:33,Europe,2,3459.42
2207,512,12,2022-10-14 01:38:27,South America,4,3636.36
2208,401,10,2024-03-07 14:29:11,South America,2,1276.56
2209,575,10,2022-02-11 02:52:43,North America,3,1914.84
2210,632,2,2020-04-06 22:26:08,Africa,1,3157.22
2211,52,14,2022-05-02 00:10:08,North America,1,1729.71
2212,311,8,2024-10-31 01:25:11,Europe,4,12316.14
2213,100,1,2021-10-30 22:34:32,Oceania,3,10132.26
2214,196,7,2020-08-24 10:23:24,Asia,3,5636.95
2215,428,11,2022-07-13 04:57:54,North America,1,1287.86
2216,921,2,2021-03-16 16:12:50,Asia,3,9471.66
2217,468,13,2021-01-08 20:05:01,Oceania,2,1335.98
2218,763,11,2024-01-20 10:46:27,Europe,1,1287.86
2219,15,2,2021-12-30 12:10:02,South America,1,3157.22
2220,891,10,2022-04-28 14:23:19,Asia,5,3191.4
2221,24,12,2024-01-30 10:53:19,North America,5,4545.45
2222,749,12,2021-10-31 11:01:25,North America,2,1818.18
2223,408,11,2020-04-02 21:21:55,North America,4,5151.42
2224,510,7,2023-07-05 08:34:52,Europe,4,7515.94
2225,997,1,2020-05-16 19:23:28,Oceania,5,16887.1
2226,65,13,2022-05-24 19:16:36,Oceania,3,2003.97
2227,491,4,2020-03-16 20:21:21,Oceania,3,3239.08
2228,279,14,2021-12-30 13:20:11,Oceania,2,3459.42
2229,459,13,2020-05-17 02:03:24,Africa,1,667.99
2230,856,14,2024-10-02 13:54:52,Oceania,4,6918.85
2231,501,13,2020-05-26 22:32:09,Asia,2,1335.98
2232,373,2,2023-02-15 03:39:39,South America,5,15786.1
2233,841,8,2021-05-24 04:52:32,Asia,5,15395.18
2234,675,6,2024-08-07 02:30:40,Europe,5,15490.4
2235,329,12,2023-06-18 12:14:33,Europe,3,2727.27
2236,595,7,2023-12-23 10:08:47,Asia,3,5636.95
2237,786,5,2024-03-16 09:23:18,Oceania,2,7024.54
2238,556,7,2023-09-03 06:43:48,North America,3,5636.95
2239,617,5,2022-10-30 23:40:12,Asia,2,7024.54
2240,661,8,2024-08-02 06:32:43,Oceania,4,12316.14
2241,169,1,2024-04-22 04:24:24,Oceania,3,10132.26
2242,149,10,2024-08-05 09:03:17,Oceania,3,1914.84
2243,852,12,2024-11-17 09:37:12,Europe,2,1818.18
2244,836,13,2023-05-16 10:00:41,North America,2,1335.98
2245,844,7,2024-04-06 17:52:27,Africa,1,1878.98
2246,43,9,2024-11-22 21:45:01,North America,1,1339.44
2247,261,9,2021-12-05 14:06:57,Oceania,2,2678.89
2248,727,13,2024-02-28 19:54:15,North America,3,2003.97
2249,334,12,2024-08-30 23:26:54,South America,3,2727.27
2250,536,11,2021-11-11 15:08:57,Africa,4,5151.42
2251,360,12,2020-11-26 15:44:40,Europe,4,3636.36
2252,656,11,2021-04-28 17:55:17,Oceania,4,5151.42
2253,917,13,2020-01-02 20:26:58,Africa,2,1335.98
2254,820,2,2021-03-24 11:55:47,North America,4,12628.88
2255,712,5,2023-06-15 18:29:33,Asia,2,7024.54
2256,846,4,2020-10-27 02:03:54,Europe,5,5398.47
2257,25,1,2022-07-07 23:15:33,North America,1,3377.42
2258,213,3,2020-07-27 05:30:40,Asia,1,2420.48
2259,464,2,2023-01-15 18:11:51,Oceania,4,12628.88
2260,413,1,2022-07-21 17:41:19,Asia,5,16887.1
2261,398,6,2022-08-01 19:58:17,South America,2,6196.16
2262,635,10,2025-01-17 10:21:11,North America,4,2553.12
2263,696,8,2024-04-02 10:19:04,Asia,1,3079.04
2264,360,1,2024-01-11 09:59:17,South America,3,10132.26
2265,771,9,2023-08-06 06:55:14,Oceania,1,1339.44
2266,602,10,2024-03-03 08:02:54,North America,3,1914.84
2267,390,1,2020-09-26 18:24:41,South America,4,13509.68
2268,259,9,2020-09-14 18:17:42,Europe,1,1339.44
2269,742,14,2023-11-13 15:51:37,South America,1,1729.71
2270,768,6,2023-12-29 00:00:57,North America,2,6196.16
2271,331,5,2023-11-02 19:50:06,Europe,5,17561.34
2272,629,7,2020-02-01 23:34:20,Oceania,1,1878.98
2273,132,10,2024-04-22 00:03:24,South America,1,638.28
2274,71,9,2023-12-10 01:12:08,Asia,2,2678.89
2275,714,10,2024-07-22 05:55:21,Oceania,4,2553.12
2276,742,1,2024-12-24 14:03:14,North America,3,10132.26
2277,715,9,2021-06-24 08:18:58,South America,4,5357.77
2278,301,14,2020-05-03 16:55:59,Asia,2,3459.42
2279,616,6,2020-12-06 17:55:42,Oceania,4,12392.32
2280,159,14,2021-09-10 15:41:34,South America,1,1729.71
2281,498,4,2023-04-18 07:27:18,Oceania,1,1079.69
2282,827,11,2023-03-16 10:15:00,North America,2,2575.71
2283,310,3,2022-11-22 13:29:15,Oceania,2,4840.96
2284,598,14,2021-12-11 15:31:59,Oceania,4,6918.85
2285,456,13,2020-11-11 11:12:05,Europe,1,667.99
2286,143,3,2024-10-14 11:13:45,North America,5,12102.4
2287,449,8,2023-08-28 21:08:42,North America,3,9237.11
2288,726,9,2024-08-15 13:09:05,North America,3,4018.33
2289,429,8,2022-05-16 12:27:21,South America,1,3079.04
2290,571,12,2020-07-26 23:18:00,North America,4,3636.36
2291,90,5,2024-01-14 14:38:37,South America,3,10536.8
2292,520,4,2021-01-10 23:13:30,North America,2,2159.39
2293,166,2,2021-08-03 08:07:31,Oceania,5,15786.1
2294,202,8,2023-03-05 20:31:22,Africa,5,15395.18
2295,270,8,2021-07-30 08:38:31,Africa,1,3079.04
2296,424,2,2020-05-03 12:24:16,Europe,5,15786.1
2297,208,3,2021-02-17 21:13:01,Oceania,3,7261.44
2298,719,7,2023-03-01 07:47:02,North America,1,1878.98
2299,523,13,2020-12-16 07:26:30,Africa,1,667.99
2300,682,5,2024-07-06 06:23:11,North America,5,17561.34
2301,311,13,2022-09-19 17:49:24,Europe,2,1335.98
2302,882,8,2021-08-09 04:01:55,Oceania,2,6158.07
2303,487,8,2021-10-27 06:07:48,North America,4,12316.14
2304,177,7,2024-08-09 01:55:14,North America,5,9394.92
2305,150,11,2024-05-03 02:30:20,Europe,2,2575.71
2306,882,13,2024-01-24 03:01:42,Africa,1,667.99
2307,75,10,2022-02-06 14:42:42,Oceania,2,1276.56
2308,772,7,2021-12-01 02:43:14,Asia,3,5636.95
2309,417,1,2020-05-13 07:31:11,Asia,4,13509.68
2310,800,7,2021-08-21 09:43:16,Oceania,1,1878.98
2311,744,6,2023-10-29 13:37:55,Africa,4,12392.32
2312,857,14,2021-01-30 14:08:27,South America,2,3459.42
2313,630,13,2023-06-17 01:12:37,Oceania,5,3339.95
2314,893,13,2022-01-19 19:39:35,Africa,2,1335.98
2315,534,5,2020-08-21 04:32:13,South America,4,14049.07
2316,615,1,2020-07-25 02:13:10,Africa,4,13509.68
2317,87,12,2020-05-04 02:46:47,Asia,2,1818.18
2318,285,7,2023-12-14 04:09:33,Oceania,3,5636.95
2319,827,6,2024-07-21 02:11:11,Africa,3,9294.24
2320,335,5,2024-05-07 23:43:38,South America,4,14049.07
2321,396,13,2024-10-06 10:37:14,Oceania,5,3339.95
2322,620,10,2021-03-02 11:23:41,South America,5,3191.4
2323,346,2,2022-11-29 19:56:30,Africa,4,12628.88
2324,530,10,2022-02-20 16:07:45,Oceania,1,638.28
2325,275,5,2025-01-20 20:11:52,Africa,3,10536.8
2326,234,6,2022-01-13 20:03:38,Africa,3,9294.24
2327,196,6,2021-08-19 01:06:53,Asia,3,9294.24
2328,531,11,2022-05-15 08:06:57,Asia,4,5151.42
2329,613,7,2021-03-08 17:17:45,Oceania,2,3757.97
2330,303,4,2024-08-13 08:18:21,Africa,3,3239.08
2331,329,4,2024-12-12 10:21:05,Africa,4,4318.78
2332,178,2,2022-02-06 11:40:40,Europe,3,9471.66
2333,613,13,2021-07-22 19:16:21,Oceania,3,2003.97
2334,830,8,2022-02-02 03:47:04,South America,3,9237.11
2335,496,12,2024-10-31 07:16:16,South America,3,2727.27
2336,551,6,2022-03-02 09:43:32,Africa,2,6196.16
2337,74,5,2023-03-15 22:29:57,Africa,1,3512.27
2338,403,1,2021-08-09 23:29:56,Asia,1,3377.42
2339,951,8,2024-09-06 19:00:23,Africa,4,12316.14
2340,841,5,2024-10-29 00:24:36,South America,5,17561.34
2341,204,5,2023-08-21 20:10:03,Oceania,1,3512.27
2342,502,10,2024-01-20 00:35:03,South America,1,638.28
2343,397,6,2021-03-10 02:49:39,Europe,1,3098.08
2344,126,6,2020-05-07 11:45:44,North America,1,3098.08
2345,285,2,2024-07-20 21:05:33,Asia,5,15786.1
2346,131,13,2023-08-08 00:50:33,Europe,1,667.99
2347,41,11,2020-07-05 00:58:05,North America,5,6439.28
2348,115,6,2022-05-11 03:34:36,Asia,5,15490.4
2349,441,4,2021-11-15 21:01:09,Africa,2,2159.39
2350,619,10,2024-09-12 22:01:13,Asia,3,1914.84
2351,861,4,2020-03-12 07:34:44,Africa,2,2159.39
2352,599,6,2021-06-17 21:29:35,South America,2,6196.16
2353,209,9,2020-02-24 04:27:47,Europe,5,6697.22
2354,94,10,2022-04-18 00:27:48,South America,5,3191.4
2355,128,2,2023-06-16 15:32:40,Europe,2,6314.44
2356,248,8,2021-05-29 15:12:14,Europe,5,15395.18
2357,940,4,2020-11-29 15:20:54,North America,3,3239.08
2358,245,11,2023-09-14 02:21:47,Africa,3,3863.57
2359,882,10,2023-10-18 04:29:20,Europe,4,2553.12
2360,238,2,2023-06-23 06:32:54,Oceania,1,3157.22
2361,455,8,2023-04-09 12:34:20,Africa,2,6158.07
2362,769,7,2024-08-08 15:36:55,Asia,1,1878.98
2363,211,11,2023-09-18 15:00:19,Africa,4,5151.42
2364,351,6,2024-03-30 10:32:02,Africa,1,3098.08
2365,631,7,2021-09-30 08:55:20,Asia,4,7515.94
2366,148,12,2023-03-19 08:41:20,Europe,1,909.09
2367,807,7,2021-11-08 01:54:59,Asia,2,3757.97
2368,362,7,2022-02-11 21:18:43,Oceania,3,5636.95
2369,298,4,2023-12-30 08:20:29,North America,4,4318.78
2370,703,10,2020-07-20 00:00:20,South America,2,1276.56
2371,731,13,2023-04-23 04:14:22,Africa,1,667.99
2372,354,6,2020-03-04 16:09:08,South America,4,12392.32
2373,447,12,2023-08-10 18:00:28,North America,4,3636.36
2374,448,5,2021-12-11 02:25:59,Asia,3,10536.8
2375,376,5,2021-05-06 04:39:22,Europe,4,14049.07
2376,225,14,2024-05-25 18:58:29,Africa,5,8648.56
2377,544,13,2020-04-22 18:13:29,South America,2,1335.98
2378,374,1,2020-10-06 12:50:08,Oceania,2,6754.84
2379,938,3,2024-09-13 13:32:49,North America,1,2420.48
2380,257,2,2022-03-03 17:00:52,South America,5,15786.1
2381,153,5,2023-09-16 06:35:43,Asia,2,7024.54
2382,892,3,2023-06-26 03:52:36,Asia,2,4840.96
2383,171,9,2021-12-21 05:25:35,North America,1,1339.44
2384,636,1,2021-06-30 15:19:49,Asia,5,16887.1
2385,562,8,2021-06-05 17:29:10,Europe,4,12316.14
2386,18,13,2020-08-27 09:04:33,North America,2,1335.98
2387,792,2,2021-07-09 07:07:09,Africa,3,9471.66
2388,128,13,2024-09-15 11:22:37,Asia,4,2671.96
2389,741,3,2024-07-16 00:22:31,Europe,2,4840.96
2390,252,13,2022-10-08 05:23:16,Europe,1,667.99
2391,785,5,2020-03-05 08:50:34,Africa,5,17561.34
2392,517,1,2021-02-23 06:32:05,Europe,4,13509.68
2393,50,8,2021-02-15 00:19:51,Europe,2,6158.07
2394,883,10,2024-11-17 22:26:19,Asia,3,1914.84
2395,474,4,2021-06-28 03:45:28,Oceania,4,4318.78
2396,113,12,2021-05-18 14:04:31,Oceania,2,1818.18
2397,621,13,2020-07-27 09:24:06,South America,1,667.99
2398,140,1,2023-12-02 13:42:10,Africa,3,10132.26
2399,819,8,2024-09-05 18:30:59,Africa,4,12316.14
2400,744,7,2023-12-20 17:43:28,Oceania,5,9394.92
2401,966,9,2024-11-29 03:25:26,Oceania,3,4018.33
2402,858,12,2022-02-20 03:57:56,Africa,4,3636.36
2403,960,7,2024-04-12 05:46:23,South America,2,3757.97
2404,130,13,2021-10-04 19:03:41,North America,1,667.99
2405,615,6,2020-12-24 23:00:11,Africa,3,9294.24
2406,926,7,2023-03-14 00:25:58,Asia,4,7515.94
2407,383,1,2024-02-22 17:52:30,Europe,3,10132.26
2408,769,1,2023-09-15 04:01:57,Oceania,2,6754.84
2409,769,3,2025-01-08 09:38:42,Oceania,4,9681.92
2410,144,11,2023-05-16 10:48:04,Europe,3,3863.57
2411,146,1,2023-09-26 00:09:15,Asia,2,6754.84
2412,499,7,2023-12-16 08:10:36,Asia,4,7515.94
2413,904,4,2021-02-09 04:22:51,South America,4,4318.78
2414,983,1,2021-03-28 04:03:36,Oceania,2,6754.84
2415,945,2,2023-03-08 02:07:08,North America,3,9471.66
2416,359,8,2023-09-08 11:19:45,North America,4,12316.14
2417,613,5,2024-05-11 11:21:20,Africa,3,10536.8
2418,489,1,2020-07-29 12:13:40,Asia,4,13509.68
2419,340,4,2024-04-23 07:35:58,Europe,3,3239.08
2420,12,2,2024-10-10 19:11:37,Asia,2,6314.44
2421,62,1,2021-11-10 10:59:29,Oceania,5,16887.1
2422,534,6,2023-10-25 00:02:40,South America,1,3098.08
2423,343,13,2023-12-01 01:46:57,Asia,5,3339.95
2424,637,6,2023-02-17 05:38:53,North America,3,9294.24
2425,821,9,2021-01-18 01:44:59,South America,5,6697.22
2426,777,8,2024-05-15 20:30:12,North America,4,12316.14
2427,683,13,2024-10-25 14:09:34,Africa,5,3339.95
2428,69,3,2022-10-22 17:55:18,Oceania,4,9681.92
2429,732,8,2021-03-23 05:48:00,Europe,3,9237.11
2430,781,4,2023-04-07 16:52:43,Asia,1,1079.69
2431,404,4,2020-05-16 17:52:43,Asia,1,1079.69
2432,13,3,2023-07-23 20:21:58,Africa,2,4840.96
2433,199,7,2023-08-19 08:49:41,Africa,2,3757.97
2434,582,5,2020-01-02 18:16:37,North America,2,7024.54
2435,168,14,2022-04-04 21:41:16,Oceania,1,1729.71
2436,495,13,2021-11-11 16:51:59,South America,1,667.99
2437,938,3,2020-12-20 22:07:46,North America,4,9681.92
2438,686,8,2023-03-02 03:00:30,South America,3,9237.11
2439,979,5,2024-10-01 09:53:32,Africa,5,17561.34
2440,911,14,2022-10-11 12:04:13,Africa,3,5189.14
2441,160,11,2024-06-03 17:36:37,Oceania,5,6439.28
2442,286,13,2022-02-01 02:38:08,Europe,5,3339.95
2443,835,1,2024-02-10 20:36:57,Asia,4,13509.68
2444,337,9,2024-03-29 22:46:09,Oceania,3,4018.33
2445,415,1,2022-07-22 03:09:33,Asia,5,16887.1
2446,110,14,2024-09-20 08:50:59,Europe,2,3459.42
2447,865,13,2022-02-11 19:15:03,South America,2,1335.98
2448,927,3,2024-08-11 14:03:13,Africa,1,2420.48
2449,372,7,2023-07-26 16:38:33,Africa,4,7515.94
2450,340,5,2022-01-23 09:40:38,Europe,1,3512.27
2451,639,8,2022-09-02 10:19:50,North America,1,3079.04
2452,447,7,2021-04-23 14:29:52,South America,4,7515.94
2453,485,1,2023-02-24 17:32:31,North America,3,10132.26
2454,316,4,2024-03-08 03:47:51,South America,4,4318.78
2455,603,4,2023-08-29 07:00:00,Europe,4,4318.78
2456,294,4,2021-05-27 07:25:10,Asia,5,5398.47
2457,164,10,2025-01-17 18:32:39,South America,3,1914.84
2458,874,2,2020-09-12 01:26:12,North America,1,3157.22
2459,816,12,2021-04-11 04:15:33,Africa,1,909.09
2460,439,8,2021-04-16 21:33:57,North America,1,3079.04
2461,3,8,2020-04-11 13:08:33,Europe,2,6158.07
2462,299,14,2023-01-14 22:31:41,Oceania,3,5189.14
2463,586,2,2021-05-28 07:48:45,Asia,1,3157.22
2464,339,2,2024-12-15 21:27:10,North America,1,3157.22
2465,41,10,2021-08-20 07:03:38,Europe,1,638.28
2466,919,7,2020-11-30 02:38:58,Asia,4,7515.94
2467,608,5,2024-06-22 11:55:36,North America,5,17561.34
2468,852,10,2021-03-06 15:57:31,North America,3,1914.84
2469,474,10,2021-05-04 00:09:01,Oceania,3,1914.84
2470,795,12,2020-10-25 15:14:27,South America,5,4545.45
2471,622,4,2020-04-09 12:36:30,South America,3,3239.08
2472,873,6,2024-01-08 12:06:24,South America,2,6196.16
2473,368,9,2022-07-01 08:22:28,Oceania,3,4018.33
2474,723,14,2023-07-22 14:04:19,Europe,4,6918.85
2475,814,14,2022-10-11 17:46:51,Europe,3,5189.14
2476,247,8,2021-04-27 05:58:24,North America,2,6158.07
2477,82,1,2020-12-31 17:42:03,Europe,5,16887.1
2478,111,8,2021-04-08 22:36:52,Oceania,2,6158.07
2479,76,5,2022-09-21 01:13:48,Africa,3,10536.8
2480,245,12,2023-09-14 12:55:05,South America,4,3636.36
2481,126,11,2024-12-30 19:54:38,Asia,5,6439.28
2482,960,12,2024-01-10 06:27:28,Oceania,2,1818.18
2483,35,6,2023-04-29 03:44:01,Europe,2,6196.16
2484,354,2,2020-04-07 11:49:32,Asia,1,3157.22
2485,399,3,2023-12-11 01:21:32,Oceania,4,9681.92
2486,990,7,2023-10-28 21:31:08,Europe,3,5636.95
2487,836,6,2022-09-05 00:19:20,Africa,4,12392.32
2488,889,12,2020-01-24 02:40:10,Europe,2,1818.18
2489,978,5,2020-10-16 14:42:49,South America,4,14049.07
2490,897,6,2020-05-10 13:38:46,Europe,2,6196.16
2491,246,9,2024-03-19 00:32:34,Asia,5,6697.22
2492,930,4,2023-07-22 06:39:36,North America,2,2159.39
2493,790,1,2022-12-01 13:10:26,Africa,3,10132.26
2494,382,6,2020-11-20 23:20:11,South America,1,3098.08
2495,791,14,2021-09-18 16:49:43,Europe,5,8648.56
2496,152,6,2022-04-29 13:36:51,Africa,5,15490.4
2497,401,9,2021-09-03 00:06:28,South America,5,6697.22
2498,789,12,2023-11-14 11:43:00,Oceania,1,909.09
2499,606,9,2024-07-31 23:15:42,South America,3,4018.33
2500,46,5,2020-02-25 15:49:54,South America,3,10536.8
2501,604,11,2024-01-14 06:35:39,South America,1,1287.86
2502,952,8,2024-11-11 19:46:47,Europe,5,15395.18
2503,946,6,2021-11-23 12:35:40,South America,5,15490.4
2504,272,5,2021-12-13 22:44:28,Oceania,1,3512.27
2505,927,10,2023-05-11 15:21:34,Asia,3,1914.84
2506,5,9,2020-05-05 23:11:27,Europe,2,2678.89
2507,975,14,2022-01-12 11:38:16,South America,4,6918.85
2508,3,7,2020-08-24 10:51:10,Asia,1,1878.98
2509,549,14,2023-07-18 19:30:35,North America,5,8648.56
2510,514,14,2020-06-08 01:25:39,South America,3,5189.14
2511,595,4,2024-09-12 02:53:29,Asia,5,5398.47
2512,799,2,2023-04-23 15:55:10,Africa,2,6314.44
2513,744,6,2024-08-20 10:51:43,Oceania,2,6196.16
2514,206,1,2020-09-04 13:08:22,Asia,4,13509.68
2515,663,4,2020-03-05 06:49:31,North America,4,4318.78
2516,133,12,2021-06-09 03:14:26,Oceania,3,2727.27
2517,300,11,2023-07-15 03:33:58,Europe,3,3863.57
2518,928,7,2021-05-24 05:48:51,Asia,2,3757.97
2519,100,13,2022-08-19 13:25:39,Africa,3,2003.97
2520,709,9,2020-08-24 19:48:19,Europe,1,1339.44
2521,895,2,2022-01-14 06:14:54,North America,1,3157.22
2522,798,13,2021-07-10 01:00:21,North America,3,2003.97
2523,784,8,2021-01-12 07:09:04,Africa,3,9237.11
2524,785,14,2023-12-16 15:04:32,Africa,5,8648.56
2525,126,8,2022-05-14 15:35:39,North America,5,15395.18
2526,365,13,2023-01-02 11:29:44,Europe,1,667.99
2527,398,13,2024-08-21 04:50:48,Asia,2,1335.98
2528,743,1,2020-09-25 12:15:18,North America,5,16887.1
2529,167,3,2021-05-13 03:48:14,Africa,3,7261.44
2530,835,12,2021-08-26 06:23:50,South America,5,4545.45
2531,947,13,2020-04-02 13:14:12,Asia,3,2003.97
2532,874,7,2020-11-17 18:41:35,Africa,4,7515.94
2533,795,13,2021-10-21 18:42:29,Europe,4,2671.96
2534,195,10,2024-12-26 17:45:30,Oceania,4,2553.12
2535,715,2,2024-03-15 23:17:04,Africa,2,6314.44
2536,790,8,2022-09-28 02:01:02,Oceania,4,12316.14
2537,378,4,2020-04-23 00:39:02,South America,1,1079.69
2538,193,1,2023-01-09 06:08:42,North America,5,16887.1
2539,681,6,2023-07-15 00:26:12,Oceania,3,9294.24
2540,858,1,2023-12-10 23:40:08,North America,3,10132.26
2541,138,14,2025-01-21 12:12:19,Africa,1,1729.71
2542,575,13,2025-01-16 00:44:51,Europe,1,667.99
2543,485,8,2024-09-09 18:37:04,Oceania,5,15395.18
2544,780,6,2020-04-10 21:53:29,Oceania,1,3098.08
2545,325,4,2024-07-26 15:42:06,South America,3,3239.08
2546,301,1,2020-06-19 14:36:37,Asia,1,3377.42
2547,681,3,2023-03-25 07:37:20,Europe,3,7261.44
2548,288,6,2020-08-19 03:27:38,Africa,4,12392.32
2549,373,2,2022-08-16 02:51:43,Oceania,4,12628.88
2550,308,7,2020-03-22 05:43:10,Asia,1,1878.98
2551,336,3,2021-03-02 23:07:48,Africa,1,2420.48
2552,618,10,2023-01-31 08:21:27,North America,1,638.28
2553,98,5,2022-09-15 23:02:32,North America,3,10536.8
2554,188,10,2024-12-13 22:04:51,North America,2,1276.56
2555,238,1,2022-08-25 18:16:02,Africa,3,10132.26
2556,773,9,2024-09-01 11:40:19,Africa,1,1339.44
2557,892,12,2022-07-12 09:18:54,Africa,5,4545.45
2558,674,5,2023-06-08 02:18:32,North America,1,3512.27
2559,320,7,2022-11-01 10:09:18,Asia,1,1878.98
2560,759,1,2020-08-01 14:11:20,North America,2,6754.84
2561,972,10,2020-11-27 21:43:28,South America,1,638.28
2562,44,8,2023-06-15 08:42:38,Africa,3,9237.11
2563,110,5,2025-01-09 17:15:22,Africa,2,7024.54
2564,917,13,2020-09-11 19:01:31,Asia,2,1335.98
2565,173,3,2020-11-18 17:23:31,Oceania,5,12102.4
2566,832,1,2021-11-09 14:25:02,Oceania,4,13509.68
2567,726,3,2024-05-02 12:49:38,Europe,2,4840.96
2568,418,1,2022-04-29 03:47:59,Africa,5,16887.1
2569,814,12,2024-03-10 14:51:20,Africa,2,1818.18
2570,244,1,2021-10-17 13:51:39,Africa,4,13509.68
2571,683,7,2024-06-27 18:12:53,Asia,2,3757.97
2572,353,3,2025-01-09 11:00:49,South America,4,9681.92
2573,933,10,2022-04-16 20:57:18,Europe,3,1914.84
2574,632,14,2023-07-29 14:11:10,Asia,1,1729.71
2575,664,10,2020-01-05 12:18:59,North America,4,2553.12
2576,416,10,2022-02-24 20:17:27,Oceania,2,1276.56
2577,132,10,2024-12-07 15:09:16,North America,2,1276.56
2578,991,11,2021-02-15 12:04:53,Oceania,2,2575.71
2579,42,4,2020-05-24 16:04:45,Oceania,2,2159.39
2580,74,11,2021-02-17 02:22:13,Europe,4,5151.42
2581,284,2,2020-01-09 18:06:00,Oceania,5,15786.1
2582,216,12,2020-02-12 18:00:51,South America,1,909.09
2583,110,6,2023-10-21 00:17:29,Europe,2,6196.16
2584,151,12,2023-02-19 16:30:07,Asia,1,909.09
2585,421,7,2022-05-04 14:18:09,South America,5,9394.92
2586,680,4,2021-10-04 10:44:37,South America,2,2159.39
2587,362,4,2024-03-02 02:35:08,South America,2,2159.39
2588,972,5,2020-06-01 00:44:27,Asia,4,14049.07
2589,4,7,2021-05-07 18:27:12,North America,4,7515.94
2590,801,14,2023-11-26 06:42:05,Africa,1,1729.71
2591,297,4,2020-12-09 01:14:59,Asia,4,4318.78
2592,145,5,2021-07-04 02:33:23,South America,3,10536.8
2593,788,1,2024-07-03 09:16:06,North America,4,13509.68
2594,601,8,2022-07-30 23:54:33,Oceania,3,9237.11
2595,230,8,2022-05-06 07:23:11,South America,2,6158.07
2596,987,7,2021-05-13 12:38:15,South America,3,5636.95
2597,226,8,2020-02-23 06:28:53,Europe,2,6158.07
2598,661,8,2021-11-11 00:20:43,Africa,4,12316.14
2599,522,11,2020-12-07 05:06:03,Asia,2,2575.71
2600,739,6,2022-03-02 16:05:54,Oceania,5,15490.4
2601,102,5,2022-08-21 19:28:08,Oceania,5,17561.34
2602,414,1,2024-10-28 02:12:22,North America,1,3377.42
2603,248,5,2022-01-28 23:53:43,Oceania,3,10536.8
2604,954,9,2024-11-19 15:23:14,Africa,5,6697.22
2605,944,3,2024-06-29 10:58:32,North America,4,9681.92
2606,153,1,2024-09-16 19:43:07,South America,3,10132.26
2607,582,6,2024-02-03 11:23:42,Europe,1,3098.08
2608,192,2,2023-08-12 23:00:48,Asia,3,9471.66
2609,713,13,2024-12-26 05:40:12,Europe,3,2003.97
2610,644,7,2024-10-22 01:32:06,Africa,5,9394.92
2611,366,2,2024-01-06 00:01:10,Africa,4,12628.88
2612,201,4,2020-05-22 07:21:04,Asia,3,3239.08
2613,366,8,2024-07-12 09:01:59,Asia,2,6158.07
2614,505,4,2024-10-13 10:12:50,North America,4,4318.78
2615,707,2,2024-10-21 21:18:22,Europe,1,3157.22
2616,237,7,2021-09-28 18:52:37,South America,1,1878.98
2617,423,9,2020-11-14 19:32:26,Oceania,1,1339.44
2618,1000,9,2021-02-25 16:06:35,Europe,4,5357.77
2619,756,4,2023-02-26 06:35:33,North America,2,2159.39
2620,38,5,2024-12-30 07:08:48,South America,1,3512.27
2621,124,5,2023-10-29 14:16:08,Europe,5,17561.34
2622,96,6,2021-01-04 00:48:42,North America,2,6196.16
2623,825,5,2024-07-26 01:30:03,Oceania,5,17561.34
2624,645,13,2020-05-17 05:35:42,South America,2,1335.98
2625,706,5,2021-06-02 23:14:09,Oceania,5,17561.34
2626,776,12,2024-02-29 23:27:09,Europe,1,909.09
2627,815,7,2020-11-06 23:30:57,North America,3,5636.95
2628,516,10,2024-11-23 13:25:26,Asia,2,1276.56
2629,1,7,2023-01-13 20:22:06,South America,3,5636.95
2630,570,12,2020-03-24 13:45:44,Oceania,2,1818.18
2631,100,11,2020-03-07 08:49:16,Oceania,5,6439.28
2632,282,4,2021-05-02 15:21:02,Europe,2,2159.39
2633,756,1,2021-08-31 12:05:09,Europe,2,6754.84
2634,203,3,2023-12-02 19:50:55,North America,3,7261.44
2635,678,8,2021-02-21 22:10:06,North America,2,6158.07
2636,121,12,2023-02-13 02:50:23,Oceania,2,1818.18
2637,775,13,2023-09-03 15:01:17,Europe,3,2003.97
2638,705,2,2024-01-11 19:52:22,South America,2,6314.44
2639,8,3,2020-04-19 03:26:44,Africa,3,7261.44
2640,180,11,2020-12-03 04:10:03,North America,4,5151.42
2641,783,3,2020-08-15 11:09:32,Europe,2,4840.96
2642,426,2,2021-12-13 06:39:00,Oceania,4,12628.88
2643,833,3,2024-06-04 09:32:11,Oceania,3,7261.44
2644,569,11,2025-01-12 07:04:33,Africa,5,6439.28
2645,338,8,2025-01-20 07:57:09,Africa,2,6158.07
2646,677,10,2023-10-27 04:14:03,South America,2,1276.56
2647,177,10,2022-05-17 08:49:32,Asia,4,2553.12
2648,267,10,2020-03-03 05:22:37,Europe,2,1276.56
2649,416,5,2024-07-21 13:52:36,South America,4,14049.07
2650,950,2,2020-12-24 08:56:03,Oceania,5,15786.1
2651,130,1,2024-07-15 15:50:29,North America,2,6754.84
2652,574,8,2024-12-09 01:19:19,Oceania,4,12316.14
2653,756,14,2020-06-13 03:25:00,Africa,2,3459.42
2654,185,9,2021-01-27 19:05:07,Europe,2,2678.89
2655,930,1,2024-08-16 03:00:40,North America,5,16887.1
2656,248,9,2020-09-16 15:16:23,Asia,5,6697.22
2657,538,9,2022-03-17 17:31:13,Asia,1,1339.44
2658,341,9,2021-07-07 23:45:42,North America,2,2678.89
2659,438,8,2021-03-10 01:42:48,Europe,2,6158.07
2660,716,11,2024-05-28 05:31:44,Europe,1,1287.86
2661,640,8,2023-08-04 11:43:40,Oceania,1,3079.04
2662,650,9,2022-09-26 22:18:35,South America,1,1339.44
2663,169,11,2022-11-15 03:21:24,North America,3,3863.57
2664,34,13,2020-03-25 21:15:40,Oceania,1,667.99
2665,708,1,2020-09-16 20:11:16,Asia,1,3377.42
2666,169,13,2020-09-08 20:30:37,North America,5,3339.95
2667,705,4,2020-11-01 06:50:28,South America,4,4318.78
2668,803,9,2020-06-26 20:41:18,Oceania,3,4018.33
2669,767,10,2021-04-10 08:03:07,Asia,1,638.28
2670,321,7,2024-04-14 22:27:43,Oceania,1,1878.98
2671,297,13,2022-03-21 06:57:39,Europe,3,2003.97
2672,88,9,2024-11-25 18:22:52,Africa,2,2678.89
2673,489,5,2024-06-10 11:42:23,North America,4,14049.07
2674,155,3,2024-04-06 20:14:37,Africa,3,7261.44
2675,808,1,2023-03-24 21:29:21,South America,3,10132.26
2676,42,9,2023-12-22 21:21:59,North America,4,5357.77
2677,46,10,2020-01-09 16:27:15,Oceania,1,638.28
2678,268,4,2022-12-08 23:19:25,Oceania,4,4318.78
2679,350,2,2024-05-21 19:35:56,Asia,3,9471.66
2680,543,3,2023-03-19 12:55:55,Africa,4,9681.92
2681,126,4,2021-04-08 18:36:20,Asia,4,4318.78
2682,524,4,2023-02-22 04:51:37,Oceania,3,3239.08
2683,51,6,2021-06-12 21:41:26,Africa,3,9294.24
2684,385,12,2024-09-12 16:36:58,Oceania,1,909.09
2685,41,11,2020-06-13 18:42:16,South America,4,5151.42
2686,213,4,2024-09-30 11:03:35,South America,4,4318.78
2687,633,6,2024-06-21 16:06:57,Europe,1,3098.08
2688,129,2,2022-04-12 01:24:43,North America,1,3157.22
2689,951,2,2022-02-24 11:15:40,Africa,4,12628.88
2690,128,9,2020-01-16 10:43:09,Asia,5,6697.22
2691,641,12,2021-07-05 07:15:48,Africa,3,2727.27
2692,972,8,2022-02-12 15:55:44,Africa,4,12316.14
2693,199,7,2024-06-29 10:29:28,Oceania,2,3757.97
2694,66,7,2022-01-22 13:46:07,Europe,3,5636.95
2695,690,2,2023-05-28 00:19:26,Africa,2,6314.44
2696,695,5,2024-06-08 22:31:18,Africa,2,7024.54
2697,661,11,2023-06-20 11:55:55,Asia,3,3863.57
2698,163,1,2023-07-28 06:32:06,Oceania,2,6754.84
2699,134,6,2023-08-31 17:24:57,Europe,5,15490.4
2700,107,5,2020-09-12 06:54:38,South America,3,10536.8
2701,895,1,2022-06-25 01:09:34,Oceania,4,13509.68
2702,400,3,2023-03-06 22:28:43,Asia,3,7261.44
2703,888,14,2021-08-02 17:05:26,South America,1,1729.71
2704,808,4,2022-11-22 03:04:16,Africa,3,3239.08
2705,700,3,2021-08-18 12:06:14,Oceania,3,7261.44
2706,24,11,2023-12-30 17:13:00,South America,1,1287.86
2707,316,7,2022-06-21 20:45:48,Africa,3,5636.95
2708,590,14,2024-04-18 15:39:36,North America,5,8648.56
2709,791,4,2023-02-18 11:47:30,Europe,1,1079.69
2710,570,12,2024-05-30 16:34:22,Europe,5,4545.45
2711,851,5,2021-02-21 02:41:32,South America,3,10536.8
2712,625,14,2022-11-22 02:56:39,North America,1,1729.71
2713,297,11,2022-06-24 06:35:16,Europe,1,1287.86
2714,210,4,2023-01-08 03:27:02,Europe,2,2159.39
2715,849,9,2024-12-29 02:57:22,Asia,3,4018.33
2716,905,12,2023-05-11 08:27:22,Oceania,1,909.09
2717,228,13,2020-11-13 10:46:10,North America,2,1335.98
2718,97,12,2023-11-13 20:09:49,Africa,5,4545.45
2719,478,12,2024-08-18 07:45:34,North America,1,909.09
2720,622,4,2025-01-17 08:58:28,North America,2,2159.39
2721,647,11,2024-03-10 09:30:21,Europe,2,2575.71
2722,138,7,2021-12-02 06:43:29,North America,3,5636.95
2723,904,7,2020-08-26 17:39:05,North America,1,1878.98
2724,941,13,2024-04-17 15:03:42,South America,5,3339.95
2725,777,6,2020-10-23 02:39:51,South America,4,12392.32
2726,984,9,2024-09-12 17:06:02,Oceania,4,5357.77
2727,885,9,2020-02-03 03:45:27,Europe,1,1339.44
2728,214,14,2020-04-01 08:05:25,Africa,1,1729.71
2729,110,6,2020-12-14 00:24:57,Africa,4,12392.32
2730,131,14,2024-06-15 14:33:33,North America,5,8648.56
2731,251,12,2022-11-03 05:48:22,South America,4,3636.36
2732,653,12,2022-03-30 20:51:07,Oceania,4,3636.36
2733,291,14,2021-01-06 21:32:57,Oceania,5,8648.56
2734,930,7,2021-10-25 22:45:30,South America,1,1878.98
2735,377,10,2021-02-20 02:16:07,North America,3,1914.84
2736,79,5,2020-08-08 07:37:59,North America,5,17561.34
2737,892,9,2022-06-10 04:03:18,North America,5,6697.22
2738,553,5,2021-12-19 18:40:10,South America,2,7024.54
2739,543,8,2020-03-22 22:44:53,Africa,3,9237.11
2740,143,13,2021-08-27 22:19:35,Europe,4,2671.96
2741,835,12,2021-10-31 19:13:38,Africa,2,1818.18
2742,617,9,2020-08-16 08:40:23,Europe,2,2678.89
2743,463,5,2022-11-15 04:20:27,South America,3,10536.8
2744,79,2,2020-04-23 08:21:34,Oceania,3,9471.66
2745,764,14,2021-02-08 01:24:49,Africa,3,5189.14
2746,549,7,2023-02-13 17:16:18,Oceania,1,1878.98
2747,22,13,2022-01-08 08:22:04,South America,3,2003.97
2748,959,7,2023-09-14 15:37:58,Oceania,4,7515.94
2749,48,9,2020-12-27 23:48:45,Oceania,1,1339.44
2750,132,7,2020-05-10 23:34:00,Europe,1,1878.98
2751,896,1,2021-09-23 06:21:49,Asia,5,16887.1
2752,400,7,2020-10-01 14:04:17,North America,5,9394.92
2753,396,3,2020-08-13 19:22:10,Asia,4,9681.92
2754,963,12,2020-11-06 12:29:40,Europe,2,1818.18
2755,787,4,2022-11-24 00:00:39,Asia,3,3239.08
2756,54,14,2024-04-30 15:26:39,Africa,4,6918.85
2757,188,7,2020-12-03 22:45:12,South America,5,9394.92
2758,642,14,2023-08-11 19:02:32,Africa,4,6918.85
2759,660,3,2021-10-17 02:45:27,Africa,5,12102.4
2760,852,5,2020-05-05 08:06:20,North America,3,10536.8
2761,248,5,2020-01-16 09:46:14,Africa,5,17561.34
2762,459,13,2022-11-30 10:47:58,Asia,2,1335.98
2763,244,8,2024-06-30 07:51:59,Europe,5,15395.18
2764,418,1,2021-12-27 05:28:25,Oceania,2,6754.84
2765,384,10,2020-06-14 21:49:04,North America,1,638.28
2766,684,6,2020-02-26 02:13:00,Africa,4,12392.32
2767,842,1,2023-02-18 02:10:29,Africa,5,16887.1
2768,595,12,2022-06-17 23:28:13,Asia,1,909.09
2769,588,3,2023-11-08 18:10:34,Asia,1,2420.48
2770,597,13,2023-06-05 15:03:02,Africa,2,1335.98
2771,724,10,2023-07-31 04:29:35,Africa,5,3191.4
2772,587,13,2022-07-09 22:03:21,Africa,4,2671.96
2773,658,10,2023-11-18 08:54:21,North America,5,3191.4
2774,911,9,2021-03-27 01:29:01,Africa,3,4018.33
2775,803,6,2023-04-08 08:29:06,Oceania,5,15490.4
2776,975,10,2021-04-01 12:01:59,Asia,2,1276.56
2777,579,2,2020-03-07 02:15:24,Africa,3,9471.66
2778,909,5,2021-08-27 03:18:59,Europe,5,17561.34
2779,912,4,2021-07-28 15:12:51,Europe,1,1079.69
2780,302,13,2023-08-28 13:46:22,South America,2,1335.98
2781,578,9,2023-06-21 01:11:46,Africa,1,1339.44
2782,717,1,2024-01-09 11:45:45,Europe,5,16887.1
2783,408,11,2023-11-21 09:55:23,South America,1,1287.86
2784,996,1,2021-06-24 08:00:51,Oceania,4,13509.68
2785,222,5,2021-12-09 17:08:27,Africa,5,17561.34
2786,622,4,2023-01-29 01:53:29,Oceania,3,3239.08
2787,250,9,2024-10-09 10:37:18,North America,2,2678.89
2788,857,14,2020-01-10 13:04:56,Asia,3,5189.14
2789,984,7,2021-03-18 14:18:34,Oceania,1,1878.98
2790,580,10,2022-11-26 12:08:06,North America,4,2553.12
2791,563,13,2023-06-16 02:46:24,Africa,2,1335.98
2792,782,6,2021-03-31 12:12:11,South America,5,15490.4
2793,677,5,2024-09-06 16:45:06,South America,1,3512.27
2794,587,7,2023-06-18 06:31:23,Oceania,3,5636.95
2795,75,14,2020-02-16 09:29:32,Africa,2,3459.42
2796,494,13,2020-11-01 06:15:28,Oceania,4,2671.96
2797,851,11,2021-08-14 04:47:53,Africa,2,2575.71
2798,322,10,2021-01-08 09:42:46,Asia,3,1914.84
2799,864,4,2023-05-23 15:01:34,Africa,3,3239.08
2800,153,4,2022-08-23 10:39:19,Africa,5,5398.47
2801,279,11,2020-04-01 12:15:24,Europe,1,1287.86
2802,490,13,2020-01-04 00:56:18,North America,2,1335.98
2803,684,14,2023-09-11 03:53:19,Africa,5,8648.56
2804,401,7,2020-06-20 08:20:59,North America,1,1878.98
2805,854,13,2024-04-14 13:27:26,Europe,4,2671.96
2806,77,2,2022-11-06 07:33:10,North America,2,6314.44
2807,50,2,2024-06-27 20:32:37,North America,4,12628.88
2808,627,11,2020-09-05 21:01:10,Asia,3,3863.57
2809,645,10,2022-09-25 12:46:59,North America,1,638.28
2810,465,7,2024-06-09 04:48:12,Europe,2,3757.97
2811,893,10,2023-07-01 08:26:40,Oceania,4,2553.12
2812,148,1,2021-11-16 02:28:28,Oceania,3,10132.26
2813,287,5,2024-03-18 17:55:05,South America,1,3512.27
2814,454,10,2023-04-28 23:32:05,Europe,3,1914.84
2815,60,12,2021-03-10 03:03:41,Oceania,4,3636.36
2816,413,13,2021-02-07 23:38:54,Africa,4,2671.96
2817,141,6,2024-09-21 18:26:03,North America,1,3098.08
2818,764,14,2024-01-13 02:23:33,South America,4,6918.85
2819,946,1,2024-10-22 16:52:23,Oceania,2,6754.84
2820,955,10,2022-03-29 19:24:17,North America,1,638.28
2821,407,9,2022-03-27 11:43:10,North America,5,6697.22
2822,994,4,2021-09-21 15:54:18,South America,2,2159.39
2823,238,2,2022-09-03 04:27:40,Asia,2,6314.44
2824,733,3,2022-12-07 01:45:38,South America,2,4840.96
2825,112,8,2020-09-02 21:54:48,South America,5,15395.18
2826,11,4,2020-11-11 20:03:44,North America,2,2159.39
2827,618,3,2023-03-26 02:08:38,North America,1,2420.48
2828,225,13,2022-01-09 08:33:05,Africa,4,2671.96
2829,686,6,2023-12-24 04:18:21,South America,2,6196.16
2830,560,10,2023-03-14 03:11:01,North America,3,1914.84
2831,195,4,2020-08-18 22:53:47,Oceania,4,4318.78
2832,559,5,2022-04-02 01:54:25,Africa,3,10536.8
2833,51,12,2024-12-03 06:56:32,Asia,2,1818.18
2834,49,3,2022-07-02 11:27:35,Africa,4,9681.92
2835,45,14,2023-09-01 13:36:02,Asia,1,1729.71
2836,292,1,2023-11-04 12:04:28,Europe,2,6754.84
2837,699,5,2023-05-22 15:50:34,South America,1,3512.27
2838,548,2,2023-12-10 03:04:27,Oceania,2,6314.44
2839,810,8,2021-06-13 03:50:40,Europe,5,15395.18
2840,77,1,2020-10-13 16:02:27,South America,2,6754.84
2841,916,14,2024-07-24 01:15:00,Europe,5,8648.56
2842,105,11,2022-03-22 04:54:18,Africa,2,2575.71
2843,953,7,2024-11-13 18:10:11,Africa,2,3757.97
2844,349,12,2023-09-22 14:30:08,Europe,4,3636.36
2845,777,7,2024-08-02 17:35:20,Europe,2,3757.97
2846,898,2,2021-07-04 14:13:40,Africa,5,15786.1
2847,698,6,2020-03-31 14:06:01,Asia,4,12392.32
2848,235,10,2020-03-12 04:56:27,South America,4,2553.12
2849,805,12,2024-08-19 00:11:48,Oceania,5,4545.45
2850,652,7,2021-01-04 16:54:27,South America,4,7515.94
2851,490,12,2023-06-05 00:27:22,South America,1,909.09
2852,242,7,2021-03-31 07:07:31,North America,5,9394.92
2853,374,13,2023-03-14 13:18:13,Africa,1,667.99
2854,148,2,2021-07-14 15:15:03,Europe,2,6314.44
2855,645,6,2021-05-09 16:05:29,North America,3,9294.24
2856,403,11,2020-02-16 01:57:55,Asia,3,3863.57
2857,553,8,2022-04-03 01:01:03,South America,1,3079.04
2858,584,3,2024-06-12 09:35:11,Oceania,1,2420.48
2859,789,3,2024-11-07 20:22:54,Europe,1,2420.48
2860,336,10,2023-11-19 23:56:16,Africa,4,2553.12
2861,978,1,2025-01-09 00:46:01,Africa,5,16887.1
2862,792,11,2021-12-31 19:12:49,South America,3,3863.57
2863,639,10,2022-06-16 06:47:36,Africa,5,3191.4
2864,889,1,2021-01-29 04:25:01,North America,2,6754.84
2865,872,6,2021-12-14 23:03:37,Oceania,1,3098.08
2866,862,9,2022-02-18 02:51:48,Africa,4,5357.77
2867,993,5,2022-07-15 06:43:33,Africa,2,7024.54
2868,346,14,2024-05-10 08:49:12,Africa,5,8648.56
2869,645,2,2022-05-31 00:12:30,Asia,1,3157.22
2870,463,11,2024-04-25 20:32:43,South America,5,6439.28
2871,986,13,2023-10-03 09:35:03,North America,1,667.99
2872,366,3,2024-08-17 01:15:41,South America,2,4840.96
2873,459,7,2021-08-31 21:58:49,Africa,4,7515.94
2874,788,11,2020-03-22 10:56:50,Africa,2,2575.71
2875,463,5,2020-08-30 07:29:39,Africa,4,14049.07
2876,66,12,2024-03-17 14:17:19,Africa,4,3636.36
2877,545,8,2024-08-10 20:43:04,Europe,4,12316.14
2878,878,10,2023-09-18 01:09:26,Africa,5,3191.4
2879,510,12,2021-02-06 07:17:20,Asia,2,1818.18
2880,529,10,2024-03-14 12:23:12,Oceania,2,1276.56
2881,40,13,2022-09-15 18:43:39,Oceania,5,3339.95
2882,537,1,2021-08-01 14:51:03,Oceania,4,13509.68
2883,641,13,2023-02-19 10:50:30,North America,2,1335.98
2884,713,5,2023-01-24 14:11:06,South America,1,3512.27
2885,391,12,2022-10-28 02:32:15,Oceania,5,4545.45
2886,468,10,2020-04-05 04:14:49,Oceania,1,638.28
2887,128,3,2024-08-10 05:18:22,Europe,3,7261.44
2888,798,12,2023-03-09 14:55:45,Asia,3,2727.27
2889,258,3,2023-05-06 13:07:51,South America,5,12102.4
2890,608,7,2021-03-12 01:33:53,Asia,2,3757.97
2891,847,14,2022-07-02 22:26:55,Europe,5,8648.56
2892,654,4,2024-07-13 01:13:20,Oceania,2,2159.39
2893,590,14,2023-04-30 23:48:26,Europe,3,5189.14
2894,888,4,2024-11-13 23:44:17,North America,5,5398.47
2895,349,7,2022-03-21 01:19:09,North America,2,3757.97
2896,701,11,2021-08-02 18:02:17,Africa,3,3863.57
2897,780,6,2021-07-06 17:04:44,Asia,4,12392.32
2898,399,3,2021-06-17 22:36:02,South America,5,12102.4
2899,969,10,2021-11-21 13:41:04,Asia,2,1276.56
2900,543,10,2020-11-13 14:07:47,Europe,3,1914.84
2901,882,9,2024-10-05 15:40:09,Oceania,1,1339.44
2902,401,6,2020-03-20 17:17:37,Oceania,3,9294.24
2903,502,9,2023-04-15 03:03:22,Africa,3,4018.33
2904,333,1,2022-09-22 13:50:37,South America,5,16887.1
2905,792,11,2022-03-24 02:17:21,Europe,3,3863.57
2906,8,4,2021-01-07 18:11:29,Oceania,3,3239.08
2907,916,9,2020-08-19 11:50:28,North America,5,6697.22
2908,936,8,2024-02-13 12:13:45,Europe,5,15395.18
2909,49,4,2022-11-02 12:08:50,Africa,5,5398.47
2910,242,5,2020-09-24 05:22:59,Asia,1,3512.27
2911,216,7,2020-10-01 01:12:34,Asia,3,5636.95
2912,301,8,2022-10-12 05:34:31,Asia,1,3079.04
2913,208,2,2021-06-23 01:49:04,Asia,2,6314.44
2914,635,4,2024-01-18 10:22:03,Oceania,4,4318.78
2915,867,9,2022-01-09 21:39:50,South America,1,1339.44
2916,459,14,2020-05-22 06:30:42,North America,3,5189.14
2917,983,10,2021-04-10 01:26:02,Oceania,3,1914.84
2918,886,11,2022-05-30 17:42:41,North America,1,1287.86
2919,37,13,2021-07-04 22:17:30,South America,3,2003.97
2920,393,10,2021-01-14 02:00:03,Oceania,5,3191.4
2921,606,9,2024-10-10 11:24:03,North America,4,5357.77
2922,620,12,2024-01-25 03:17:39,North America,2,1818.18
2923,279,6,2021-12-31 03:36:38,Africa,2,6196.16
2924,540,9,2023-06-03 13:43:44,Europe,3,4018.33
2925,912,3,2024-09-27 19:14:51,South America,3,7261.44
2926,427,1,2024-12-18 01:55:07,Africa,3,10132.26
2927,426,13,2024-08-01 08:24:26,South America,4,2671.96
2928,287,5,2021-03-05 10:21:36,South America,2,7024.54
2929,724,6,2022-11-13 21:49:01,Oceania,5,15490.4
2930,915,11,2024-08-08 21:56:29,Oceania,3,3863.57
2931,348,12,2023-08-03 23:57:45,Asia,5,4545.45
2932,816,14,2022-06-13 21:16:09,Europe,3,5189.14
2933,515,3,2021-01-03 15:45:53,North America,3,7261.44
2934,832,12,2022-10-29 09:41:41,North America,4,3636.36
2935,140,14,2020-05-02 10:02:24,North America,1,1729.71
2936,160,13,2023-03-03 07:52:53,Oceania,3,2003.97
2937,236,10,2020-08-14 00:29:46,Europe,2,1276.56
2938,135,11,2022-10-09 18:43:59,Asia,1,1287.86
2939,71,4,2022-10-03 13:26:44,Asia,1,1079.69
2940,493,1,2021-09-26 02:08:52,Oceania,5,16887.1
2941,649,7,2021-07-19 22:00:58,Oceania,5,9394.92
2942,103,5,2022-06-02 11:38:22,Africa,3,10536.8
2943,538,10,2023-04-13 17:14:42,Africa,4,2553.12
2944,635,12,2021-03-23 14:48:55,South America,4,3636.36
2945,987,14,2023-08-07 10:33:35,South America,2,3459.42
2946,921,11,2022-06-28 06:55:18,Oceania,4,5151.42
2947,424,3,2021-02-07 01:51:32,Asia,1,2420.48
2948,867,9,2023-02-19 22:16:55,Asia,2,2678.89
2949,215,2,2021-11-09 15:57:54,Europe,5,15786.1
2950,725,9,2021-02-19 11:19:03,Europe,1,1339.44
2951,857,2,2021-09-13 22:35:03,Africa,2,6314.44
2952,147,14,2022-08-05 04:42:48,Africa,1,1729.71
2953,95,1,2020-01-26 05:05:13,North America,4,13509.68
2954,533,4,2022-03-26 05:14:38,South America,4,4318.78
2955,164,4,2023-12-10 01:39:29,Asia,5,5398.47
2956,25,9,2024-01-05 09:34:26,South America,2,2678.89
2957,532,12,2023-11-17 19:52:22,Europe,1,909.09
2958,806,3,2024-01-31 13:19:40,South America,3,7261.44
2959,329,5,2024-10-12 04:50:13,Oceania,3,10536.8
2960,273,8,2023-03-23 05:32:53,Europe,2,6158.07
2961,884,10,2022-10-08 02:08:09,Europe,1,638.28
2962,634,2,2023-11-10 04:52:31,South America,5,15786.1
2963,922,11,2022-01-19 00:53:40,Oceania,5,6439.28
2964,105,7,2024-09-02 20:18:01,Europe,1,1878.98
2965,736,8,2023-12-27 10:12:34,Europe,1,3079.04
2966,65,8,2021-09-08 03:53:59,South America,2,6158.07
2967,807,12,2024-10-19 19:02:24,Oceania,2,1818.18
2968,597,3,2022-10-09 07:05:40,Europe,1,2420.48
2969,177,3,2024-10-27 05:14:04,Africa,5,12102.4
2970,220,12,2021-06-15 21:02:36,North America,4,3636.36
2971,751,7,2024-12-23 01:56:24,North America,3,5636.95
2972,656,5,2024-09-14 12:50:21,Africa,2,7024.54
2973,148,4,2022-10-07 01:24:01,Oceania,2,2159.39
2974,373,12,2024-11-29 13:21:42,Africa,2,1818.18
2975,209,6,2022-08-15 02:43:27,Asia,5,15490.4
2976,428,2,2023-12-09 13:49:42,Oceania,4,12628.88
2977,762,8,2021-05-16 22:54:45,South America,2,6158.07
2978,297,4,2024-11-09 04:06:20,Asia,1,1079.69
2979,268,14,2024-11-29 13:38:34,South America,3,5189.14
2980,626,12,2021-07-14 16:06:27,South America,1,909.09
2981,619,14,2023-09-25 07:00:05,North America,5,8648.56
2982,192,10,2023-09-29 11:20:39,North America,2,1276.56
2983,166,1,2022-02-04 19:34:40,Oceania,3,10132.26
2984,923,10,2024-06-25 07:58:23,South America,4,2553.12
2985,737,2,2024-03-03 09:28:05,Oceania,2,6314.44
2986,917,14,2021-03-05 14:33:31,Africa,3,5189.14
2987,975,9,2022-01-25 01:25:17,Europe,5,6697.22
2988,153,1,2021-02-22 13:10:29,Asia,1,3377.42
2989,407,12,2024-08-29 12:18:41,Europe,1,909.09
2990,178,1,2022-04-04 07:03:50,Africa,1,3377.42
2991,501,10,2024-05-30 07:24:28,Africa,4,2553.12
2992,519,14,2023-09-23 23:13:57,Asia,5,8648.56
2993,701,4,2024-05-16 23:33:51,Asia,3,3239.08
2994,190,4,2023-05-10 04:33:04,North America,5,5398.47
2995,818,14,2021-09-19 13:51:13,North America,1,1729.71
2996,285,5,2023-04-20 00:16:30,Oceania,2,7024.54
2997,84,14,2024-11-17 21:31:49,Asia,5,8648.56
2998,113,8,2022-12-13 17:48:15,Europe,1,3079.04
2999,977,4,2020-10-17 17:01:42,North America,5,5398.47
3000,798,3,2021-06-04 08:13:08,Oceania,5,12102.4
3001,965,10,2020-03-15 15:48:11,North America,3,1914.84
3002,311,4,2022-05-11 04:21:02,Oceania,4,4318.78
3003,889,12,2021-08-22 04:02:01,North America,5,4545.45
3004,627,14,2020-01-16 06:18:02,Africa,2,3459.42
3005,426,8,2021-10-15 17:50:11,Oceania,1,3079.04
3006,608,8,2020-12-23 19:42:29,Europe,1,3079.04
3007,408,1,2021-04-16 14:05:17,North America,2,6754.84
3008,213,3,2023-12-01 05:47:34,South America,1,2420.48
3009,478,13,2020-06-15 05:30:26,North America,2,1335.98
3010,621,13,2020-12-26 04:39:28,North America,1,667.99
3011,392,7,2021-02-06 08:24:16,Europe,1,1878.98
3012,43,2,2020-04-09 03:55:50,South America,5,15786.1
3013,140,12,2024-07-02 00:40:21,South America,3,2727.27
3014,955,4,2021-10-27 03:38:58,North America,2,2159.39
3015,301,10,2023-09-02 11:08:09,South America,2,1276.56
3016,346,4,2020-02-11 15:51:08,Oceania,5,5398.47
3017,184,8,2024-06-06 16:01:56,North America,3,9237.11
3018,154,13,2021-07-01 05:44:20,North America,3,2003.97
3019,93,5,2024-09-30 20:19:22,Oceania,1,3512.27
3020,405,11,2021-03-12 20:43:55,Asia,5,6439.28
3021,881,1,2022-10-11 19:59:21,Europe,5,16887.1
3022,154,10,2023-03-12 21:02:47,Europe,3,1914.84
3023,18,14,2021-08-24 15:52:50,Oceania,5,8648.56
3024,868,6,2023-03-28 03:48:35,North America,3,9294.24
3025,830,12,2021-10-28 19:05:24,Oceania,1,909.09
3026,683,10,2022-12-08 14:52:09,Europe,5,3191.4
3027,798,12,2024-03-22 18:03:08,North America,5,4545.45
3028,795,2,2023-11-10 16:53:03,North America,2,6314.44
3029,146,5,2023-08-09 21:27:00,Asia,2,7024.54
3030,563,6,2023-02-13 06:26:00,South America,5,15490.4
3031,315,13,2021-10-20 16:48:20,North America,2,1335.98
3032,266,2,2020-03-20 16:16:15,Europe,2,6314.44
3033,494,1,2021-01-17 11:57:35,Asia,4,13509.68
3034,629,3,2021-12-18 02:12:07,Africa,4,9681.92
3035,507,5,2021-05-31 20:05:31,Africa,1,3512.27
3036,635,1,2020-09-22 05:54:59,South America,4,13509.68
3037,437,14,2020-03-10 12:48:10,South America,5,8648.56
3038,234,3,2022-05-24 06:36:50,Africa,2,4840.96
3039,666,2,2022-09-19 10:48:44,Asia,3,9471.66
3040,976,14,2020-01-24 13:01:03,Europe,2,3459.42
3041,719,12,2020-04-10 14:39:01,Europe,3,2727.27
3042,61,2,2023-02-02 09:10:07,South America,1,3157.22
3043,980,8,2023-11-03 16:18:47,Asia,5,15395.18
3044,434,13,2020-07-20 13:58:53,Asia,3,2003.97
3045,454,10,2023-03-01 16:04:42,Asia,3,1914.84
3046,436,14,2022-02-03 14:21:44,Asia,2,3459.42
3047,492,14,2021-03-01 04:57:30,Asia,1,1729.71
3048,473,7,2020-12-09 11:58:07,North America,1,1878.98
3049,569,1,2024-05-16 12:15:54,North America,1,3377.42
3050,40,4,2023-07-05 19:39:08,Africa,1,1079.69
3051,236,2,2023-05-23 12:37:45,Asia,4,12628.88
3052,782,2,2021-05-17 22:13:37,South America,4,12628.88
3053,529,1,2020-02-10 18:58:12,Africa,5,16887.1
3054,100,13,2023-10-23 03:29:45,North America,3,2003.97
3055,152,10,2020-12-02 02:36:20,Asia,1,638.28
3056,722,1,2020-09-19 07:55:44,Europe,4,13509.68
3057,521,1,2023-11-08 07:22:45,North America,4,13509.68
3058,253,1,2021-12-13 01:34:15,Asia,4,13509.68
3059,82,1,2023-01-26 23:08:35,Africa,3,10132.26
3060,977,5,2022-07-21 19:15:40,Europe,4,14049.07
3061,821,7,2020-12-20 19:48:21,Oceania,2,3757.97
3062,202,1,2024-10-21 19:14:14,South America,1,3377.42
3063,187,6,2024-06-28 19:39:17,Oceania,5,15490.4
3064,364,8,2023-08-27 08:42:58,Africa,4,12316.14
3065,260,8,2021-09-27 13:14:27,North America,1,3079.04
3066,575,1,2021-09-10 03:53:25,Oceania,3,10132.26
3067,823,14,2023-06-04 18:31:46,Europe,2,3459.42
3068,843,13,2022-02-28 20:06:05,South America,4,2671.96
3069,911,7,2021-04-07 15:47:58,North America,4,7515.94
3070,362,10,2024-06-17 22:11:52,Europe,1,638.28
3071,851,3,2020-02-28 23:17:46,North America,4,9681.92
3072,59,5,2023-07-12 18:01:46,South America,4,14049.07
3073,103,5,2025-01-04 22:27:04,North America,3,10536.8
3074,774,2,2020-06-06 03:20:09,South America,1,3157.22
3075,603,8,2021-01-21 06:13:33,Asia,4,12316.14
3076,39,1,2024-12-24 06:51:41,Europe,3,10132.26
3077,557,13,2020-07-30 02:19:26,Oceania,5,3339.95
3078,577,13,2024-11-18 21:07:59,North America,3,2003.97
3079,323,4,2022-09-10 20:19:16,Europe,1,1079.69
3080,44,5,2024-04-08 03:36:25,North America,5,17561.34
3081,828,10,2024-03-23 19:59:00,South America,3,1914.84
3082,803,10,2024-03-11 03:39:09,Oceania,5,3191.4
3083,230,11,2021-09-09 05:26:43,South America,1,1287.86
3084,605,8,2023-07-12 01:02:49,South America,1,3079.04
3085,618,9,2020-11-13 01:48:12,South America,3,4018.33
3086,930,7,2021-04-06 04:28:42,Europe,1,1878.98
3087,497,5,2024-02-15 21:48:58,South America,1,3512.27
3088,585,5,2021-12-25 20:01:31,Europe,2,7024.54
3089,781,6,2021-07-22 14:36:45,Europe,4,12392.32
3090,755,12,2025-01-10 02:17:40,Africa,5,4545.45
3091,297,10,2020-12-19 23:51:57,Africa,5,3191.4
3092,457,13,2020-07-27 03:33:13,Oceania,1,667.99
3093,843,5,2023-08-31 09:48:25,Oceania,2,7024.54
3094,143,1,2023-12-22 18:03:47,North America,2,6754.84
3095,528,8,2021-06-16 22:04:06,North America,5,15395.18
3096,92,7,2021-05-07 00:03:49,Oceania,1,1878.98
3097,682,11,2022-03-17 05:05:15,North America,1,1287.86
3098,871,9,2021-12-31 18:35:01,Asia,1,1339.44
3099,701,12,2024-11-10 18:47:11,Africa,5,4545.45
3100,610,9,2023-10-25 16:34:06,Europe,5,6697.22
3101,919,2,2023-10-12 21:06:07,North America,1,3157.22
3102,749,14,2024-04-13 18:49:48,Oceania,5,8648.56
3103,602,5,2020-04-04 20:54:46,North America,5,17561.34
3104,994,9,2022-03-18 21:40:08,Asia,4,5357.77
3105,548,3,2021-01-08 13:57:34,South America,2,4840.96
3106,970,6,2024-05-13 06:53:22,Oceania,5,15490.4
3107,950,4,2023-09-30 03:08:36,Africa,5,5398.47
3108,383,8,2024-08-01 22:11:29,Europe,1,3079.04
3109,64,13,2022-03-17 05:46:23,Africa,1,667.99
3110,48,7,2022-09-21 19:42:14,South America,4,7515.94
3111,683,2,2021-08-09 22:28:26,South America,2,6314.44
3112,577,2,2025-01-24 17:08:56,South America,3,9471.66
3113,94,13,2021-05-05 08:43:51,Africa,1,667.99
3114,913,8,2022-04-20 03:41:12,Europe,5,15395.18
3115,615,11,2024-10-04 21:25:46,Africa,4,5151.42
3116,155,8,2024-12-02 15:14:39,Oceania,4,12316.14
3117,953,14,2020-06-04 10:09:45,Asia,4,6918.85
3118,45,10,2021-12-13 12:37:33,Oceania,3,1914.84
3119,121,5,2024-12-10 00:36:59,South America,1,3512.27
3120,116,6,2020-05-16 18:27:28,South America,4,12392.32
3121,922,9,2021-07-04 00:15:37,South America,2,2678.89
3122,291,11,2024-09-30 05:29:08,Europe,5,6439.28
3123,342,12,2023-01-04 23:19:42,North America,4,3636.36
3124,798,8,2023-05-22 00:49:33,Europe,5,15395.18
3125,300,11,2023-08-02 23:11:54,Oceania,1,1287.86
3126,656,5,2023-03-15 04:03:02,South America,5,17561.34
3127,560,4,2023-08-26 19:32:35,North America,3,3239.08
3128,273,8,2022-08-28 13:45:39,Europe,5,15395.18
3129,67,8,2021-04-20 04:43:22,Africa,1,3079.04
3130,347,2,2021-03-18 05:37:00,Europe,4,12628.88
3131,956,6,2022-01-25 11:10:41,Oceania,5,15490.4
3132,417,5,2024-08-25 13:47:38,Europe,5,17561.34
3133,1,9,2021-11-20 17:42:44,Asia,5,6697.22
3134,548,7,2024-04-08 01:34:31,Europe,5,9394.92
3135,629,1,2021-03-03 01:42:52,Asia,4,13509.68
3136,405,8,2024-06-25 23:34:28,South America,2,6158.07
3137,617,10,2023-08-13 03:55:01,North America,1,638.28
3138,639,14,2020-10-04 01:52:50,Asia,1,1729.71
3139,76,4,2024-12-27 04:27:21,Oceania,1,1079.69
3140,255,6,2021-05-22 04:26:12,Europe,5,15490.4
3141,732,7,2021-12-23 19:33:34,Europe,1,1878.98
3142,487,12,2020-01-02 07:38:48,Asia,4,3636.36
3143,192,4,2022-03-01 17:49:47,Asia,1,1079.69
3144,570,9,2023-05-29 15:31:10,Asia,1,1339.44
3145,799,14,2021-05-29 10:02:40,Asia,1,1729.71
3146,929,5,2024-03-19 18:00:54,Europe,3,10536.8
3147,269,2,2020-10-29 11:47:44,South America,5,15786.1
3148,326,11,2021-08-23 09:39:39,Oceania,1,1287.86
3149,297,5,2024-10-28 06:56:20,South America,1,3512.27
3150,412,14,2023-12-31 09:11:08,Oceania,1,1729.71
3151,496,12,2024-05-21 11:52:57,Europe,1,909.09
3152,717,5,2024-07-30 06:05:38,Africa,5,17561.34
3153,772,9,2024-08-25 13:13:59,Africa,1,1339.44
3154,980,12,2023-05-29 22:42:08,South America,1,909.09
3155,854,9,2020-10-28 01:14:48,Asia,2,2678.89
3156,82,8,2023-07-09 07:40:06,Africa,3,9237.11
3157,869,2,2022-10-11 05:43:47,Africa,2,6314.44
3158,190,7,2022-04-03 09:48:16,Africa,4,7515.94
3159,433,10,2022-02-12 12:58:46,Oceania,5,3191.4
3160,999,10,2024-09-03 09:34:32,South America,4,2553.12
3161,320,9,2024-10-28 07:05:35,Asia,4,5357.77
3162,706,14,2022-10-13 23:14:30,Asia,1,1729.71
3163,603,5,2020-06-02 04:06:50,North America,3,10536.8
3164,128,10,2021-07-15 01:07:36,North America,2,1276.56
3165,866,11,2023-01-27 13:40:44,Europe,4,5151.42
3166,714,7,2022-12-27 07:55:18,North America,1,1878.98
3167,73,8,2023-08-05 14:33:10,Oceania,1,3079.04
3168,746,1,2025-01-25 17:28:07,Africa,2,6754.84
3169,771,13,2023-05-11 20:49:00,Europe,5,3339.95
3170,432,6,2023-06-30 06:41:31,Oceania,2,6196.16
3171,664,3,2024-05-18 00:24:41,Africa,1,2420.48
3172,267,6,2020-06-22 09:35:48,South America,3,9294.24
3173,498,1,2020-03-17 23:13:24,Africa,1,3377.42
3174,672,11,2022-07-24 14:05:08,Europe,5,6439.28
3175,306,9,2022-02-16 09:35:16,Europe,5,6697.22
3176,49,5,2023-03-11 05:21:27,Oceania,4,14049.07
3177,886,5,2023-09-13 05:05:31,South America,5,17561.34
3178,510,7,2022-10-12 13:31:40,South America,1,1878.98
3179,269,3,2022-08-23 10:36:32,Asia,1,2420.48
3180,434,14,2024-03-02 11:13:59,South America,3,5189.14
3181,349,9,2024-11-09 16:30:57,South America,1,1339.44
3182,802,5,2021-11-16 19:01:17,Europe,3,10536.8
3183,801,9,2020-03-30 18:17:38,South America,5,6697.22
3184,134,4,2022-03-12 20:28:35,South America,3,3239.08
3185,897,7,2021-07-26 16:17:41,South America,2,3757.97
3186,345,12,2020-06-17 08:52:42,North America,3,2727.27
3187,407,11,2022-12-14 03:56:47,Europe,3,3863.57
3188,948,1,2023-08-14 23:15:16,Europe,1,3377.42
3189,877,3,2021-06-27 10:04:44,Europe,1,2420.48
3190,302,3,2023-08-23 07:33:45,South America,4,9681.92
3191,711,11,2022-08-23 01:13:39,South America,4,5151.42
3192,138,13,2020-07-28 04:39:28,South America,3,2003.97
3193,29,2,2021-07-03 12:56:36,Asia,1,3157.22
3194,727,2,2023-03-03 08:18:15,Africa,1,3157.22
3195,835,5,2024-05-25 11:29:47,Oceania,5,17561.34
3196,398,1,2024-07-25 22:28:14,North America,1,3377.42
3197,111,8,2024-05-22 23:54:33,South America,5,15395.18
3198,493,12,2024-10-02 05:20:16,Europe,4,3636.36
3199,201,14,2021-06-21 03:32:59,Africa,1,1729.71
3200,610,6,2020-02-12 07:34:43,Asia,4,12392.32
3201,457,3,2022-03-28 11:48:52,Europe,4,9681.92
3202,654,13,2020-08-24 13:23:12,Europe,4,2671.96
3203,748,2,2020-06-15 03:06:10,Europe,2,6314.44
3204,542,5,2024-01-27 08:05:06,Asia,2,7024.54
3205,234,7,2025-01-03 03:48:01,Oceania,3,5636.95
3206,396,14,2020-05-29 10:07:30,South America,5,8648.56
3207,568,6,2023-02-18 21:02:12,Asia,2,6196.16
3208,971,9,2022-08-20 09:35:58,Europe,2,2678.89
3209,127,11,2021-12-23 12:59:04,Africa,5,6439.28
3210,333,5,2022-04-13 17:58:50,North America,3,10536.8
3211,33,11,2022-03-01 14:15:43,Asia,4,5151.42
3212,669,6,2023-12-22 14:45:02,Asia,3,9294.24
3213,758,3,2020-08-26 07:26:56,North America,2,4840.96
3214,144,4,2023-10-22 04:14:44,Asia,2,2159.39
3215,789,9,2024-03-06 06:30:44,Oceania,5,6697.22
3216,963,10,2023-11-01 10:21:53,South America,1,638.28
3217,923,13,2021-10-02 21:20:48,Europe,4,2671.96
3218,681,5,2024-02-29 03:44:58,Europe,2,7024.54
3219,32,4,2024-08-01 06:59:42,South America,5,5398.47
3220,702,3,2024-01-14 22:38:39,Asia,1,2420.48
3221,732,1,2020-07-07 19:57:07,North America,5,16887.1
3222,622,13,2022-02-06 05:01:46,North America,4,2671.96
3223,262,6,2020-04-13 03:34:54,South America,2,6196.16
3224,624,13,2022-10-06 17:44:05,Oceania,2,1335.98
3225,559,9,2022-04-08 19:27:53,Africa,2,2678.89
3226,916,4,2021-12-14 02:07:52,Asia,3,3239.08
3227,13,1,2024-05-18 02:58:44,North America,1,3377.42
3228,733,14,2023-09-30 17:09:42,South America,4,6918.85
3229,518,5,2020-07-27 00:57:50,South America,5,17561.34
3230,354,3,2022-02-28 11:15:48,Asia,3,7261.44
3231,939,11,2022-03-23 22:14:39,Asia,3,3863.57
3232,438,1,2021-10-15 06:34:13,Africa,5,16887.1
3233,901,6,2024-01-16 02:52:34,Africa,1,3098.08
3234,635,4,2024-09-12 11:13:42,North America,4,4318.78
3235,16,11,2022-01-18 12:33:47,Oceania,3,3863.57
3236,611,2,2024-07-25 06:05:53,South America,2,6314.44
3237,984,9,2022-03-04 16:14:15,Africa,5,6697.22
3238,753,7,2024-10-30 09:35:02,Africa,5,9394.92
3239,436,10,2024-05-17 11:20:19,Europe,5,3191.4
3240,907,13,2020-07-08 06:35:21,Asia,5,3339.95
3241,323,8,2021-02-16 17:38:01,South America,5,15395.18
3242,108,5,2021-03-03 07:00:07,Asia,4,14049.07
3243,386,4,2020-10-05 04:42:51,Oceania,1,1079.69
3244,613,9,2022-02-23 21:41:56,Europe,4,5357.77
3245,275,3,2024-09-25 18:04:11,Oceania,2,4840.96
3246,232,10,2021-05-20 14:19:44,Africa,4,2553.12
3247,242,4,2020-11-16 15:23:57,Europe,5,5398.47
3248,1000,2,2024-04-02 08:24:14,North America,5,15786.1
3249,402,14,2024-10-26 07:21:35,Europe,2,3459.42
3250,177,9,2020-06-02 09:44:56,Oceania,5,6697.22
3251,592,9,2021-06-05 06:49:32,Europe,2,2678.89
3252,125,1,2020-02-16 07:14:09,Europe,1,3377.42
3253,236,3,2020-02-20 13:44:05,North America,1,2420.48
3254,709,9,2023-12-04 05:42:06,South America,4,5357.77
3255,389,2,2020-04-02 14:05:06,Africa,1,3157.22
3256,862,11,2024-09-29 23:34:44,Oceania,5,6439.28
3257,493,12,2021-01-13 02:48:43,North America,4,3636.36
3258,561,2,2021-08-11 07:01:17,Asia,3,9471.66
3259,393,13,2022-06-16 03:47:47,North America,1,667.99
3260,940,12,2024-09-14 05:05:37,Asia,2,1818.18
3261,951,6,2020-09-21 05:57:55,Africa,2,6196.16
3262,523,13,2024-02-08 08:21:29,Asia,1,667.99
3263,432,13,2021-03-05 12:52:06,Europe,5,3339.95
3264,323,5,2025-01-03 00:46:20,Asia,4,14049.07
3265,853,11,2020-04-18 08:02:12,North America,1,1287.86
3266,204,12,2023-11-20 23:40:30,South America,1,909.09
3267,938,3,2023-02-23 17:32:43,Asia,1,2420.48
3268,967,6,2023-03-24 02:24:40,South America,5,15490.4
3269,855,2,2020-03-01 17:23:33,Oceania,3,9471.66
3270,48,7,2023-04-26 11:35:24,South America,4,7515.94
3271,276,2,2020-02-10 12:28:31,Oceania,1,3157.22
3272,403,6,2020-09-25 21:01:13,Oceania,3,9294.24
3273,93,12,2022-05-26 17:48:03,North America,2,1818.18
3274,828,8,2022-10-03 10:02:48,North America,5,15395.18
3275,409,10,2022-04-15 07:59:40,Africa,5,3191.4
3276,481,1,2020-02-16 17:47:29,Asia,5,16887.1
3277,792,9,2023-08-28 15:24:25,South America,2,2678.89
3278,562,4,2024-09-17 02:19:58,Europe,3,3239.08
3279,387,9,2024-10-20 03:45:19,Africa,5,6697.22
3280,415,3,2023-11-27 09:58:16,North America,4,9681.92
3281,541,4,2023-09-08 16:18:09,Africa,5,5398.47
3282,569,9,2021-01-02 14:04:38,South America,5,6697.22
3283,542,11,2020-08-13 17:00:59,Asia,4,5151.42
3284,32,6,2023-08-25 02:14:21,Europe,5,15490.4
3285,372,8,2024-11-03 21:47:24,South America,1,3079.04
3286,919,7,2025-01-21 16:09:55,Europe,1,1878.98
3287,130,1,2021-02-16 06:54:26,South America,1,3377.42
3288,903,12,2023-11-13 05:51:46,Oceania,3,2727.27
3289,535,10,2021-08-03 06:43:39,South America,5,3191.4
3290,16,5,2024-09-15 00:44:29,North America,1,3512.27
3291,780,10,2021-03-08 11:31:10,North America,3,1914.84
3292,803,8,2022-11-08 17:13:25,Africa,3,9237.11
3293,322,2,2024-02-20 23:50:34,South America,4,12628.88
3294,298,12,2021-03-04 15:46:11,South America,1,909.09
3295,304,7,2021-07-28 09:31:08,North America,5,9394.92
3296,99,9,2021-03-25 10:08:28,Asia,5,6697.22
3297,95,10,2023-06-05 11:54:32,Europe,5,3191.4
3298,447,5,2021-05-20 13:11:32,Europe,2,7024.54
3299,618,8,2024-05-10 10:23:45,Africa,3,9237.11
3300,77,8,2022-04-01 06:09:26,Oceania,1,3079.04
3301,749,6,2021-02-13 18:27:26,North America,3,9294.24
3302,844,9,2022-07-01 08:01:03,Asia,3,4018.33
3303,498,14,2022-09-17 23:24:52,South America,1,1729.71
3304,799,9,2020-01-09 23:12:22,Africa,2,2678.89
3305,145,3,2024-03-23 22:54:07,North America,3,7261.44
3306,728,10,2020-06-03 15:56:37,North America,1,638.28
3307,648,7,2022-11-29 02:07:45,South America,2,3757.97
3308,282,1,2021-06-17 09:10:12,Europe,4,13509.68
3309,848,3,2023-12-31 05:56:29,Europe,3,7261.44
3310,516,3,2022-10-16 08:47:10,Oceania,5,12102.4
3311,907,13,2020-01-16 17:04:03,North America,3,2003.97
3312,92,8,2024-05-24 08:42:07,Europe,5,15395.18
3313,165,12,2023-11-07 06:05:21,Europe,3,2727.27
3314,93,3,2020-08-13 05:05:46,South America,4,9681.92
3315,965,9,2020-01-20 09:48:35,South America,3,4018.33
3316,68,1,2024-10-13 11:55:40,Oceania,3,10132.26
3317,715,13,2020-10-11 04:15:39,North America,1,667.99
3318,589,6,2021-07-07 00:39:38,South America,1,3098.08
3319,908,13,2020-09-24 17:34:23,Asia,1,667.99
3320,191,7,2020-05-15 12:30:44,Oceania,1,1878.98
3321,372,4,2020-06-14 09:52:12,Africa,4,4318.78
3322,140,4,2020-04-11 23:50:10,South America,1,1079.69
3323,73,13,2025-01-18 09:38:08,Asia,4,2671.96
3324,697,1,2024-02-12 07:43:52,Asia,1,3377.42
3325,928,12,2024-04-15 10:23:11,Africa,1,909.09
3326,805,5,2022-10-13 15:56:52,Oceania,5,17561.34
3327,301,4,2024-10-29 02:53:45,Africa,2,2159.39
3328,480,7,2024-09-21 08:37:25,Africa,5,9394.92
3329,219,14,2022-12-06 16:15:56,Europe,4,6918.85
3330,610,5,2024-01-07 03:04:51,North America,3,10536.8
3331,424,14,2024-05-18 00:36:22,Europe,1,1729.71
3332,486,4,2024-07-30 19:29:27,North America,3,3239.08
3333,219,13,2020-04-20 08:41:17,Asia,1,667.99
3334,341,1,2022-12-28 23:44:13,Africa,2,6754.84
3335,680,10,2021-11-20 01:02:37,Oceania,4,2553.12
3336,188,2,2022-07-11 00:46:08,Europe,4,12628.88
3337,995,13,2023-09-22 08:29:30,Asia,3,2003.97
3338,537,13,2022-11-14 06:00:08,Europe,2,1335.98
3339,431,9,2023-06-14 06:04:55,Asia,1,1339.44
3340,559,7,2023-08-26 16:27:42,South America,1,1878.98
3341,199,10,2021-11-11 12:00:55,Oceania,5,3191.4
3342,258,5,2024-04-12 22:43:12,Europe,5,17561.34
3343,561,5,2022-09-14 17:47:43,Europe,2,7024.54
3344,392,13,2023-06-15 01:30:54,Europe,3,2003.97
3345,554,1,2022-11-03 16:17:09,North America,3,10132.26
3346,457,14,2022-05-09 16:15:48,Oceania,4,6918.85
3347,52,7,2023-10-26 22:47:44,Africa,3,5636.95
3348,344,6,2023-02-05 14:21:59,South America,1,3098.08
3349,164,4,2021-07-21 20:29:15,Oceania,5,5398.47
3350,845,1,2020-04-15 16:17:24,Africa,5,16887.1
3351,960,6,2020-11-28 20:56:50,North America,3,9294.24
3352,506,11,2020-03-26 14:44:58,Oceania,3,3863.57
3353,615,2,2020-11-05 20:23:52,North America,2,6314.44
3354,103,8,2023-04-20 03:56:16,North America,5,15395.18
3355,616,11,2021-03-18 04:27:45,Asia,1,1287.86
3356,825,5,2023-04-23 18:47:45,North America,4,14049.07
3357,704,12,2021-06-06 13:09:43,Oceania,2,1818.18
3358,25,7,2023-02-26 11:57:52,Europe,5,9394.92
3359,323,14,2020-09-15 08:41:49,Oceania,3,5189.14
3360,182,1,2021-02-24 03:42:56,Europe,1,3377.42
3361,449,6,2023-01-15 05:31:44,North America,5,15490.4
3362,11,3,2020-06-06 17:58:36,North America,4,9681.92
3363,328,2,2021-10-28 17:38:40,Oceania,3,9471.66
3364,953,3,2025-01-01 11:24:42,Asia,3,7261.44
3365,451,11,2022-11-21 16:09:11,North America,5,6439.28
3366,449,5,2024-03-09 13:29:42,North America,1,3512.27
3367,784,8,2021-02-05 05:00:48,South America,2,6158.07
3368,610,9,2023-01-04 10:07:47,Oceania,1,1339.44
3369,761,10,2020-03-28 03:35:03,Europe,3,1914.84
3370,683,13,2020-05-29 13:54:51,North America,1,667.99
3371,403,5,2021-11-02 19:24:41,Asia,5,17561.34
3372,792,12,2021-09-23 12:25:13,Oceania,1,909.09
3373,919,10,2020-01-10 08:00:32,Asia,1,638.28
3374,357,3,2021-10-28 11:14:45,South America,1,2420.48
3375,47,9,2022-06-02 00:20:07,North America,5,6697.22
3376,74,9,2020-10-18 09:52:51,Europe,3,4018.33
3377,670,6,2021-06-25 09:56:51,Africa,5,15490.4
3378,368,6,2023-03-07 08:32:04,Oceania,2,6196.16
3379,581,6,2020-05-21 23:58:57,Asia,2,6196.16
3380,398,2,2020-07-03 07:35:01,South America,1,3157.22
3381,987,8,2024-11-29 13:39:05,North America,5,15395.18
3382,660,1,2024-11-09 15:14:02,South America,4,13509.68
3383,966,14,2020-07-01 15:41:11,North America,5,8648.56
3384,560,7,2024-01-23 13:01:44,Asia,4,7515.94
3385,46,13,2024-01-28 03:29:07,Africa,2,1335.98
3386,274,12,2021-11-07 16:38:24,Oceania,2,1818.18
3387,199,10,2022-08-11 01:26:30,Africa,3,1914.84
3388,716,6,2020-03-04 17:25:33,North America,2,6196.16
3389,403,8,2023-03-17 05:26:19,Europe,4,12316.14
3390,343,6,2021-11-08 04:44:18,Europe,1,3098.08
3391,649,6,2020-08-14 10:13:03,South America,1,3098.08
3392,218,7,2022-03-03 13:55:24,Europe,3,5636.95
3393,921,7,2022-06-07 03:56:32,North America,2,3757.97
3394,471,9,2021-07-24 22:54:11,Africa,3,4018.33
3395,63,11,2024-11-14 06:16:39,Oceania,2,2575.71
3396,798,3,2021-11-18 14:59:29,Asia,2,4840.96
3397,339,14,2020-08-04 16:29:25,North America,1,1729.71
3398,755,13,2024-11-10 00:32:02,North America,1,667.99
3399,659,7,2023-01-11 13:55:20,Europe,1,1878.98
3400,6,11,2024-09-22 18:23:51,South America,5,6439.28
3401,523,5,2020-02-13 07:46:36,Europe,2,7024.54
3402,908,2,2023-04-08 03:03:38,South America,1,3157.22
3403,455,4,2020-01-21 04:19:09,Asia,2,2159.39
3404,918,11,2023-11-19 09:58:52,Asia,3,3863.57
3405,773,10,2024-08-14 03:16:46,South America,5,3191.4
3406,332,14,2021-08-01 02:14:20,North America,5,8648.56
3407,176,10,2023-08-08 18:16:46,Asia,5,3191.4
3408,172,7,2021-12-18 12:31:11,Europe,1,1878.98
3409,430,11,2020-01-27 07:40:20,Oceania,2,2575.71
3410,145,8,2023-01-03 23:30:27,Africa,3,9237.11
3411,192,2,2023-12-06 05:01:19,South America,3,9471.66
3412,912,1,2021-01-26 17:22:51,North America,5,16887.1
3413,930,8,2020-10-09 05:04:55,Asia,1,3079.04
3414,863,3,2024-09-07 01:27:45,North America,2,4840.96
3415,186,4,2021-06-06 17:31:01,North America,4,4318.78
3416,663,13,2021-06-15 00:28:47,North America,5,3339.95
3417,362,9,2024-06-10 14:04:42,Africa,1,1339.44
3418,932,8,2023-02-11 06:04:31,Africa,1,3079.04
3419,97,7,2020-12-14 04:08:23,Africa,1,1878.98
3420,448,4,2023-02-27 23:42:27,Asia,5,5398.47
3421,564,9,2025-01-02 12:49:00,Asia,1,1339.44
3422,583,12,2024-01-01 14:56:06,Europe,4,3636.36
3423,721,12,2023-03-31 23:05:15,Africa,1,909.09
3424,530,1,2022-11-21 07:35:03,Europe,1,3377.42
3425,491,9,2021-11-01 22:11:32,North America,5,6697.22
3426,561,7,2021-04-25 05:48:49,Africa,5,9394.92
3427,931,10,2021-06-19 13:27:12,Africa,4,2553.12
3428,283,6,2020-06-14 23:19:00,Oceania,3,9294.24
3429,99,9,2021-06-06 08:02:13,Oceania,2,2678.89
3430,773,8,2020-01-04 18:54:25,North America,2,6158.07
3431,182,9,2022-07-04 02:54:27,Africa,2,2678.89
3432,131,11,2021-02-24 06:28:59,Oceania,2,2575.71
3433,969,3,2022-02-21 19:39:00,North America,1,2420.48
3434,285,5,2022-05-16 01:56:09,Oceania,4,14049.07
3435,217,12,2024-06-18 19:25:39,Oceania,2,1818.18
3436,113,2,2023-01-23 04:12:15,Africa,4,12628.88
3437,617,12,2020-02-01 17:09:17,Oceania,2,1818.18
3438,130,12,2021-01-31 09:06:17,North America,1,909.09
3439,650,4,2022-05-10 14:29:02,Oceania,1,1079.69
3440,713,3,2021-02-11 15:01:18,Europe,2,4840.96
3441,735,8,2023-01-20 22:02:53,Europe,4,12316.14
3442,713,2,2023-03-04 15:43:45,Oceania,2,6314.44
3443,199,1,2024-04-12 19:36:38,North America,2,6754.84
3444,428,6,2023-06-18 23:54:03,Asia,1,3098.08
3445,406,4,2020-06-27 11:07:14,Asia,1,1079.69
3446,733,13,2021-12-18 02:22:30,South America,5,3339.95
3447,468,8,2023-05-21 04:21:20,Africa,3,9237.11
3448,99,10,2021-11-27 16:54:57,Europe,5,3191.4
3449,787,2,2021-05-18 00:04:24,Africa,1,3157.22
3450,92,7,2023-12-30 05:36:54,Asia,1,1878.98
3451,388,14,2020-05-06 23:58:56,Europe,5,8648.56
3452,597,12,2021-11-08 19:55:00,North America,5,4545.45
3453,967,13,2022-03-30 04:42:30,Europe,1,667.99
3454,863,12,2022-05-07 05:01:13,North America,5,4545.45
3455,635,7,2021-05-18 22:41:04,Europe,4,7515.94
3456,582,2,2021-01-03 05:09:06,South America,2,6314.44
3457,499,1,2020-06-22 14:29:51,Asia,5,16887.1
3458,416,9,2023-07-21 16:46:46,South America,3,4018.33
3459,472,13,2023-04-05 10:49:55,Europe,1,667.99
3460,718,7,2020-09-18 07:53:43,Africa,2,3757.97
3461,525,13,2023-01-29 20:27:50,Asia,4,2671.96
3462,62,5,2022-06-10 11:46:35,Asia,5,17561.34
3463,308,11,2023-10-02 01:29:57,South America,1,1287.86
3464,401,4,2021-08-08 20:23:20,Oceania,3,3239.08
3465,231,10,2022-12-04 02:50:00,North America,4,2553.12
3466,310,11,2023-03-17 01:50:59,Europe,5,6439.28
3467,465,4,2021-06-08 21:19:33,South America,2,2159.39
3468,138,7,2020-10-01 20:01:46,Asia,1,1878.98
3469,992,3,2021-11-03 11:05:44,South America,3,7261.44
3470,682,3,2024-09-19 17:16:43,Oceania,3,7261.44
3471,329,5,2020-11-11 01:48:58,Oceania,2,7024.54
3472,528,14,2020-05-02 01:44:01,Africa,5,8648.56
3473,753,8,2020-10-31 17:49:50,Oceania,5,15395.18
3474,638,7,2022-01-15 23:18:30,Oceania,2,3757.97
3475,319,14,2024-11-08 16:54:51,Oceania,1,1729.71
3476,390,5,2021-09-16 12:37:49,Africa,2,7024.54
3477,347,13,2021-02-20 06:06:59,Oceania,2,1335.98
3478,989,5,2021-08-02 22:18:11,Asia,4,14049.07
3479,683,1,2024-07-09 17:06:47,Europe,3,10132.26
3480,231,4,2021-09-20 13:05:39,North America,3,3239.08
3481,829,12,2020-08-28 22:25:20,North America,2,1818.18
3482,724,14,2024-07-01 13:14:53,South America,3,5189.14
3483,416,1,2022-04-09 18:38:37,Asia,3,10132.26
3484,885,8,2024-10-17 09:40:23,Oceania,4,12316.14
3485,276,8,2023-11-10 01:45:10,South America,3,9237.11
3486,601,12,2022-11-08 08:57:29,Europe,3,2727.27
3487,370,4,2023-02-25 18:47:56,Africa,4,4318.78
3488,484,14,2023-05-06 02:15:06,South America,3,5189.14
3489,954,12,2024-04-11 02:43:16,South America,5,4545.45
3490,986,13,2023-08-31 18:49:51,Europe,1,667.99
3491,928,5,2020-09-02 16:31:55,Europe,2,7024.54
3492,352,5,2020-03-09 17:50:05,Africa,3,10536.8
3493,715,1,2022-10-28 14:43:41,Africa,5,16887.1
3494,940,5,2020-09-28 23:19:59,Asia,5,17561.34
3495,190,13,2025-01-25 12:50:46,Europe,4,2671.96
3496,331,13,2024-11-23 16:32:22,South America,3,2003.97
3497,407,5,2021-07-18 14:18:46,North America,4,14049.07
3498,874,4,2023-11-09 01:03:57,Asia,1,1079.69
3499,140,4,2025-01-02 09:50:19,North America,3,3239.08
3500,273,3,2021-01-15 17:13:49,Asia,4,9681.92
3501,54,11,2024-08-18 14:00:32,Africa,3,3863.57
3502,201,4,2023-07-14 18:39:10,North America,2,2159.39
3503,309,13,2022-08-17 20:42:12,Europe,3,2003.97
3504,736,13,2023-11-07 19:36:04,Africa,1,667.99
3505,423,4,2021-12-03 04:11:23,North America,4,4318.78
3506,985,11,2020-04-03 04:02:35,Africa,1,1287.86
3507,662,11,2024-03-20 00:45:35,Africa,1,1287.86
3508,842,6,2021-03-17 10:54:17,North America,2,6196.16
3509,82,6,2023-10-19 15:27:19,North America,5,15490.4
3510,939,9,2022-09-16 00:49:34,Europe,3,4018.33
3511,215,6,2021-07-01 11:46:51,South America,3,9294.24
3512,911,9,2022-03-18 01:13:40,Asia,4,5357.77
3513,865,11,2020-05-31 00:34:54,North America,4,5151.42
3514,510,4,2020-03-19 15:37:43,Oceania,2,2159.39
3515,542,7,2021-04-03 12:57:06,Europe,3,5636.95
3516,927,8,2023-11-08 07:37:08,Europe,4,12316.14
3517,592,7,2022-10-03 08:45:48,South America,4,7515.94
3518,193,4,2020-01-11 13:55:02,North America,4,4318.78
3519,286,1,2023-01-14 12:02:43,Europe,1,3377.42
3520,834,8,2020-07-14 08:48:27,North America,5,15395.18
3521,950,6,2024-05-31 22:10:55,Oceania,3,9294.24
3522,47,1,2021-04-17 04:40:43,South America,1,3377.42
3523,877,11,2021-02-01 18:07:44,North America,2,2575.71
3524,317,3,2023-12-09 20:20:05,Oceania,3,7261.44
3525,868,4,2023-08-14 17:48:37,North America,1,1079.69
3526,619,5,2024-11-17 07:30:29,Oceania,2,7024.54
3527,811,2,2023-05-21 12:44:01,Africa,2,6314.44
3528,826,11,2024-03-15 23:25:50,Europe,1,1287.86
3529,931,1,2021-01-12 20:52:41,Europe,2,6754.84
3530,388,10,2022-12-26 17:15:39,Oceania,3,1914.84
3531,158,9,2021-06-30 20:16:32,Oceania,4,5357.77
3532,28,10,2024-11-23 08:51:07,Oceania,2,1276.56
3533,647,14,2022-02-03 16:52:34,Asia,4,6918.85
3534,131,12,2022-12-30 09:34:50,Oceania,3,2727.27
3535,700,4,2021-04-05 22:25:09,Europe,2,2159.39
3536,155,11,2021-12-05 18:22:27,Oceania,4,5151.42
3537,631,4,2021-06-25 13:13:20,North America,5,5398.47
3538,295,6,2021-11-20 21:57:28,Asia,4,12392.32
3539,231,3,2023-08-07 22:04:51,South America,2,4840.96
3540,90,9,2020-04-17 23:46:32,South America,3,4018.33
3541,407,2,2024-09-08 14:28:10,South America,1,3157.22
3542,47,9,2023-04-23 20:39:01,Africa,2,2678.89
3543,510,13,2024-04-20 01:13:06,Europe,1,667.99
3544,850,14,2023-03-30 03:20:06,North America,2,3459.42
3545,102,1,2021-01-22 08:54:39,Europe,4,13509.68
3546,406,2,2024-09-16 01:02:59,Europe,3,9471.66
3547,915,9,2021-07-22 04:53:39,Oceania,5,6697.22
3548,92,14,2023-09-12 16:41:53,Oceania,4,6918.85
3549,781,5,2022-03-13 10:03:20,South America,5,17561.34
3550,490,4,2023-10-07 03:51:26,Asia,3,3239.08
3551,135,3,2021-11-04 05:38:50,Oceania,2,4840.96
3552,157,3,2024-04-28 09:56:25,North America,2,4840.96
3553,650,2,2022-06-26 07:51:04,Asia,5,15786.1
3554,158,6,2024-10-24 17:30:05,Europe,5,15490.4
3555,735,14,2021-07-09 00:13:49,Oceania,2,3459.42
3556,982,6,2020-06-26 14:09:06,South America,4,12392.32
3557,188,14,2022-11-14 16:20:50,Europe,5,8648.56
3558,381,11,2023-04-25 11:31:34,Europe,1,1287.86
3559,854,11,2022-01-30 01:50:12,North America,4,5151.42
3560,876,11,2024-07-09 12:55:45,North America,1,1287.86
3561,279,7,2022-05-06 19:37:32,North America,4,7515.94
3562,848,4,2024-02-17 14:29:13,Oceania,1,1079.69
3563,323,4,2022-08-05 06:16:54,North America,5,5398.47
3564,669,9,2021-04-06 08:45:00,North America,3,4018.33
3565,910,11,2021-11-13 17:51:44,South America,1,1287.86
3566,179,7,2024-04-29 12:45:42,Asia,1,1878.98
3567,680,7,2024-11-08 18:10:38,Oceania,2,3757.97
3568,485,11,2023-04-14 14:55:10,North America,3,3863.57
3569,322,12,2024-01-19 07:51:45,North America,3,2727.27
3570,371,6,2024-11-01 19:37:43,North America,3,9294.24
3571,819,3,2023-02-18 05:30:07,North America,1,2420.48
3572,439,12,2020-08-11 18:15:58,North America,3,2727.27
3573,580,13,2022-10-22 02:43:47,South America,3,2003.97
3574,279,1,2020-10-10 17:36:34,Africa,5,16887.1
3575,739,7,2021-10-19 04:04:17,Africa,5,9394.92
3576,329,8,2024-03-23 00:59:39,Asia,5,15395.18
3577,825,3,2024-01-22 11:39:23,North America,1,2420.48
3578,831,3,2022-02-26 23:20:53,Europe,1,2420.48
3579,446,3,2020-08-08 23:08:23,Africa,1,2420.48
3580,888,11,2020-10-25 13:17:12,Europe,4,5151.42
3581,747,11,2021-04-10 00:17:20,Asia,1,1287.86
3582,76,4,2022-01-26 23:55:43,Oceania,5,5398.47
3583,441,10,2023-12-08 17:41:36,Africa,4,2553.12
3584,581,11,2023-06-15 08:19:11,North America,4,5151.42
3585,580,9,2021-10-31 21:45:03,North America,4,5357.77
3586,169,7,2024-02-12 08:09:56,Europe,4,7515.94
3587,82,13,2021-07-29 22:30:31,Europe,5,3339.95
3588,449,11,2020-03-28 23:34:15,South America,4,5151.42
3589,983,6,2024-07-05 22:49:26,Africa,5,15490.4
3590,637,8,2023-07-30 00:03:35,Asia,5,15395.18
3591,243,14,2024-11-11 02:29:32,Oceania,2,3459.42
3592,710,5,2020-12-24 04:30:23,Africa,2,7024.54
3593,94,11,2022-10-18 14:16:25,Asia,4,5151.42
3594,193,1,2024-12-01 11:05:22,Oceania,5,16887.1
3595,343,3,2021-01-22 09:30:06,Europe,2,4840.96
3596,47,3,2024-12-25 22:17:59,North America,1,2420.48
3597,361,14,2022-12-20 15:11:16,South America,1,1729.71
3598,827,7,2022-05-28 14:13:22,Africa,3,5636.95
3599,656,8,2024-01-31 02:46:01,North America,3,9237.11
3600,729,1,2021-03-11 20:04:08,South America,1,3377.42
3601,992,9,2023-05-14 05:17:48,Asia,4,5357.77
3602,317,9,2024-03-22 07:08:49,South America,4,5357.77
3603,305,10,2025-01-16 15:41:12,South America,4,2553.12
3604,946,5,2023-07-28 05:46:48,Europe,1,3512.27
3605,395,6,2020-04-14 22:25:32,Asia,4,12392.32
3606,879,6,2020-03-12 15:00:00,South America,1,3098.08
3607,251,6,2021-11-16 08:26:30,South America,3,9294.24
3608,204,1,2023-04-14 15:15:46,Asia,5,16887.1
3609,579,7,2021-08-02 08:19:15,South America,5,9394.92
3610,452,2,2024-10-22 17:42:50,Oceania,1,3157.22
3611,367,3,2023-03-27 02:33:18,Europe,5,12102.4
3612,329,4,2023-02-26 12:54:40,Africa,1,1079.69
3613,478,12,2021-07-10 21:34:11,Asia,1,909.09
3614,359,2,2024-07-01 14:18:25,Europe,2,6314.44
3615,474,7,2023-08-18 07:06:00,Asia,2,3757.97
3616,241,2,2022-06-19 22:32:30,Africa,3,9471.66
3617,636,14,2024-11-05 16:04:29,Asia,5,8648.56
3618,627,7,2022-05-25 04:33:01,South America,3,5636.95
3619,674,7,2022-07-16 12:32:22,Asia,2,3757.97
3620,772,5,2021-11-18 21:16:35,Asia,3,10536.8
3621,727,5,2022-08-06 16:44:02,Africa,1,3512.27
3622,125,7,2025-01-04 05:36:17,Europe,5,9394.92
3623,772,10,2022-03-14 01:34:06,Asia,2,1276.56
3624,593,8,2021-12-04 10:43:21,Africa,3,9237.11
3625,903,5,2022-03-30 13:55:59,North America,4,14049.07
3626,539,13,2021-06-16 07:50:21,Europe,5,3339.95
3627,230,1,2022-10-16 15:28:17,Africa,5,16887.1
3628,431,3,2024-01-22 01:47:19,Oceania,5,12102.4
3629,958,4,2024-07-14 12:40:41,Oceania,5,5398.47
3630,790,9,2022-04-17 15:29:01,North America,5,6697.22
3631,256,3,2020-01-25 18:44:26,Africa,1,2420.48
3632,457,3,2021-06-22 12:57:00,North America,1,2420.48
3633,882,8,2024-01-27 23:37:22,Asia,1,3079.04
3634,309,14,2022-12-16 09:56:40,Europe,5,8648.56
3635,294,11,2023-02-25 05:45:55,Asia,4,5151.42
3636,484,13,2021-02-13 20:02:53,Europe,5,3339.95
3637,39,4,2020-05-13 07:39:23,Asia,1,1079.69
3638,285,10,2022-08-03 16:42:54,South America,4,2553.12
3639,952,2,2021-11-25 05:20:46,Africa,2,6314.44
3640,56,14,2021-03-15 10:10:06,Oceania,1,1729.71
3641,896,6,2021-02-27 15:46:11,North America,1,3098.08
3642,209,12,2022-11-01 14:01:31,South America,4,3636.36
3643,886,6,2025-01-22 07:22:35,South America,5,15490.4
3644,195,6,2022-11-14 05:00:43,Oceania,5,15490.4
3645,694,14,2020-01-08 04:45:19,Africa,4,6918.85
3646,963,7,2024-11-17 07:29:41,Africa,1,1878.98
3647,224,2,2023-01-25 00:32:45,Africa,3,9471.66
3648,306,4,2022-10-13 17:58:54,South America,3,3239.08
3649,398,4,2020-08-13 04:25:28,Europe,1,1079.69
3650,957,9,2023-02-26 14:46:01,North America,5,6697.22
3651,907,4,2021-07-24 07:45:39,Europe,3,3239.08
3652,849,7,2021-02-25 16:54:05,North America,2,3757.97
3653,879,4,2022-08-21 05:18:58,South America,2,2159.39
3654,300,3,2023-06-17 04:36:48,Europe,3,7261.44
3655,672,2,2022-07-24 23:24:41,Europe,1,3157.22
3656,680,8,2023-07-15 11:44:11,Africa,5,15395.18
3657,760,12,2024-08-05 13:37:15,North America,4,3636.36
3658,34,9,2021-03-13 15:54:04,Africa,3,4018.33
3659,882,5,2024-12-14 23:19:17,North America,4,14049.07
3660,157,13,2024-02-22 23:23:23,South America,1,667.99
3661,911,5,2023-12-18 05:46:27,Asia,1,3512.27
3662,193,1,2021-10-07 17:37:22,Asia,3,10132.26
3663,60,3,2024-07-25 00:55:34,Asia,2,4840.96
3664,970,1,2021-05-18 06:37:42,Africa,2,6754.84
3665,625,5,2023-04-29 07:23:58,Asia,4,14049.07
3666,186,8,2021-05-10 11:55:06,Europe,3,9237.11
3667,206,3,2021-04-21 08:13:09,Africa,5,12102.4
3668,813,4,2021-02-27 10:40:53,North America,1,1079.69
3669,138,6,2024-11-17 03:58:35,North America,4,12392.32
3670,221,4,2021-12-14 17:18:03,North America,1,1079.69
3671,225,4,2023-06-22 12:25:08,South America,3,3239.08
3672,452,2,2023-08-22 01:18:40,South America,1,3157.22
3673,374,14,2023-09-21 09:18:59,South America,1,1729.71
3674,146,13,2022-12-15 06:02:33,Asia,4,2671.96
3675,256,12,2021-06-23 05:37:46,Asia,1,909.09
3676,658,6,2020-06-23 03:23:38,North America,2,6196.16
3677,965,3,2024-12-12 08:16:37,Africa,2,4840.96
3678,789,5,2021-06-14 02:53:43,Europe,4,14049.07
3679,30,4,2021-02-13 12:27:54,North America,3,3239.08
3680,131,9,2023-11-25 08:42:30,North America,3,4018.33
3681,970,13,2020-02-20 21:47:35,North America,5,3339.95
3682,466,12,2021-05-22 16:28:41,Oceania,2,1818.18
3683,817,3,2020-06-10 22:17:19,Asia,3,7261.44
3684,60,8,2022-03-15 12:13:37,Oceania,4,12316.14
3685,905,9,2020-11-11 15:07:14,South America,4,5357.77
3686,658,11,2022-09-24 16:03:51,Asia,4,5151.42
3687,424,2,2021-07-22 04:16:39,Asia,5,15786.1
3688,52,7,2024-08-09 18:24:43,Europe,3,5636.95
3689,550,14,2021-04-23 17:29:49,Oceania,4,6918.85
3690,481,11,2022-11-20 17:20:39,Africa,2,2575.71
3691,894,2,2021-04-28 06:47:08,Asia,2,6314.44
3692,614,1,2022-12-02 09:59:12,South America,5,16887.1
3693,404,13,2022-05-25 08:36:36,Oceania,5,3339.95
3694,261,9,2022-02-07 15:53:08,South America,2,2678.89
3695,256,11,2023-11-03 08:33:01,Africa,2,2575.71
3696,788,2,2020-11-05 20:23:03,Europe,2,6314.44
3697,87,2,2021-01-05 10:07:15,Africa,1,3157.22
3698,469,9,2022-01-02 07:31:38,Oceania,1,1339.44
3699,355,12,2023-07-16 05:53:18,Oceania,5,4545.45
3700,629,1,2023-11-12 19:36:30,North America,1,3377.42
3701,884,14,2022-06-24 04:29:04,Oceania,4,6918.85
3702,37,13,2021-04-14 07:08:54,Asia,2,1335.98
3703,107,10,2022-02-21 08:59:48,Oceania,5,3191.4
3704,364,3,2022-09-16 01:06:30,Oceania,5,12102.4
3705,908,13,2024-03-14 18:41:41,North America,1,667.99
3706,177,3,2024-03-09 07:19:40,South America,2,4840.96
3707,767,5,2021-11-15 11:39:20,Africa,2,7024.54
3708,466,3,2020-03-07 16:28:22,Asia,2,4840.96
3709,878,5,2021-03-24 10:55:00,North America,2,7024.54
3710,385,3,2022-09-22 18:24:52,Oceania,4,9681.92
3711,831,5,2023-04-03 09:16:39,Europe,5,17561.34
3712,931,4,2024-08-03 09:53:10,Europe,1,1079.69
3713,208,5,2022-07-27 09:52:40,South America,3,10536.8
3714,899,14,2022-08-04 18:33:31,Africa,1,1729.71
3715,861,9,2024-04-29 02:04:06,Africa,4,5357.77
3716,595,6,2022-04-21 20:24:01,South America,1,3098.08
3717,22,13,2020-02-02 01:50:33,Asia,2,1335.98
3718,629,11,2024-04-25 16:57:41,Oceania,4,5151.42
3719,358,2,2022-08-31 03:30:39,Europe,5,15786.1
3720,807,11,2024-03-23 14:43:02,Asia,4,5151.42
3721,639,12,2023-05-19 05:55:24,South America,2,1818.18
3722,650,11,2021-05-11 23:21:25,Africa,2,2575.71
3723,759,6,2021-12-25 10:31:27,Asia,4,12392.32
3724,190,8,2024-01-13 04:19:38,Asia,4,12316.14
3725,814,3,2023-01-19 10:04:04,Africa,2,4840.96
3726,158,1,2020-09-07 06:29:50,South America,4,13509.68
3727,358,9,2021-03-16 10:22:59,Africa,1,1339.44
3728,138,1,2024-11-14 07:57:05,Oceania,3,10132.26
3729,950,3,2025-01-14 22:10:36,Asia,2,4840.96
3730,120,2,2023-06-29 10:02:48,Europe,3,9471.66
3731,44,3,2022-09-14 04:52:03,Asia,5,12102.4
3732,776,11,2023-06-03 15:56:07,Europe,5,6439.28
3733,447,4,2021-04-23 23:41:52,Oceania,4,4318.78
3734,419,3,2022-07-10 16:29:46,Oceania,5,12102.4
3735,783,3,2023-09-02 12:19:17,South America,1,2420.48
3736,78,6,2024-05-17 02:21:38,North America,3,9294.24
3737,662,11,2022-11-21 05:34:33,North America,5,6439.28
3738,200,4,2021-11-23 22:43:01,Oceania,1,1079.69
3739,552,13,2020-05-15 11:45:07,Asia,1,667.99
3740,588,9,2021-05-02 21:17:52,North America,2,2678.89
3741,839,11,2021-07-03 05:41:19,Europe,1,1287.86
3742,97,14,2020-08-24 23:03:42,Asia,2,3459.42
3743,768,5,2020-12-15 23:59:44,Oceania,5,17561.34
3744,382,9,2023-09-14 20:46:33,Africa,2,2678.89
3745,428,9,2023-06-01 07:16:49,Asia,4,5357.77
3746,916,1,2024-12-15 20:22:52,North America,1,3377.42
3747,544,6,2024-09-24 06:38:53,Africa,3,9294.24
3748,60,7,2022-08-07 10:47:32,Europe,3,5636.95
3749,858,14,2020-05-12 07:00:45,South America,1,1729.71
3750,182,10,2024-03-26 16:44:51,South America,5,3191.4
3751,654,9,2022-01-29 19:06:55,Asia,4,5357.77
3752,534,6,2023-06-02 02:54:25,Asia,4,12392.32
3753,969,14,2022-08-23 14:20:49,Oceania,4,6918.85
3754,122,10,2021-02-05 17:23:40,Europe,4,2553.12
3755,304,11,2020-12-13 07:53:40,Africa,2,2575.71
3756,145,12,2021-03-25 23:21:01,Europe,4,3636.36
3757,77,4,2020-02-23 03:38:47,Asia,2,2159.39
3758,707,2,2022-06-02 08:35:35,Europe,1,3157.22
3759,627,5,2021-11-05 01:34:22,North America,5,17561.34
3760,289,12,2024-05-06 20:52:45,Africa,4,3636.36
3761,792,14,2020-10-06 18:26:09,South America,1,1729.71
3762,884,10,2021-04-21 16:08:26,South America,4,2553.12
3763,603,10,2022-05-12 17:42:01,Africa,5,3191.4
3764,708,9,2021-05-14 20:21:14,Africa,1,1339.44
3765,716,4,2024-09-03 09:37:22,North America,1,1079.69
3766,59,4,2023-08-04 21:07:04,South America,4,4318.78
3767,22,12,2020-01-07 14:53:43,North America,2,1818.18
3768,6,6,2021-05-16 02:55:35,Africa,2,6196.16
3769,345,4,2023-05-15 10:06:45,Europe,5,5398.47
3770,894,2,2022-09-26 16:34:22,Oceania,1,3157.22
3771,48,6,2022-04-19 08:03:09,Europe,2,6196.16
3772,908,9,2024-09-04 06:32:35,Oceania,2,2678.89
3773,2,6,2021-05-17 19:34:37,South America,5,15490.4
3774,863,13,2021-06-15 00:25:38,Oceania,5,3339.95
3775,798,10,2020-07-13 00:26:35,North America,5,3191.4
3776,462,7,2023-09-04 18:50:09,Europe,5,9394.92
3777,843,8,2022-01-28 06:51:06,Europe,4,12316.14
3778,182,14,2021-10-04 12:48:21,Africa,5,8648.56
3779,625,7,2021-10-28 09:32:43,South America,2,3757.97
3780,418,12,2024-04-20 00:36:25,Asia,1,909.09
3781,651,2,2023-06-04 11:51:49,Europe,5,15786.1
3782,408,8,2022-02-08 23:42:18,South America,1,3079.04
3783,566,5,2020-01-03 13:10:45,North America,1,3512.27
3784,195,3,2021-05-02 07:40:44,Europe,5,12102.4
3785,922,4,2021-04-18 08:22:46,North America,5,5398.47
3786,690,9,2021-11-26 08:09:59,Asia,5,6697.22
3787,920,3,2020-07-15 16:02:28,Africa,4,9681.92
3788,489,6,2023-06-15 14:04:27,South America,1,3098.08
3789,505,7,2020-05-14 23:46:26,South America,1,1878.98
3790,774,11,2024-12-13 05:09:11,Europe,3,3863.57
3791,7,11,2024-06-11 19:21:38,North America,5,6439.28
3792,877,11,2022-02-07 12:40:07,North America,3,3863.57
3793,637,3,2023-10-13 07:22:55,South America,4,9681.92
3794,120,8,2020-12-09 20:04:43,Asia,5,15395.18
3795,994,10,2024-12-05 14:46:56,Africa,4,2553.12
3796,659,4,2022-07-17 16:14:20,Asia,5,5398.47
3797,677,8,2020-02-21 16:29:32,Oceania,2,6158.07
3798,842,12,2023-04-29 03:21:26,South America,2,1818.18
3799,378,12,2024-07-16 15:58:39,South America,4,3636.36
3800,783,3,2023-01-04 12:50:09,Africa,5,12102.4
3801,850,2,2022-10-02 14:47:31,South America,2,6314.44
3802,210,5,2024-04-24 21:47:43,Africa,5,17561.34
3803,580,3,2022-10-10 07:31:42,Europe,3,7261.44
3804,617,5,2020-01-29 01:30:32,South America,4,14049.07
3805,756,5,2024-12-04 22:05:35,Africa,2,7024.54
3806,24,8,2024-01-16 07:57:10,Europe,3,9237.11
3807,784,10,2023-08-07 08:59:45,Africa,4,2553.12
3808,312,2,2024-11-18 15:34:26,Africa,4,12628.88
3809,406,8,2024-10-13 10:15:28,North America,1,3079.04
3810,567,13,2023-11-21 17:35:26,Asia,5,3339.95
3811,703,11,2022-03-02 23:28:28,Africa,4,5151.42
3812,361,11,2024-11-08 23:14:55,Asia,5,6439.28
3813,416,5,2024-04-30 14:11:09,Europe,1,3512.27
3814,822,10,2022-07-28 02:48:31,North America,5,3191.4
3815,421,8,2022-06-16 19:33:25,South America,2,6158.07
3816,532,11,2021-10-02 19:42:08,South America,3,3863.57
3817,751,10,2024-07-14 15:36:48,North America,5,3191.4
3818,390,5,2024-07-16 03:52:09,North America,5,17561.34
3819,272,5,2020-01-31 16:25:55,Africa,3,10536.8
3820,171,11,2023-05-10 15:56:19,North America,5,6439.28
3821,335,3,2020-04-07 13:16:54,Europe,1,2420.48
3822,409,3,2020-05-01 10:21:11,South America,4,9681.92
3823,410,5,2020-07-09 03:53:29,North America,5,17561.34
3824,861,9,2022-04-20 14:23:02,Africa,2,2678.89
3825,854,5,2024-06-03 20:14:01,North America,3,10536.8
3826,789,4,2024-09-24 07:23:20,Africa,1,1079.69
3827,587,9,2020-05-07 20:17:33,Asia,2,2678.89
3828,495,5,2024-09-08 02:24:06,Europe,5,17561.34
3829,634,10,2022-03-24 17:32:10,Oceania,4,2553.12
3830,109,9,2023-07-16 10:45:49,Europe,3,4018.33
3831,15,3,2023-02-25 06:48:27,North America,4,9681.92
3832,49,1,2020-05-22 16:21:41,Oceania,2,6754.84
3833,354,12,2023-06-07 00:00:31,North America,4,3636.36
3834,607,14,2023-01-10 17:09:12,Oceania,5,8648.56
3835,209,1,2023-04-18 14:49:45,Asia,3,10132.26
3836,100,9,2024-10-22 10:18:11,Europe,3,4018.33
3837,846,8,2022-07-03 00:22:29,South America,5,15395.18
3838,460,10,2024-04-10 16:34:11,South America,1,638.28
3839,936,12,2021-01-02 14:13:02,Africa,1,909.09
3840,484,3,2020-04-18 11:47:04,North America,4,9681.92
3841,116,11,2023-08-21 21:37:16,Asia,2,2575.71
3842,910,12,2020-05-27 21:43:09,Europe,1,909.09
3843,278,5,2022-02-22 03:19:44,Europe,3,10536.8
3844,616,10,2023-05-07 05:37:55,South America,1,638.28
3845,281,11,2023-08-03 22:05:13,Africa,3,3863.57
3846,925,7,2021-05-27 02:57:55,Asia,3,5636.95
3847,963,1,2021-03-16 10:38:36,Europe,4,13509.68
3848,120,6,2025-01-29 22:07:50,South America,3,9294.24
3849,894,8,2022-09-06 23:53:42,South America,2,6158.07
3850,787,3,2021-07-15 17:25:41,North America,2,4840.96
3851,624,1,2022-01-02 22:51:42,Europe,3,10132.26
3852,955,11,2023-09-27 17:13:25,North America,3,3863.57
3853,265,8,2024-02-01 13:14:36,South America,3,9237.11
3854,311,9,2022-10-08 20:29:00,Asia,3,4018.33
3855,612,4,2023-09-19 22:33:18,Asia,5,5398.47
3856,175,2,2024-07-18 06:04:42,Europe,2,6314.44
3857,321,1,2020-09-11 06:06:33,Europe,4,13509.68
3858,295,6,2021-11-08 19:17:25,North America,3,9294.24
3859,171,12,2020-06-24 02:15:11,North America,5,4545.45
3860,759,4,2021-01-31 19:55:33,Oceania,4,4318.78
3861,190,2,2024-01-07 09:20:49,Europe,1,3157.22
3862,946,13,2023-12-10 11:13:40,South America,2,1335.98
3863,161,7,2024-07-23 12:24:12,Oceania,3,5636.95
3864,559,12,2022-12-12 13:17:21,Africa,2,1818.18
3865,329,12,2024-09-17 15:57:36,Asia,3,2727.27
3866,176,3,2022-08-06 10:52:03,Europe,5,12102.4
3867,698,14,2021-03-10 18:54:51,Oceania,3,5189.14
3868,880,6,2023-06-15 15:32:09,North America,1,3098.08
3869,515,6,2023-02-18 02:13:02,Africa,4,12392.32
3870,87,8,2020-06-19 01:38:42,Asia,1,3079.04
3871,939,1,2020-05-26 12:46:25,Asia,5,16887.1
3872,316,10,2022-03-13 14:12:33,South America,1,638.28
3873,466,5,2024-01-05 06:13:57,Europe,3,10536.8
3874,784,6,2023-01-12 23:39:50,Europe,2,6196.16
3875,305,8,2022-07-08 00:11:34,North America,5,15395.18
3876,854,13,2021-01-04 23:26:02,Asia,4,2671.96
3877,595,5,2023-11-28 11:59:40,Europe,5,17561.34
3878,267,5,2021-09-23 05:47:28,North America,5,17561.34
3879,342,4,2024-05-05 05:00:08,Africa,4,4318.78
3880,32,4,2021-01-22 18:38:23,Africa,2,2159.39
3881,223,7,2020-08-01 06:44:29,Oceania,1,1878.98
3882,206,4,2021-07-20 03:17:40,South America,5,5398.47
3883,959,1,2024-01-14 00:22:58,Africa,5,16887.1
3884,548,3,2020-07-31 06:06:46,Asia,5,12102.4
3885,814,3,2024-08-14 23:45:40,South America,4,9681.92
3886,202,1,2024-09-19 20:45:35,South America,3,10132.26
3887,189,6,2022-08-31 21:20:28,Europe,1,3098.08
3888,126,8,2023-06-23 10:57:17,Asia,3,9237.11
3889,852,11,2022-10-14 07:31:04,Oceania,2,2575.71
3890,232,8,2020-06-04 08:27:34,North America,5,15395.18
3891,525,10,2023-01-11 19:12:47,South America,1,638.28
3892,703,8,2022-06-27 21:10:01,Asia,2,6158.07
3893,891,7,2020-09-29 05:35:42,Oceania,4,7515.94
3894,491,8,2021-05-20 03:14:12,Africa,4,12316.14
3895,829,7,2020-07-21 21:26:56,Asia,5,9394.92
3896,230,4,2021-02-28 06:02:03,Africa,4,4318.78
3897,620,10,2023-03-14 09:51:21,Oceania,3,1914.84
3898,813,7,2022-11-26 20:44:03,North America,3,5636.95
3899,625,10,2024-12-25 03:11:27,North America,5,3191.4
3900,707,1,2020-05-29 19:51:28,Africa,1,3377.42
3901,610,9,2024-01-30 08:19:15,Europe,3,4018.33
3902,592,1,2021-12-27 20:45:57,Oceania,5,16887.1
3903,726,6,2020-10-22 18:36:04,Oceania,2,6196.16
3904,88,9,2023-06-26 13:53:47,Oceania,5,6697.22
3905,535,5,2021-06-12 19:07:12,Oceania,3,10536.8
3906,302,7,2024-05-17 19:20:26,Africa,3,5636.95
3907,305,10,2023-11-23 09:37:17,Africa,5,3191.4
3908,380,8,2024-10-09 02:10:28,Asia,2,6158.07
3909,844,13,2022-10-17 21:42:02,Oceania,4,2671.96
3910,728,10,2024-06-03 06:30:03,Europe,3,1914.84
3911,969,9,2025-01-14 07:45:20,North America,1,1339.44
3912,184,3,2023-10-02 11:21:00,Oceania,1,2420.48
3913,598,8,2020-08-17 20:15:02,Europe,5,15395.18
3914,307,9,2021-08-05 15:21:25,Oceania,5,6697.22
3915,624,14,2020-09-11 14:34:55,South America,4,6918.85
3916,15,6,2024-07-01 22:06:50,Asia,5,15490.4
3917,938,5,2020-11-03 05:08:28,Asia,3,10536.8
3918,814,4,2024-03-22 01:46:25,Europe,4,4318.78
3919,536,7,2020-11-21 15:17:10,North America,5,9394.92
3920,187,12,2020-04-02 05:28:03,Europe,2,1818.18
3921,541,9,2023-09-11 16:30:38,Africa,3,4018.33
3922,117,13,2024-12-01 03:55:10,Europe,1,667.99
3923,625,8,2020-09-04 21:18:11,Asia,5,15395.18
3924,968,6,2020-02-05 06:48:11,North America,5,15490.4
3925,756,13,2024-11-14 19:26:13,Oceania,5,3339.95
3926,867,3,2023-10-15 11:35:36,South America,1,2420.48
3927,591,1,2022-09-07 14:32:57,Europe,3,10132.26
3928,574,14,2023-08-07 02:04:06,Africa,4,6918.85
3929,213,4,2020-10-04 20:24:14,Oceania,3,3239.08
3930,849,11,2024-04-16 17:08:54,Africa,3,3863.57
3931,769,1,2020-02-06 22:29:17,Oceania,4,13509.68
3932,327,4,2023-05-10 20:48:39,North America,2,2159.39
3933,765,12,2021-01-13 14:34:49,Africa,1,909.09
3934,247,13,2020-09-04 23:49:38,North America,5,3339.95
3935,255,14,2021-01-25 09:09:34,Africa,5,8648.56
3936,486,5,2022-09-06 03:13:17,Asia,2,7024.54
3937,125,4,2020-05-11 07:19:23,Africa,4,4318.78
3938,61,12,2022-10-16 08:10:15,Africa,5,4545.45
3939,817,2,2021-01-17 04:48:29,North America,5,15786.1
3940,291,6,2021-02-25 09:13:54,Asia,1,3098.08
3941,218,12,2021-10-03 20:01:31,South America,4,3636.36
3942,72,6,2024-03-21 14:33:34,Europe,5,15490.4
3943,389,13,2021-03-10 12:47:04,South America,4,2671.96
3944,81,4,2024-05-02 10:46:49,Oceania,3,3239.08
3945,614,7,2022-02-01 06:19:33,Europe,5,9394.92
3946,362,4,2020-07-06 12:17:37,Oceania,5,5398.47
3947,8,11,2024-08-18 20:47:24,Asia,3,3863.57
3948,999,14,2020-10-07 16:48:12,Asia,4,6918.85
3949,649,5,2022-02-04 06:13:27,North America,4,14049.07
3950,667,6,2023-03-12 20:47:43,Europe,4,12392.32
3951,599,8,2021-07-31 16:29:48,Asia,5,15395.18
3952,356,13,2020-11-10 14:38:29,South America,1,667.99
3953,298,4,2020-05-12 07:32:31,Oceania,4,4318.78
3954,138,14,2022-01-15 14:31:06,South America,5,8648.56
3955,498,3,2020-03-28 12:44:01,Europe,4,9681.92
3956,558,10,2023-03-21 01:24:18,South America,4,2553.12
3957,5,6,2022-07-05 11:41:45,Europe,2,6196.16
3958,534,2,2022-03-02 21:47:00,Asia,4,12628.88
3959,71,14,2020-08-25 19:29:22,North America,4,6918.85
3960,915,2,2023-12-05 20:19:50,Asia,5,15786.1
3961,650,4,2024-07-21 11:18:08,Oceania,3,3239.08
3962,942,5,2022-04-05 04:38:40,North America,4,14049.07
3963,999,6,2020-04-26 10:13:13,Europe,1,3098.08
3964,686,9,2020-01-04 19:09:01,Europe,5,6697.22
3965,503,4,2022-03-31 09:38:55,Europe,1,1079.69
3966,499,7,2023-08-04 19:03:20,Europe,2,3757.97
3967,957,14,2020-11-14 07:07:15,Asia,5,8648.56
3968,649,5,2023-11-09 07:34:34,North America,3,10536.8
3969,542,13,2021-12-15 07:50:03,Africa,5,3339.95
3970,325,13,2020-03-08 03:11:23,Africa,2,1335.98
3971,422,10,2023-07-23 21:21:04,South America,1,638.28
3972,412,5,2020-01-12 03:58:18,Africa,5,17561.34
3973,178,3,2024-07-25 02:22:59,Asia,5,12102.4
3974,962,10,2023-11-12 14:23:59,Asia,5,3191.4
3975,893,6,2020-12-13 14:48:42,Oceania,3,9294.24
3976,243,14,2024-07-28 09:09:46,Oceania,3,5189.14
3977,915,8,2024-03-05 08:37:47,North America,2,6158.07
3978,465,5,2020-03-07 02:13:43,Oceania,2,7024.54
3979,992,7,2024-10-05 16:56:48,North America,5,9394.92
3980,808,2,2022-04-21 22:24:47,Oceania,4,12628.88
3981,785,14,2021-09-22 23:51:58,Asia,1,1729.71
3982,970,4,2024-04-14 11:46:36,Africa,5,5398.47
3983,923,2,2024-03-12 23:53:16,Europe,5,15786.1
3984,562,8,2023-01-20 19:44:04,Africa,4,12316.14
3985,228,12,2021-10-28 06:28:50,South America,2,1818.18
3986,291,13,2023-10-28 13:40:50,North America,4,2671.96
3987,850,5,2021-12-23 12:02:54,Oceania,1,3512.27
3988,9,10,2020-12-16 04:47:40,Asia,1,638.28
3989,198,9,2020-03-13 01:19:30,Europe,4,5357.77
3990,559,3,2021-02-17 23:06:50,Asia,4,9681.92
3991,271,13,2020-05-02 18:46:01,Asia,2,1335.98
3992,70,11,2021-12-23 19:10:33,North America,2,2575.71
3993,626,1,2023-10-30 18:06:32,South America,3,10132.26
3994,138,1,2022-05-18 08:55:01,North America,3,10132.26
3995,21,1,2025-01-11 22:17:37,Oceania,4,13509.68
3996,279,2,2021-10-30 06:22:59,Europe,5,15786.1
3997,278,6,2024-09-07 09:28:50,Oceania,2,6196.16
3998,78,1,2024-02-08 18:18:00,Oceania,5,16887.1
3999,631,5,2021-03-24 18:26:24,Europe,1,3512.27
4000,769,5,2023-12-17 14:51:08,North America,5,17561.34
4001,602,12,2024-01-14 17:55:08,Europe,5,4545.45
4002,763,7,2024-11-19 09:36:54,South America,3,5636.95
4003,210,3,2023-03-05 11:23:04,North America,2,4840.96
4004,508,14,2021-03-23 20:49:56,Europe,3,5189.14
4005,297,1,2021-10-26 19:52:20,Europe,3,10132.26
4006,430,2,2024-07-15 17:49:04,Africa,1,3157.22
4007,53,1,2022-08-07 02:08:51,South America,2,6754.84
4008,539,7,2023-03-31 05:23:48,Europe,1,1878.98
4009,52,8,2021-04-08 21:18:26,Africa,1,3079.04
4010,409,8,2020-06-23 06:24:50,Europe,2,6158.07
4011,798,1,2025-01-21 05:22:10,Asia,1,3377.42
4012,799,13,2023-04-29 13:23:08,South America,2,1335.98
4013,739,3,2024-11-09 18:50:03,Asia,1,2420.48
4014,202,7,2024-12-17 12:53:23,North America,5,9394.92
4015,11,6,2024-01-18 05:55:37,Africa,4,12392.32
4016,321,1,2020-10-24 13:51:04,South America,1,3377.42
4017,250,3,2024-10-15 10:43:13,North America,3,7261.44
4018,27,13,2021-11-02 16:08:12,Africa,4,2671.96
4019,473,2,2020-04-17 12:30:22,Oceania,2,6314.44
4020,463,3,2020-10-17 13:40:09,North America,2,4840.96
4021,210,9,2024-10-25 15:43:47,North America,4,5357.77
4022,762,9,2020-08-22 18:56:42,Oceania,4,5357.77
4023,400,8,2021-07-30 18:09:46,North America,2,6158.07
4024,26,13,2022-09-09 10:34:35,Oceania,3,2003.97
4025,793,5,2020-12-13 13:58:45,South America,4,14049.07
4026,114,10,2024-08-26 23:01:52,North America,2,1276.56
4027,486,14,2023-11-13 23:27:48,Asia,1,1729.71
4028,314,4,2020-06-16 03:08:23,Europe,4,4318.78
4029,845,4,2022-06-29 17:47:10,Europe,3,3239.08
4030,189,6,2020-10-15 10:52:24,Oceania,2,6196.16
4031,407,1,2022-11-29 13:19:13,Europe,2,6754.84
4032,220,10,2020-09-12 15:24:11,Europe,3,1914.84
4033,978,12,2024-12-17 09:03:38,Asia,1,909.09
4034,313,12,2024-01-14 02:19:39,Europe,4,3636.36
4035,385,10,2021-10-08 23:48:26,Oceania,1,638.28
4036,188,7,2022-09-08 04:13:21,North America,3,5636.95
4037,231,3,2023-06-24 15:24:29,North America,4,9681.92
4038,668,8,2022-07-21 09:40:12,Oceania,5,15395.18
4039,571,1,2022-04-19 22:38:13,Asia,2,6754.84
4040,848,12,2024-12-20 12:00:16,Africa,3,2727.27
4041,360,2,2020-04-25 03:02:59,Europe,4,12628.88
4042,109,2,2020-12-09 03:00:40,Asia,5,15786.1
4043,979,9,2020-10-09 11:23:49,Europe,5,6697.22
4044,825,7,2023-06-11 01:25:00,Oceania,5,9394.92
4045,293,12,2024-07-22 20:39:51,South America,5,4545.45
4046,262,8,2023-08-22 15:00:05,Africa,5,15395.18
4047,691,7,2021-10-26 13:05:09,South America,2,3757.97
4048,389,1,2024-04-03 01:36:24,Africa,1,3377.42
4049,276,5,2022-03-15 02:51:42,North America,4,14049.07
4050,524,12,2023-09-23 19:39:24,Oceania,2,1818.18
4051,571,2,2020-12-06 07:33:21,Africa,5,15786.1
4052,34,8,2024-10-28 09:30:27,Europe,3,9237.11
4053,88,7,2020-05-15 11:57:13,North America,3,5636.95
4054,414,10,2021-09-18 08:23:10,South America,5,3191.4
4055,623,12,2021-09-05 05:45:22,Asia,2,1818.18
4056,236,5,2022-04-15 19:15:03,Africa,5,17561.34
4057,448,5,2020-05-01 09:28:16,Africa,4,14049.07
4058,162,2,2024-11-18 14:49:28,Africa,2,6314.44
4059,421,6,2023-09-03 05:23:50,Europe,3,9294.24
4060,152,12,2021-06-06 11:51:13,North America,1,909.09
4061,171,4,2021-04-06 00:20:32,North America,4,4318.78
4062,368,6,2021-10-08 15:50:37,Europe,1,3098.08
4063,3,1,2020-02-26 11:07:47,Africa,1,3377.42
4064,532,7,2022-06-25 06:02:35,Oceania,2,3757.97
4065,732,7,2022-01-13 09:27:55,Africa,4,7515.94
4066,114,10,2020-01-11 10:26:30,Africa,1,638.28
4067,534,10,2020-10-06 13:29:29,North America,5,3191.4
4068,259,2,2020-01-09 05:36:24,North America,4,12628.88
4069,594,14,2023-04-09 13:08:15,Africa,1,1729.71
4070,772,12,2021-12-31 10:05:56,Europe,2,1818.18
4071,702,8,2023-11-20 01:28:28,Oceania,2,6158.07
4072,852,10,2024-11-28 04:53:22,Oceania,5,3191.4
4073,471,12,2020-05-18 23:16:03,South America,5,4545.45
4074,10,9,2022-07-21 16:39:04,Africa,3,4018.33
4075,863,2,2023-08-14 05:29:25,South America,5,15786.1
4076,265,7,2020-05-06 05:37:37,North America,2,3757.97
4077,24,10,2024-05-19 04:54:39,Asia,5,3191.4
4078,701,4,2023-09-12 03:17:39,North America,2,2159.39
4079,912,2,2023-10-16 15:30:16,North America,2,6314.44
4080,952,2,2020-09-21 14:12:39,Asia,5,15786.1
4081,95,11,2024-09-21 05:52:04,Oceania,5,6439.28
4082,379,12,2022-10-21 10:09:32,Africa,3,2727.27
4083,145,13,2022-08-18 04:08:03,Europe,5,3339.95
4084,997,1,2022-03-18 02:10:14,Oceania,2,6754.84
4085,13,2,2021-09-24 02:34:37,Asia,3,9471.66
4086,781,4,2023-07-06 18:02:16,South America,3,3239.08
4087,31,8,2023-03-11 06:38:08,Africa,3,9237.11
4088,622,10,2022-05-30 10:36:33,Africa,3,1914.84
4089,912,12,2023-06-10 11:53:17,South America,3,2727.27
4090,453,3,2020-10-23 16:17:25,North America,1,2420.48
4091,564,3,2020-02-19 19:25:51,Europe,3,7261.44
4092,724,13,2020-10-11 14:21:06,Oceania,5,3339.95
4093,520,3,2021-11-22 06:13:17,Africa,2,4840.96
4094,458,10,2020-01-04 12:09:15,Europe,3,1914.84
4095,985,7,2020-04-14 15:24:52,Africa,2,3757.97
4096,355,9,2024-03-23 18:06:26,Asia,1,1339.44
4097,706,6,2023-12-23 16:28:14,Europe,2,6196.16
4098,809,6,2023-07-02 18:03:50,Asia,2,6196.16
4099,164,4,2023-11-12 21:02:24,North America,3,3239.08
4100,9,5,2021-05-10 10:58:18,Africa,1,3512.27
4101,97,13,2021-03-09 09:04:14,Africa,5,3339.95
4102,719,6,2024-09-01 12:49:55,North America,1,3098.08
4103,704,7,2021-07-02 22:54:56,Oceania,1,1878.98
4104,998,6,2024-10-19 17:14:56,North America,3,9294.24
4105,294,11,2020-12-21 11:56:31,North America,4,5151.42
4106,63,8,2021-06-21 03:50:23,Europe,5,15395.18
4107,57,5,2023-06-22 20:24:01,North America,4,14049.07
4108,56,2,2024-10-10 16:46:10,Europe,2,6314.44
4109,535,3,2020-09-26 06:16:46,North America,4,9681.92
4110,92,12,2021-09-14 22:38:56,Europe,2,1818.18
4111,582,12,2020-08-01 06:27:04,Asia,4,3636.36
4112,92,3,2022-04-01 17:56:59,Africa,1,2420.48
4113,733,6,2024-03-26 11:33:46,Oceania,1,3098.08
4114,440,7,2021-11-28 03:36:30,Oceania,3,5636.95
4115,936,13,2022-08-27 12:37:25,South America,3,2003.97
4116,743,1,2021-07-06 02:35:49,Europe,3,10132.26
4117,451,7,2022-07-20 14:07:13,South America,2,3757.97
4118,846,1,2020-09-30 18:09:03,Asia,1,3377.42
4119,243,1,2024-03-31 00:35:05,Oceania,3,10132.26
4120,762,13,2022-08-18 10:13:41,South America,2,1335.98
4121,866,3,2021-12-30 17:48:23,Asia,3,7261.44
4122,572,7,2024-03-06 00:13:03,South America,1,1878.98
4123,548,3,2022-09-14 12:38:15,North America,2,4840.96
4124,768,11,2023-11-26 14:08:05,Oceania,2,2575.71
4125,976,3,2023-11-08 14:50:25,North America,4,9681.92
4126,522,7,2023-04-18 16:38:23,Asia,4,7515.94
4127,955,12,2021-04-19 05:52:07,Europe,4,3636.36
4128,283,2,2023-10-05 00:40:25,South America,5,15786.1
4129,873,9,2024-05-05 11:50:00,Asia,4,5357.77
4130,810,10,2024-01-10 12:10:39,South America,3,1914.84
4131,850,2,2024-12-01 08:18:27,North America,2,6314.44
4132,655,4,2020-02-16 17:49:00,North America,3,3239.08
4133,423,2,2022-07-31 08:17:18,Africa,5,15786.1
4134,580,8,2021-03-28 06:48:56,Europe,3,9237.11
4135,241,6,2021-10-12 19:34:49,Asia,3,9294.24
4136,55,5,2023-03-21 15:49:29,Africa,4,14049.07
4137,157,2,2020-09-26 22:17:26,Asia,2,6314.44
4138,810,11,2022-02-24 08:28:49,Africa,4,5151.42
4139,756,13,2021-05-23 08:54:35,Asia,3,2003.97
4140,263,10,2020-02-23 09:55:16,South America,2,1276.56
4141,676,12,2022-05-29 10:06:12,Oceania,3,2727.27
4142,839,2,2020-11-10 00:43:26,Oceania,1,3157.22
4143,728,10,2021-08-30 14:22:00,Africa,4,2553.12
4144,564,2,2021-03-31 22:36:05,South America,5,15786.1
4145,256,1,2021-12-26 11:09:02,Asia,4,13509.68
4146,231,6,2022-06-12 05:34:10,Africa,5,15490.4
4147,896,14,2021-07-09 10:03:52,Oceania,5,8648.56
4148,67,9,2022-05-11 07:34:34,Africa,5,6697.22
4149,821,7,2020-03-13 01:51:00,South America,5,9394.92
4150,415,5,2022-12-15 01:48:35,North America,1,3512.27
4151,837,2,2021-07-18 15:52:39,North America,1,3157.22
4152,165,14,2022-08-24 05:59:46,Europe,3,5189.14
4153,673,12,2020-09-12 13:52:45,Oceania,3,2727.27
4154,191,4,2021-01-03 01:18:21,Oceania,1,1079.69
4155,412,1,2024-06-28 02:31:27,South America,3,10132.26
4156,5,14,2024-03-23 02:29:36,Europe,2,3459.42
4157,103,12,2023-04-11 07:27:02,North America,5,4545.45
4158,60,4,2020-07-13 02:59:36,Oceania,2,2159.39
4159,207,2,2023-10-19 21:59:33,Africa,5,15786.1
4160,848,10,2020-06-02 18:53:12,North America,5,3191.4
4161,92,13,2020-04-10 18:26:02,North America,3,2003.97
4162,215,5,2020-12-28 19:28:58,Europe,4,14049.07
4163,110,13,2020-11-03 06:37:31,Africa,4,2671.96
4164,843,8,2023-07-13 04:14:05,North America,5,15395.18
4165,800,12,2023-04-20 07:55:43,Europe,1,909.09
4166,779,6,2020-06-07 05:30:25,Oceania,5,15490.4
4167,520,5,2024-12-12 16:43:06,Oceania,1,3512.27
4168,292,14,2024-06-15 15:35:04,Asia,4,6918.85
4169,889,6,2021-01-09 07:39:52,North America,1,3098.08
4170,211,8,2021-11-25 06:09:08,Asia,3,9237.11
4171,543,3,2020-03-11 07:41:58,South America,1,2420.48
4172,945,3,2024-06-29 22:39:45,Oceania,5,12102.4
4173,889,14,2024-06-11 14:51:15,Oceania,4,6918.85
4174,4,8,2023-12-24 23:16:02,Africa,2,6158.07
4175,779,1,2023-12-24 20:45:05,North America,2,6754.84
4176,969,7,2023-08-18 20:56:00,North America,1,1878.98
4177,566,12,2020-12-11 01:50:40,Africa,5,4545.45
4178,482,14,2021-02-07 04:59:04,Europe,2,3459.42
4179,694,10,2023-04-08 15:49:33,Asia,5,3191.4
4180,493,8,2024-07-21 15:49:23,Europe,1,3079.04
4181,497,6,2020-05-05 06:21:23,South America,2,6196.16
4182,900,7,2020-11-25 11:05:35,North America,5,9394.92
4183,187,13,2024-08-26 13:30:16,North America,3,2003.97
4184,690,12,2023-02-12 04:01:19,Asia,5,4545.45
4185,477,14,2020-04-07 19:09:25,North America,5,8648.56
4186,174,11,2022-06-29 19:36:39,Europe,3,3863.57
4187,818,13,2021-10-24 15:51:07,South America,2,1335.98
4188,988,3,2021-01-12 14:48:14,South America,2,4840.96
4189,600,1,2023-04-03 03:48:01,Africa,4,13509.68
4190,361,14,2022-03-17 11:48:25,South America,4,6918.85
4191,683,8,2023-04-23 08:59:12,South America,1,3079.04
4192,699,11,2020-07-24 23:10:50,South America,3,3863.57
4193,635,12,2022-02-03 00:12:56,Africa,1,909.09
4194,871,6,2020-10-04 21:19:48,Asia,2,6196.16
4195,57,12,2023-06-17 04:13:37,Asia,1,909.09
4196,844,3,2020-08-13 20:52:39,North America,4,9681.92
4197,492,1,2021-09-05 23:59:03,Asia,2,6754.84
4198,48,14,2022-03-12 15:56:09,Europe,5,8648.56
4199,289,14,2020-12-15 13:04:21,Africa,2,3459.42
4200,552,14,2024-11-30 10:24:02,Europe,2,3459.42
4201,296,9,2024-04-12 23:25:15,North America,3,4018.33
4202,226,1,2022-07-25 12:05:00,North America,1,3377.42
4203,757,7,2020-08-19 18:09:03,North America,5,9394.92
4204,324,14,2020-05-25 13:26:34,Europe,2,3459.42
4205,104,6,2023-03-17 11:24:24,South America,1,3098.08
4206,737,6,2023-04-20 21:25:29,Oceania,5,15490.4
4207,298,7,2021-12-18 23:11:58,Oceania,2,3757.97
4208,889,10,2021-12-23 21:19:20,Asia,3,1914.84
4209,564,2,2020-01-10 18:09:18,Asia,1,3157.22
4210,18,14,2022-05-07 22:17:17,South America,1,1729.71
4211,431,5,2024-03-04 04:35:32,Africa,2,7024.54
4212,840,13,2023-08-11 19:59:29,North America,5,3339.95
4213,328,8,2024-09-10 09:54:02,Asia,2,6158.07
4214,329,12,2021-03-01 01:43:15,Africa,1,909.09
4215,789,2,2024-03-10 16:49:51,Asia,4,12628.88
4216,827,2,2021-12-28 15:58:47,Africa,2,6314.44
4217,382,13,2024-03-26 10:58:13,Africa,5,3339.95
4218,101,6,2022-03-17 12:58:48,Europe,3,9294.24
4219,386,14,2023-12-05 22:45:40,Europe,1,1729.71
4220,233,12,2020-02-28 14:21:42,Europe,4,3636.36
4221,303,13,2023-09-13 21:46:10,Oceania,3,2003.97
4222,863,6,2023-08-06 18:05:35,South America,3,9294.24
4223,480,3,2023-01-17 14:05:55,North America,1,2420.48
4224,453,2,2023-12-02 07:43:38,Europe,1,3157.22
4225,63,14,2023-12-12 02:48:37,North America,5,8648.56
4226,371,7,2024-02-02 10:25:20,Africa,3,5636.95
4227,657,13,2024-02-03 21:28:30,Oceania,2,1335.98
4228,741,1,2020-10-30 13:14:09,South America,2,6754.84
4229,326,5,2024-07-04 21:21:08,North America,2,7024.54
4230,795,3,2022-07-10 05:09:11,North America,4,9681.92
4231,861,5,2022-10-04 14:52:29,Oceania,5,17561.34
4232,471,11,2023-04-05 22:36:28,North America,2,2575.71
4233,166,10,2022-10-29 12:22:46,Asia,2,1276.56
4234,790,13,2024-06-28 16:17:52,South America,4,2671.96
4235,152,8,2024-09-20 07:50:21,Africa,2,6158.07
4236,854,5,2023-10-26 01:06:54,South America,1,3512.27
4237,439,5,2020-02-01 22:56:59,South America,2,7024.54
4238,669,7,2021-03-22 19:45:39,South America,2,3757.97
4239,969,2,2022-11-16 22:17:34,Europe,2,6314.44
4240,745,9,2024-01-18 12:46:50,South America,4,5357.77
4241,709,3,2021-01-24 13:02:11,Europe,3,7261.44
4242,915,9,2024-04-14 17:12:46,South America,4,5357.77
4243,622,1,2020-04-03 20:35:12,Asia,4,13509.68
4244,530,9,2025-01-11 04:08:51,Oceania,4,5357.77
4245,240,3,2022-11-05 14:14:51,Asia,1,2420.48
4246,797,4,2020-01-19 17:21:49,Asia,3,3239.08
4247,808,1,2021-03-25 20:20:38,South America,5,16887.1
4248,205,10,2020-09-17 09:10:39,Asia,4,2553.12
4249,611,14,2023-08-26 01:21:10,Asia,4,6918.85
4250,796,1,2021-08-19 01:31:33,Oceania,3,10132.26
4251,672,12,2023-07-02 11:12:29,South America,3,2727.27
4252,60,12,2024-04-03 00:59:27,Africa,4,3636.36
4253,903,8,2022-11-19 05:44:28,Asia,4,12316.14
4254,261,3,2020-08-27 03:37:49,Africa,4,9681.92
4255,722,14,2022-01-19 12:09:44,Africa,1,1729.71
4256,266,3,2024-01-21 13:01:33,Europe,2,4840.96
4257,881,7,2023-11-16 00:11:30,Oceania,2,3757.97
4258,212,3,2021-07-01 00:15:45,Europe,1,2420.48
4259,967,11,2024-02-06 23:21:43,North America,2,2575.71
4260,109,13,2023-12-15 01:08:46,Asia,1,667.99
4261,667,8,2021-01-09 23:26:54,South America,4,12316.14
4262,110,7,2020-06-26 17:36:02,Asia,2,3757.97
4263,162,10,2023-03-01 14:31:17,North America,5,3191.4
4264,296,5,2023-06-09 15:28:56,Africa,5,17561.34
4265,567,4,2023-03-10 10:52:57,Europe,1,1079.69
4266,963,2,2024-12-02 14:24:46,North America,4,12628.88
4267,213,10,2021-08-04 13:11:11,North America,2,1276.56
4268,921,3,2024-11-01 16:47:20,Africa,4,9681.92
4269,15,2,2021-07-26 20:43:17,Oceania,3,9471.66
4270,408,5,2020-08-28 13:45:38,North America,4,14049.07
4271,433,9,2020-08-09 23:54:41,South America,1,1339.44
4272,476,13,2021-11-02 04:56:01,North America,1,667.99
4273,410,4,2020-05-02 05:13:43,Asia,4,4318.78
4274,702,1,2022-06-23 17:50:26,Africa,1,3377.42
4275,204,4,2023-07-07 23:33:24,South America,2,2159.39
4276,188,5,2023-03-16 11:24:22,Africa,3,10536.8
4277,230,14,2023-09-30 19:14:59,Europe,1,1729.71
4278,577,5,2023-09-08 00:03:44,Europe,4,14049.07
4279,938,9,2024-08-04 12:11:29,Europe,1,1339.44
4280,981,10,2023-05-20 14:33:07,Asia,1,638.28
4281,267,1,2022-12-22 18:32:04,Africa,2,6754.84
4282,747,10,2022-10-06 21:29:03,North America,5,3191.4
4283,716,10,2021-11-29 15:14:57,Europe,2,1276.56
4284,474,12,2024-03-12 11:51:16,Europe,2,1818.18
4285,554,14,2021-05-12 07:20:07,Africa,1,1729.71
4286,121,14,2021-11-21 09:04:46,Asia,4,6918.85
4287,668,1,2024-10-15 20:08:55,South America,3,10132.26
4288,61,3,2023-07-28 05:09:45,South America,4,9681.92
4289,405,11,2021-06-17 06:48:51,South America,3,3863.57
4290,884,3,2022-08-01 15:11:00,Asia,5,12102.4
4291,211,10,2022-04-02 15:03:14,Africa,4,2553.12
4292,767,11,2023-03-06 20:13:35,North America,5,6439.28
4293,464,12,2024-04-20 01:09:07,Africa,1,909.09
4294,446,5,2023-07-24 20:13:31,Oceania,1,3512.27
4295,508,6,2020-03-08 10:05:56,Europe,4,12392.32
4296,46,9,2020-11-16 21:19:09,Africa,1,1339.44
4297,983,14,2025-01-22 16:02:45,North America,2,3459.42
4298,170,3,2023-02-27 21:51:45,Asia,1,2420.48
4299,904,14,2020-04-11 04:55:32,Asia,2,3459.42
4300,266,9,2020-04-17 11:34:26,Africa,5,6697.22
4301,231,3,2022-12-18 17:44:17,Europe,2,4840.96
4302,254,4,2020-01-21 09:11:21,Europe,2,2159.39
4303,251,6,2020-05-06 13:34:16,Europe,1,3098.08
4304,830,6,2022-12-04 22:24:38,North America,3,9294.24
4305,117,10,2022-11-15 00:36:29,Asia,2,1276.56
4306,337,13,2021-12-03 06:29:23,South America,1,667.99
4307,595,9,2024-10-06 16:10:23,Asia,5,6697.22
4308,712,13,2021-08-24 14:55:20,Europe,2,1335.98
4309,198,3,2022-02-04 04:41:48,South America,3,7261.44
4310,942,3,2023-08-18 21:08:23,Europe,5,12102.4
4311,8,13,2020-03-23 19:20:20,Asia,5,3339.95
4312,578,12,2021-12-17 02:41:13,North America,5,4545.45
4313,130,14,2022-04-19 13:16:31,North America,3,5189.14
4314,166,10,2023-10-12 11:43:18,Asia,1,638.28
4315,770,10,2022-08-30 15:12:57,Africa,4,2553.12
4316,616,10,2020-06-24 08:36:29,North America,2,1276.56
4317,147,4,2023-06-01 09:09:08,Europe,4,4318.78
4318,78,8,2022-08-17 23:57:53,Africa,4,12316.14
4319,381,5,2020-07-22 16:59:40,North America,2,7024.54
4320,394,3,2022-04-13 06:34:04,Oceania,5,12102.4
4321,96,10,2023-10-24 07:29:44,Asia,2,1276.56
4322,638,13,2024-12-25 12:06:36,Europe,1,667.99
4323,186,7,2020-08-24 03:58:44,Oceania,4,7515.94
4324,235,2,2023-03-02 22:26:40,Europe,4,12628.88
4325,740,7,2023-08-08 22:20:26,Asia,2,3757.97
4326,485,6,2024-04-29 11:07:06,Oceania,2,6196.16
4327,940,7,2023-04-05 05:38:38,North America,3,5636.95
4328,919,3,2023-08-15 16:14:27,North America,1,2420.48
4329,460,13,2020-03-23 04:13:58,North America,2,1335.98
4330,585,10,2024-07-14 02:47:53,Asia,2,1276.56
4331,323,14,2022-04-20 08:36:30,North America,2,3459.42
4332,196,3,2020-07-14 02:18:17,Asia,1,2420.48
4333,708,4,2023-01-06 18:48:40,North America,3,3239.08
4334,326,2,2021-10-14 02:03:55,Oceania,3,9471.66
4335,791,3,2024-12-12 20:36:59,Oceania,1,2420.48
4336,108,5,2020-06-02 09:14:48,Africa,2,7024.54
4337,872,8,2025-01-11 01:00:34,South America,4,12316.14
4338,654,3,2023-12-19 05:45:03,Africa,3,7261.44
4339,998,3,2022-02-19 20:05:47,Europe,3,7261.44
4340,158,2,2024-08-21 01:14:54,Europe,5,15786.1
4341,726,14,2022-09-25 08:33:16,Oceania,3,5189.14
4342,955,9,2025-01-09 05:50:28,Europe,1,1339.44
4343,754,1,2024-08-13 04:59:48,South America,3,10132.26
4344,505,1,2024-03-10 19:04:07,Oceania,4,13509.68
4345,392,14,2021-09-08 00:24:02,Europe,5,8648.56
4346,902,4,2025-01-03 16:26:23,Africa,2,2159.39
4347,572,7,2020-10-23 00:13:09,Asia,3,5636.95
4348,894,10,2021-05-30 12:34:29,Asia,1,638.28
4349,479,12,2022-06-19 11:44:50,South America,5,4545.45
4350,282,1,2022-11-02 06:48:31,Oceania,5,16887.1
4351,516,13,2024-06-26 05:43:08,Africa,3,2003.97
4352,197,14,2021-06-17 18:03:21,Asia,5,8648.56
4353,717,7,2021-02-23 08:30:58,South America,4,7515.94
4354,808,3,2024-04-27 00:54:56,Asia,1,2420.48
4355,408,8,2024-12-20 23:33:29,Europe,2,6158.07
4356,372,5,2022-09-17 17:34:31,Oceania,2,7024.54
4357,383,2,2023-05-02 05:59:19,Europe,5,15786.1
4358,569,3,2021-07-24 07:44:24,Asia,2,4840.96
4359,9,13,2024-07-14 20:30:37,Europe,1,667.99
4360,362,12,2021-06-05 23:11:06,Asia,4,3636.36
4361,458,3,2023-07-01 12:29:09,Europe,5,12102.4
4362,604,13,2021-07-14 02:39:30,Oceania,3,2003.97
4363,14,2,2021-05-19 22:45:39,Europe,2,6314.44
4364,945,5,2022-06-12 03:34:42,Africa,1,3512.27
4365,588,3,2020-02-05 13:22:35,North America,5,12102.4
4366,621,12,2023-05-10 10:00:43,Europe,4,3636.36
4367,852,12,2020-05-03 12:31:50,Europe,4,3636.36
4368,420,7,2022-03-25 20:43:51,Asia,1,1878.98
4369,848,14,2024-12-09 05:03:30,Asia,1,1729.71
4370,441,4,2020-07-26 09:29:14,South America,2,2159.39
4371,857,5,2020-02-28 07:04:28,Oceania,1,3512.27
4372,238,10,2020-06-04 00:58:52,Oceania,1,638.28
4373,779,2,2021-11-13 07:00:43,Europe,5,15786.1
4374,380,13,2024-07-31 19:36:46,Africa,2,1335.98
4375,182,3,2022-07-14 11:26:24,South America,2,4840.96
4376,96,2,2021-11-21 07:53:41,South America,5,15786.1
4377,873,1,2023-07-28 11:55:37,North America,1,3377.42
4378,955,9,2023-12-04 12:44:43,South America,2,2678.89
4379,675,1,2023-05-27 16:14:31,Asia,3,10132.26
4380,410,2,2020-06-19 13:06:40,South America,4,12628.88
4381,1000,7,2023-04-29 13:16:50,Asia,2,3757.97
4382,224,12,2023-01-04 19:18:07,North America,5,4545.45
4383,16,10,2021-12-10 04:58:59,South America,3,1914.84
4384,178,4,2023-08-09 06:19:25,North America,3,3239.08
4385,456,14,2021-03-31 12:16:02,Europe,4,6918.85
4386,690,2,2021-09-07 20:54:18,South America,2,6314.44
4387,118,1,2022-03-15 14:35:28,Asia,5,16887.1
4388,730,2,2022-07-20 01:02:08,Europe,4,12628.88
4389,962,4,2023-04-23 20:36:33,Asia,1,1079.69
4390,283,14,2020-12-27 08:16:11,Oceania,3,5189.14
4391,202,8,2023-12-12 08:31:56,South America,2,6158.07
4392,675,7,2023-01-29 17:35:22,South America,5,9394.92
4393,974,7,2023-08-04 01:50:35,Oceania,1,1878.98
4394,214,13,2022-06-27 04:46:18,Europe,3,2003.97
4395,639,1,2023-08-24 12:15:45,North America,3,10132.26
4396,485,6,2020-11-06 23:00:38,Africa,3,9294.24
4397,564,8,2020-09-25 21:05:18,South America,1,3079.04
4398,635,10,2021-08-09 12:52:38,Europe,5,3191.4
4399,307,12,2020-05-07 22:19:57,Europe,2,1818.18
4400,294,9,2023-10-15 11:42:02,Asia,2,2678.89
4401,274,13,2020-08-29 14:54:26,South America,3,2003.97
4402,173,4,2022-12-08 23:11:46,South America,3,3239.08
4403,800,6,2024-04-05 12:00:42,South America,2,6196.16
4404,587,5,2024-11-06 18:36:27,North America,4,14049.07
4405,170,6,2024-07-23 11:59:38,Asia,3,9294.24
4406,764,4,2021-03-01 01:42:05,South America,4,4318.78
4407,573,10,2022-05-22 15:28:55,Oceania,1,638.28
4408,479,3,2024-05-21 06:41:54,South America,2,4840.96
4409,752,12,2020-07-15 09:58:14,Oceania,3,2727.27
4410,13,1,2022-11-18 22:28:49,Europe,5,16887.1
4411,513,14,2022-08-30 07:24:53,South America,3,5189.14
4412,760,5,2020-10-10 21:03:34,South America,2,7024.54
4413,744,5,2022-09-25 04:54:05,Africa,2,7024.54
4414,618,1,2024-12-11 19:35:21,Europe,1,3377.42
4415,489,9,2022-03-24 12:58:09,Oceania,1,1339.44
4416,438,1,2024-02-27 10:15:24,Oceania,3,10132.26
4417,651,7,2022-07-01 04:24:14,Europe,1,1878.98
4418,467,9,2022-03-24 18:28:17,Asia,5,6697.22
4419,218,8,2023-05-15 21:16:08,Oceania,1,3079.04
4420,385,2,2023-11-03 08:45:18,Oceania,5,15786.1
4421,987,14,2023-07-15 08:11:59,Asia,3,5189.14
4422,918,7,2021-02-12 03:55:32,Oceania,4,7515.94
4423,898,7,2023-06-09 14:16:40,Africa,2,3757.97
4424,947,13,2023-02-16 12:54:19,Oceania,1,667.99
4425,305,12,2024-06-01 22:16:58,Asia,1,909.09
4426,837,9,2024-11-09 19:44:21,North America,5,6697.22
4427,961,1,2023-11-07 20:04:12,South America,2,6754.84
4428,947,12,2024-11-27 06:08:50,North America,2,1818.18
4429,12,13,2022-08-15 03:01:25,Asia,5,3339.95
4430,42,12,2024-10-12 09:10:19,South America,4,3636.36
4431,21,5,2023-02-02 20:39:46,South America,2,7024.54
4432,771,7,2022-11-14 10:54:37,North America,1,1878.98
4433,234,12,2023-10-12 02:28:37,Asia,2,1818.18
4434,937,7,2024-05-01 00:24:34,Europe,5,9394.92
4435,217,1,2024-02-09 18:35:36,Oceania,4,13509.68
4436,451,11,2020-03-10 03:18:58,South America,2,2575.71
4437,483,12,2024-08-29 13:22:03,Europe,1,909.09
4438,188,12,2023-07-30 20:25:24,South America,2,1818.18
4439,910,14,2024-11-20 07:58:15,Oceania,4,6918.85
4440,288,13,2020-02-20 03:50:07,Africa,1,667.99
4441,463,9,2023-08-31 18:49:21,Asia,5,6697.22
4442,224,9,2020-05-25 01:31:15,South America,3,4018.33
4443,483,13,2024-11-14 03:13:02,South America,2,1335.98
4444,210,5,2024-05-19 03:57:40,Oceania,2,7024.54
4445,633,14,2024-02-05 05:02:53,South America,5,8648.56
4446,25,12,2022-09-29 10:44:23,North America,3,2727.27
4447,865,11,2024-11-09 00:58:23,Europe,3,3863.57
4448,143,14,2023-11-15 21:55:32,North America,1,1729.71
4449,269,11,2023-08-05 22:24:12,Oceania,5,6439.28
4450,784,2,2023-06-01 07:58:33,Oceania,5,15786.1
4451,741,8,2023-06-18 22:10:59,South America,1,3079.04
4452,211,3,2020-08-04 15:18:24,South America,1,2420.48
4453,782,3,2020-02-16 01:48:27,South America,5,12102.4
4454,197,13,2024-12-11 04:55:13,Europe,5,3339.95
4455,786,14,2020-09-05 20:06:03,Oceania,5,8648.56
4456,581,14,2021-05-11 06:56:50,South America,5,8648.56
4457,123,9,2023-07-24 19:00:39,Oceania,2,2678.89
4458,331,13,2021-12-26 02:06:19,South America,2,1335.98
4459,93,8,2024-07-16 17:58:54,South America,1,3079.04
4460,843,14,2022-03-26 07:02:43,Europe,3,5189.14
4461,415,10,2021-05-05 01:34:46,North America,3,1914.84
4462,212,12,2024-07-21 22:24:53,Oceania,5,4545.45
4463,977,11,2020-09-27 14:30:01,Oceania,2,2575.71
4464,790,4,2022-07-28 19:03:26,Oceania,3,3239.08
4465,656,10,2020-12-16 22:30:53,Asia,1,638.28
4466,368,13,2023-07-24 09:06:38,South America,5,3339.95
4467,28,7,2021-07-12 02:20:59,North America,5,9394.92
4468,632,6,2023-09-26 12:19:15,Europe,5,15490.4
4469,3,6,2024-07-06 05:05:30,Europe,3,9294.24
4470,982,5,2024-10-10 05:51:06,Africa,2,7024.54
4471,761,13,2022-02-01 07:11:33,North America,3,2003.97
4472,715,3,2023-12-18 12:38:56,Oceania,1,2420.48
4473,552,2,2024-01-04 19:47:49,Africa,4,12628.88
4474,881,1,2023-03-17 00:05:08,Oceania,4,13509.68
4475,278,11,2020-12-19 20:50:02,Asia,2,2575.71
4476,905,11,2024-12-06 16:21:20,North America,5,6439.28
4477,106,7,2024-12-09 20:26:31,Oceania,3,5636.95
4478,674,3,2020-10-16 10:02:14,Asia,5,12102.4
4479,2,4,2020-05-24 02:26:39,North America,4,4318.78
4480,488,1,2021-04-29 21:51:51,South America,5,16887.1
4481,646,5,2023-10-18 12:02:40,North America,1,3512.27
4482,209,1,2024-08-02 22:09:45,North America,5,16887.1
4483,531,11,2023-11-12 08:11:59,Europe,1,1287.86
4484,412,3,2021-05-29 12:21:33,Africa,5,12102.4
4485,969,7,2021-06-24 03:26:14,Oceania,5,9394.92
4486,892,13,2022-07-18 10:02:45,Africa,3,2003.97
4487,335,13,2020-02-29 18:40:47,South America,1,667.99
4488,151,9,2024-12-05 07:11:37,Asia,5,6697.22
4489,975,10,2023-12-21 16:34:34,Oceania,2,1276.56
4490,283,2,2023-07-25 15:03:17,Africa,1,3157.22
4491,3,7,2020-12-15 00:10:33,Oceania,5,9394.92
4492,615,7,2021-06-16 19:15:31,South America,1,1878.98
4493,416,7,2020-02-18 07:56:18,Africa,2,3757.97
4494,34,9,2020-02-22 00:27:16,Europe,2,2678.89
4495,640,2,2020-06-25 12:42:03,Oceania,4,12628.88
4496,776,13,2023-08-01 20:51:22,Europe,2,1335.98
4497,689,5,2022-04-16 18:12:56,Europe,3,10536.8
4498,334,13,2023-03-31 05:35:51,Oceania,5,3339.95
4499,667,3,2022-11-03 17:25:56,Africa,3,7261.44
4500,697,14,2020-01-19 05:40:30,North America,4,6918.85
4501,183,1,2021-03-19 01:20:16,Asia,3,10132.26
4502,167,11,2021-10-29 19:48:20,South America,3,3863.57
4503,611,1,2020-10-06 16:44:01,Europe,5,16887.1
4504,980,4,2023-02-05 15:05:46,Europe,4,4318.78
4505,10,3,2022-04-07 05:47:38,Africa,5,12102.4
4506,463,7,2022-02-15 11:48:09,Africa,1,1878.98
4507,386,11,2020-01-03 09:21:10,Europe,4,5151.42
4508,941,13,2022-01-22 17:56:01,South America,3,2003.97
4509,326,3,2020-05-10 13:52:57,Asia,3,7261.44
4510,364,4,2022-03-05 20:58:34,Africa,4,4318.78
4511,772,2,2023-09-27 20:06:07,Asia,5,15786.1
4512,798,5,2022-01-25 04:43:46,South America,1,3512.27
4513,847,12,2024-05-03 13:54:25,Africa,3,2727.27
4514,151,2,2024-11-05 18:57:58,South America,3,9471.66
4515,511,4,2023-02-21 19:20:41,Asia,5,5398.47
4516,962,12,2023-07-01 06:52:21,Europe,4,3636.36
4517,203,3,2023-08-22 09:36:25,North America,2,4840.96
4518,391,7,2024-07-01 08:35:40,South America,4,7515.94
4519,291,10,2021-02-05 20:52:06,Asia,1,638.28
4520,596,5,2024-02-14 14:32:03,Oceania,5,17561.34
4521,927,3,2020-06-05 21:22:56,Asia,2,4840.96
4522,191,10,2023-04-17 05:12:06,Europe,5,3191.4
4523,170,7,2021-02-04 04:50:04,North America,5,9394.92
4524,394,7,2020-08-13 18:46:34,South America,4,7515.94
4525,972,10,2023-06-22 04:12:47,Europe,5,3191.4
4526,194,6,2025-01-07 02:13:31,Africa,4,12392.32
4527,674,14,2024-12-31 19:32:27,Oceania,2,3459.42
4528,618,13,2022-02-09 08:22:07,Europe,5,3339.95
4529,329,13,2024-01-23 09:56:28,South America,5,3339.95
4530,570,9,2024-03-19 06:06:12,South America,4,5357.77
4531,626,3,2023-09-09 20:35:09,North America,3,7261.44
4532,309,2,2022-03-02 15:46:59,Africa,2,6314.44
4533,177,1,2022-02-20 06:51:51,Africa,5,16887.1
4534,833,4,2022-10-14 02:31:23,Europe,1,1079.69
4535,618,9,2020-09-19 23:03:05,Europe,2,2678.89
4536,130,7,2020-04-01 03:04:31,North America,1,1878.98
4537,919,2,2022-07-13 06:31:30,North America,3,9471.66
4538,669,11,2023-05-24 07:51:12,Europe,4,5151.42
4539,861,10,2022-08-05 11:26:26,Oceania,1,638.28
4540,668,11,2020-04-14 21:00:29,Asia,2,2575.71
4541,749,10,2021-11-07 10:54:49,Asia,1,638.28
4542,122,1,2024-05-23 23:27:30,Africa,2,6754.84
4543,508,6,2024-08-15 19:04:22,South America,2,6196.16
4544,136,1,2024-08-05 04:13:09,South America,5,16887.1
4545,660,6,2022-07-12 03:04:22,Europe,4,12392.32
4546,761,13,2022-07-11 06:50:59,North America,2,1335.98
4547,338,10,2020-06-21 18:40:18,Africa,2,1276.56
4548,188,4,2021-12-22 04:40:53,North America,3,3239.08
4549,584,8,2023-08-23 01:58:57,Africa,4,12316.14
4550,966,13,2022-03-21 22:58:14,Africa,1,667.99
4551,928,10,2021-01-23 16:18:27,Africa,4,2553.12
4552,963,14,2020-04-15 11:53:07,Oceania,5,8648.56
4553,878,6,2024-07-16 22:03:25,Europe,4,12392.32
4554,901,1,2024-01-12 05:25:06,Oceania,1,3377.42
4555,374,4,2023-10-25 15:47:46,Africa,1,1079.69
4556,419,7,2024-06-22 19:44:23,South America,1,1878.98
4557,586,6,2021-04-20 03:40:28,Oceania,4,12392.32
4558,938,12,2020-01-21 21:38:36,Asia,3,2727.27
4559,254,13,2024-03-04 17:09:37,Asia,3,2003.97
4560,124,12,2022-09-14 22:52:45,Europe,2,1818.18
4561,988,2,2024-02-07 00:35:41,Oceania,2,6314.44
4562,634,6,2020-10-28 03:51:30,North America,4,12392.32
4563,54,8,2024-03-20 14:36:15,Europe,4,12316.14
4564,658,3,2024-03-22 00:58:34,Asia,1,2420.48
4565,64,4,2020-09-24 16:37:44,Africa,4,4318.78
4566,781,11,2020-05-19 18:35:10,Europe,2,2575.71
4567,712,6,2024-12-18 21:25:08,Africa,5,15490.4
4568,740,2,2021-09-08 00:31:36,Africa,5,15786.1
4569,496,4,2023-11-28 23:53:21,North America,2,2159.39
4570,195,5,2022-07-02 04:30:10,Asia,2,7024.54
4571,282,14,2022-06-09 11:16:36,Africa,4,6918.85
4572,624,1,2024-03-12 21:15:03,South America,3,10132.26
4573,27,8,2023-07-16 09:55:32,Europe,5,15395.18
4574,794,4,2020-07-23 02:07:14,North America,3,3239.08
4575,709,14,2023-07-08 19:41:31,Asia,4,6918.85
4576,79,13,2020-08-09 11:56:59,South America,5,3339.95
4577,645,1,2023-01-15 00:43:20,North America,5,16887.1
4578,495,12,2021-06-01 04:03:36,Africa,2,1818.18
4579,608,6,2022-04-12 14:22:32,Asia,1,3098.08
4580,393,4,2020-04-25 01:51:28,Africa,3,3239.08
4581,834,2,2023-01-04 21:28:33,Africa,5,15786.1
4582,2,6,2024-08-19 00:59:35,Oceania,3,9294.24
4583,81,12,2022-09-24 04:34:56,South America,1,909.09
4584,267,5,2023-05-04 03:30:36,Oceania,5,17561.34
4585,375,4,2020-12-29 10:09:03,South America,5,5398.47
4586,49,11,2024-01-08 22:08:30,North America,4,5151.42
4587,52,5,2024-12-31 07:56:46,Europe,1,3512.27
4588,914,14,2022-08-25 17:48:35,Asia,1,1729.71
4589,915,5,2024-08-03 09:43:14,Asia,1,3512.27
4590,19,13,2024-08-23 03:37:05,Europe,2,1335.98
4591,183,2,2020-03-15 23:32:05,Oceania,5,15786.1
4592,215,10,2023-05-08 01:08:12,Europe,4,2553.12
4593,786,12,2022-01-11 03:23:00,Africa,1,909.09
4594,381,14,2024-09-19 08:09:24,South America,5,8648.56
4595,701,5,2023-10-13 23:53:16,Africa,1,3512.27
4596,554,1,2023-05-02 02:24:40,Asia,2,6754.84
4597,162,10,2020-10-08 07:22:36,South America,3,1914.84
4598,290,12,2021-10-04 00:41:13,Europe,4,3636.36
4599,740,4,2023-07-21 04:49:19,Europe,3,3239.08
4600,205,1,2023-12-26 08:07:54,Asia,2,6754.84
4601,270,14,2024-04-12 04:39:17,Africa,1,1729.71
4602,922,1,2024-02-23 05:50:12,North America,4,13509.68
4603,518,12,2024-09-30 20:30:47,South America,5,4545.45
4604,993,1,2021-06-06 12:58:34,North America,5,16887.1
4605,696,12,2020-10-14 20:57:48,Africa,1,909.09
4606,860,12,2021-11-21 20:12:13,North America,3,2727.27
4607,95,4,2023-04-26 01:25:03,South America,2,2159.39
4608,103,2,2024-07-26 18:06:44,Asia,3,9471.66
4609,567,6,2020-05-26 03:58:53,Asia,5,15490.4
4610,167,13,2022-01-18 15:56:17,Europe,4,2671.96
4611,674,2,2025-01-19 11:49:13,Oceania,1,3157.22
4612,413,1,2023-11-14 01:58:27,Oceania,3,10132.26
4613,689,3,2020-02-26 04:50:52,Asia,2,4840.96
4614,232,10,2020-01-22 18:44:07,South America,4,2553.12
4615,489,5,2022-05-15 07:39:06,Asia,3,10536.8
4616,492,12,2024-07-10 07:33:56,Oceania,1,909.09
4617,914,11,2021-09-03 01:59:43,North America,2,2575.71
4618,455,13,2022-06-17 17:56:28,South America,1,667.99
4619,764,2,2024-11-13 01:24:13,Asia,5,15786.1
4620,747,4,2022-04-26 00:06:31,South America,5,5398.47
4621,898,13,2023-04-18 21:02:42,South America,4,2671.96
4622,136,14,2021-07-12 15:00:26,Europe,4,6918.85
4623,335,12,2023-03-13 23:08:35,North America,5,4545.45
4624,373,4,2021-03-04 08:10:31,Oceania,1,1079.69
4625,394,2,2022-07-24 19:36:43,North America,5,15786.1
4626,133,6,2024-09-21 22:52:21,South America,4,12392.32
4627,7,4,2024-05-25 01:35:10,South America,4,4318.78
4628,50,6,2023-05-07 03:50:50,Europe,1,3098.08
4629,43,7,2022-01-11 15:12:35,South America,4,7515.94
4630,850,1,2020-05-16 18:07:48,Europe,3,10132.26
4631,749,9,2023-08-25 15:41:50,Asia,1,1339.44
4632,858,1,2024-08-20 07:32:13,Africa,5,16887.1
4633,124,1,2024-12-27 15:10:23,North America,2,6754.84
4634,607,2,2020-07-01 09:09:26,Oceania,2,6314.44
4635,243,11,2021-03-20 18:57:42,Asia,1,1287.86
4636,139,1,2022-03-25 21:55:58,Asia,5,16887.1
4637,162,12,2023-11-30 09:09:33,Asia,2,1818.18
4638,583,8,2023-02-13 04:45:17,Europe,5,15395.18
4639,879,2,2021-08-02 23:20:33,South America,5,15786.1
4640,43,1,2024-07-15 08:37:42,South America,5,16887.1
4641,45,3,2022-12-19 17:40:16,South America,4,9681.92
4642,957,5,2022-03-11 22:11:02,Asia,3,10536.8
4643,646,10,2020-05-16 05:18:04,Asia,2,1276.56
4644,293,12,2022-05-24 15:20:45,Oceania,5,4545.45
4645,293,6,2024-05-15 07:18:39,North America,2,6196.16
4646,128,9,2024-10-09 03:39:05,North America,1,1339.44
4647,736,9,2023-04-24 11:32:25,Asia,5,6697.22
4648,645,6,2021-10-18 16:14:46,Asia,5,15490.4
4649,908,14,2022-10-22 19:21:24,South America,3,5189.14
4650,416,3,2025-01-29 04:20:33,Oceania,2,4840.96
4651,380,3,2024-03-12 16:51:45,Africa,1,2420.48
4652,507,1,2023-06-19 18:02:12,South America,3,10132.26
4653,13,4,2020-11-14 14:36:07,South America,4,4318.78
4654,861,3,2024-08-10 04:36:39,South America,3,7261.44
4655,32,8,2022-07-09 16:10:01,South America,1,3079.04
4656,885,11,2023-08-02 20:43:39,South America,2,2575.71
4657,17,3,2023-01-02 17:24:30,North America,2,4840.96
4658,375,9,2020-03-25 10:10:35,North America,3,4018.33
4659,384,4,2020-07-29 19:22:40,South America,1,1079.69
4660,236,11,2023-08-07 17:07:47,South America,1,1287.86
4661,829,2,2023-08-07 23:33:53,North America,3,9471.66
4662,356,9,2024-11-12 09:29:48,North America,4,5357.77
4663,383,3,2022-03-05 07:23:45,Asia,2,4840.96
4664,77,4,2025-01-09 08:04:02,Asia,2,2159.39
4665,315,8,2022-04-04 09:48:08,North America,5,15395.18
4666,727,7,2023-02-09 03:43:40,Europe,3,5636.95
4667,100,11,2023-12-23 14:10:43,Africa,3,3863.57
4668,56,6,2021-01-17 11:36:56,Africa,4,12392.32
4669,956,12,2024-06-18 05:25:30,Oceania,1,909.09
4670,590,9,2023-09-12 15:36:40,Oceania,4,5357.77
4671,960,5,2024-12-09 06:50:54,Europe,4,14049.07
4672,440,6,2021-01-17 07:40:17,Africa,4,12392.32
4673,241,4,2024-03-17 14:07:54,Asia,3,3239.08
4674,643,11,2023-11-30 04:32:18,South America,5,6439.28
4675,561,1,2023-12-27 05:21:30,North America,3,10132.26
4676,791,3,2024-01-25 22:17:54,South America,2,4840.96
4677,821,12,2024-08-11 02:59:20,Asia,1,909.09
4678,251,14,2020-11-07 12:02:45,Africa,1,1729.71
4679,191,3,2023-01-23 02:39:01,South America,1,2420.48
4680,501,4,2021-08-12 05:36:23,Europe,2,2159.39
4681,707,12,2024-01-28 09:09:08,Europe,5,4545.45
4682,806,11,2021-10-15 11:35:17,Africa,2,2575.71
4683,882,7,2022-03-15 22:07:37,North America,3,5636.95
4684,191,14,2021-02-18 08:53:33,Asia,5,8648.56
4685,246,13,2023-05-11 13:09:39,South America,2,1335.98
4686,386,10,2021-08-03 11:10:42,Asia,5,3191.4
4687,170,8,2022-01-05 13:53:17,Africa,4,12316.14
4688,956,12,2021-11-26 10:18:02,Oceania,2,1818.18
4689,548,14,2021-03-13 02:42:29,North America,3,5189.14
4690,140,4,2020-03-08 09:24:16,Africa,2,2159.39
4691,97,5,2020-07-21 18:02:18,South America,1,3512.27
4692,632,4,2021-06-28 06:54:11,Africa,2,2159.39
4693,286,5,2021-10-21 23:01:13,Asia,2,7024.54
4694,507,11,2025-01-10 03:22:53,Africa,1,1287.86
4695,153,10,2024-02-10 11:19:41,Asia,1,638.28
4696,840,6,2022-10-16 20:31:02,Asia,1,3098.08
4697,707,6,2023-04-23 14:14:33,North America,2,6196.16
4698,937,8,2023-09-17 21:38:52,Africa,3,9237.11
4699,707,10,2020-08-03 17:49:30,Europe,5,3191.4
4700,565,4,2020-04-01 12:17:00,North America,1,1079.69
4701,734,14,2022-06-02 10:22:28,Europe,4,6918.85
4702,219,11,2021-07-26 14:46:51,South America,2,2575.71
4703,641,12,2021-02-02 13:19:24,South America,2,1818.18
4704,461,8,2021-11-09 08:54:12,Europe,4,12316.14
4705,962,2,2024-04-21 19:23:45,Oceania,4,12628.88
4706,984,1,2023-06-02 09:03:25,Asia,4,13509.68
4707,748,8,2023-10-08 04:44:02,North America,1,3079.04
4708,213,9,2020-06-11 16:14:26,Europe,3,4018.33
4709,388,13,2022-11-06 23:44:28,Africa,1,667.99
4710,321,3,2024-04-13 01:57:58,Asia,5,12102.4
4711,139,11,2020-09-20 12:12:57,Oceania,3,3863.57
4712,844,1,2022-07-13 08:02:26,Oceania,4,13509.68
4713,55,3,2022-04-19 15:11:56,North America,4,9681.92
4714,692,11,2024-01-10 07:32:35,Asia,4,5151.42
4715,519,3,2023-11-09 19:10:07,South America,4,9681.92
4716,142,6,2020-01-08 12:28:29,South America,5,15490.4
4717,851,3,2020-05-04 07:20:55,Europe,1,2420.48
4718,724,7,2024-04-28 09:49:11,Oceania,2,3757.97
4719,366,11,2022-03-26 03:53:07,South America,4,5151.42
4720,747,2,2024-11-17 08:25:38,South America,3,9471.66
4721,274,6,2024-02-18 00:30:25,Oceania,5,15490.4
4722,601,4,2024-06-12 00:43:31,Europe,1,1079.69
4723,602,12,2024-02-13 23:52:24,Oceania,5,4545.45
4724,589,14,2022-05-13 01:59:50,Africa,5,8648.56
4725,809,2,2024-04-21 08:30:53,South America,3,9471.66
4726,36,10,2022-09-05 15:39:34,Asia,5,3191.4
4727,15,14,2025-01-29 11:36:24,Oceania,3,5189.14
4728,820,11,2021-03-20 01:04:13,South America,2,2575.71
4729,794,14,2022-07-10 12:00:48,Europe,4,6918.85
4730,131,3,2025-01-08 13:12:04,Asia,2,4840.96
4731,915,7,2021-02-10 06:20:36,North America,1,1878.98
4732,161,12,2024-12-24 18:44:02,Oceania,5,4545.45
4733,957,9,2020-11-20 03:21:49,Asia,1,1339.44
4734,631,5,2022-11-20 14:03:05,Europe,5,17561.34
4735,258,1,2020-08-15 12:44:18,Europe,1,3377.42
4736,702,8,2021-05-22 12:11:18,Europe,4,12316.14
4737,932,4,2024-07-07 22:17:47,Oceania,5,5398.47
4738,938,5,2022-07-21 14:23:16,Europe,4,14049.07
4739,847,11,2022-11-25 11:23:44,South America,2,2575.71
4740,733,8,2024-03-07 15:26:59,North America,5,15395.18
4741,868,9,2024-06-23 07:54:38,Europe,5,6697.22
4742,931,3,2023-10-30 21:09:53,Africa,2,4840.96
4743,659,9,2020-06-28 14:31:11,Asia,4,5357.77
4744,674,9,2020-07-28 09:09:06,South America,3,4018.33
4745,535,1,2020-08-27 08:08:37,Oceania,4,13509.68
4746,205,12,2024-11-23 02:57:59,Oceania,3,2727.27
4747,379,7,2023-12-23 14:12:24,Oceania,3,5636.95
4748,589,10,2022-04-22 00:36:47,South America,5,3191.4
4749,26,13,2024-05-20 00:35:20,South America,3,2003.97
4750,704,8,2022-04-16 19:24:38,Africa,5,15395.18
4751,794,13,2021-08-22 00:02:31,Oceania,4,2671.96
4752,555,4,2023-10-13 20:45:18,Europe,1,1079.69
4753,207,7,2020-06-06 12:06:53,Africa,1,1878.98
4754,61,10,2023-07-20 03:15:29,North America,2,1276.56
4755,394,7,2020-01-24 00:27:22,North America,2,3757.97
4756,429,6,2022-09-17 00:42:20,Oceania,3,9294.24
4757,461,11,2023-06-16 11:48:12,Asia,5,6439.28
4758,339,8,2023-05-23 09:33:45,Asia,5,15395.18
4759,336,13,2024-03-13 08:26:51,Asia,3,2003.97
4760,103,3,2024-01-01 01:08:55,South America,3,7261.44
4761,282,1,2020-06-11 12:00:10,South America,1,3377.42
4762,537,8,2024-06-06 18:01:50,South America,3,9237.11
4763,828,9,2022-06-23 15:13:09,Oceania,2,2678.89
4764,59,6,2023-07-12 12:00:06,South America,1,3098.08
4765,362,5,2020-11-26 22:03:50,Europe,3,10536.8
4766,180,5,2022-03-18 19:54:28,North America,3,10536.8
4767,789,9,2024-01-07 09:56:37,Asia,5,6697.22
4768,6,3,2021-09-18 07:42:30,Africa,2,4840.96
4769,417,9,2020-02-22 18:45:32,Africa,4,5357.77
4770,795,4,2023-12-31 02:09:34,North America,3,3239.08
4771,748,2,2020-03-02 18:20:57,Europe,4,12628.88
4772,419,4,2022-07-15 18:47:19,Asia,1,1079.69
4773,158,4,2023-07-01 14:12:25,North America,5,5398.47
4774,178,1,2020-05-30 17:16:04,Africa,3,10132.26
4775,627,12,2021-11-24 21:21:02,North America,5,4545.45
4776,624,13,2020-08-02 21:10:36,Europe,3,2003.97
4777,276,11,2020-02-07 15:26:00,Africa,5,6439.28
4778,789,7,2024-01-17 17:34:21,Africa,1,1878.98
4779,497,14,2024-02-21 23:45:41,Europe,5,8648.56
4780,861,5,2021-04-19 21:48:43,Africa,3,10536.8
4781,276,2,2023-01-31 11:48:57,South America,2,6314.44
4782,625,5,2020-02-10 22:57:34,Asia,5,17561.34
4783,326,1,2021-09-27 19:21:35,Asia,4,13509.68
4784,772,13,2024-03-09 00:50:25,Asia,4,2671.96
4785,522,1,2022-09-27 00:13:22,South America,5,16887.1
4786,656,11,2024-11-15 08:44:58,Asia,2,2575.71
4787,694,1,2024-12-20 21:50:13,Oceania,3,10132.26
4788,780,9,2021-03-12 01:41:19,Oceania,1,1339.44
4789,443,1,2022-02-18 18:01:36,Asia,2,6754.84
4790,151,11,2021-12-25 17:44:37,North America,1,1287.86
4791,363,9,2021-03-10 16:35:54,Asia,5,6697.22
4792,534,5,2020-02-24 13:32:06,South America,5,17561.34
4793,196,14,2021-04-22 02:37:33,North America,3,5189.14
4794,233,2,2023-09-29 02:09:26,Oceania,5,15786.1
4795,471,8,2024-07-12 16:49:04,South America,3,9237.11
4796,472,6,2023-02-08 22:42:57,North America,5,15490.4
4797,673,5,2024-05-14 08:14:20,South America,1,3512.27
4798,756,5,2021-05-08 21:25:55,Europe,5,17561.34
4799,4,9,2021-02-05 05:06:38,Africa,5,6697.22
4800,328,13,2023-05-16 16:05:46,Oceania,5,3339.95
4801,527,13,2020-11-25 09:30:46,Africa,3,2003.97
4802,431,3,2021-11-13 20:12:56,Europe,2,4840.96
4803,995,7,2023-01-25 07:52:31,Oceania,1,1878.98
4804,562,7,2022-05-19 18:39:02,Europe,5,9394.92
4805,471,7,2022-06-27 21:01:53,Africa,4,7515.94
4806,215,2,2021-08-20 23:35:18,Oceania,4,12628.88
4807,3,7,2021-07-18 19:29:27,Africa,4,7515.94
4808,219,11,2023-02-28 07:19:11,North America,1,1287.86
4809,832,9,2023-12-27 07:42:57,Africa,1,1339.44
4810,513,3,2021-03-31 17:21:31,South America,3,7261.44
4811,844,6,2024-10-15 13:44:59,Asia,3,9294.24
4812,425,10,2025-01-18 14:57:24,North America,5,3191.4
4813,956,7,2022-01-01 21:06:58,Europe,2,3757.97
4814,472,12,2021-11-14 17:07:51,Oceania,2,1818.18
4815,486,2,2024-04-10 11:35:45,Africa,4,12628.88
4816,28,3,2021-12-09 08:50:12,South America,2,4840.96
4817,696,14,2020-06-24 21:26:51,North America,5,8648.56
4818,726,14,2022-09-09 21:23:32,Asia,4,6918.85
4819,894,13,2023-10-23 22:52:01,North America,5,3339.95
4820,688,9,2023-12-18 20:37:49,South America,3,4018.33
4821,595,6,2020-08-07 08:24:56,Oceania,3,9294.24
4822,811,8,2024-03-22 06:14:07,Asia,4,12316.14
4823,322,4,2024-06-18 14:15:35,North America,5,5398.47
4824,839,14,2024-08-07 03:59:41,Africa,5,8648.56
4825,702,1,2021-10-14 20:29:55,South America,4,13509.68
4826,527,2,2024-12-16 21:27:53,North America,3,9471.66
4827,329,8,2020-06-29 10:37:11,Africa,5,15395.18
4828,595,5,2024-05-03 06:58:11,Africa,3,10536.8
4829,781,12,2021-06-04 20:45:38,South America,4,3636.36
4830,847,9,2024-04-19 14:53:46,Asia,2,2678.89
4831,564,9,2023-07-01 00:14:21,Europe,4,5357.77
4832,538,1,2020-02-22 11:43:16,Oceania,2,6754.84
4833,491,7,2021-04-13 22:43:44,Europe,1,1878.98
4834,608,7,2021-07-14 12:05:57,North America,1,1878.98
4835,959,11,2020-03-27 13:11:29,Oceania,5,6439.28
4836,871,6,2024-08-27 00:50:58,Africa,1,3098.08
4837,103,3,2024-08-04 18:50:18,Africa,5,12102.4
4838,660,7,2024-05-05 19:47:59,Europe,1,1878.98
4839,836,13,2024-02-26 13:47:40,North America,1,667.99
4840,938,7,2025-01-25 16:16:33,North America,4,7515.94
4841,895,2,2023-11-13 15:31:00,Africa,1,3157.22
4842,136,4,2021-03-31 21:19:20,Africa,4,4318.78
4843,569,3,2024-09-14 23:29:29,Africa,4,9681.92
4844,915,4,2022-05-04 02:06:03,Oceania,2,2159.39
4845,524,11,2022-08-01 20:05:15,Africa,4,5151.42
4846,924,8,2022-01-23 18:20:35,Oceania,1,3079.04
4847,324,1,2024-03-04 22:55:20,Asia,4,13509.68
4848,472,9,2023-07-09 12:36:24,Africa,5,6697.22
4849,802,12,2021-08-16 10:39:26,Asia,2,1818.18
4850,363,12,2020-02-11 05:27:38,South America,4,3636.36
4851,453,4,2021-06-14 16:24:17,Oceania,1,1079.69
4852,921,4,2022-09-30 05:30:45,Asia,1,1079.69
4853,349,11,2022-09-15 21:33:08,South America,1,1287.86
4854,693,1,2021-01-29 12:11:36,Oceania,3,10132.26
4855,96,9,2021-11-22 17:30:59,Africa,4,5357.77
4856,281,12,2022-03-29 09:05:18,North America,3,2727.27
4857,319,6,2024-07-27 15:04:09,Europe,5,15490.4
4858,108,2,2020-07-17 12:05:17,Asia,3,9471.66
4859,910,8,2020-11-14 03:42:02,Europe,1,3079.04
4860,959,4,2020-06-01 22:04:37,Europe,3,3239.08
4861,411,9,2020-12-19 15:50:32,Asia,4,5357.77
4862,643,13,2024-07-16 12:07:57,Africa,4,2671.96
4863,77,12,2024-12-15 15:10:33,Oceania,1,909.09
4864,449,14,2023-10-18 22:38:39,Africa,4,6918.85
4865,55,14,2021-12-22 04:10:43,Oceania,2,3459.42
4866,997,5,2023-01-14 15:49:01,South America,3,10536.8
4867,525,5,2023-07-04 01:58:07,South America,3,10536.8
4868,589,13,2020-03-17 20:43:38,Europe,3,2003.97
4869,840,13,2023-08-20 11:46:51,Asia,4,2671.96
4870,834,1,2023-09-04 04:43:56,Europe,1,3377.42
4871,961,3,2022-09-19 00:35:04,South America,5,12102.4
4872,224,13,2024-04-21 04:28:29,Oceania,4,2671.96
4873,214,14,2023-01-08 03:43:54,Africa,1,1729.71
4874,968,8,2023-11-08 10:34:37,Oceania,3,9237.11
4875,940,3,2021-04-02 15:38:36,Oceania,5,12102.4
4876,450,4,2024-04-30 13:04:07,South America,1,1079.69
4877,985,9,2020-04-27 06:32:08,Europe,2,2678.89
4878,579,14,2022-10-26 16:58:05,Africa,1,1729.71
4879,378,12,2021-05-23 12:40:20,Europe,3,2727.27
4880,233,3,2020-10-08 01:56:58,South America,3,7261.44
4881,876,12,2020-08-02 06:58:02,Africa,3,2727.27
4882,356,11,2024-07-28 02:11:53,Europe,3,3863.57
4883,598,7,2020-03-15 11:02:01,South America,4,7515.94
4884,933,4,2022-06-25 02:01:39,South America,3,3239.08
4885,867,8,2023-04-22 21:15:19,Europe,3,9237.11
4886,745,2,2024-11-13 01:55:20,Asia,3,9471.66
4887,558,5,2024-02-22 05:32:25,Asia,1,3512.27
4888,759,10,2023-08-12 11:32:18,North America,1,638.28
4889,453,1,2020-02-10 18:53:20,Europe,3,10132.26
4890,920,3,2024-05-14 18:18:14,Oceania,1,2420.48
4891,97,7,2024-09-10 10:02:24,North America,5,9394.92
4892,662,14,2020-11-03 05:10:00,Europe,3,5189.14
4893,807,13,2022-04-29 14:27:45,Oceania,3,2003.97
4894,492,7,2025-01-09 13:08:41,Asia,1,1878.98
4895,837,9,2024-02-21 14:25:15,South America,2,2678.89
4896,295,1,2025-01-11 16:47:25,Oceania,2,6754.84
4897,881,3,2023-06-12 12:03:59,Asia,5,12102.4
4898,681,11,2021-09-17 08:42:11,North America,2,2575.71
4899,832,3,2022-12-16 19:52:40,Oceania,4,9681.92
4900,31,10,2023-04-09 12:13:21,Oceania,5,3191.4
4901,839,3,2024-09-29 02:50:16,Europe,1,2420.48
4902,426,7,2023-11-29 04:12:09,North America,4,7515.94
4903,615,12,2023-07-14 21:01:17,South America,4,3636.36
4904,446,2,2021-03-09 13:35:27,Asia,1,3157.22
4905,765,7,2022-05-13 08:35:45,Europe,2,3757.97
4906,831,1,2021-02-01 16:48:53,Europe,2,6754.84
4907,697,12,2022-04-14 17:06:17,Africa,2,1818.18
4908,603,9,2020-08-12 20:20:15,Europe,1,1339.44
4909,743,8,2024-09-16 08:51:29,Europe,4,12316.14
4910,913,7,2023-01-17 12:38:06,Africa,4,7515.94
4911,759,1,2024-01-13 18:19:18,South America,1,3377.42
4912,630,2,2021-04-10 03:55:38,Oceania,3,9471.66
4913,312,5,2021-01-08 18:02:29,Asia,4,14049.07
4914,301,1,2021-05-25 03:58:53,Europe,5,16887.1
4915,252,13,2020-07-13 16:47:54,South America,3,2003.97
4916,312,14,2023-01-25 00:34:03,South America,4,6918.85
4917,903,5,2023-03-16 23:15:48,North America,2,7024.54
4918,113,9,2022-02-04 07:54:43,South America,4,5357.77
4919,770,3,2021-11-08 21:04:27,North America,4,9681.92
4920,582,10,2023-03-30 22:39:45,Africa,3,1914.84
4921,649,6,2024-12-15 05:22:16,Europe,3,9294.24
4922,655,3,2023-09-24 21:43:40,South America,4,9681.92
4923,872,5,2022-07-16 19:30:30,Africa,1,3512.27
4924,47,1,2024-08-28 06:00:32,Asia,2,6754.84
4925,3,3,2022-12-02 12:26:39,North America,3,7261.44
4926,747,12,2022-04-22 05:39:03,Asia,2,1818.18
4927,948,11,2024-09-02 16:45:09,South America,3,3863.57
4928,493,3,2024-07-15 08:32:55,Africa,2,4840.96
4929,235,10,2022-07-23 05:04:32,South America,1,638.28
4930,774,4,2020-07-24 09:07:20,Asia,2,2159.39
4931,948,6,2023-03-20 07:31:34,Oceania,3,9294.24
4932,757,12,2023-03-07 07:54:15,Oceania,1,909.09
4933,494,5,2021-09-07 01:56:27,Europe,5,17561.34
4934,367,2,2022-03-21 00:16:18,Oceania,1,3157.22
4935,801,10,2024-06-22 04:08:43,Africa,4,2553.12
4936,478,10,2021-10-25 19:21:56,North America,3,1914.84
4937,138,14,2022-06-18 11:40:16,North America,1,1729.71
4938,598,6,2022-01-27 15:32:09,South America,3,9294.24
4939,508,11,2023-08-13 04:46:13,North America,4,5151.42
4940,527,4,2024-06-29 11:37:24,Asia,1,1079.69
4941,515,1,2020-11-06 09:28:36,Oceania,1,3377.42
4942,714,9,2022-01-25 14:57:37,North America,4,5357.77
4943,320,4,2020-09-18 22:26:24,Asia,5,5398.47
4944,95,2,2021-12-11 23:32:38,South America,3,9471.66
4945,493,9,2021-06-14 18:01:34,Oceania,4,5357.77
4946,107,13,2024-02-18 14:13:45,Africa,1,667.99
4947,80,9,2020-10-29 08:32:31,North America,4,5357.77
4948,630,11,2024-06-17 13:57:54,Asia,4,5151.42
4949,434,5,2022-10-24 08:25:45,South America,2,7024.54
4950,860,1,2024-08-29 07:34:20,Oceania,4,13509.68
4951,858,1,2023-08-22 04:06:18,Africa,2,6754.84
4952,673,4,2020-08-12 00:18:53,Asia,2,2159.39
4953,965,5,2021-09-01 11:56:17,North America,2,7024.54
4954,414,1,2021-07-27 19:12:00,Europe,1,3377.42
4955,56,3,2023-09-03 08:39:34,Asia,5,12102.4
4956,663,12,2020-02-28 14:49:00,Oceania,3,2727.27
4957,335,14,2021-06-06 13:52:37,Asia,2,3459.42
4958,759,2,2022-06-17 17:59:20,Europe,1,3157.22
4959,28,7,2024-02-01 13:11:31,North America,4,7515.94
4960,106,6,2022-03-06 15:47:38,Asia,1,3098.08
4961,757,10,2021-03-16 03:29:40,North America,5,3191.4
4962,98,14,2023-08-11 14:40:03,Europe,4,6918.85
4963,211,14,2021-03-12 23:35:18,Europe,5,8648.56
4964,139,14,2022-05-13 07:53:17,North America,2,3459.42
4965,33,6,2024-12-29 01:48:42,Europe,2,6196.16
4966,189,11,2020-05-26 14:51:22,Asia,2,2575.71
4967,387,3,2020-10-24 00:53:03,Oceania,1,2420.48
4968,757,10,2020-08-22 15:36:02,North America,1,638.28
4969,777,4,2024-07-17 15:43:36,Asia,3,3239.08
4970,215,4,2020-11-09 21:14:58,Europe,5,5398.47
4971,234,11,2023-02-03 17:15:49,Europe,2,2575.71
4972,530,7,2021-10-28 23:29:45,Europe,1,1878.98
4973,250,12,2022-02-28 15:45:55,Asia,5,4545.45
4974,853,14,2022-05-30 04:59:34,Asia,4,6918.85
4975,130,4,2021-07-30 20:35:36,Africa,3,3239.08
4976,410,5,2023-10-07 11:28:45,South America,3,10536.8
4977,813,1,2022-03-30 07:33:32,Africa,2,6754.84
4978,525,7,2021-08-23 15:28:55,Asia,4,7515.94
4979,179,12,2024-12-17 09:13:30,Asia,1,909.09
4980,254,7,2024-01-11 06:42:12,Oceania,4,7515.94
4981,927,14,2022-05-09 18:19:42,Oceania,2,3459.42
4982,587,9,2021-07-04 23:56:46,Africa,3,4018.33
4983,484,14,2023-01-11 17:02:44,South America,2,3459.42
4984,855,13,2022-11-05 14:12:22,Oceania,1,667.99
4985,182,7,2023-02-26 10:16:13,Asia,4,7515.94
4986,577,14,2022-04-11 03:04:16,South America,1,1729.71
4987,783,7,2023-02-22 17:12:42,Europe,2,3757.97
4988,894,11,2020-07-07 05:04:23,Africa,5,6439.28
4989,939,7,2022-07-21 12:31:51,North America,4,7515.94
4990,273,8,2021-11-11 22:54:34,Europe,3,9237.11
4991,415,14,2023-02-26 06:04:41,Europe,5,8648.56
4992,296,8,2023-05-08 12:21:17,South America,3,9237.11
4993,737,6,2022-11-16 07:52:08,Europe,2,6196.16
4994,575,10,2021-01-30 10:49:10,Oceania,4,2553.12
4995,902,13,2024-09-09 06:39:55,Asia,5,3339.95
4996,766,4,2022-06-18 20:50:02,Europe,2,2159.39
4997,899,12,2024-03-14 08:26:03,Africa,4,3636.36
4998,155,5,2022-11-18 11:23:08,South America,1,3512.27
4999,84,3,2023-07-23 18:16:03,Europe,4,9681.92
5000,763,11,2021-11-28 19:48:13,Asia,5,6439.28
